LifeStage,ESU,MA,Stratum,CohoGrpID,PopGrp,ReachID,Segment,ID_Num,COMID,Reach,Start,End_,Tribof,JuvYr,Juv/km,status,STRM_ORDER,StrmSlope,MaxGradD,WidthM,1Freshet_Day,OUT_DIST,CLASS_Rank,StrmPow,MAnnSed,Barriers,SolMean,MWMT_Index,W3Dppt,SprPpt,IP_COHO
rear,OC,1-NC,North Coast,1,Necanicum,26220,1,1845,23871209,"Necanicum R, S Fk",Mouth,Brandis Cr,Necanicum R,2001,382,Snorkeled,5,0.018410889,0.09268,15.95800018,79,20.9009991,1,1368.237061,1025498,2,1620.948608,16.0093708,82.08000183,527.1400146,0.174195402
rear,OC,1-NC,North Coast,1,Necanicum,26220,1,1845,23871209,"Necanicum R, S Fk",Mouth,Brandis Cr,Necanicum R,2010,447,Snorkeled,5,0.018410889,0.09268,15.95800018,38,20.9009991,1,1368.237061,1025498,2,1620.948608,16.6227169,116.8899994,693.7199707,0.174195402
rear,OC,1-NC,North Coast,1,Necanicum,26221,1,1846,23871281,Brandis Cr,Mouth,Headwaters,"Necanicum R, S Fk",2001,16,Snorkeled,3,0.077875771,0.09268,5.254000187,79,22.1420002,1,1469.886963,1025498,2,942.4771729,14.68913651,82.08000183,527.1400146,0.174195402
rear,OC,1-NC,North Coast,1,Necanicum,26225,1,1857,23871175,Necanicum R,Lindsley Cr,Alder Cr,Pacific Ocean,2004,546,Snorkeled,6,0.00750569,0.09268,23.60000038,21,23.3309994,1,1269.182007,1025498,2,1529.347656,20.48254967,225.9600067,382.230011,0.174195402
rear,OC,1-NC,North Coast,1,Necanicum,26229,1,20616,23871177,Necanicum R,"Necanicum R, N Fk",Wolf Cr,Pacific Ocean,2010,256,Snorkeled,6,0.00835304,0.09268,20.75200081,38,24.8889999,1,3097.124023,698935.5,3,1437.858154,18.1089077,150.8099976,756.3699951,0.944143
rear,OC,1-NC,North Coast,1,Necanicum,26236,1,1877,23871271,Charlie Cr,Mouth,Headwaters,Necanicum R,2003,10,Snorkeled,3,0.051313508,0.09268,4.556000233,73,28.6660004,1,480.052002,698935.5,2,1222.66333,18.25754738,263.6099854,473.1400146,0.643731
rear,OC,1-NC,North Coast,1,Necanicum,26240,1,1884,23871291,Bergsvik Cr,Joe Cr,Little Joe Cr,Necanicum R,2001,524,Snorkeled,4,0.02239215,0.09268,8.31799984,79,29.8869991,1,194.9629974,698935.5,5,1315.503174,16.58407211,86.59999847,522.9199829,0.933662
rear,OC,1-NC,North Coast,1,Necanicum,26240,1,1884,23871291,Bergsvik Cr,Joe Cr,Little Joe Cr,Necanicum R,2004,351,Snorkeled,4,0.02239215,0.09268,8.31799984,21,29.8869991,1,194.9629974,698935.5,5,1315.503174,19.68593788,198.1399994,345.3800049,0.933662
rear,OC,1-NC,North Coast,1,Necanicum,26240,1,1884,23871291,Bergsvik Cr,Joe Cr,Little Joe Cr,Necanicum R,2007,494,Snorkeled,4,0.02239215,0.09268,8.31799984,35,29.8869991,1,194.9629974,698935.5,5,1315.503174,19.41991043,167.9100037,268.5499878,0.933662
rear,OC,1-NC,North Coast,1,Necanicum,26240,1,1884,23871291,Bergsvik Cr,Joe Cr,Little Joe Cr,Necanicum R,2010,445,Snorkeled,4,0.02239215,0.09268,8.31799984,38,29.8869991,1,194.9629974,698935.5,5,1315.503174,17.22253418,128.8000031,675.2299805,0.933662
rear,OC,1-NC,North Coast,1,Necanicum,26240,1,1884,23871291,Bergsvik Cr,Joe Cr,Little Joe Cr,Necanicum R,2013,561,Snorkeled,4,0.02239215,0.09268,8.31799984,30,29.8869991,1,194.9629974,698935.5,5,1315.503174,18.30792236,151,602.1199951,0.933662
rear,OC,1-NC,North Coast,1,Necanicum,26241,1,1887,23871287,Little Joe Cr,Mouth,"Little Joe Cr, Trib A",Bergsvik Cr,2001,88,Snorkeled,3,0.060856629,0.095629998,5.843999863,79,31.3040009,1,1246.32605,698935.5,4,1235.604248,15.2505064,104.1600037,586.460022,0.135748
rear,OC,1-NC,North Coast,1,Necanicum,26241,1,1887,23871287,Little Joe Cr,Mouth,"Little Joe Cr, Trib A",Bergsvik Cr,2004,227,Snorkeled,3,0.060856629,0.095629998,5.843999863,21,31.3040009,1,1246.32605,698935.5,4,1235.604248,18.16160393,225.9600067,382.230011,0.135748
rear,OC,1-NC,North Coast,1,Necanicum,26241,1,1887,23871287,Little Joe Cr,Mouth,"Little Joe Cr, Trib A",Bergsvik Cr,2013,179,Snorkeled,3,0.060856629,0.095629998,5.843999863,30,31.3040009,1,1246.32605,698935.5,4,1235.604248,16.94109917,164.6000061,700.3400269,0.135748
rear,OC,1-NC,North Coast,1,Necanicum,26245.69922,1,1896,23871187,Necanicum R,"Necanicum R, Trib D",Headwaters,Pacific Ocean,2000,325,Snorkeled,4,0.03172601,0.100850001,9.574999809,41,32.1749992,1,276.6390076,698935.5,2,1268.996948,16.10299492,265.7900085,428.9400024,0.556469
rear,OC,1-NC,North Coast,2,Nehalem,0,0,942,23872283,,,,,1998,2,Snorkeled,4,0.00329542,0.116219997,7.260000229,4,21.9060001,1,592.1229858,1696875,3,1613.672363,21.77383041,144.4799957,237.5299988,0.2678125
rear,OC,1-NC,North Coast,2,Nehalem,0,0,1273,23872445,,,,,1998,13,Snorkeled,4,0.02975505,0.160879999,8.767000198,4,96.5029984,1,446.1010132,571074,6,1498.177124,16.68309593,187.3399963,277.8900146,0.763999
rear,OC,1-NC,North Coast,2,Nehalem,0,0,1273,23872445,,,,,2007,536,Snorkeled,4,0.02975505,0.160879999,8.767000198,35,96.5029984,1,446.1010132,571074,6,1498.177124,16.61232567,123.5199966,226.8000031,0.763999
rear,OC,1-NC,North Coast,2,Nehalem,0,0,16154,23872131,,,,,2007,120,Snorkeled,6,0.00292409,0.160879999,23.30400085,35,159.0839996,2,2043.338989,607922,7,1796.233643,24.21400833,59.50999832,99.98999786,0.989328
rear,OC,1-NC,North Coast,2,Nehalem,0,0,16300,23872137,,,,,2008,25,Snorkeled,6,0.0017816,0.160879999,20.72100067,47,172.1670074,2,417.8420105,120263,8,1829.629639,21.86358452,208.2599945,99.66999817,0.979796
rear,OC,1-NC,North Coast,2,Nehalem,0,0,20241,23872135,,,,,2008,88,Snorkeled,6,0.00133244,0.160879999,22.37100029,47,170.7839966,2,1240.119995,607922,7,1794.093506,22.1889801,187.4199982,91.44000244,0.91998
rear,OC,1-NC,North Coast,2,Nehalem,0,0,20995,23871927,,,,,2012,265,Snorkeled,6,0.02241982,0.160879999,19.19499969,49,56.7120018,1,4114.057129,1322971.5,7,1595.840088,16.51188278,178.9199982,418.9100037,0.559649
rear,OC,1-NC,North Coast,2,Nehalem,25835,2,17361,23872971,Bob's Cr,Mouth,Headwaters,Nehalem R,2012,106,Snorkeled,3,0.035144258,0.054900002,5.622000217,49,14.1490002,1,1977.647949,142585200,3,1280.220337,17.38677025,118.2099991,312.5299988,0.505
rear,OC,1-NC,North Coast,2,Nehalem,25838,2,21015,23872985,Anderson Cr,Mouth,Anderson Cr. Trib A,"Nehalem R, N Fk",2012,57,Snorkeled,4,0.065099649,0.0704,7.552999973,49,15.7250004,1,2072.680908,1696875,3,1498.338013,16.772686,118.2099991,312.5299988,0.2678125
rear,OC,1-NC,North Coast,2,Nehalem,25846,1,922,23872775,Gravel Cr,Mouth,Headwaters,"Nehalem R, N Fk",1999,0,Snorkeled,4,0.063874647,0.03145,7.81400013,51,16.7900009,1,689.3969727,1696875,2,1290.065063,15.51069832,219.4600067,273.25,0.893
rear,OC,1-NC,North Coast,2,Nehalem,25849,3,929,23872711,Rackheap Cr,Mouth,Headwaters,Big Rackheap Cr,2004,0,Snorkeled,3,0.060013901,0.29460001,4.137000084,21,21.1889992,1,2130.300049,1696875,2,1815.47644,20.02502632,229.8399963,324.3299866,0.2678125
rear,OC,1-NC,North Coast,2,Nehalem,25849,3,929,23872711,Rackheap Cr,Mouth,Headwaters,Big Rackheap Cr,2007,0,Snorkeled,3,0.060013901,0.29460001,4.137000084,35,21.1889992,1,2130.300049,1696875,2,1815.47644,19.72187424,174.3099976,256.9899902,0.2678125
rear,OC,1-NC,North Coast,2,Nehalem,25849,3,929,23872711,Rackheap Cr,Mouth,Headwaters,Big Rackheap Cr,2010,1,Snorkeled,3,0.060013901,0.29460001,4.137000084,38,21.1889992,1,2130.300049,1696875,2,1815.47644,17.52349281,129.0299988,637.2199707,0.2678125
rear,OC,1-NC,North Coast,2,Nehalem,25849,3,929,23872711,Rackheap Cr,Mouth,Headwaters,Big Rackheap Cr,2013,0,Snorkeled,3,0.060013901,0.29460001,4.137000084,30,21.1889992,1,2130.300049,1696875,2,1815.47644,18.37335396,178.1699982,594.9699707,0.2678125
rear,OC,1-NC,North Coast,2,Nehalem,25850,2,931,23872735,Big Rackheap Cr,Rackheap Cr,Headwaters,"Nehalem R, N Fk",2005,0,Snorkeled,4,0.033240698,0.12032,8.277000427,34,20.6270008,1,1552.728027,1696875,2,1497.196167,18.25683594,202.0700073,474.9899902,0.2678125
rear,OC,1-NC,North Coast,2,Nehalem,25868,1,959,23872595,Soapstone Cr,Jack Horner Cr,"Soapstone Cr, Trib A","Nehalem R, N Fk",2006,680,Snorkeled,5,0.01541577,0.110579997,11.21100044,31,33.5900002,1,985.2160034,2497450,3,1389.636963,19.21931267,211.8200073,240.5099945,0.719992
rear,OC,1-NC,North Coast,2,Nehalem,25871,1,969,23872289,"Nehalem R, N Fk",Soapstone Cr,Sally Cr,Nehalem R,2012,0,Snorkeled,6,0.01240106,0.099380001,31.28700066,49,30.8869991,1,7388.525879,2497450,4,1506.515259,19.89157104,181.8999939,508.3099976,0.549454
rear,OC,1-NC,North Coast,2,Nehalem,25871.69922,1,966,23872291,"Nehalem R, N Fk",Sally Cr,Gods Valley Cr,Nehalem R,1999,0,Snorkeled,6,0.00509702,0.103990003,30.70400047,51,33.4109993,1,1245.503052,2497450,4,1547.506958,19.31643867,335.8699951,354.4299927,0.450096
rear,OC,1-NC,North Coast,2,Nehalem,25871.69922,1,966,23872291,"Nehalem R, N Fk",Sally Cr,Gods Valley Cr,Nehalem R,2002,0,Snorkeled,6,0.00509702,0.103990003,30.70400047,45,33.4109993,1,1245.503052,2497450,4,1547.506958,20.77625847,193,448.6099854,0.450096
rear,OC,1-NC,North Coast,2,Nehalem,25871.69922,1,966,23872291,"Nehalem R, N Fk",Sally Cr,Gods Valley Cr,Nehalem R,2005,80,Snorkeled,6,0.00509702,0.103990003,30.70400047,34,33.4109993,1,1245.503052,2497450,4,1547.506958,20.93640709,203.5700073,468.7799988,0.450096
rear,OC,1-NC,North Coast,2,Nehalem,25871.69922,1,966,23872291,"Nehalem R, N Fk",Sally Cr,Gods Valley Cr,Nehalem R,2011,0,Snorkeled,6,0.00509702,0.103990003,30.70400047,25,33.4109993,1,1245.503052,2497450,4,1547.506958,19.44578934,242.5,694.1699829,0.450096
rear,OC,1-NC,North Coast,2,Nehalem,25871.69922,1,966,23872291,"Nehalem R, N Fk",Sally Cr,Gods Valley Cr,Nehalem R,2014,0,Snorkeled,6,0.00509702,0.103990003,30.70400047,39,33.4109993,1,1245.503052,2497450,4,1547.506958,22.13136673,207.3399963,536.2399902,0.450096
rear,OC,1-NC,North Coast,2,Nehalem,25873,1,977,23872293,"Nehalem R, N Fk",Gods Valley Cr,Lost Cr,Nehalem R,2004,36,Snorkeled,6,0.00831398,0.103990003,28.50099945,21,34.5299988,1,208.3269958,2497450,3,1482.857788,21.40308189,232.1000061,311,0.895423
rear,OC,1-NC,North Coast,2,Nehalem,25873,1,977,23872293,"Nehalem R, N Fk",Gods Valley Cr,Lost Cr,Nehalem R,2013,160,Snorkeled,6,0.00831398,0.103990003,28.50099945,30,34.5299988,1,208.3269958,2497450,3,1482.857788,20.14022255,169.8999939,556.3900146,0.895423
rear,OC,1-NC,North Coast,2,Nehalem,25874,1,980,23872709,Lost Cr,Mouth,Headwaters,"Nehalem R, N Fk",2004,39,Snorkeled,4,0.050514329,0.126969993,8.781999588,21,35.8800011,1,1900.36499,2497450,3,1223.77002,18.64694977,265.4100037,357.8999939,0.444225
rear,OC,1-NC,North Coast,2,Nehalem,25874,2,978,23872709,Lost Cr,Mouth,Headwaters,"Nehalem R, N Fk",1999,0,Snorkeled,4,0.050514329,0.126969993,6.738999844,51,38.4070015,1,1900.36499,2497450,3,1320.174561,16.16622543,384.1700134,399.2200012,0.764386
rear,OC,1-NC,North Coast,2,Nehalem,25874,2,978,23872709,Lost Cr,Mouth,Headwaters,"Nehalem R, N Fk",2002,0,Snorkeled,4,0.050514329,0.126969993,6.738999844,45,38.4070015,1,1900.36499,2497450,3,1320.174561,17.4117775,227.3200073,520.8499756,0.764386
rear,OC,1-NC,North Coast,2,Nehalem,0,0,1281,23872237,,,,,1999,0,Snorkeled,5,0.00638913,0.160879999,22.88999939,51,84.961998,1,15637.27441,571074,9,1655.795898,18.96636009,189.1900024,246.6300049,0.972873
rear,OC,1-NC,North Coast,2,Nehalem,0,0,1281,23872237,,,,,2002,50,Snorkeled,5,0.00638913,0.160879999,22.88999939,45,84.961998,1,15637.27441,571074,9,1655.795898,20.69327164,109.2900009,300.480011,0.972873
rear,OC,1-NC,North Coast,1,Necanicum,0,0,20055,23871289,,,,,2007,524,Snorkeled,3,0.10635668,0.120109998,7.486000061,35,19.2040005,1,6297.553223,1025498,3,2049.428711,16.49018669,159.9600067,262.9700012,0.174195402
rear,OC,1-NC,North Coast,1,Necanicum,0,0,20806,23871267,,,,,2011,489,Snorkeled,4,0.059295591,0.09268,10.29199982,25,26.8549995,1,2160.909912,698935.5,2,1302.663574,15.70347118,245.4799957,847.7999878,0.907178
rear,OC,1-NC,North Coast,1,Necanicum,26193.5,1.1,1796,23871239,Neawanna Cr,Shangrila Cr,"Neawanna Cr, Trib A",Pacific Ocean,2004,8,Snorkeled,2,0.033115171,0.092940003,3.576999903,21,7.7340002,7,1818.656006,542948,3,1496.088013,20.77397728,153.8200073,299.3500061,0.586915385
rear,OC,1-NC,North Coast,1,Necanicum,26193.5,1.1,1796,23871239,Neawanna Cr,Shangrila Cr,"Neawanna Cr, Trib A",Pacific Ocean,2013,0,Snorkeled,2,0.033115171,0.092940003,3.576999903,30,7.7340002,7,1818.656006,542948,3,1496.088013,19.2406311,119.0299988,493.4100037,0.586915385
rear,OC,1-NC,North Coast,1,Necanicum,26193.5,1.1,1797,23871239,Neawanna Cr,Shangrila Cr,"Neawanna Cr, Trib A",Pacific Ocean,2006,40,Snorkeled,2,0.033115171,0.092940003,4.039999962,31,6.7420001,7,1818.656006,542948,3,1449.720337,18.28493118,158.0399933,259.9500122,0.586915385
rear,OC,1-NC,North Coast,1,Necanicum,26196,2,1805,23871243,Little Muddy Cr,Mouth,Headwaters,Necanicum R,2000,0,Snorkeled,3,0.05763486,0.122759998,3.983999968,41,7.8649998,7,4580.935059,542948,1,1135.783936,14.77447414,152,304.7399902,0.586915385
rear,OC,1-NC,North Coast,1,Necanicum,26196,2,1805,23871243,Little Muddy Cr,Mouth,Headwaters,Necanicum R,2001,0,Snorkeled,3,0.05763486,0.122759998,3.983999968,79,7.8649998,7,4580.935059,542948,1,1135.783936,13.32102394,43.00999832,316.2999878,0.586915385
rear,OC,1-NC,North Coast,1,Necanicum,26196,2,1805,23871243,Little Muddy Cr,Mouth,Headwaters,Necanicum R,2003,0,Snorkeled,3,0.05763486,0.122759998,3.983999968,73,7.8649998,7,4580.935059,542948,1,1135.783936,15.00086784,115.5699997,299.75,0.586915385
rear,OC,1-NC,North Coast,1,Necanicum,26196,2,1805,23871243,Little Muddy Cr,Mouth,Headwaters,Necanicum R,2004,0,Snorkeled,3,0.05763486,0.122759998,3.983999968,21,7.8649998,7,4580.935059,542948,1,1135.783936,15.67552185,130.1100006,236.0700073,0.586915385
rear,OC,1-NC,North Coast,1,Necanicum,26196,2,1805,23871243,Little Muddy Cr,Mouth,Headwaters,Necanicum R,2005,3,Snorkeled,3,0.05763486,0.122759998,3.983999968,34,7.8649998,7,4580.935059,542948,1,1135.783936,14.98728466,116.9700012,371.4100037,0.586915385
rear,OC,1-NC,North Coast,1,Necanicum,26196,2,1805,23871243,Little Muddy Cr,Mouth,Headwaters,Necanicum R,2006,19,Snorkeled,3,0.05763486,0.122759998,3.983999968,31,7.8649998,7,4580.935059,542948,1,1135.783936,13.93228817,131.3399963,225.1300049,0.586915385
rear,OC,1-NC,North Coast,1,Necanicum,26196,2,1805,23871243,Little Muddy Cr,Mouth,Headwaters,Necanicum R,2007,12,Snorkeled,3,0.05763486,0.122759998,3.983999968,35,7.8649998,7,4580.935059,542948,1,1135.783936,15.45818424,79.51999664,187.9700012,0.586915385
rear,OC,1-NC,North Coast,1,Necanicum,26196,2,1805,23871243,Little Muddy Cr,Mouth,Headwaters,Necanicum R,2008,2,Snorkeled,3,0.05763486,0.122759998,3.983999968,47,7.8649998,7,4580.935059,542948,1,1135.783936,13.84625816,160.8699951,236.7200012,0.586915385
rear,OC,1-NC,North Coast,1,Necanicum,26196,2,1805,23871243,Little Muddy Cr,Mouth,Headwaters,Necanicum R,2009,1,Snorkeled,3,0.05763486,0.122759998,3.983999968,44,7.8649998,7,4580.935059,542948,1,1135.783936,15.06878662,127.5899963,324.1799927,0.586915385
rear,OC,1-NC,North Coast,1,Necanicum,26196,2,1805,23871243,Little Muddy Cr,Mouth,Headwaters,Necanicum R,2010,11,Snorkeled,3,0.05763486,0.122759998,3.983999968,38,7.8649998,7,4580.935059,542948,1,1135.783936,13.76928425,66.56999969,446.980011,0.586915385
rear,OC,1-NC,North Coast,1,Necanicum,26196,2,1805,23871243,Little Muddy Cr,Mouth,Headwaters,Necanicum R,2011,5,Snorkeled,3,0.05763486,0.122759998,3.983999968,25,7.8649998,7,4580.935059,542948,1,1135.783936,13.91417694,95.19999695,444.230011,0.586915385
rear,OC,1-NC,North Coast,1,Necanicum,26196,2,1805,23871243,Little Muddy Cr,Mouth,Headwaters,Necanicum R,2012,5,Snorkeled,3,0.05763486,0.122759998,3.983999968,49,7.8649998,7,4580.935059,542948,1,1135.783936,14.20848942,136.0200043,366.8900146,0.586915385
rear,OC,1-NC,North Coast,1,Necanicum,26196,2,1805,23871243,Little Muddy Cr,Mouth,Headwaters,Necanicum R,2013,0,Snorkeled,3,0.05763486,0.122759998,3.983999968,30,7.8649998,7,4580.935059,542948,1,1135.783936,14.52091312,104.9000015,405.1400146,0.586915385
rear,OC,1-NC,North Coast,1,Necanicum,26196,2,1805,23871243,Little Muddy Cr,Mouth,Headwaters,Necanicum R,2014,0,Snorkeled,3,0.05763486,0.122759998,3.983999968,39,7.8649998,7,4580.935059,542948,1,1135.783936,15.37668228,92.61000061,411.5400085,0.586915385
rear,OC,1-NC,North Coast,1,Necanicum,26196,2,1807,23871153,Little Muddy Cr,Mouth,Headwaters,Necanicum R,2001,0,Snorkeled,6,0.00107599,0.033530001,31.80999947,79,5.8509998,1,1825.880981,542948,1,1665.436646,17.88974953,43.00999832,316.2999878,0.967
rear,OC,1-NC,North Coast,1,Necanicum,26200,3,17746,23871245,Williamson Cr,Mouth,"Williamson Cr, Trib A",Necanicum R,2007,0,Snorkeled,3,0.0269056,0.033530001,4.301000118,35,8.5319996,1,632.1099854,542948,3,1290.37915,18.84362793,79.51999664,187.9700012,0.834
rear,OC,1-NC,North Coast,1,Necanicum,26211,1,1829,23871261,Necanicum R,Volmer Cr,Klootchie Cr,Pacific Ocean,1999,41,Snorkeled,6,0.02086403,0.053320002,29.45199966,51,16.7460003,1,2443.009033,1025498,2,1681.103882,17.11922073,172.4400024,276.3999939,0.975
rear,OC,1-NC,North Coast,1,Necanicum,26211,1,1829,23871261,Necanicum R,Volmer Cr,Klootchie Cr,Pacific Ocean,2002,320,Snorkeled,6,0.02086403,0.053320002,29.45199966,45,16.7460003,1,2443.009033,1025498,2,1681.103882,18.51490021,112.5100021,325.230011,0.975
rear,OC,1-NC,North Coast,1,Necanicum,26211,1,1829,23871261,Necanicum R,Volmer Cr,Klootchie Cr,Pacific Ocean,2005,639,Snorkeled,6,0.02086403,0.053320002,29.45199966,34,16.7460003,1,2443.009033,1025498,2,1681.103882,18.72536087,137.2799988,367.1300049,0.975
rear,OC,1-NC,North Coast,1,Necanicum,26214,2,1833,23871255,Klootchie Cr,"Klootchie Cr, Trib A",Headwaters,Necanicum R,2000,78,Snorkeled,5,0.063312963,0.14091,8.736000061,41,21.4029999,1,3576.158936,1025498,2,2290.549561,16.27159691,221.5700073,522.2600098,0.174195402
rear,OC,1-NC,North Coast,1,Necanicum,26214,2,1833,23871255,Klootchie Cr,"Klootchie Cr, Trib A",Headwaters,Necanicum R,2009,165,Snorkeled,5,0.063312963,0.14091,8.736000061,44,21.4029999,1,3576.158936,1025498,2,2290.549561,17.08049965,142.8999939,336.8800049,0.174195402
rear,OC,1-NC,North Coast,1,Necanicum,26219,1,1843,23871171,Necanicum R,Mail Cr,"Necanicum R, S Fk",Pacific Ocean,2006,932,Snorkeled,6,0.00496321,0.09268,27.45100021,31,19.4150009,1,1074.607056,1025498,2,1597.994507,18.45650864,200.8000031,256.7999878,0.174195402
rear,OC,1-NC,North Coast,1,Necanicum,26220,1,1844,23871209,"Necanicum R, S Fk",Mouth,Brandis Cr,Necanicum R,2000,36,Snorkeled,5,0.018410889,0.09268,15.93400002,41,21.2950001,1,1368.237061,1025498,2,1615.265015,17.4127903,221.5700073,522.2600098,0.174195402
rear,OC,1-NC,North Coast,1,Necanicum,26220,1,1844,23871209,"Necanicum R, S Fk",Mouth,Brandis Cr,Necanicum R,2003,400,Snorkeled,5,0.018410889,0.09268,15.93400002,73,21.2950001,1,1368.237061,1025498,2,1615.265015,18.04172897,248.1399994,467.230011,0.174195402
rear,OC,1-NC,North Coast,1,Necanicum,26220,1,1844,23871209,"Necanicum R, S Fk",Mouth,Brandis Cr,Necanicum R,2009,410,Snorkeled,5,0.018410889,0.09268,15.93400002,44,21.2950001,1,1368.237061,1025498,2,1615.265015,18.17687225,218.3600006,583.3200073,0.174195402
rear,OC,1-NC,North Coast,1,Necanicum,26220,1,1844,23871209,"Necanicum R, S Fk",Mouth,Brandis Cr,Necanicum R,2012,40,Snorkeled,5,0.018410889,0.09268,15.93400002,49,21.2950001,1,1368.237061,1025498,2,1615.265015,16.89300537,175.5800018,563.6099854,0.174195402
rear,OC,1-NC,North Coast,2,Nehalem,25868,1,20632,23872595,Soapstone Cr,Jack Horner Cr,"Soapstone Cr, Trib A","Nehalem R, N Fk",2010,301,Snorkeled,5,0.01541577,0.110579997,11.42099953,38,32.9860001,1,985.2160034,2497450,3,1391.854736,18.06626892,140.5899963,593.8900146,0.941421
rear,OC,1-NC,North Coast,2,Nehalem,25871,1,969,23872289,"Nehalem R, N Fk",Soapstone Cr,Sally Cr,Nehalem R,2000,0,Snorkeled,6,0.01240106,0.099380001,31.28700066,41,30.8869991,1,7388.525879,2497450,4,1506.515259,20.12711525,264.9700012,419.2399902,0.549454
rear,OC,1-NC,North Coast,2,Nehalem,25871,1,969,23872289,"Nehalem R, N Fk",Soapstone Cr,Sally Cr,Nehalem R,2003,119,Snorkeled,6,0.01240106,0.099380001,31.28700066,73,30.8869991,1,7388.525879,2497450,4,1506.515259,21.20279694,293.3200073,406.5899963,0.549454
rear,OC,1-NC,North Coast,2,Nehalem,25871,1,969,23872289,"Nehalem R, N Fk",Soapstone Cr,Sally Cr,Nehalem R,2006,1,Snorkeled,6,0.01240106,0.099380001,31.28700066,31,30.8869991,1,7388.525879,2497450,4,1506.515259,20.6928978,209.7400055,235.9799957,0.549454
rear,OC,1-NC,North Coast,2,Nehalem,25871,1,969,23872289,"Nehalem R, N Fk",Soapstone Cr,Sally Cr,Nehalem R,2009,4,Snorkeled,6,0.01240106,0.099380001,31.28700066,44,30.8869991,1,7388.525879,2497450,4,1506.515259,21.88715172,278.75,490.1499939,0.549454
rear,OC,1-NC,North Coast,2,Nehalem,25874,2,978,23872709,Lost Cr,Mouth,Headwaters,"Nehalem R, N Fk",2005,0,Snorkeled,4,0.050514329,0.126969993,6.738999844,34,38.4070015,1,1900.36499,2497450,3,1320.174561,17.52595329,237.1000061,527.5900269,0.764386
rear,OC,1-NC,North Coast,2,Nehalem,25874,2,978,23872709,Lost Cr,Mouth,Headwaters,"Nehalem R, N Fk",2008,0,Snorkeled,4,0.050514329,0.126969993,6.738999844,47,38.4070015,1,1900.36499,2497450,3,1320.174561,16.94988441,149.9600067,427.8900146,0.764386
rear,OC,1-NC,North Coast,2,Nehalem,25874,2,978,23872709,Lost Cr,Mouth,Headwaters,"Nehalem R, N Fk",2011,95,Snorkeled,4,0.050514329,0.126969993,6.738999844,25,38.4070015,1,1900.36499,2497450,3,1320.174561,16.04685974,309.3800049,850.2000122,0.764386
rear,OC,1-NC,North Coast,2,Nehalem,25874,2,978,23872709,Lost Cr,Mouth,Headwaters,"Nehalem R, N Fk",2014,15,Snorkeled,4,0.050514329,0.126969993,6.738999844,39,38.4070015,1,1900.36499,2497450,3,1320.174561,18.76112556,219.8200073,638.7700195,0.764386
rear,OC,1-NC,North Coast,2,Nehalem,25874,2,979,23872709,Lost Cr,Mouth,Headwaters,"Nehalem R, N Fk",2005,0,Snorkeled,4,0.050514329,0.126969993,7.475999832,34,37.4020004,1,1900.36499,2497450,3,1254.430054,17.52595329,237.1000061,527.5900269,0.506887
rear,OC,1-NC,North Coast,2,Nehalem,25874,2,979,23872709,Lost Cr,Mouth,Headwaters,"Nehalem R, N Fk",2014,15,Snorkeled,4,0.050514329,0.126969993,7.475999832,39,37.4020004,1,1900.36499,2497450,3,1254.430054,18.76112556,219.8200073,638.7700195,0.506887
rear,OC,1-NC,North Coast,2,Nehalem,25879.30078,1,996,23872621,"Nehalem R, N Fk, Trib R",Mouth,Headwaters,"Nehalem R, N Fk",2003,1,Snorkeled,4,0.06101875,0.103990003,10.54199982,73,42.4679985,1,1285.30603,1654233,3,1466.97998,18.01704788,322.3699951,440.9299927,0.550545
rear,OC,1-NC,North Coast,2,Nehalem,25880,2.0999999,1006,23872377,"Nehalem R, Little N Fk",Mouth,Headwaters,"Nehalem R, N Fk",2005,657,Snorkeled,4,0.02139646,0.103990003,9.137999535,34,49.6619987,1,1211.493042,1654233,5,1546.493042,18.82219505,207.4600067,515.1500244,0.513494
rear,OC,1-NC,North Coast,2,Nehalem,25880,3,1003,23872381,"Nehalem R, Little N Fk",Mouth,Headwaters,"Nehalem R, N Fk",2007,451,Snorkeled,4,0.03095766,0.103990003,12.59899998,35,50.9490013,1,335.9200134,1654233,5,1575.317139,18.16875458,201.3200073,282.980011,0.681311
rear,OC,1-NC,North Coast,2,Nehalem,25887.19922,2,21194,23872843,Daniels Cr,Mouth,Headwaters,Foley Cr,2013,0,Snorkeled,3,0.045504551,0.131469995,5.735000134,30,20.9839993,1,3692.745117,1380594,6,1004.898987,16.51174927,154.4400024,507.5100098,0.62275
rear,OC,1-NC,North Coast,2,Nehalem,25888.5,1,20801,23872943,E Foley Cr,"E Foley Cr, Trib A",Headwaters,Foley Cr,2011,53,Snorkeled,3,0.034143042,0.072279997,7.802999973,25,24.632,1,754.4450073,1380594,6,1226.749512,15.12441826,202.2799988,621,0.62275
rear,OC,1-NC,North Coast,2,Nehalem,25889,1,1033,23872359,Foley Cr,E Foley Cr,Crystal Cr,Nehalem R,1998,1,Snorkeled,5,0.010272,0.04462,14.42599964,4,22.0970001,1,969.1480103,1380594,6,1557.954712,18.75313187,153.4799957,252.2100067,0.596
rear,OC,1-NC,North Coast,2,Nehalem,25889,1,1033,23872359,Foley Cr,E Foley Cr,Crystal Cr,Nehalem R,2000,121,Snorkeled,5,0.010272,0.04462,14.42599964,41,22.0970001,1,969.1480103,1380594,6,1557.954712,17.47463608,209.4600067,348.3699951,0.596
rear,OC,1-NC,North Coast,2,Nehalem,25889,1,1033,23872359,Foley Cr,E Foley Cr,Crystal Cr,Nehalem R,2001,321,Snorkeled,5,0.010272,0.04462,14.42599964,79,22.0970001,1,969.1480103,1380594,6,1557.954712,16.05656624,78.83999634,363.9599915,0.596
rear,OC,1-NC,North Coast,2,Nehalem,25889,1,1033,23872359,Foley Cr,E Foley Cr,Crystal Cr,Nehalem R,2002,243,Snorkeled,5,0.010272,0.04462,14.42599964,45,22.0970001,1,969.1480103,1380594,6,1557.954712,17.99943352,156.6100006,362.7799988,0.596
rear,OC,1-NC,North Coast,2,Nehalem,25889,1,1033,23872359,Foley Cr,E Foley Cr,Crystal Cr,Nehalem R,2003,163,Snorkeled,5,0.010272,0.04462,14.42599964,73,22.0970001,1,969.1480103,1380594,6,1557.954712,18.36232567,223.1900024,365.3500061,0.596
rear,OC,1-NC,North Coast,2,Nehalem,25889,1,1033,23872359,Foley Cr,E Foley Cr,Crystal Cr,Nehalem R,2004,269,Snorkeled,5,0.010272,0.04462,14.42599964,21,22.0970001,1,969.1480103,1380594,6,1557.954712,19.36167336,196.3500061,312.8200073,0.596
rear,OC,1-NC,North Coast,2,Nehalem,25889,1,1033,23872359,Foley Cr,E Foley Cr,Crystal Cr,Nehalem R,2005,663,Snorkeled,5,0.010272,0.04462,14.42599964,34,22.0970001,1,969.1480103,1380594,6,1557.954712,18.26183319,164.4700012,411.6000061,0.596
rear,OC,1-NC,North Coast,2,Nehalem,25889,1,1033,23872359,Foley Cr,E Foley Cr,Crystal Cr,Nehalem R,2006,338,Snorkeled,5,0.010272,0.04462,14.42599964,31,22.0970001,1,969.1480103,1380594,6,1557.954712,18.10551071,176.1300049,246.9799957,0.596
rear,OC,1-NC,North Coast,2,Nehalem,25889,1,1033,23872359,Foley Cr,E Foley Cr,Crystal Cr,Nehalem R,2007,280,Snorkeled,5,0.010272,0.04462,14.42599964,35,22.0970001,1,969.1480103,1380594,6,1557.954712,19.21093369,134.1000061,213.8300018,0.596
rear,OC,1-NC,North Coast,2,Nehalem,25889,1,1033,23872359,Foley Cr,E Foley Cr,Crystal Cr,Nehalem R,2008,248,Snorkeled,5,0.010272,0.04462,14.42599964,47,22.0970001,1,969.1480103,1380594,6,1557.954712,17.29598236,186.1399994,324.480011,0.596
rear,OC,1-NC,North Coast,2,Nehalem,25889,1,1033,23872359,Foley Cr,E Foley Cr,Crystal Cr,Nehalem R,2009,816,Snorkeled,5,0.010272,0.04462,14.42599964,44,22.0970001,1,969.1480103,1380594,6,1557.954712,18.61355782,172.0299988,427.7999878,0.596
rear,OC,1-NC,North Coast,2,Nehalem,25889,1,1033,23872359,Foley Cr,E Foley Cr,Crystal Cr,Nehalem R,2010,444,Snorkeled,5,0.010272,0.04462,14.42599964,38,22.0970001,1,969.1480103,1380594,6,1557.954712,17.06708145,91.08000183,561.3499756,0.596
rear,OC,1-NC,North Coast,2,Nehalem,25889,1,1033,23872359,Foley Cr,E Foley Cr,Crystal Cr,Nehalem R,2011,848,Snorkeled,5,0.010272,0.04462,14.42599964,25,22.0970001,1,969.1480103,1380594,6,1557.954712,16.88842583,202.2799988,621,0.596
rear,OC,1-NC,North Coast,2,Nehalem,25889,1,1033,23872359,Foley Cr,E Foley Cr,Crystal Cr,Nehalem R,2012,630,Snorkeled,5,0.010272,0.04462,14.42599964,49,22.0970001,1,969.1480103,1380594,6,1557.954712,17.29598236,180.8600006,465.9700012,0.596
rear,OC,1-NC,North Coast,2,Nehalem,25889,1,1033,23872359,Foley Cr,E Foley Cr,Crystal Cr,Nehalem R,2013,41,Snorkeled,5,0.010272,0.04462,14.42599964,30,22.0970001,1,969.1480103,1380594,6,1557.954712,17.82636261,154.4400024,507.5100098,0.596
rear,OC,1-NC,North Coast,2,Nehalem,25889,1,1033,23872359,Foley Cr,E Foley Cr,Crystal Cr,Nehalem R,2014,169,Snorkeled,5,0.010272,0.04462,14.42599964,39,22.0970001,1,969.1480103,1380594,6,1557.954712,19.03786278,131.9400024,499.1799927,0.596
rear,OC,1-NC,North Coast,2,Nehalem,25893.69922,1,1041,23872361,Foley Cr,"Foley Cr, Trib R","Foley Cr, Trib S",Nehalem R,2013,46,Snorkeled,4,0.02101195,0.04462,8.159999847,30,28.5139999,1,83.37999725,1380594,7,1499.967041,16.17922211,140.0899963,466.1400146,0.752
rear,OC,1-NC,North Coast,2,Nehalem,25895,1,1045,23872937,Roy Cr,Mouth,Headwaters,Nehalem R,2002,14,Snorkeled,4,0.060156099,0.121469997,8.421999931,45,20.493,1,2018.302979,105392952,7,1412.914795,16.19413567,150.5800018,352,0.494
rear,OC,1-NC,North Coast,2,Nehalem,25899,1,1048,23872811,Peterson Cr,Mouth,Headwaters,Nehalem R,2003,0,Snorkeled,3,0.069804147,0.147740006,5.808000088,73,24.3390007,1,2137.899902,105392952,6,1628.37915,17.10487366,257.7200012,390.75,0.1235
rear,OC,1-NC,North Coast,2,Nehalem,25899,1,1048,23872811,Peterson Cr,Mouth,Headwaters,Nehalem R,2012,0,Snorkeled,3,0.069804147,0.147740006,5.808000088,49,24.3390007,1,2137.899902,105392952,6,1628.37915,16.00926018,196.7700043,514.9799805,0.1235
rear,OC,1-NC,North Coast,2,Nehalem,25912,1,1068,23872401,"Cook Cr, S Fk",Mouth,Headwaters,Cook Cr,2005,0,Snorkeled,4,0.050324898,0.10311,12.92700005,34,35.5159988,1,6211.371094,685558,7,1344.843994,14.66362476,215.7899933,440.9500122,0.484035
rear,OC,1-NC,North Coast,2,Nehalem,25915.19922,2,1075,23871895,Cook Cr,Granite Cr,Hoevet Cr,Nehalem R,2002,4,Snorkeled,5,0.02686288,0.10311,13.13899994,45,40.4370003,1,4393.293945,685558,7,1520.865967,15.98508167,225.4799957,529.3499756,0.516343
rear,OC,1-NC,North Coast,2,Nehalem,25915.69922,0,1078,23872859,Cook Cr,Hoevett Cr,Headwaters,Nehalem R,1998,0,Snorkeled,4,0.100412972,0.109350003,9.680000305,4,41.5960007,1,7416.299805,685558,7,1520.865967,15.28481197,199.1600037,291.1700134,0.516343
rear,OC,1-NC,North Coast,2,Nehalem,25917,3,21003,23872383,Lost Cr,Mouth,Headwaters,Nehalem R,2012,50,Snorkeled,4,0.02581979,0.084540002,14.2840004,49,34.382,1,850.3889771,1849848,6,1470.277466,16.95686913,188.3500061,488.2600098,0.1108
rear,OC,1-NC,North Coast,2,Nehalem,25921,1,1092,23872771,Helloff Cr,Mouth,"Helloff Cr, Trib A",Nehalem R,2002,0,Snorkeled,4,0.066138878,0.079080001,11.55200005,45,36.4910011,1,11999.00977,1849848,6,1620.952881,16.61473465,171.3099976,396.5499878,0.1108
rear,OC,1-NC,North Coast,2,Nehalem,25921,1,1092,23872771,Helloff Cr,Mouth,"Helloff Cr, Trib A",Nehalem R,2011,387,Snorkeled,4,0.066138878,0.079080001,11.55200005,25,36.4910011,1,11999.00977,1849848,6,1620.952881,15.14995289,232.9100037,656.9899902,0.1108
rear,OC,1-NC,North Coast,2,Nehalem,25925,1,1100,23872769,Snark Cr,Mouth,Headwaters,Nehalem R,2003,0,Snorkeled,3,0.147333324,0.238999993,5.665999889,73,40.9500008,1,3716.685059,1849848,6,1476.455566,16.50953865,347.6300049,485.4400024,0.1108
rear,OC,1-NC,North Coast,2,Nehalem,25948,0,1110,23872853,Belding Cr,Mouth,Headwaters,Salmonberry R,2006,0,Snorkeled,4,0.108939193,0.254779994,6.243000031,31,59.8849983,1,4067.102051,306706,7,1307.375854,15.46112347,218.3500061,275.730011,0.234533
rear,OC,1-NC,North Coast,2,Nehalem,25951,1,1113,23871933,Salmonberry R,Kinney Cr,Wolf Cr,Nehalem R,1999,0,Snorkeled,6,0.01405068,0.272060007,15.98099995,51,60.9339981,1,228.8220062,306706,6,1651.18811,16.17254639,223.4299927,248.4400024,0.545601
rear,OC,1-NC,North Coast,2,Nehalem,25951,1,1113,23871933,Salmonberry R,Kinney Cr,Wolf Cr,Nehalem R,2002,0,Snorkeled,6,0.01405068,0.272060007,15.98099995,45,60.9339981,1,228.8220062,306706,6,1651.18811,17.84540367,142.5899963,297.5,0.545601
rear,OC,1-NC,North Coast,2,Nehalem,25951,1,1113,23871933,Salmonberry R,Kinney Cr,Wolf Cr,Nehalem R,2005,515,Snorkeled,6,0.01405068,0.272060007,15.98099995,34,60.9339981,1,228.8220062,306706,6,1651.18811,17.41618729,150.4900055,334.269989,0.545601
rear,OC,1-NC,North Coast,2,Nehalem,25951,1,1113,23871933,Salmonberry R,Kinney Cr,Wolf Cr,Nehalem R,2011,306,Snorkeled,6,0.01405068,0.272060007,15.98099995,25,60.9339981,1,228.8220062,306706,6,1651.18811,15.38112164,137.6399994,424.1499939,0.545601
rear,OC,1-NC,North Coast,2,Nehalem,25951,1,1113,23871933,Salmonberry R,Kinney Cr,Wolf Cr,Nehalem R,2014,243,Snorkeled,6,0.01405068,0.272060007,15.98099995,39,60.9339981,1,228.8220062,306706,6,1651.18811,19.32535744,118.9100037,368,0.545601
rear,OC,1-NC,North Coast,2,Nehalem,25951,1,1114,23871933,Salmonberry R,Kinney Cr,Wolf Cr,Nehalem R,2005,187,Snorkeled,6,0.01405068,0.272060007,15.41499996,34,62.3100014,1,228.8220062,306706,6,1439.783081,17.41618729,150.4900055,334.269989,0.55433
rear,OC,1-NC,North Coast,2,Nehalem,25952,2,1115,23872857,Wolf Cr,Mouth,"Wolf Cr, Trib A",Salmonberry R,2003,0,Snorkeled,5,0.02583454,0.272060007,10.35299969,73,65.211998,1,8380.330078,306706,6,1551.284546,17.45860672,175.8000031,273.5799866,0.504953
rear,OC,1-NC,North Coast,2,Nehalem,25952,2,1115,23872857,Wolf Cr,Mouth,"Wolf Cr, Trib A",Salmonberry R,2012,3,Snorkeled,5,0.02583454,0.272060007,10.35299969,49,65.211998,1,8380.330078,306706,6,1551.284546,15.26011562,150.3500061,300.6900024,0.504953
rear,OC,1-NC,North Coast,2,Nehalem,25958,1,1123,23871947,"Cronin Cr, N Fk",Mouth,Headwaters,Cronin Cr,2000,378,Snorkeled,4,0.031142181,0.160879999,12.76200008,41,47.7130013,1,1475.709961,1255831,6,1673.880005,15.85983467,314.3999939,482.0599976,0.499059
rear,OC,1-NC,North Coast,2,Nehalem,25958,3,1120,23871947,"Cronin Cr, N Fk",Mouth,Headwaters,Cronin Cr,2010,1001,Snorkeled,4,0.031142181,0.160879999,11.16800022,38,50.1450005,1,1475.709961,1255831,6,1533.153076,16.23505974,138.0800018,619.289978,0.441702
rear,OC,1-NC,North Coast,2,Nehalem,25973,2,1151,23872251,Humbug Cr,Larsen Cr,Big Cr,Nehalem R,1999,137,Snorkeled,5,0.00386291,0.160879999,24.6989994,51,68.1900024,1,134.9620056,1367090,6,1585.589844,18.77796555,297.3099976,327.9100037,0.970777
rear,OC,1-NC,North Coast,2,Nehalem,25975,1,16403,23872251,Humbug Cr,Big Cr,Alder Cr,Nehalem R,2008,17,Snorkeled,5,0.00386291,0.160879999,24.27700043,47,69.0139999,1,134.9620056,1367090,6,1389.436035,19.45986938,145.3800049,350.1600037,0.970777
rear,OC,1-NC,North Coast,2,Nehalem,25980,3,1165,23872257,E Humbug Cr,Mouth,"E Humbug Cr, Trib 1",Humbug Cr,2001,2341,Snorkeled,4,0.02100225,0.160879999,13.41699982,79,78.0230026,1,3517.249023,1367090,6,1458.464111,15.5490284,97.37999725,497.0599976,0.821292
rear,OC,1-NC,North Coast,2,Nehalem,25980,3,1165,23872257,E Humbug Cr,Mouth,"E Humbug Cr, Trib 1",Humbug Cr,2010,997,Snorkeled,4,0.02100225,0.160879999,13.41699982,38,78.0230026,1,3517.249023,1367090,6,1458.464111,16.42817497,136.9199982,630.2999878,0.821292
rear,OC,1-NC,North Coast,2,Nehalem,25980,3,1166,23872257,E Humbug Cr,Mouth,"E Humbug Cr, Trib 1",Humbug Cr,2003,211,Snorkeled,4,0.02100225,0.160879999,14.0909996,73,77.0250015,1,3517.249023,1367090,6,1110.282227,17.92817307,285.6300049,439.9500122,0.825074
rear,OC,1-NC,North Coast,2,Nehalem,25980,3,1166,23872257,E Humbug Cr,Mouth,"E Humbug Cr, Trib 1",Humbug Cr,2012,870,Snorkeled,4,0.02100225,0.160879999,14.0909996,49,77.0250015,1,3517.249023,1367090,6,1110.282227,16.52742577,169.6900024,552.5200195,0.825074
rear,OC,1-NC,North Coast,2,Nehalem,25995,3,1195,23872351,Cow Cr,Mouth,Headwaters,Nehalem R,2007,346,Snorkeled,3,0.045584358,0.311340004,9.114999771,35,77.1480026,1,4101.310059,518938,8,1827.046021,17.72529793,167.6399994,224.6199951,0.443387
rear,OC,1-NC,North Coast,2,Nehalem,25995,5,1196,23872351,Cow Cr,Mouth,Headwaters,Nehalem R,2000,42,Snorkeled,3,0.045584358,0.311340004,7.948999882,41,79.0429993,1,4101.310059,518938,8,1440.005493,15.96597099,217.1649933,357.3999939,0.381401
rear,OC,1-NC,North Coast,2,Nehalem,25995,5,1196,23872351,Cow Cr,Mouth,Headwaters,Nehalem R,2009,287,Snorkeled,3,0.045584358,0.311340004,7.948999882,44,79.0429993,1,4101.310059,518938,8,1440.005493,18.70229721,196.4199982,411.8200073,0.381401
rear,OC,1-NC,North Coast,2,Nehalem,25999,4,21186,23872567,Moores Cr,Mouth,Headwaters,Nehalem R,2013,0,Snorkeled,2,0.057301581,0.160879999,4.468999863,30,78.3199997,1,2504.809082,518938,7,1509.577148,17.61506844,143.1799927,524.8099976,0.176041
rear,OC,1-NC,North Coast,2,Nehalem,26005,1,1226,23871983,Buster Cr,Walker Cr,Stanley Cr,Nehalem R,1999,340,Snorkeled,5,0.01029131,0.160879999,10.49499989,51,85.9929962,1,1760.130981,220344,7,1781.453735,15.89459324,202.5200043,234.0399933,0.934419
rear,OC,1-NC,North Coast,2,Nehalem,26007.5,1,73,23872539,"Buster Cr, Trib C",Mouth,Headwaters,Buster Cr,2011,50,Snorkeled,4,0.01911019,0.160879999,4.90899992,25,89.5830002,1,1699.750977,220344,7,1667.839844,15.56413364,96.13999939,318.6799927,0.835033
rear,OC,1-NC,North Coast,2,Nehalem,26011,3,1241,23872909,Gilmore Cr,Mouth,Headwaters,Walker Cr,2000,148,Snorkeled,3,0.04496919,0.160879999,3.78399992,41,88.814003,1,1010.612976,571074,7,1591.195801,15.9130373,218.2899933,382.8399963,0.145942
rear,OC,1-NC,North Coast,2,Nehalem,26014,2,1252,23872949,Trailover Cr,Mouth,Headwaters,Walker Cr,2012,91,Snorkeled,2,0.055666052,0.160879999,3.375,49,96.1719971,1,3663.875,571074,6,1704.524414,15.69867897,140.9499969,529.8400269,0.188942
rear,OC,1-NC,North Coast,2,Nehalem,26015,1,20238,23872461,Walker Cr,Trailover Cr,"Walker Cr, Trib A",Beneke Cr,2008,40,Snorkeled,4,0.01217848,0.160879999,11.79399967,47,94.1139984,1,1676.946045,571074,6,1242.916626,16.83723831,183.2899933,174.1000061,0.966557
rear,OC,1-NC,North Coast,2,Nehalem,26015,4,1258,23872461,Walker Cr,Trailover Cr,"Walker Cr, Trib A",Beneke Cr,2003,507,Snorkeled,4,0.01217848,0.160879999,10.04199982,73,100.2089996,1,1676.946045,571074,6,1646.236572,17.85876846,110.4400024,233.1100006,0.759367
rear,OC,1-NC,North Coast,2,Nehalem,26015.19922,6,1262,23872461,Walker Cr,"Walker Cr, Trib A","Walker Cr, Trib B",Beneke Cr,2005,1759,Snorkeled,4,0.01217848,0.160879999,8.866000175,34,103.1019974,1,1676.946045,571074,6,1646.237061,17.16163254,119.7699966,355.8699951,0.759367
rear,OC,1-NC,North Coast,2,Nehalem,26016,3,1271,23872231,Beneke Cr,Walker Cr,Bull Heifer Cr,Fishhawk Cr,2000,408,Snorkeled,5,0.02305592,0.160879999,11.38799953,41,95.6419983,1,2404.233887,571074,6,1603.937378,16.18159866,218.2899933,382.8399963,0.433076
rear,OC,1-NC,North Coast,2,Nehalem,26016,3,1271,23872231,Beneke Cr,Walker Cr,Bull Heifer Cr,Fishhawk Cr,2003,486,Snorkeled,5,0.02305592,0.160879999,11.38799953,73,95.6419983,1,2404.233887,571074,6,1603.937378,17.74265671,196.9100037,411.5100098,0.433076
rear,OC,1-NC,North Coast,2,Nehalem,26016,3,1271,23872231,Beneke Cr,Walker Cr,Bull Heifer Cr,Fishhawk Cr,2006,1279,Snorkeled,5,0.02305592,0.160879999,11.38799953,31,95.6419983,1,2404.233887,571074,6,1603.937378,17.63944435,206.4299927,280.6499939,0.433076
rear,OC,1-NC,North Coast,2,Nehalem,26018,1,1275,23872233,Beneke Cr,Bull Heifer Cr,"Beneke Cr, Trib A",Fishhawk Cr,2000,0,Snorkeled,4,0.026111711,0.160879999,7.772999763,41,96.9729996,1,14.18700027,571074,6,1639.368286,14.8071022,218.2899933,382.8399963,0.486836
rear,OC,1-NC,North Coast,2,Nehalem,26018.69922,1.1,1279,23872235,Beneke Cr,"Beneke Cr, Trib A",Headwaters,Fishhawk Cr,2008,0,Snorkeled,3,0.06942936,0.160879999,4.034999847,47,99.3690033,1,2606.681885,571074,6,1612.180054,13.78019333,167.4299927,344.3399963,0.76608
rear,OC,1-NC,North Coast,2,Nehalem,26021,1,21012,23872239,Fishhawk Cr,Little Fishhawk Cr,Alder Cr,Nehalem R,2012,116,Snorkeled,5,0.00710388,0.160879999,20.36599922,49,87.2740021,1,106.7060013,2066370,9,1663.390991,18.46169662,142.4299927,427.25,0.957285
rear,OC,1-NC,North Coast,2,Nehalem,26024,2,20814,23872371,Hamilton Cr,Mouth,"Hamilton Cr, Trib A",Fishhawk Cr,2011,952,Snorkeled,4,0.039579369,0.160879999,13.28199959,25,94.6269989,1,4586.577148,2066370,9,1507.623291,15.22186756,205.3200073,575.9000244,0.877149
rear,OC,1-NC,North Coast,2,Nehalem,26024.69922,1,1295,23872371,Hamilton Cr,"Hamilton Cr, Trib A",Headwaters,Fishhawk Cr,1998,102,Snorkeled,4,0.039579369,0.160879999,11.55500031,4,95.2259979,1,4586.577148,2066370,9,1507.623047,17.75649643,194.1799927,281.25,0.877149
rear,OC,1-NC,North Coast,2,Nehalem,26024.69922,1,1295,23872371,Hamilton Cr,"Hamilton Cr, Trib A",Headwaters,Fishhawk Cr,1999,163,Snorkeled,4,0.039579369,0.160879999,11.55500031,51,95.2259979,1,4586.577148,2066370,9,1507.623047,15.39526939,261.6199951,339.6900024,0.877149
rear,OC,1-NC,North Coast,2,Nehalem,26024.69922,1,1295,23872371,Hamilton Cr,"Hamilton Cr, Trib A",Headwaters,Fishhawk Cr,2000,383,Snorkeled,4,0.039579369,0.160879999,11.55500031,41,95.2259979,1,4586.577148,2066370,9,1507.623047,15.80881786,175.1799927,297.7749939,0.877149
rear,OC,1-NC,North Coast,2,Nehalem,26024.69922,1,1295,23872371,Hamilton Cr,"Hamilton Cr, Trib A",Headwaters,Fishhawk Cr,2001,329,Snorkeled,4,0.039579369,0.160879999,11.55500031,79,95.2259979,1,4586.577148,2066370,9,1507.623047,14.95197487,93.45999908,481.4700012,0.877149
rear,OC,1-NC,North Coast,2,Nehalem,26024.69922,1,1295,23872371,Hamilton Cr,"Hamilton Cr, Trib A",Headwaters,Fishhawk Cr,2002,344,Snorkeled,4,0.039579369,0.160879999,11.55500031,45,95.2259979,1,4586.577148,2066370,9,1507.623047,16.77088737,169.6000061,463.0799866,0.877149
rear,OC,1-NC,North Coast,2,Nehalem,26024.69922,1,1295,23872371,Hamilton Cr,"Hamilton Cr, Trib A",Headwaters,Fishhawk Cr,2003,307,Snorkeled,4,0.039579369,0.160879999,11.55500031,73,95.2259979,1,4586.577148,2066370,9,1507.623047,17.33803177,239.0599976,412.7000122,0.877149
rear,OC,1-NC,North Coast,2,Nehalem,26024.69922,1,1295,23872371,Hamilton Cr,"Hamilton Cr, Trib A",Headwaters,Fishhawk Cr,2004,283,Snorkeled,4,0.039579369,0.160879999,11.55500031,21,95.2259979,1,4586.577148,2066370,9,1507.623047,17.96686363,189.0099945,314.3599854,0.877149
rear,OC,1-NC,North Coast,2,Nehalem,26024.69922,1,1295,23872371,Hamilton Cr,"Hamilton Cr, Trib A",Headwaters,Fishhawk Cr,2005,547,Snorkeled,4,0.039579369,0.160879999,11.55500031,34,95.2259979,1,4586.577148,2066370,9,1507.623047,16.78140259,170.2799988,465.980011,0.877149
rear,OC,1-NC,North Coast,2,Nehalem,26024.69922,1,1295,23872371,Hamilton Cr,"Hamilton Cr, Trib A",Headwaters,Fishhawk Cr,2006,392,Snorkeled,4,0.039579369,0.160879999,11.55500031,31,95.2259979,1,4586.577148,2066370,9,1507.623047,17.18300819,225.5399933,277.8099976,0.877149
rear,OC,1-NC,North Coast,2,Nehalem,26024.69922,1,1295,23872371,Hamilton Cr,"Hamilton Cr, Trib A",Headwaters,Fishhawk Cr,2007,416,Snorkeled,4,0.039579369,0.160879999,11.55500031,35,95.2259979,1,4586.577148,2066370,9,1507.623047,17.558918,131.1100006,232.9400024,0.877149
rear,OC,1-NC,North Coast,2,Nehalem,26024.69922,1,1295,23872371,Hamilton Cr,"Hamilton Cr, Trib A",Headwaters,Fishhawk Cr,2008,375,Snorkeled,4,0.039579369,0.160879999,11.55500031,47,95.2259979,1,4586.577148,2066370,9,1507.623047,16.22992134,155.1499939,328.2399902,0.877149
rear,OC,1-NC,North Coast,2,Nehalem,26024.69922,1,1295,23872371,Hamilton Cr,"Hamilton Cr, Trib A",Headwaters,Fishhawk Cr,2009,759,Snorkeled,4,0.039579369,0.160879999,11.55500031,44,95.2259979,1,4586.577148,2066370,9,1507.623047,18.5081501,209.3600006,469.7600098,0.877149
rear,OC,1-NC,North Coast,2,Nehalem,26024.69922,1,1295,23872371,Hamilton Cr,"Hamilton Cr, Trib A",Headwaters,Fishhawk Cr,2010,466,Snorkeled,4,0.039579369,0.160879999,11.55500031,38,95.2259979,1,4586.577148,2066370,9,1507.623047,15.8019762,121.9300003,593.2700195,0.877149
rear,OC,1-NC,North Coast,2,Nehalem,26024.69922,1,1295,23872371,Hamilton Cr,"Hamilton Cr, Trib A",Headwaters,Fishhawk Cr,2011,275,Snorkeled,4,0.039579369,0.160879999,11.55500031,25,95.2259979,1,4586.577148,2066370,9,1507.623047,15.22186756,197.6300049,566.4699707,0.877149
rear,OC,1-NC,North Coast,2,Nehalem,26024.69922,1,1295,23872371,Hamilton Cr,"Hamilton Cr, Trib A",Headwaters,Fishhawk Cr,2012,289,Snorkeled,4,0.039579369,0.160879999,11.55500031,49,95.2259979,1,4586.577148,2066370,9,1507.623047,15.79218197,153.8899994,525.289978,0.877149
rear,OC,1-NC,North Coast,2,Nehalem,26024.69922,1,1295,23872371,Hamilton Cr,"Hamilton Cr, Trib A",Headwaters,Fishhawk Cr,2013,276,Snorkeled,4,0.039579369,0.160879999,11.55500031,30,95.2259979,1,4586.577148,2066370,9,1507.623047,16.99498367,158.75,587.8900146,0.877149
rear,OC,1-NC,North Coast,2,Nehalem,26024.69922,1,1295,23872371,Hamilton Cr,"Hamilton Cr, Trib A",Headwaters,Fishhawk Cr,2014,254,Snorkeled,4,0.039579369,0.160879999,11.55500031,39,95.2259979,1,4586.577148,2066370,9,1507.623047,17.9031601,175.8500061,620.4400024,0.877149
rear,OC,1-NC,North Coast,2,Nehalem,26031,3,20620,23872477,Squaw Cr,West Br,Headwaters,Nehalem R,2010,39,Snorkeled,2,0.017865321,0.160879999,3.217999935,38,96.3290024,1,288.6919861,187836,6,1085.987671,16.67521477,58.68000031,340.6900024,0.434199
rear,OC,1-NC,North Coast,2,Nehalem,26033.80078,1,1313,23872223,Northrup Cr,"Northrup Cr, Trib B","Northrup Cr, Trib C",Nehalem R,2001,1007,Snorkeled,4,0.027269891,0.160879999,8.303999901,79,104.6340027,1,1196.531006,366738,6,1592.709961,15.39618397,56.70000076,305.2600098,0.869804
rear,OC,1-NC,North Coast,2,Nehalem,26033.80078,1,1313,23872223,Northrup Cr,"Northrup Cr, Trib B","Northrup Cr, Trib C",Nehalem R,2010,986,Snorkeled,4,0.027269891,0.160879999,8.303999901,38,104.6340027,1,1196.531006,366738,6,1592.709961,16.37531853,69.23000336,388.4299927,0.869804
rear,OC,1-NC,North Coast,2,Nehalem,26037.40039,1,1328,23872387,Louisgnot Cr,"Louisgnot Cr, Trib A","Louisgnot Cr, Trib B",Nehalem R,2000,1395,Snorkeled,3,0.0328614,0.160879999,5.741000175,41,106.0960007,1,743.7050171,366738,7,1592.709961,17.0252037,130.9499969,210.6699982,0.869804
rear,OC,1-NC,North Coast,2,Nehalem,26037.40039,1,1328,23872387,Louisgnot Cr,"Louisgnot Cr, Trib A","Louisgnot Cr, Trib B",Nehalem R,2009,371,Snorkeled,3,0.0328614,0.160879999,5.741000175,44,106.0960007,1,743.7050171,366738,7,1592.709961,20.40638542,105.3600006,257.4899902,0.869804
rear,OC,1-NC,North Coast,2,Nehalem,26043,2,1345,23872017,Deep Cr,Lane Cr,"Deep Cr, Trib 1",Nehalem R,2008,53,Snorkeled,5,0.00352717,0.160879999,11.41399956,47,120.2419968,1,81.71700287,400433,7,1503.715088,17.97280312,170.8899994,122.1500015,0.983904
rear,OC,1-NC,North Coast,2,Nehalem,26043.40039,1,20230,23872019,Deep Cr,"Deep Cr, Trib A","Deep Cr, Trib B",Nehalem R,2008,182,Snorkeled,5,0.00657574,0.172769994,7.586999893,47,128.9790039,1,7651.115234,400433,7,1571.43103,17.6938591,209.1300049,120.2600021,0.967968
rear,OC,1-NC,North Coast,2,Nehalem,26045,3,1361,23872885,Fishhawk Cr,Mouth,"Fishhawk Cr, Trib 1 (Warner Cr)",Nehalem R,2001,210,Snorkeled,5,0.00169332,0.160879999,15.11499977,79,118.7160034,1,334.6109924,577546.5,8,1668.667847,21.1127739,39.81000137,233.6799927,0.983222
rear,OC,1-NC,North Coast,2,Nehalem,26045.09961,1,72,23872437,"Fishhawk Cr, Trib 1 (Warner Cr)",Mouth,"Fishhawk Cr, Trib 1 (Warner Cr), Trib A",Fishhawk Cr,2014,210,Snorkeled,3,0.0286237,0.160879999,6.026000023,39,119.8170013,1,1597.948975,577546.5,7,1676.484009,19.02929688,75.56999969,263.0899963,0.983222
rear,OC,1-NC,North Coast,2,Nehalem,26051,1,1385,23872419,Fishhawk Cr,"Fishhawk Cr, N Fk","Fishhawk Cr, Trib C",Nehalem R,2006,623,Snorkeled,4,0.026048381,0.160879999,9.381999969,31,128.2449951,1,3415.861084,577546.5,9,1723.57373,20.26216316,111.5599976,206.1000061,0.588746
rear,OC,1-NC,North Coast,2,Nehalem,26054.69922,1,1401,23872455,Adams Cr,"Adams Cr, Trib A",Headwaters,Nehalem R,2000,0,Snorkeled,2,0.031487271,0.160879999,2.75999999,41,121.7190018,1,1241.209961,480120,8,1435.458008,18.69347382,108.0650024,200.2550049,0.923715
rear,OC,1-NC,North Coast,2,Nehalem,26054.69922,1,1401,23872455,Adams Cr,"Adams Cr, Trib A",Headwaters,Nehalem R,2009,0,Snorkeled,2,0.031487271,0.160879999,2.75999999,44,121.7190018,1,1241.209961,480120,8,1435.458008,22.21957397,117.8399963,281.1700134,0.923715
rear,OC,1-NC,North Coast,2,Nehalem,26057,2,1410,23872363,Ford Cr,Mouth,Headwaters,Nehalem R,2006,529,Snorkeled,4,0.01448005,0.160879999,8.199000359,31,125.0049973,1,275.0539856,131365,7,1473.504028,19.85074234,104.9899979,190.1799927,0.935174
rear,OC,1-NC,North Coast,2,Nehalem,26057,2,1410,23872363,Ford Cr,Mouth,Headwaters,Nehalem R,2009,31,Snorkeled,4,0.01448005,0.160879999,8.199000359,44,125.0049973,1,275.0539856,131365,7,1473.504028,21.66041756,90.34999847,252.4199982,0.935174
rear,OC,1-NC,North Coast,2,Nehalem,26057,2,1410,23872363,Ford Cr,Mouth,Headwaters,Nehalem R,2012,86,Snorkeled,4,0.01448005,0.160879999,8.199000359,49,125.0049973,1,275.0539856,131365,7,1473.504028,18.23595619,95.98000336,237.2100067,0.935174
rear,OC,1-NC,North Coast,2,Nehalem,26057,3,20613,23872363,Ford Cr,Mouth,Headwaters,Nehalem R,2010,184,Snorkeled,4,0.01448005,0.160879999,8.020000458,38,125.612999,1,275.0539856,131365,7,1243.815674,18.29720688,53.43000031,337.1400146,0.843466
rear,OC,1-NC,North Coast,2,Nehalem,26057,6,1407,23872365,Ford Cr,Mouth,Headwaters,Nehalem R,2001,0,Snorkeled,4,0.050810229,0.160879999,5.522999763,79,129.1380005,1,3859.687012,131365,7,1426.87207,15.58201027,45.84999847,267.1499939,0.490125
rear,OC,1-NC,North Coast,2,Nehalem,26057,6,1409,23872365,Ford Cr,Mouth,Headwaters,Nehalem R,1998,0,Snorkeled,4,0.050810229,0.160879999,5.947000027,4,128.5420074,1,3859.687012,131365,7,1430.120972,18.52820206,107.1399994,208.7799988,0.656696
rear,OC,1-NC,North Coast,2,Nehalem,26057,8,1405,23872365,Ford Cr,Mouth,Headwaters,Nehalem R,2012,0,Snorkeled,3,0.050810229,0.160879999,3.605000019,49,131.1069946,1,3859.687012,131365,7,1500.306519,16.21402931,104.3899994,265.5100098,0.175537
rear,OC,1-NC,North Coast,2,Nehalem,26068,1,20229,23872045,Little Deer Cr,Mouth,Headwaters,Deer Cr,2008,12,Snorkeled,3,0.01861218,0.160879999,4.59100008,47,135.7510071,2,45.02399826,265066.5,7,1240.650879,18.22998428,151.4199982,100.9899979,0.996025
rear,OC,1-NC,North Coast,2,Nehalem,26069,6,1441,23872051,Deer Cr,Little Deer Cr,Trib A,Nehalem R,2008,4,Snorkeled,3,0.01497827,0.160879999,2.953000069,47,144.3910065,2,1046.494995,265066.5,9,836.3867798,18.45802498,170.8899994,122.1500015,0.757754
rear,OC,1-NC,North Coast,2,Nehalem,26073,1,1458,23872913,Cedar Cr,Mouth,Headwaters,Nehalem R,2002,248,Snorkeled,3,0.051877391,0.160879999,4.959000111,45,137.3860016,2,1676.703979,265066.5,8,1165.261719,18.05752945,70.84999847,135.8300018,0.734068
rear,OC,1-NC,North Coast,2,Nehalem,26075,1,1462,23872217,Oak Ranch Cr,Mouth,Archibald Cr,Nehalem R,2006,353,Snorkeled,4,0.017144671,0.160879999,11.19900036,31,137.746994,2,1718.946045,265066.5,8,1115.507202,19.14537621,68.69000244,151.9499969,0.905571
rear,OC,1-NC,North Coast,2,Nehalem,26077,1,1470,23872219,Oak Ranch Cr,Archibald Cr,Headwaters,Nehalem R,1998,386,Snorkeled,4,0.017814539,0.160879999,9.102999687,4,142.371994,2,1290.241943,265066.5,10,1570.749023,19.10318947,74.68000031,175.6499939,0.630931
rear,OC,1-NC,North Coast,2,Nehalem,26077,1,1470,23872219,Oak Ranch Cr,Archibald Cr,Headwaters,Nehalem R,2001,859,Snorkeled,4,0.017814539,0.160879999,9.102999687,79,142.371994,2,1290.241943,265066.5,10,1570.749023,15.9944849,34.18999863,147.5899963,0.630931
rear,OC,1-NC,North Coast,2,Nehalem,26077,1,1470,23872219,Oak Ranch Cr,Archibald Cr,Headwaters,Nehalem R,2004,228,Snorkeled,4,0.017814539,0.160879999,9.102999687,21,142.371994,2,1290.241943,265066.5,10,1570.749023,19.18789673,68.69000244,135.3200073,0.630931
rear,OC,1-NC,North Coast,2,Nehalem,26077,2,1468,23872219,Oak Ranch Cr,Archibald Cr,Headwaters,Nehalem R,2000,26,Snorkeled,4,0.017814539,0.160879999,8.817000389,41,143.7660065,2,1290.241943,265066.5,10,1544.661621,16.56941605,56.58000183,146.9100037,0.578992
rear,OC,1-NC,North Coast,2,Nehalem,26077,2,1468,23872219,Oak Ranch Cr,Archibald Cr,Headwaters,Nehalem R,2009,49,Snorkeled,4,0.017814539,0.160879999,8.817000389,44,143.7660065,2,1290.241943,265066.5,10,1544.661621,20.21101952,89.80000305,230.75,0.578992
rear,OC,1-NC,North Coast,2,Nehalem,26077,3,1474,23872219,Oak Ranch Cr,Archibald Cr,Headwaters,Nehalem R,2000,146,Snorkeled,4,0.017814539,0.160879999,8.281000137,41,145.2709961,2,1290.241943,265066.5,10,1473.03186,16.56941605,78.23000336,168.1000061,0.920611
rear,OC,1-NC,North Coast,2,Nehalem,26077,3,1474,23872219,Oak Ranch Cr,Archibald Cr,Headwaters,Nehalem R,2006,290,Snorkeled,4,0.017814539,0.160879999,8.281000137,31,145.2709961,2,1290.241943,265066.5,10,1473.03186,18.52805328,84.04000092,175.4700012,0.920611
rear,OC,1-NC,North Coast,2,Nehalem,26077,3,1474,23872219,Oak Ranch Cr,Archibald Cr,Headwaters,Nehalem R,2009,67,Snorkeled,4,0.017814539,0.160879999,8.281000137,44,145.2709961,2,1290.241943,265066.5,10,1473.03186,20.21101952,91.87000275,228.3600006,0.920611
rear,OC,1-NC,North Coast,2,Nehalem,26077,3,1474,23872219,Oak Ranch Cr,Archibald Cr,Headwaters,Nehalem R,2012,81,Snorkeled,4,0.017814539,0.160879999,8.281000137,49,145.2709961,2,1290.241943,265066.5,10,1473.03186,16.82190323,96.62000275,216.8399963,0.920611
rear,OC,1-NC,North Coast,2,Nehalem,26081,2,1488,23872067,Crooked Cr,Mouth,Headwaters,Nehalem R,2008,0,Snorkeled,4,0.00406011,0.160879999,9.06799984,47,142.3890076,2,311.6229858,467414.5,9,1323.78772,19.09129143,144.9799957,87.54000092,0.970777
rear,OC,1-NC,North Coast,2,Nehalem,26086,2.0999999,1504,23872609,Dog Cr,Mouth,"Dog Cr, Trib A","Nehalem R, E Fk",2002,404,Snorkeled,3,0.064356081,0.177839994,4.693999767,45,151.7480011,2,529.6279907,148046,7,1300.38501,17.13116837,70.94000244,136.4799957,0.905571
rear,OC,1-NC,North Coast,2,Nehalem,26093.40039,1,1535,23872209,"E Fk Nehalem, Unnamed Trib A","E Fk Nehalem, Trib A, Trib 1",Headwaters,"Nehalem, E Fk",2002,11,Snorkeled,3,0.037566811,0.160879999,3.98300004,45,158.0630035,2,3404.954102,148046,10,1371.609985,18.49057388,72.66999817,132.6499939,0.882453
rear,OC,1-NC,North Coast,2,Nehalem,26093.69922,1,1536,23872689,"Nehalem R, E Fk","E Fk Nehalem, Unnamed Trib A","E Fk Nehalem, Trib B",Nehalem R,2007,439,Snorkeled,4,0.019652041,0.160879999,8.125,35,156.5440063,2,1616.505005,148046,9,1371.609985,18.73382378,60.02999878,101.9499969,0.882453
rear,OC,1-NC,North Coast,2,Nehalem,26093.69922,1,1536,23872689,"Nehalem R, E Fk","E Fk Nehalem, Unnamed Trib A","E Fk Nehalem, Trib B",Nehalem R,2008,343,Snorkeled,4,0.019652041,0.160879999,8.125,47,156.5440063,2,1616.505005,148046,9,1371.609985,17.73071098,179.0800018,101.9700012,0.882453
rear,OC,1-NC,North Coast,2,Nehalem,26093.69922,1,1536,23872689,"Nehalem R, E Fk","E Fk Nehalem, Unnamed Trib A","E Fk Nehalem, Trib B",Nehalem R,2009,561,Snorkeled,4,0.019652041,0.160879999,8.125,44,156.5440063,2,1616.505005,148046,9,1371.609985,20.17613983,88.79000092,186.3999939,0.882453
rear,OC,1-NC,North Coast,2,Nehalem,26093.69922,1,1536,23872689,"Nehalem R, E Fk","E Fk Nehalem, Unnamed Trib A","E Fk Nehalem, Trib B",Nehalem R,2010,385,Snorkeled,4,0.019652041,0.160879999,8.125,38,156.5440063,2,1616.505005,148046,9,1371.609985,17.22101974,54.56000137,298.6600037,0.882453
rear,OC,1-NC,North Coast,2,Nehalem,26093.69922,1,1536,23872689,"Nehalem R, E Fk","E Fk Nehalem, Unnamed Trib A","E Fk Nehalem, Trib B",Nehalem R,2011,619,Snorkeled,4,0.019652041,0.160879999,8.125,25,156.5440063,2,1616.505005,148046,9,1371.609985,16.26128578,59.88000107,237.1600037,0.882453
rear,OC,1-NC,North Coast,2,Nehalem,26093.69922,1,1536,23872689,"Nehalem R, E Fk","E Fk Nehalem, Unnamed Trib A","E Fk Nehalem, Trib B",Nehalem R,2012,389,Snorkeled,4,0.019652041,0.160879999,8.125,49,156.5440063,2,1616.505005,148046,9,1371.609985,17.29150963,88.11000061,174.4799957,0.882453
rear,OC,1-NC,North Coast,2,Nehalem,26093.69922,1,1536,23872689,"Nehalem R, E Fk","E Fk Nehalem, Unnamed Trib A","E Fk Nehalem, Trib B",Nehalem R,2013,381,Snorkeled,4,0.019652041,0.160879999,8.125,30,156.5440063,2,1616.505005,148046,9,1371.609985,18.51151276,66.98000336,184.3999939,0.882453
rear,OC,1-NC,North Coast,2,Nehalem,26093.69922,1,1536,23872689,"Nehalem R, E Fk","E Fk Nehalem, Unnamed Trib A","E Fk Nehalem, Trib B",Nehalem R,2014,79,Snorkeled,4,0.019652041,0.160879999,8.125,39,156.5440063,2,1616.505005,148046,9,1371.609985,19.661026,66.18000031,193.4499969,0.882453
rear,OC,1-NC,North Coast,2,Nehalem,26093.90039,1,91,23872763,"Nehalem R, E Fk","E Fk Nehalem., Trib B",Headwaters,Nehalem R,2010,0,Snorkeled,3,0.048608791,0.229910001,2.839999914,38,160.3000031,2,743.0150146,148046,9,1371.609985,15.84905148,54.56000137,298.6600037,0.882453
rear,OC,1-NC,North Coast,2,Nehalem,26097,2,1539,23872089,Rock Cr,Bear Cr,Ivy Cr,Nehalem R,2004,48,Snorkeled,6,0.00266868,0.160879999,23.09499931,21,158.322998,2,756.1350098,221987,8,1203.204102,22.87304306,60.31999969,122.1600037,0.979109
rear,OC,1-NC,North Coast,2,Nehalem,26097,5,1541,23872089,Rock Cr,Bear Cr,Ivy Cr,Nehalem R,2003,7,Snorkeled,6,0.00266868,0.160879999,22.84600067,73,162.5279999,2,756.1350098,221987,8,1602.376709,21.80327415,74.12999725,161.9799957,0.969374
rear,OC,1-NC,North Coast,2,Nehalem,26097,5,1544,23872089,Rock Cr,Bear Cr,Ivy Cr,Nehalem R,2000,17,Snorkeled,6,0.00266868,0.160879999,22.77099991,41,164.3370056,2,756.1350098,221987,8,1592.007568,19.85035706,65.02999878,151.4100037,0.980483
rear,OC,1-NC,North Coast,2,Nehalem,26097,6,1543,23872089,Rock Cr,Bear Cr,Ivy Cr,Nehalem R,2002,469,Snorkeled,6,0.00266868,0.160879999,22.73399925,45,165.3509979,2,756.1350098,221987,8,1406.037354,21.68260002,78.5,138.6799927,0.980483
rear,OC,1-NC,North Coast,2,Nehalem,26097,8,1545,23872091,Rock Cr,Bear Cr,Ivy Cr,Nehalem R,2012,16,Snorkeled,6,0.00618729,0.160879999,22.44400024,49,169.779007,2,20.4489994,221987,9,1589.74353,20.6006794,87.30999756,167.7599945,0.833829
rear,OC,1-NC,North Coast,2,Nehalem,26102.59961,1,1559,23872559,"Selder Cr, Trib B",Mouth,Headwaters,Selder Cr,2001,0,Snorkeled,4,0.02353036,0.160879999,3.256999969,79,178.5809937,2,148.1260071,221987,9,1356.885986,17.03784752,41.63999939,169.6199951,0.553196
rear,OC,1-NC,North Coast,2,Nehalem,26107,1,1569,23872101,Rock Cr,Ginger Cr,Martin Cr,Nehalem R,2003,616,Snorkeled,6,0.00989341,0.160879999,20.56299973,73,178.9550018,2,3986.62207,303862,8,1653.247559,20.11721611,100.3499985,184.7700043,0.583389
rear,OC,1-NC,North Coast,2,Nehalem,26107,1,1569,23872101,Rock Cr,Ginger Cr,Martin Cr,Nehalem R,2012,113,Snorkeled,6,0.00989341,0.160879999,20.56299973,49,178.9550018,2,3986.62207,303862,8,1653.247559,18.21637726,101.4199982,170.9299927,0.583389
rear,OC,1-NC,North Coast,2,Nehalem,26107,2,1570,23872101,Rock Cr,Ginger Cr,Martin Cr,Nehalem R,2004,33,Snorkeled,6,0.00989341,0.160879999,20.41699982,21,181.4600067,2,3986.62207,303862,8,1649.553589,20.46796608,124.1200027,192.8200073,0.58772
rear,OC,1-NC,North Coast,2,Nehalem,26110,2,1586,23872651,Weed Cr,Mouth,Headwaters,Rock Cr,2006,1221,Snorkeled,4,0.04282131,0.160879999,7.02699995,31,189.8249969,1,1411.82605,303862,8,1312.697754,16.94021225,155.6199951,205.0399933,0.509443
rear,OC,1-NC,North Coast,2,Nehalem,26110,4,1583,23872651,Weed Cr,Mouth,Headwaters,Rock Cr,2001,0,Snorkeled,3,0.04282131,0.160879999,3.053999901,79,194.1309967,1,1411.82605,303862,8,1165.227661,14.55575752,50.43999863,214.3999939,0.181343
rear,OC,1-NC,North Coast,2,Nehalem,26112,1,1598,23872109,"Rock Cr, N Fk",Mouth,Trib A,Rock Cr,2004,970,Snorkeled,5,0.02223357,0.160879999,11.72999954,21,191.4539948,1,6375.667969,265994,8,1497.820923,18.11174965,156.9199982,240.9900055,0.543933
rear,OC,1-NC,North Coast,2,Nehalem,26112,2,20818,23872109,"Rock Cr, N Fk",Mouth,Trib A,Rock Cr,2011,804,Snorkeled,5,0.02223357,0.160879999,11.49199963,25,192.6710052,1,6375.667969,265994,8,1484.845703,15.18395138,139.5500031,400.0799866,0.546154
rear,OC,1-NC,North Coast,2,Nehalem,26115,1,1608,23872121,"Rock Cr, S Fk",Mouth,"S Fk Rock Cr, Trib A",Rock Cr,2006,4190,Snorkeled,4,0.01332057,0.160879999,10.89000034,31,194.2510071,1,158.5859985,265994,9,1727.522217,15.79699898,151.4299927,197.7700043,0.934419
rear,OC,1-NC,North Coast,2,Nehalem,26115.69922,1,1606,23872121,"Rock Cr, S Fk","S Fk Rock Cr, Trib A",Bear Cr,"Rock Cr, S Fk",2002,1487,Snorkeled,4,0.01332057,0.160879999,10.43400002,45,195.9570007,1,158.5859985,265994,9,1727.521973,15.23234367,134.1499939,259.6199951,0.934419
rear,OC,1-NC,North Coast,2,Nehalem,26117,2,1616,23872125,"Rock Cr, S Fk",Bear Cr,Headwaters,Rock Cr,1998,0,Snorkeled,3,0.042268131,0.160879999,4.747000217,4,199.3179932,1,3692.917969,265994,11,1465.643188,13.39367676,124.7900009,204.8099976,0.364806
rear,OC,1-NC,North Coast,2,Nehalem,26117,2,1616,23872125,"Rock Cr, S Fk",Bear Cr,Headwaters,Rock Cr,1999,0,Snorkeled,3,0.042268131,0.160879999,4.747000217,51,199.3179932,1,3692.917969,265994,11,1465.643188,11.36889458,192.5200043,188.9700012,0.364806
rear,OC,1-NC,North Coast,2,Nehalem,26117,2,1616,23872125,"Rock Cr, S Fk",Bear Cr,Headwaters,Rock Cr,2000,0,Snorkeled,3,0.042268131,0.160879999,4.747000217,41,199.3179932,1,3692.917969,265994,11,1465.643188,11.34597015,140.8600006,194.6999969,0.364806
rear,OC,1-NC,North Coast,2,Nehalem,26117,2,1616,23872125,"Rock Cr, S Fk",Bear Cr,Headwaters,Rock Cr,2001,0,Snorkeled,3,0.042268131,0.160879999,4.747000217,79,199.3179932,1,3692.917969,265994,11,1465.643188,11.26251221,62.45999908,217.4400024,0.364806
rear,OC,1-NC,North Coast,2,Nehalem,26117,2,1616,23872125,"Rock Cr, S Fk",Bear Cr,Headwaters,Rock Cr,2002,131,Snorkeled,3,0.042268131,0.160879999,4.747000217,45,199.3179932,1,3692.917969,265994,11,1465.643188,12.66131401,132.1900024,218.1900024,0.364806
rear,OC,1-NC,North Coast,2,Nehalem,26117,2,1616,23872125,"Rock Cr, S Fk",Bear Cr,Headwaters,Rock Cr,2004,0,Snorkeled,3,0.042268131,0.160879999,4.747000217,21,199.3179932,1,3692.917969,265994,11,1465.643188,13.38663292,137.0899963,199.9900055,0.364806
rear,OC,1-NC,North Coast,2,Nehalem,26117,2,1616,23872125,"Rock Cr, S Fk",Bear Cr,Headwaters,Rock Cr,2005,531,Snorkeled,3,0.042268131,0.160879999,4.747000217,34,199.3179932,1,3692.917969,265994,11,1465.643188,12.54508209,131.3699951,283.3399963,0.364806
rear,OC,1-NC,North Coast,2,Nehalem,26117,2,1616,23872125,"Rock Cr, S Fk",Bear Cr,Headwaters,Rock Cr,2006,95,Snorkeled,3,0.042268131,0.160879999,4.747000217,31,199.3179932,1,3692.917969,265994,11,1465.643188,13.15693569,142.6900024,181.6699982,0.364806
rear,OC,1-NC,North Coast,2,Nehalem,26117,2,1616,23872125,"Rock Cr, S Fk",Bear Cr,Headwaters,Rock Cr,2007,0,Snorkeled,3,0.042268131,0.160879999,4.747000217,35,199.3179932,1,3692.917969,265994,11,1465.643188,12.93602562,102.0699997,120.5,0.364806
rear,OC,1-NC,North Coast,2,Nehalem,26117,2,1616,23872125,"Rock Cr, S Fk",Bear Cr,Headwaters,Rock Cr,2009,0,Snorkeled,3,0.042268131,0.160879999,4.747000217,44,199.3179932,1,3692.917969,265994,11,1465.643188,14.09158897,116.2099991,252.9100037,0.364806
rear,OC,1-NC,North Coast,2,Nehalem,26117,2,1616,23872125,"Rock Cr, S Fk",Bear Cr,Headwaters,Rock Cr,2010,0,Snorkeled,3,0.042268131,0.160879999,4.747000217,38,199.3179932,1,3692.917969,265994,11,1465.643188,12.20799065,77.12999725,337.3699951,0.364806
rear,OC,1-NC,North Coast,2,Nehalem,26117,2,1616,23872125,"Rock Cr, S Fk",Bear Cr,Headwaters,Rock Cr,2011,0,Snorkeled,3,0.042268131,0.160879999,4.747000217,25,199.3179932,1,3692.917969,265994,11,1465.643188,11.12487793,117.4400024,334.4700012,0.364806
rear,OC,1-NC,North Coast,2,Nehalem,26117,2,1616,23872125,"Rock Cr, S Fk",Bear Cr,Headwaters,Rock Cr,2012,0,Snorkeled,3,0.042268131,0.160879999,4.747000217,49,199.3179932,1,3692.917969,265994,11,1465.643188,11.76292229,143.1300049,238.8500061,0.364806
rear,OC,1-NC,North Coast,2,Nehalem,26117,2,1616,23872125,"Rock Cr, S Fk",Bear Cr,Headwaters,Rock Cr,2013,0,Snorkeled,3,0.042268131,0.160879999,4.747000217,30,199.3179932,1,3692.917969,265994,11,1465.643188,12.99696445,96.13999939,295.3699951,0.364806
rear,OC,1-NC,North Coast,2,Nehalem,26117,2,1616,23872125,"Rock Cr, S Fk",Bear Cr,Headwaters,Rock Cr,2014,0,Snorkeled,3,0.042268131,0.160879999,4.747000217,39,199.3179932,1,3692.917969,265994,11,1465.643188,13.67155266,108.7399979,285.5100098,0.364806
rear,OC,1-NC,North Coast,2,Nehalem,26124,1,1640,23872187,Coal Cr,Mouth,"Coal Cr, Unnamed Trib B",Pebble Cr,2010,159,Snorkeled,4,0.00855906,0.160879999,7.765999794,38,158.9230042,2,1698.250977,187203,8,1360.277832,18.10289001,54.52000046,286.480011,0.933629
rear,OC,1-NC,North Coast,2,Nehalem,26126,1,1648,23872731,Dell Cr,Mouth,Headwaters,Pebble Cr,1999,18,Snorkeled,3,0.017059891,0.160879999,5.236999989,51,160.3339996,2,796.5800171,187203,7,1260.486206,16.91742706,100.5299988,113.7900009,0.573526
rear,OC,1-NC,North Coast,2,Nehalem,26129,4,18113,23872185,Pebble Cr,"Pebble Cr, W Fk",Headwaters,Nehalem R,2013,165,Snorkeled,3,0.056057379,0.160879999,4.544000149,30,167.2890015,2,3086.589111,187203,7,1347.233643,18.13610077,81.65000153,199.6900024,0.620003
rear,OC,1-NC,North Coast,2,Nehalem,26133,3,1677,23872171,Beaver Cr,"Beaver Cr, Trib B",Headwaters,Nehalem R,2001,865,Snorkeled,4,0.00637327,0.160879999,6.03000021,79,169.2590027,2,123.6060028,607922,12,1377.876343,16.37474823,44.08000183,126.5800018,0.952217
rear,OC,1-NC,North Coast,2,Nehalem,26137.5,1,1680,23872337,Clear Cr,Green Timber Cr,"Clear Cr, Lower N Fk",Nehalem R,1999,10,Snorkeled,5,0.00660692,0.160879999,10.0170002,51,174.4369965,2,2091.735107,120263,8,1622.026489,18.26139641,124.4300003,112.0999985,0.781226
rear,OC,1-NC,North Coast,2,Nehalem,26139.30078,1,17731,23872935,"Robinson Cr, Trib A",Mouth,HEADWATERS,Robinson Cr,2013,402,Snorkeled,3,0.02105223,0.160879999,4.912000179,30,179.5299988,1,804.6550293,120263,7,1652.574951,18.73272896,75.44999695,198.4299927,0.580465
rear,OC,1-NC,North Coast,2,Nehalem,26142,1,1699,23872751,"Wolf Cr, N Fk",Mouth,Headwaters,Wolf Cr,2005,953,Snorkeled,4,0.015851891,0.160879999,9.368000031,34,185.8609924,1,2155.793945,296753,7,1926.095215,17.63080025,120.7200012,254.0099945,0.609554
rear,OC,1-NC,North Coast,2,Nehalem,26143,1,1704,23872145,Wolf Cr,"Wolf Cr, N Fk",Headwaters,Nehalem R,2007,778,Snorkeled,4,0.025945229,0.160879999,8.579999924,35,185.7680054,1,1390.239014,296753,7,1802.53186,17.58690643,92.83000183,107.0599976,0.649944
rear,OC,1-NC,North Coast,2,Nehalem,26143,1,1704,23872145,Wolf Cr,"Wolf Cr, N Fk",Headwaters,Nehalem R,2010,974,Snorkeled,4,0.025945229,0.160879999,8.579999924,38,185.7680054,1,1390.239014,296753,7,1802.53186,16.3190136,74.58999634,313.9700012,0.649944
rear,OC,1-NC,North Coast,2,Nehalem,26143,1,1704,23872145,Wolf Cr,"Wolf Cr, N Fk",Headwaters,Nehalem R,2013,748,Snorkeled,4,0.025945229,0.160879999,8.579999924,30,185.7680054,1,1390.239014,296753,7,1802.53186,17.62269402,92.63999939,246.3800049,0.649944
rear,OC,1-NC,North Coast,2,Nehalem,26144,1,1705,23872149,Nehalem R,Wolf Cr,Lousignont Cr,Nehalem Bay,2005,436,Snorkeled,6,0.0061,0.160879999,16.09600067,34,179.8179932,1,1301.703003,296753,7,1842.463135,19.98590279,90.25,222.1100006,0.803183
rear,OC,1-NC,North Coast,2,Nehalem,26147,1,1716,23872819,Lousignont Cr,"Lousignont Cr, N Fk",Carlson Cr,Nehalem R,1998,948,Snorkeled,4,0.01146122,0.160879999,9.30300045,4,182.4649963,1,1150.944946,145784,7,1830.966919,20.12756538,92.09999847,170.9400024,0.917485
rear,OC,1-NC,North Coast,2,Nehalem,26147,1,1716,23872819,Lousignont Cr,"Lousignont Cr, N Fk",Carlson Cr,Nehalem R,2007,799,Snorkeled,4,0.01146122,0.160879999,9.30300045,35,182.4649963,1,1150.944946,145784,7,1830.966919,19.29750824,80.44999695,94.37000275,0.917485
rear,OC,1-NC,North Coast,2,Nehalem,26149,1,1729,23872815,Castor Cr,Mouth,Headwaters,Nehalem R,2005,1223,Snorkeled,4,0.012814,0.160879999,6.256999969,34,183.5630035,1,794.3690186,145784,7,1485.409302,18.61067963,99.29000092,223.7299957,0.925259
rear,OC,1-NC,North Coast,2,Nehalem,26150,1,1735,23872153,Nehalem R,Castor Cr,Step Cr,Nehalem Bay,1999,7,Snorkeled,4,0.01075801,0.160879999,12.41499996,51,183.576004,1,1379.790039,145784,7,1734.575928,17.02151299,134.6499939,112.6800003,0.926798
rear,OC,1-NC,North Coast,2,Nehalem,26150,1,1735,23872153,Nehalem R,Castor Cr,Step Cr,Nehalem Bay,2002,744,Snorkeled,4,0.01075801,0.160879999,12.41499996,45,183.576004,1,1379.790039,145784,7,1734.575928,18.60653496,103.9000015,131.1699982,0.926798
rear,OC,1-NC,North Coast,2,Nehalem,26150,1,1735,23872153,Nehalem R,Castor Cr,Step Cr,Nehalem Bay,2005,3971,Snorkeled,4,0.01075801,0.160879999,12.41499996,34,183.576004,1,1379.790039,145784,7,1734.575928,18.35685158,99.29000092,223.7299957,0.926798
rear,OC,1-NC,North Coast,2,Nehalem,26150,1,1735,23872153,Nehalem R,Castor Cr,Step Cr,Nehalem Bay,2008,673,Snorkeled,4,0.01075801,0.160879999,12.41499996,47,183.576004,1,1379.790039,145784,7,1734.575928,18.01497459,211.8200073,105.6399994,0.926798
rear,OC,1-NC,North Coast,2,Nehalem,26150,1,1735,23872153,Nehalem R,Castor Cr,Step Cr,Nehalem Bay,2011,758,Snorkeled,4,0.01075801,0.160879999,12.41499996,25,183.576004,1,1379.790039,145784,7,1734.575928,16.49901199,84.05999756,239.8200073,0.926798
rear,OC,1-NC,North Coast,2,Nehalem,26150,1,1735,23872153,Nehalem R,Castor Cr,Step Cr,Nehalem Bay,2014,475,Snorkeled,4,0.01075801,0.160879999,12.41499996,39,183.576004,1,1379.790039,145784,7,1734.575928,19.90814781,91.13999939,220.3099976,0.926798
rear,OC,1-NC,North Coast,2,Nehalem,26152.59961,0,50,23872829,Derby Cr,Mouth,Headwaters,Nehalem R,2007,0,Snorkeled,3,0.079084963,0.160879999,4.603000164,35,195.5279999,1,2390.729004,145784,7,1732.967041,14.8038969,107.9899979,124.1100006,0.268411
rear,OC,1-NC,North Coast,2,Nehalem,26152.80078,1,16978,23872165,"Nehalem R, S Fk",Mouth,Headwaters,Nehalem R,2009,533,Snorkeled,3,0.065465651,0.475849986,4.914000034,44,196.2100067,1,4015.891113,145784,7,1732.967041,15.47593403,110.0400009,267.5599976,0.268411
rear,OC,1-NC,North Coast,2,Nehalem,26152.80078,1,16978,23872165,"Nehalem R, S Fk",Mouth,Headwaters,Nehalem R,2012,229,Snorkeled,3,0.065465651,0.475849986,4.914000034,49,196.2100067,1,4015.891113,145784,7,1732.967041,12.96698761,144.1900024,252.0700073,0.268411
rear,OC,1-NC,North Coast,2,Nehalem,26152.90039,1,1752,23872833,Nehalem R,"Nehalem R, S Fk",Headwaters,Nehalem Bay,2002,222,Snorkeled,3,0.067705452,0.160879999,5.017000198,45,196.2129974,1,5378.005859,145784,7,1732.967041,14.67800236,135.6000061,234.8800049,0.268411
rear,OC,1-NC,North Coast,3,Tillamook Bay,0,0,16101,23875845,,,,,2007,302,Snorkeled,7,0.00328546,0.068619996,41.18899918,34,47.0789986,1,369.4169922,1034057,3,1563.399048,21.44005775,112.2300034,194.6199951,0.615
rear,OC,1-NC,North Coast,3,Tillamook Bay,0,0,16101,23875845,,,,,2008,0,Snorkeled,7,0.00328546,0.068619996,41.18899918,20,47.0789986,1,369.4169922,1034057,3,1563.399048,19.90392876,200.5299988,298.4400024,0.615
rear,OC,1-NC,North Coast,3,Tillamook Bay,0,0,16130,23875839,,,,,2007,112,Snorkeled,7,0.00513212,0.031350002,42.90999985,34,35.7980003,1,1262.458008,1034057,3,1573.411987,21.60538101,131.0200043,216.8999939,0.608
rear,OC,1-NC,North Coast,3,Tillamook Bay,0,0,16130,23875839,,,,,2008,1,Snorkeled,7,0.00513212,0.031350002,42.90999985,20,35.7980003,1,1262.458008,1034057,3,1573.411987,19.65315247,206.8099976,331.2900085,0.608
rear,OC,1-NC,North Coast,3,Tillamook Bay,0,0,16149,23875967,,,,,2007,437,Snorkeled,7,0.00440143,0.018929999,37.38000107,34,53.1730003,1,3676.262939,1067519,5,1497.947021,22.14575768,116.6200027,186.6999969,0.606
rear,OC,1-NC,North Coast,3,Tillamook Bay,0,0,16150,23875923,,,,,2007,1305,Snorkeled,7,0.00157062,0.01022,47.5320015,34,29.5909996,1,143.3880005,2142582,3,1493.024048,24.47060013,111.0199966,193.1999969,0.589
rear,OC,1-NC,North Coast,3,Tillamook Bay,0,0,16150,23875923,,,,,2008,3,Snorkeled,7,0.00157062,0.01022,47.5320015,20,29.5909996,1,143.3880005,2142582,3,1493.024048,21.75244141,176.3999939,286.6499939,0.589
rear,OC,1-NC,North Coast,3,Tillamook Bay,0,0,16246,23875841,,,,,2008,76,Snorkeled,7,0.00602503,0.068619996,41.75299835,20,43.5830002,1,1222.848999,1034057,3,1565.822998,19.70518112,223.6699982,359.5400085,0.604
rear,OC,1-NC,North Coast,3,Tillamook Bay,0,0,16427,23875843,,,,,2008,5,Snorkeled,7,0.00320996,0.068619996,41.5379982,20,45.2700005,1,2658.529053,1034057,3,1562.957031,19.57410049,223.6699982,359.5400085,0.605
rear,OC,1-NC,North Coast,3,Tillamook Bay,0,0,16447,23875947,,,,,2008,4,Snorkeled,7,0.00357741,0.018929999,41.86199951,20,49.1549988,1,1495.46106,1067519,5,1480.812988,20.7684536,186.2899933,296.3999939,0.6
rear,OC,1-NC,North Coast,3,Tillamook Bay,0,0,16475,23875839,,,,,2008,58,Snorkeled,7,0.00513212,0.031350002,42.11199951,20,40.6609993,1,1262.458008,1034057,3,1573.411987,19.65315247,223.6699982,359.5400085,0.611
rear,OC,1-NC,North Coast,3,Tillamook Bay,0,0,17772,23875845,,,,,2007,472,Snorkeled,7,0.00328546,0.068619996,41.01100159,34,49.6570015,1,369.4169922,1034057,3,1563.399048,21.44005775,112.2300034,194.6199951,0.603
rear,OC,1-NC,North Coast,3,Tillamook Bay,0,0,17884,23875947,,,,,2007,1481,Snorkeled,7,0.00357741,0.018929999,42.02600098,34,48.3450012,1,1495.46106,1067519,5,1480.812988,21.94433403,109.2600021,200.1499939,0.608
rear,OC,1-NC,North Coast,3,Tillamook Bay,0,0,18376,23876559,,,,,2007,1090,Snorkeled,7,0.065053612,0.01022,47.75099945,34,26.9860001,1,2628.558105,1067519,4,1502.456055,20.03858948,97.40000153,178.0700073,0.584
rear,OC,1-NC,North Coast,3,Tillamook Bay,0,0,18388,23875839,,,,,2007,112,Snorkeled,7,0.00513212,0.031350002,42.56800079,34,36.5009995,1,1262.458008,1034057,3,1573.411987,21.60538101,131.0200043,216.8999939,0.61
rear,OC,1-NC,North Coast,3,Tillamook Bay,0,0,20047,23875985,,,,,2007,402,Snorkeled,5,0.01974801,0.036120001,17.81500053,34,70.3909988,1,8834.412109,345054,9,1584.119995,19.80580139,125.2300034,174.25,0.549
rear,OC,1-NC,North Coast,3,Tillamook Bay,0,0,20056,23876231,,,,,2007,786,Snorkeled,5,0.018031949,0.064630002,14.70499992,34,41.5330009,1,430.6669922,700957,2,1400.439941,16.85586739,140.3399963,222.5800018,0.599
rear,OC,1-NC,North Coast,3,Tillamook Bay,0,0,20057,23875955,,,,,2007,1506,Snorkeled,5,0.018705441,0.063249998,18.42099953,34,58.2029991,1,3967.688965,938249,5,1387.573975,17.4064579,125.7399979,175.8399963,0.57
rear,OC,1-NC,North Coast,3,Tillamook Bay,0,0,20071,23875969,,,,,2007,655,Snorkeled,7,0.00726706,0.01921,36.56200027,34,57.7929993,1,4137.682129,747258,5,1493.157959,22.15691376,121.2399979,187.1600037,0.603
rear,OC,1-NC,North Coast,3,Tillamook Bay,0,0,20379,23875883,,,,,2008,7,Snorkeled,6,0.00917968,0.086649999,27.81299973,20,64.0009995,1,58718.54297,1410525,3,1571.727051,20.04324722,227.4700012,264.9899902,0.383275862
rear,OC,1-NC,North Coast,3,Tillamook Bay,0,0,21011,23876381,,,,,2012,0,Snorkeled,3,0.137037024,0.106739998,4.177999973,48,64.8170013,1,3057.079102,747258,8,1249.785034,14.82368755,172.6499939,374.75,0.381827957
rear,OC,1-NC,North Coast,3,Tillamook Bay,25555.90039,2,20633,23876135,Beaver Cr,"Beaver Cr, Trib A",Headwaters,Tillamook R,2010,73,Snorkeled,3,0.017594,0.04225,3.125999928,41,30.948,7,291.7510071,424771,8,984.9869995,19.80271912,74.01000214,446.9700012,0.473
rear,OC,1-NC,North Coast,3,Tillamook Bay,25561,1,456,23876641,Killam Cr,Mouth,"Killam Cr, Trib A",Tillamook R,2000,203,Snorkeled,4,0.024419511,0.08145,11.80099964,42,31.5799999,1,1881.547974,568934,6,1651.630981,18.82300186,122.9300003,276.9299927,0.694
rear,OC,1-NC,North Coast,3,Tillamook Bay,25561,1,456,23876641,Killam Cr,Mouth,"Killam Cr, Trib A",Tillamook R,2002,282,Snorkeled,4,0.024419511,0.08145,11.80099964,45,31.5799999,1,1881.547974,568934,6,1651.630981,19.20527458,116.8600006,266.7900085,0.694
rear,OC,1-NC,North Coast,3,Tillamook Bay,25561,3,21014,23876641,Killam Cr,Mouth,"Killam Cr, Trib A",Tillamook R,2012,249,Snorkeled,4,0.024419511,0.08145,11.40299988,48,34.0760002,1,1881.547974,568934,6,1651.630981,18.70065117,132.25,363.1099854,0.544
rear,OC,1-NC,North Coast,3,Tillamook Bay,25561.19922,1,459,23876657,"Killam Cr, Trib A",Mouth,Headwaters,Killam Cr,2000,1,Snorkeled,3,0.0969989,0.08145,6.211999893,42,35.0390015,1,3219.73291,568934,6,1426.860962,14.90437317,122.9300003,276.9299927,0.215
rear,OC,1-NC,North Coast,3,Tillamook Bay,25561.80078,1,461,23876645,Killam Cr,"Killam Cr, Trib B",Headwaters,Tillamook R,1998,0,Snorkeled,3,0.107417807,0.099370003,6.073999882,93,38.125,1,3848.537109,568934,6,1792.250977,16.24878311,172.1799927,248.9900055,0.598490909
rear,OC,1-NC,North Coast,3,Tillamook Bay,25565,3,476,23876241,Simmons Cr,Mouth,Headwaters,Tillamook R,2001,559,Snorkeled,3,0.061576098,0.04501,9.798999786,79,37.6259995,1,3086.884033,568934,5,1609.187988,14.60447025,84.22000122,340.7099915,0.466
rear,OC,1-NC,North Coast,3,Tillamook Bay,25565,3,476,23876241,Simmons Cr,Mouth,Headwaters,Tillamook R,2010,284,Snorkeled,3,0.061576098,0.04501,9.798999786,41,37.6259995,1,3086.884033,568934,5,1609.187988,15.5582571,82.44999695,471.0700073,0.466
rear,OC,1-NC,North Coast,3,Tillamook Bay,25565,6,20811,23876241,Simmons Cr,Mouth,Headwaters,Tillamook R,2011,0,Snorkeled,3,0.061576098,0.04501,6.776000023,25,40.8470001,1,3086.884033,568934,5,1609.187988,15.40358067,155.7599945,547.6099854,0.459
rear,OC,1-NC,North Coast,3,Tillamook Bay,25573,5,16585,23875813,Tillamook R,"Tillamook R, Trib A","Tillamook R, Trib B",Tillamook Bay,2011,181,Snorkeled,4,0.022843201,0.043790001,5.453999996,25,45.9650002,1,853.6290283,568934,7,1282.293945,17.14748573,130.1499939,454.8200073,0.759
rear,OC,1-NC,North Coast,3,Tillamook Bay,25573,5,20994,23875813,Tillamook R,"Tillamook R, Trib A","Tillamook R, Trib B",Tillamook Bay,2012,235,Snorkeled,4,0.022843201,0.043790001,5.684999943,48,45.3699989,1,853.6290283,568934,7,1282.293945,17.5569973,113.0599976,316.9299927,0.7
rear,OC,1-NC,North Coast,3,Tillamook Bay,25583,2,511,23876207,Mill Cr,Mouth,Bear Cr,Trask R,2004,71,Snorkeled,4,0.0064,0.01445,9.300999641,21,29.6550007,7,229.0149994,797132,1,1935.447021,21.92627907,157.5500031,278.8900146,0.613
rear,OC,1-NC,North Coast,3,Tillamook Bay,25603.5,1,530,23876599,Rawe Cr,"Rawe Cr, Trib A",Headwaters,Trask R,2000,0,Snorkeled,4,0.114966288,0.068619996,6.489999771,42,47.368,1,2821.495117,1034057,3,1304.272949,15.4131546,218.6499939,348.4599915,0.318
rear,OC,1-NC,North Coast,3,Tillamook Bay,25603.5,1,530,23876599,Rawe Cr,"Rawe Cr, Trib A",Headwaters,Trask R,2003,0,Snorkeled,4,0.114966288,0.068619996,6.489999771,50,47.368,1,2821.495117,1034057,3,1304.272949,16.6981945,217.1600037,398.4400024,0.318
rear,OC,1-NC,North Coast,3,Tillamook Bay,25603.5,1,530,23876599,Rawe Cr,"Rawe Cr, Trib A",Headwaters,Trask R,2006,0,Snorkeled,4,0.114966288,0.068619996,6.489999771,31,47.368,1,2821.495117,1034057,3,1304.272949,16.66242027,207.3800049,287.4299927,0.318
rear,OC,1-NC,North Coast,3,Tillamook Bay,25603.5,1,530,23876599,Rawe Cr,"Rawe Cr, Trib A",Headwaters,Trask R,2009,0,Snorkeled,4,0.114966288,0.068619996,6.489999771,38,47.368,1,2821.495117,1034057,3,1304.272949,17.44595337,189.3099976,347.4400024,0.318
rear,OC,1-NC,North Coast,3,Tillamook Bay,25603.5,1,530,23876599,Rawe Cr,"Rawe Cr, Trib A",Headwaters,Trask R,2012,0,Snorkeled,4,0.114966288,0.068619996,6.489999771,48,47.368,1,2821.495117,1034057,3,1304.272949,15.55274963,172.7700043,414.480011,0.318
rear,OC,1-NC,North Coast,3,Tillamook Bay,25606,2,532,23875853,"Trask R, S Fk, E Fk",Mouth,Scotch Cr,"Trask R, S Fk",1999,3,Snorkeled,5,0.02075934,0.068619996,22.04700089,51,55.480999,1,7119.400879,575011,3,1530.182983,16.85450554,283.1900024,321.7600098,0.533
rear,OC,1-NC,North Coast,3,Tillamook Bay,25606.19922,1,534,23875855,"E Fk Of S Fk Trask RTrask R, S Fk, E Fk",Scotch Cr,Pigeon Cr,"Trask R, S Fk",2003,182,Snorkeled,5,0.01459985,0.068619996,21.51399994,50,57.7970009,1,4287.478027,575011,3,1524.409058,17.61928558,199.9700012,360.9100037,0.56
rear,OC,1-NC,North Coast,3,Tillamook Bay,25607,1,20618,23876691,Steampot Cr,Mouth,Headwaters,"Trask R, S Fk, E Fk",2010,139,Snorkeled,4,0.0542056,0.068619996,8.55700016,41,61.5369987,1,1911.465942,575011,3,1435.647949,15.46657085,105.9700012,507.0499878,0.481
rear,OC,1-NC,North Coast,3,Tillamook Bay,25608.30078,1,545,23876715,Boundary Cr,Mouth,Headquarters Camp Cr,Headwaters,1998,120,Snorkeled,4,0.016720081,0.068619996,10.18999958,93,64.4899979,1,2449.948975,575011,3,1423.795044,18.25639534,200.2400055,266.5299988,0.521
rear,OC,1-NC,North Coast,3,Tillamook Bay,25608.30078,1,545,23876715,Boundary Cr,Mouth,Headquarters Camp Cr,Headwaters,1999,0,Snorkeled,4,0.016720081,0.068619996,10.18999958,51,64.4899979,1,2449.948975,575011,3,1423.795044,15.72788429,295.7200012,341.1400146,0.521
rear,OC,1-NC,North Coast,3,Tillamook Bay,25608.30078,1,545,23876715,Boundary Cr,Mouth,Headquarters Camp Cr,Headwaters,2000,298,Snorkeled,4,0.016720081,0.068619996,10.18999958,42,64.4899979,1,2449.948975,575011,3,1423.795044,15.45860291,218.6499939,348.4599915,0.521
rear,OC,1-NC,North Coast,3,Tillamook Bay,25608.30078,1,545,23876715,Boundary Cr,Mouth,Headquarters Camp Cr,Headwaters,2001,10,Snorkeled,4,0.016720081,0.068619996,10.18999958,79,64.4899979,1,2449.948975,575011,3,1423.795044,14.82875729,100.0800018,428.980011,0.521
rear,OC,1-NC,North Coast,3,Tillamook Bay,25608.30078,1,545,23876715,Boundary Cr,Mouth,Headquarters Camp Cr,Headwaters,2002,133,Snorkeled,4,0.016720081,0.068619996,10.18999958,45,64.4899979,1,2449.948975,575011,3,1423.795044,16.66352463,191.8500061,385.1099854,0.521
rear,OC,1-NC,North Coast,3,Tillamook Bay,25608.30078,1,545,23876715,Boundary Cr,Mouth,Headquarters Camp Cr,Headwaters,2003,771,Snorkeled,4,0.016720081,0.068619996,10.18999958,50,64.4899979,1,2449.948975,575011,3,1423.795044,17.14731979,200.6300049,364.8500061,0.521
rear,OC,1-NC,North Coast,3,Tillamook Bay,25608.30078,1,545,23876715,Boundary Cr,Mouth,Headquarters Camp Cr,Headwaters,2004,1001,Snorkeled,4,0.016720081,0.068619996,10.18999958,21,64.4899979,1,2449.948975,575011,3,1423.795044,17.30249786,214.2899933,354.2999878,0.521
rear,OC,1-NC,North Coast,3,Tillamook Bay,25608.30078,1,545,23876715,Boundary Cr,Mouth,Headquarters Camp Cr,Headwaters,2005,344,Snorkeled,4,0.016720081,0.068619996,10.18999958,34,64.4899979,1,2449.948975,575011,3,1423.795044,16.53573036,237.5399933,405.8399963,0.521
rear,OC,1-NC,North Coast,3,Tillamook Bay,25608.30078,1,545,23876715,Boundary Cr,Mouth,Headquarters Camp Cr,Headwaters,2006,1437,Snorkeled,4,0.016720081,0.068619996,10.18999958,31,64.4899979,1,2449.948975,575011,3,1423.795044,17.21121597,200.1600037,271.269989,0.521
rear,OC,1-NC,North Coast,3,Tillamook Bay,25608.30078,1,545,23876715,Boundary Cr,Mouth,Headquarters Camp Cr,Headwaters,2007,1428,Snorkeled,4,0.016720081,0.068619996,10.18999958,34,64.4899979,1,2449.948975,575011,3,1423.795044,17.14731979,133.0299988,175.9799957,0.521
rear,OC,1-NC,North Coast,3,Tillamook Bay,25608.30078,1,545,23876715,Boundary Cr,Mouth,Headquarters Camp Cr,Headwaters,2008,532,Snorkeled,4,0.016720081,0.068619996,10.18999958,20,64.4899979,1,2449.948975,575011,3,1423.795044,16.38967896,237.9199982,320.2200012,0.521
rear,OC,1-NC,North Coast,3,Tillamook Bay,25608.30078,1,545,23876715,Boundary Cr,Mouth,Headquarters Camp Cr,Headwaters,2009,1119,Snorkeled,4,0.016720081,0.068619996,10.18999958,38,64.4899979,1,2449.948975,575011,3,1423.795044,17.99624252,150.1999969,339.9899902,0.521
rear,OC,1-NC,North Coast,3,Tillamook Bay,25608.30078,1,545,23876715,Boundary Cr,Mouth,Headquarters Camp Cr,Headwaters,2010,515,Snorkeled,4,0.016720081,0.068619996,10.18999958,41,64.4899979,1,2449.948975,575011,3,1423.795044,16.06106377,117.9800034,533.7199707,0.521
rear,OC,1-NC,North Coast,3,Tillamook Bay,25608.30078,1,545,23876715,Boundary Cr,Mouth,Headquarters Camp Cr,Headwaters,2011,459,Snorkeled,4,0.016720081,0.068619996,10.18999958,25,64.4899979,1,2449.948975,575011,3,1423.795044,14.80137253,136.9299927,558.7700195,0.521
rear,OC,1-NC,North Coast,3,Tillamook Bay,25608.30078,1,545,23876715,Boundary Cr,Mouth,Headquarters Camp Cr,Headwaters,2012,532,Snorkeled,4,0.016720081,0.068619996,10.18999958,48,64.4899979,1,2449.948975,575011,3,1423.795044,15.61378193,197.4199982,403.3299866,0.521
rear,OC,1-NC,North Coast,3,Tillamook Bay,25608.30078,1,545,23876715,Boundary Cr,Mouth,Headquarters Camp Cr,Headwaters,2013,886,Snorkeled,4,0.016720081,0.068619996,10.18999958,29,64.4899979,1,2449.948975,575011,3,1423.795044,17.18383217,136.5200043,471.9200134,0.521
rear,OC,1-NC,North Coast,3,Tillamook Bay,25608.30078,1,545,23876715,Boundary Cr,Mouth,Headquarters Camp Cr,Headwaters,2014,322,Snorkeled,4,0.016720081,0.068619996,10.18999958,39,64.4899979,1,2449.948975,575011,3,1423.795044,18.13772964,148.4400024,468.0899963,0.521
rear,OC,1-NC,North Coast,3,Tillamook Bay,25608.59961,1,550,23875865,"Trask R, S Fk, E Fk",Boundary Cr,"Trask R, S Fk, E Fk, Trib A","Trask R, S Fk",2009,474,Snorkeled,5,0.01459106,0.068619996,15.70499992,38,64.1500015,1,4913.941895,575011,3,1553.543945,18.09452248,153.1199951,327.0700073,0.508
rear,OC,1-NC,North Coast,3,Tillamook Bay,25610.69922,3,563,23875873,"Trask R, S Fk, E Fk","Trask R, S Fk, E Fk, Trib C",Headwaters,"Trask R, S Fk",1998,0,Snorkeled,3,0.074296467,0.127509996,7.262000084,93,69.8000031,1,10418.17285,575011,3,1508.353027,15.42785358,175.8600006,250.0599976,0.426305085
rear,OC,1-NC,North Coast,3,Tillamook Bay,25616,2,582,23877137,Bill Cr,Mouth,Headwaters,"Trask R, S Fk",2012,833,Snorkeled,4,0.080114149,0.101810001,6.392000198,48,59.8930016,1,2078.653076,902241,3,1385.167969,14.06777,198.9499969,407.6900024,0.459
rear,OC,1-NC,North Coast,3,Tillamook Bay,25616,2,16017,23877137,Bill Cr,Mouth,Headwaters,"Trask R, S Fk",2007,850,Snorkeled,3,0.080114149,0.101810001,6.031000137,34,59.9980011,1,2078.653076,902241,3,1385.167969,15.61450481,128.4600067,217.5,0.373
rear,OC,1-NC,North Coast,3,Tillamook Bay,25616,2,16017,23877137,Bill Cr,Mouth,Headwaters,"Trask R, S Fk",2008,46,Snorkeled,3,0.080114149,0.101810001,6.031000137,20,59.9980011,1,2078.653076,902241,3,1385.167969,14.8203392,234.4900055,350.2200012,0.373
rear,OC,1-NC,North Coast,3,Tillamook Bay,25616,2,16017,23877137,Bill Cr,Mouth,Headwaters,"Trask R, S Fk",2009,84,Snorkeled,3,0.080114149,0.101810001,6.031000137,38,59.9980011,1,2078.653076,902241,3,1385.167969,16.27336884,171.7299957,329.6300049,0.373
rear,OC,1-NC,North Coast,3,Tillamook Bay,25616,2,16017,23877137,Bill Cr,Mouth,Headwaters,"Trask R, S Fk",2010,347,Snorkeled,3,0.080114149,0.101810001,6.031000137,41,59.9980011,1,2078.653076,902241,3,1385.167969,14.62540913,112.0899963,533.0800171,0.373
rear,OC,1-NC,North Coast,3,Tillamook Bay,25616,2,16017,23877137,Bill Cr,Mouth,Headwaters,"Trask R, S Fk",2011,286,Snorkeled,3,0.080114149,0.101810001,6.031000137,25,59.9980011,1,2078.653076,902241,3,1385.167969,13.42513084,150.8000031,595.2600098,0.373
rear,OC,1-NC,North Coast,3,Tillamook Bay,25616,2,16017,23877137,Bill Cr,Mouth,Headwaters,"Trask R, S Fk",2012,833,Snorkeled,3,0.080114149,0.101810001,6.031000137,48,59.9980011,1,2078.653076,902241,3,1385.167969,14.06777,198.9499969,407.6900024,0.373
rear,OC,1-NC,North Coast,3,Tillamook Bay,25616,2,16017,23877137,Bill Cr,Mouth,Headwaters,"Trask R, S Fk",2013,670,Snorkeled,3,0.080114149,0.101810001,6.031000137,29,59.9980011,1,2078.653076,902241,3,1385.167969,15.60992146,126.5400009,504.3299866,0.373
rear,OC,1-NC,North Coast,3,Tillamook Bay,25616,2,16017,23877137,Bill Cr,Mouth,Headwaters,"Trask R, S Fk",2014,158,Snorkeled,3,0.080114149,0.101810001,6.031000137,39,59.9980011,1,2078.653076,902241,3,1385.167969,16.4563427,137.8600006,460.2999878,0.373
rear,OC,1-NC,North Coast,3,Tillamook Bay,25617.40039,1,588,23876737,"Summit Cr, S Fk",Mouth,Headwaters,Summit Cr,1999,0,Snorkeled,3,0.101827241,0.230969995,5.931000233,51,61.0060005,1,3545.108887,902241,3,1408.608032,13.32987785,314.3599854,351.7799988,0.372527778
rear,OC,1-NC,North Coast,3,Tillamook Bay,25617.40039,1,588,23876737,"Summit Cr, S Fk",Mouth,Headwaters,Summit Cr,2008,0,Snorkeled,3,0.101827241,0.230969995,5.931000233,20,61.0060005,1,3545.108887,902241,3,1408.608032,13.89122391,234.4900055,350.2200012,0.372527778
rear,OC,1-NC,North Coast,3,Tillamook Bay,25618,0,16241,23875875,"Trask R, N Fk",Mouth,"Clear Cr, #1 (Hembre Cr)",Trask R,2008,0,Snorkeled,6,0.00947695,0.068619996,32.88100052,20,52.4469986,1,15197.64258,1410525,3,1572.661987,20.19483185,200.5299988,298.4400024,0.544
rear,OC,1-NC,North Coast,3,Tillamook Bay,25621,3,599,23876125,Bark Shanty Cr,Mouth,Headwaters,"Trask R, N Fk",2013,342,Snorkeled,5,0.034781571,0.09251,13.57600021,29,61.1769981,1,1904.626953,1410525,3,1480.678955,16.51201057,121.5,459.6600037,0.56
rear,OC,1-NC,North Coast,3,Tillamook Bay,25623,1,608,23876147,"Clear Cr, #2",Mouth,"Clear Cr #2, Trib A","Trask R, N Fk",2000,627,Snorkeled,5,0.024561111,0.165889993,13.2670002,42,66.9990005,1,6381.929199,1410525,3,1483.14502,16.38584328,178,309.1900024,0.301
rear,OC,1-NC,North Coast,3,Tillamook Bay,25623,1,608,23876147,"Clear Cr, #2",Mouth,"Clear Cr #2, Trib A","Trask R, N Fk",2003,366,Snorkeled,5,0.024561111,0.165889993,13.2670002,50,66.9990005,1,6381.929199,1410525,3,1483.14502,18.84143066,198.75,329.519989,0.301
rear,OC,1-NC,North Coast,3,Tillamook Bay,25623,1,608,23876147,"Clear Cr, #2",Mouth,"Clear Cr #2, Trib A","Trask R, N Fk",2006,4968,Snorkeled,5,0.024561111,0.165889993,13.2670002,31,66.9990005,1,6381.929199,1410525,3,1483.14502,18.67874146,191.6799927,242.6799927,0.301
rear,OC,1-NC,North Coast,3,Tillamook Bay,25623,1,608,23876147,"Clear Cr, #2",Mouth,"Clear Cr #2, Trib A","Trask R, N Fk",2012,2092,Snorkeled,5,0.024561111,0.165889993,13.2670002,48,66.9990005,1,6381.929199,1410525,3,1483.14502,16.87899399,172.2599945,370.1700134,0.301
rear,OC,1-NC,North Coast,3,Tillamook Bay,25623,2,605,23876147,"Clear Cr, #2",Mouth,"Clear Cr #2, Trib A","Trask R, N Fk",2005,1437,Snorkeled,5,0.024561111,0.165889993,12.67099953,34,67.9000015,1,6381.929199,1410525,3,1483.14502,17.87546349,189.7599945,405.9299927,0.521
rear,OC,1-NC,North Coast,3,Tillamook Bay,25625,1,610,23876581,"Trask R, N Fk, N Fk",Mouth,Headwaters,"Trask R, N Fk",2004,493,Snorkeled,5,0.02159003,0.097609997,15.55099964,21,69.8980026,1,2204.784912,374490,3,1578.982056,19.89762688,157.1499939,290.8099976,0.575
rear,OC,1-NC,North Coast,3,Tillamook Bay,25628,2,617,23876167,Elkhorn Cr,Mouth,Cruiser Cr,"Trask R, N Fk, M Fk",2005,846,Snorkeled,5,0.03129629,0.159850001,16.8239994,34,73.4029999,1,371.9299927,374490,3,1523.224976,17.7275486,155.0899963,298.1000061,0.622
rear,OC,1-NC,North Coast,3,Tillamook Bay,25629.69922,1,624,23876649,Cruiser Cr,"Cruiser Cr, Trib A",Headwaters,Elkhorn Cr,2003,347,Snorkeled,4,0.055133551,0.184310004,6.856999874,50,79.0759964,1,197.2660065,374490,3,1445.249023,16.54018784,173.6799927,279.9899902,0.604
rear,OC,1-NC,North Coast,3,Tillamook Bay,25629.69922,1,624,23876649,Cruiser Cr,"Cruiser Cr, Trib A",Headwaters,Elkhorn Cr,2012,164,Snorkeled,4,0.055133551,0.184310004,6.856999874,48,79.0759964,1,197.2660065,374490,3,1445.249023,14.42453003,168.1499939,325.0499878,0.604
rear,OC,1-NC,North Coast,3,Tillamook Bay,25630.69922,1,17930,23876175,Elkhorn Cr,"Elkhorn Cr, Trib C","Elkhorn Cr, Trib D","Trask R, N Fk, M Fk",2010,730,Snorkeled,5,0.02237777,0.19393,10.63799953,41,80.2750015,1,51.66500092,374490,3,1535.96106,16.31309891,102.7099991,424.7600098,0.622
rear,OC,1-NC,North Coast,3,Tillamook Bay,25641.40039,1,638,23876015,"Wilson R, N Fk, Little","L N Fk Wilson R, Trib A",White Cr,Wilson R,2003,3046,Snorkeled,6,0.00784948,0.0221,19.40099907,50,33.8839989,1,2785.925049,2142582,2,1458.775024,19.7060833,161.4299927,339.4299927,0.613
rear,OC,1-NC,North Coast,3,Tillamook Bay,25641.40039,2,639,23876015,"Wilson R, N Fk, Little","L N Fk Wilson R, Trib A",White Cr,Wilson R,1999,1,Snorkeled,6,0.00784948,0.0221,19.22599983,51,34.5750008,1,2785.925049,2142582,2,1458.775024,17.99450684,250.6300049,321.5899963,0.58
rear,OC,1-NC,North Coast,3,Tillamook Bay,25641.40039,2,20228,23876015,"Wilson R, N Fk, Little","L N Fk Wilson R, Trib A",White Cr,Wilson R,2008,68,Snorkeled,6,0.00784948,0.0221,19.35400009,20,34.1780014,1,2785.925049,2142582,2,1458.775024,18.62626076,180.7400055,318.0100098,0.575
rear,OC,1-NC,North Coast,3,Tillamook Bay,25667,1,650,23876519,Fall Cr,Mouth,Headwaters,Wilson R,2001,0,Snorkeled,5,0.050473642,0.106109999,11.41899967,79,45.3349991,1,10156.5293,1067519,5,1379.349976,15.70131302,88.66000366,418.5100098,0.136
rear,OC,1-NC,North Coast,3,Tillamook Bay,25675,1,653,23875951,Jordan Cr,Mouth,"Jordon Cr, S Fk",Wilson R,2006,118,Snorkeled,6,0.019112419,0.063249998,22.88999939,31,51.9329987,1,6143.022949,1067519,5,1401.666016,17.45829201,190.7799988,243.8399963,0.406
rear,OC,1-NC,North Coast,3,Tillamook Bay,25675,2,655,23875953,Jordan Cr,Mouth,"Jordon Cr, S Fk",Wilson R,2005,212,Snorkeled,6,0.01313266,0.063249998,22.11400032,34,53.9560013,1,3682.11792,938249,5,1381.921997,16.9161644,190.7400055,408.2799988,0.59
rear,OC,1-NC,North Coast,3,Tillamook Bay,25675.09961,2,660,23876511,"Jordan Cr, S Fk",Mouth,Headwaters,Jordan Cr,1998,0,Snorkeled,5,0.070267521,0.063249998,9.852000237,93,58.9410019,1,3733.176025,938249,5,1237.355957,17.45298576,166.2700043,289,0.459
rear,OC,1-NC,North Coast,3,Tillamook Bay,25675.5,1,20808,23876485,"Jordan Cr, Trib 1",Mouth,Headwaters,Jordan Cr,2011,7,Snorkeled,4,0.08620818,0.08726,9.501999855,25,60.2799988,1,5594.605957,938249,5,1242.83606,13.65988159,151.1199951,546.9799805,0.385
rear,OC,1-NC,North Coast,3,Tillamook Bay,25675.5,1,21013,23875955,Jordan Cr,"Jordan Cr, S Fk","Jordan Cr, Trib A",Wilson R,2012,401,Snorkeled,5,0.018705441,0.063249998,19.25200081,48,57.2220001,1,3967.688965,938249,5,1387.573975,16.08057594,167.0899963,386.1600037,0.544
rear,OC,1-NC,North Coast,3,Tillamook Bay,25675.5,4,664,23875961,Jordan Cr,"Jordan Cr, S Fk","Jordan Cr, Trib A",Wilson R,1998,0,Snorkeled,5,0.026814731,0.063249998,14.08600044,93,62.6339989,1,5446.228027,938249,5,1254.531006,17.03205681,165.8899994,266.0100098,0.348
rear,OC,1-NC,North Coast,3,Tillamook Bay,25675.5,4,664,23875961,Jordan Cr,"Jordan Cr, S Fk","Jordan Cr, Trib A",Wilson R,1999,0,Snorkeled,5,0.026814731,0.063249998,14.08600044,51,62.6339989,1,5446.228027,938249,5,1254.531006,14.71389484,264.3999939,318.2999878,0.348
rear,OC,1-NC,North Coast,3,Tillamook Bay,25675.5,4,664,23875961,Jordan Cr,"Jordan Cr, S Fk","Jordan Cr, Trib A",Wilson R,2000,918,Snorkeled,5,0.026814731,0.063249998,14.08600044,42,62.6339989,1,5446.228027,938249,5,1254.531006,14.29073811,186.1799927,317.8699951,0.348
rear,OC,1-NC,North Coast,3,Tillamook Bay,25675.5,4,664,23875961,Jordan Cr,"Jordan Cr, S Fk","Jordan Cr, Trib A",Wilson R,2001,0,Snorkeled,5,0.026814731,0.063249998,14.08600044,79,62.6339989,1,5446.228027,938249,5,1254.531006,14.5851078,83.19000244,417.7000122,0.348
rear,OC,1-NC,North Coast,3,Tillamook Bay,25675.5,4,664,23875961,Jordan Cr,"Jordan Cr, S Fk","Jordan Cr, Trib A",Wilson R,2002,7,Snorkeled,5,0.026814731,0.063249998,14.08600044,45,62.6339989,1,5446.228027,938249,5,1254.531006,16.23633957,164.5,373.0899963,0.348
rear,OC,1-NC,North Coast,3,Tillamook Bay,25675.5,4,664,23875961,Jordan Cr,"Jordan Cr, S Fk","Jordan Cr, Trib A",Wilson R,2003,827,Snorkeled,5,0.026814731,0.063249998,14.08600044,50,62.6339989,1,5446.228027,938249,5,1254.531006,16.88947105,214.6300049,338.8200073,0.348
rear,OC,1-NC,North Coast,3,Tillamook Bay,25675.5,4,664,23875961,Jordan Cr,"Jordan Cr, S Fk","Jordan Cr, Trib A",Wilson R,2004,258,Snorkeled,5,0.026814731,0.063249998,14.08600044,21,62.6339989,1,5446.228027,938249,5,1254.531006,16.75608635,180.7299957,333.2099915,0.348
rear,OC,1-NC,North Coast,3,Tillamook Bay,25675.5,4,664,23875961,Jordan Cr,"Jordan Cr, S Fk","Jordan Cr, Trib A",Wilson R,2005,10,Snorkeled,5,0.026814731,0.063249998,14.08600044,34,62.6339989,1,5446.228027,938249,5,1254.531006,15.76258755,194.1000061,405.1600037,0.348
rear,OC,1-NC,North Coast,3,Tillamook Bay,25675.5,4,664,23875961,Jordan Cr,"Jordan Cr, S Fk","Jordan Cr, Trib A",Wilson R,2006,31,Snorkeled,5,0.026814731,0.063249998,14.08600044,31,62.6339989,1,5446.228027,938249,5,1254.531006,16.57670403,196.0800018,239,0.348
rear,OC,1-NC,North Coast,3,Tillamook Bay,25675.5,4,664,23875961,Jordan Cr,"Jordan Cr, S Fk","Jordan Cr, Trib A",Wilson R,2011,184,Snorkeled,5,0.026814731,0.063249998,14.08600044,25,62.6339989,1,5446.228027,938249,5,1254.531006,13.92737484,151.1199951,546.9799805,0.348
rear,OC,1-NC,North Coast,3,Tillamook Bay,25675.5,4,664,23875961,Jordan Cr,"Jordan Cr, S Fk","Jordan Cr, Trib A",Wilson R,2012,119,Snorkeled,5,0.026814731,0.063249998,14.08600044,48,62.6339989,1,5446.228027,938249,5,1254.531006,14.89787579,180.0099945,382.7900085,0.348
rear,OC,1-NC,North Coast,3,Tillamook Bay,25675.5,4,664,23875961,Jordan Cr,"Jordan Cr, S Fk","Jordan Cr, Trib A",Wilson R,2013,238,Snorkeled,5,0.026814731,0.063249998,14.08600044,29,62.6339989,1,5446.228027,938249,5,1254.531006,16.986063,108.75,441.8299866,0.348
rear,OC,1-NC,North Coast,3,Tillamook Bay,25675.5,4,664,23875961,Jordan Cr,"Jordan Cr, S Fk","Jordan Cr, Trib A",Wilson R,2014,162,Snorkeled,5,0.026814731,0.063249998,14.08600044,39,62.6339989,1,5446.228027,938249,5,1254.531006,17.66679192,138.4600067,449.0700073,0.348
rear,OC,1-NC,North Coast,3,Tillamook Bay,25675.5,5,663,23875961,Jordan Cr,"Jordan Cr, S Fk","Jordan Cr, Trib A",Wilson R,1999,0,Snorkeled,5,0.026814731,0.063249998,13.63300037,51,63.3370018,1,5446.228027,938249,5,1254.531006,14.71389484,264.3999939,318.2999878,0.451
rear,OC,1-NC,North Coast,3,Tillamook Bay,25675.5,5,663,23875961,Jordan Cr,"Jordan Cr, S Fk","Jordan Cr, Trib A",Wilson R,2002,0,Snorkeled,5,0.026814731,0.063249998,13.63300037,45,63.3370018,1,5446.228027,938249,5,1254.531006,16.23633957,164.5,373.0899963,0.451
rear,OC,1-NC,North Coast,3,Tillamook Bay,25675.5,5,663,23875961,Jordan Cr,"Jordan Cr, S Fk","Jordan Cr, Trib A",Wilson R,2005,0,Snorkeled,5,0.026814731,0.063249998,13.63300037,34,63.3370018,1,5446.228027,938249,5,1254.531006,15.76258755,194.1000061,405.1600037,0.451
rear,OC,1-NC,North Coast,3,Tillamook Bay,25675.5,5,663,23875961,Jordan Cr,"Jordan Cr, S Fk","Jordan Cr, Trib A",Wilson R,2008,0,Snorkeled,5,0.026814731,0.063249998,13.63300037,20,63.3370018,1,5446.228027,938249,5,1254.531006,15.56940746,200.4299927,279.7200012,0.451
rear,OC,1-NC,North Coast,3,Tillamook Bay,25675.5,5,663,23875961,Jordan Cr,"Jordan Cr, S Fk","Jordan Cr, Trib A",Wilson R,2011,195,Snorkeled,5,0.026814731,0.063249998,13.63300037,25,63.3370018,1,5446.228027,938249,5,1254.531006,13.92737484,151.1199951,546.9799805,0.451
rear,OC,1-NC,North Coast,3,Tillamook Bay,25675.5,5,663,23875961,Jordan Cr,"Jordan Cr, S Fk","Jordan Cr, Trib A",Wilson R,2014,161,Snorkeled,5,0.026814731,0.063249998,13.63300037,39,63.3370018,1,5446.228027,938249,5,1254.531006,17.66679192,138.4600067,449.0700073,0.451
rear,OC,1-NC,North Coast,3,Tillamook Bay,25675.5,7,662,23875961,Jordan Cr,"Jordan Cr, S Fk","Jordan Cr, Trib A",Wilson R,1998,0,Snorkeled,5,0.026814731,0.063249998,11.26900005,93,64.4369965,1,5446.228027,938249,5,1254.531006,17.03205681,160.8500061,280.8399963,0.406
rear,OC,1-NC,North Coast,3,Tillamook Bay,25675.5,7,662,23875961,Jordan Cr,"Jordan Cr, S Fk","Jordan Cr, Trib A",Wilson R,2007,0,Snorkeled,5,0.026814731,0.063249998,11.26900005,34,64.4369965,1,5446.228027,938249,5,1254.531006,16.00636292,133.2400055,159.2100067,0.406
rear,OC,1-NC,North Coast,3,Tillamook Bay,25679,1.1,679,23876139,Cedar Cr,Mouth,"Cedar Cr, Trib A",Wilson R,2006,1614,Snorkeled,5,0.01487146,0.03009,14.98900032,31,60.8279991,1,2545.945068,747258,5,1421.199951,17.81294441,193.3300018,238.4799957,0.56
rear,OC,1-NC,North Coast,3,Tillamook Bay,25679.30078,2,683,23876361,"Cedar Cr, N Fk",Mouth,"Cedar Cr, N Fk, Trib A",Cedar Cr,1999,0,Snorkeled,4,0.0563499,0.068510003,9.581999779,51,63.4109993,1,5102.403809,747258,5,1347.54895,14.13355732,277.3699951,339.0299988,0.481
rear,OC,1-NC,North Coast,3,Tillamook Bay,25679.5,3,16021,23876361,"Cedar Cr, N Fk","Cedar Cr, N Fk, Trib A",Headwaters,Cedar Cr,2007,153,Snorkeled,3,0.0563499,0.068510003,5.160999775,34,64.961998,1,5102.403809,747258,5,1347.54895,15.83153439,172.7799988,214.75,0.381827957
rear,OC,1-NC,North Coast,3,Tillamook Bay,25679.5,3,16021,23876361,"Cedar Cr, N Fk","Cedar Cr, N Fk, Trib A",Headwaters,Cedar Cr,2008,0,Snorkeled,3,0.0563499,0.068510003,5.160999775,20,64.961998,1,5102.403809,747258,5,1347.54895,15.11891651,182,341.0299988,0.381827957
rear,OC,1-NC,North Coast,3,Tillamook Bay,25679.5,3,16021,23876361,"Cedar Cr, N Fk","Cedar Cr, N Fk, Trib A",Headwaters,Cedar Cr,2009,0,Snorkeled,3,0.0563499,0.068510003,5.160999775,38,64.961998,1,5102.403809,747258,5,1347.54895,17.04098129,190.5800018,416.2799988,0.381827957
rear,OC,1-NC,North Coast,3,Tillamook Bay,25679.5,3,16021,23876361,"Cedar Cr, N Fk","Cedar Cr, N Fk, Trib A",Headwaters,Cedar Cr,2010,54,Snorkeled,3,0.0563499,0.068510003,5.160999775,41,64.961998,1,5102.403809,747258,5,1347.54895,15.09654427,118.6600037,555.9299927,0.381827957
rear,OC,1-NC,North Coast,3,Tillamook Bay,25679.5,3,16021,23876361,"Cedar Cr, N Fk","Cedar Cr, N Fk, Trib A",Headwaters,Cedar Cr,2011,95,Snorkeled,3,0.0563499,0.068510003,5.160999775,25,64.961998,1,5102.403809,747258,5,1347.54895,13.45703125,199.2799988,623.4199829,0.381827957
rear,OC,1-NC,North Coast,3,Tillamook Bay,25679.5,3,16021,23876361,"Cedar Cr, N Fk","Cedar Cr, N Fk, Trib A",Headwaters,Cedar Cr,2012,178,Snorkeled,3,0.0563499,0.068510003,5.160999775,48,64.961998,1,5102.403809,747258,5,1347.54895,14.29023552,201.25,437.3999939,0.381827957
rear,OC,1-NC,North Coast,3,Tillamook Bay,25679.5,3,16021,23876361,"Cedar Cr, N Fk","Cedar Cr, N Fk, Trib A",Headwaters,Cedar Cr,2013,79,Snorkeled,3,0.0563499,0.068510003,5.160999775,29,64.961998,1,5102.403809,747258,5,1347.54895,16.11341286,153.1600037,511.3999939,0.381827957
rear,OC,1-NC,North Coast,3,Tillamook Bay,25679.5,3,16021,23876361,"Cedar Cr, N Fk","Cedar Cr, N Fk, Trib A",Headwaters,Cedar Cr,2014,349,Snorkeled,3,0.0563499,0.068510003,5.160999775,39,64.961998,1,5102.403809,747258,5,1347.54895,16.90204811,184.1600037,495.2799988,0.381827957
rear,OC,1-NC,North Coast,3,Tillamook Bay,25687.59961,1,694,23876003,"Wilson R, N Fk","Wilson R, N Fk, Trib A","Wilson R, N Fk, W Fk",Wilson R,2004,55,Snorkeled,6,0.01581238,0.024429999,22.03000069,21,65.9540024,1,3694.153076,1325408,5,1385.754028,21.63065529,202.5299988,345.1499939,0.549
rear,OC,1-NC,North Coast,3,Tillamook Bay,25687.59961,1,694,23876003,"Wilson R, N Fk","Wilson R, N Fk, Trib A","Wilson R, N Fk, W Fk",Wilson R,2013,37,Snorkeled,6,0.01581238,0.024429999,22.03000069,29,65.9540024,1,3694.153076,1325408,5,1385.754028,21.81879807,139.3699951,481.6400146,0.549
rear,OC,1-NC,North Coast,3,Tillamook Bay,25688.69922,1,701,23876013,"Wilson R, N Fk, W Fk",Rogers Cr,Headwaters,"Wilson R, N Fk",2004,2082,Snorkeled,5,0.043748941,0.036979999,11.39500046,21,71.3270035,1,2574.318115,1325408,5,1382.312012,16.71386147,211.1900024,357.7399902,0.495
rear,OC,1-NC,North Coast,3,Tillamook Bay,25695,1,715,23876409,Ben Smith Cr,Mouth,"Ben Smith Cr, Trib A",Wilson R,1998,211,Snorkeled,4,0.074643791,0.049029998,9.937999725,93,64.1589966,1,1970.885986,747258,5,1393.973022,16.48957253,158.6699982,254.8200073,0.508
rear,OC,1-NC,North Coast,3,Tillamook Bay,25695,1,715,23876409,Ben Smith Cr,Mouth,"Ben Smith Cr, Trib A",Wilson R,1999,17,Snorkeled,4,0.074643791,0.049029998,9.937999725,51,64.1589966,1,1970.885986,747258,5,1393.973022,14.26053429,258.2099915,321.0299988,0.508
rear,OC,1-NC,North Coast,3,Tillamook Bay,25695,1,715,23876409,Ben Smith Cr,Mouth,"Ben Smith Cr, Trib A",Wilson R,2000,918,Snorkeled,4,0.074643791,0.049029998,9.937999725,42,64.1589966,1,1970.885986,747258,5,1393.973022,13.82624817,185.3999939,311.0100098,0.508
rear,OC,1-NC,North Coast,3,Tillamook Bay,25695,1,715,23876409,Ben Smith Cr,Mouth,"Ben Smith Cr, Trib A",Wilson R,2001,1209,Snorkeled,4,0.074643791,0.049029998,9.937999725,79,64.1589966,1,1970.885986,747258,5,1393.973022,14.11429501,77.27999878,404.5700073,0.508
rear,OC,1-NC,North Coast,3,Tillamook Bay,25695,1,715,23876409,Ben Smith Cr,Mouth,"Ben Smith Cr, Trib A",Wilson R,2002,355,Snorkeled,4,0.074643791,0.049029998,9.937999725,45,64.1589966,1,1970.885986,747258,5,1393.973022,15.65645313,160.0299988,365.4899902,0.508
rear,OC,1-NC,North Coast,3,Tillamook Bay,25695,1,715,23876409,Ben Smith Cr,Mouth,"Ben Smith Cr, Trib A",Wilson R,2003,877,Snorkeled,4,0.074643791,0.049029998,9.937999725,50,64.1589966,1,1970.885986,747258,5,1393.973022,16.13948631,209.6999969,333.7099915,0.508
rear,OC,1-NC,North Coast,3,Tillamook Bay,25695,1,715,23876409,Ben Smith Cr,Mouth,"Ben Smith Cr, Trib A",Wilson R,2004,821,Snorkeled,4,0.074643791,0.049029998,9.937999725,21,64.1589966,1,1970.885986,747258,5,1393.973022,16.13948631,179.3099976,325.7000122,0.508
rear,OC,1-NC,North Coast,3,Tillamook Bay,25695,1,715,23876409,Ben Smith Cr,Mouth,"Ben Smith Cr, Trib A",Wilson R,2005,1007,Snorkeled,4,0.074643791,0.049029998,9.937999725,34,64.1589966,1,1970.885986,747258,5,1393.973022,15.16012669,187.7599945,398.3999939,0.508
rear,OC,1-NC,North Coast,3,Tillamook Bay,25695,1,715,23876409,Ben Smith Cr,Mouth,"Ben Smith Cr, Trib A",Wilson R,2006,1151,Snorkeled,4,0.074643791,0.049029998,9.937999725,31,64.1589966,1,1970.885986,747258,5,1393.973022,15.84257603,191.7200012,230.1300049,0.508
rear,OC,1-NC,North Coast,3,Tillamook Bay,25695,1,715,23876409,Ben Smith Cr,Mouth,"Ben Smith Cr, Trib A",Wilson R,2007,579,Snorkeled,4,0.074643791,0.049029998,9.937999725,34,64.1589966,1,1970.885986,747258,5,1393.973022,15.42601585,123.9400024,172.6000061,0.508
rear,OC,1-NC,North Coast,3,Tillamook Bay,25695,1,715,23876409,Ben Smith Cr,Mouth,"Ben Smith Cr, Trib A",Wilson R,2008,641,Snorkeled,4,0.074643791,0.049029998,9.937999725,20,64.1589966,1,1970.885986,747258,5,1393.973022,14.99616146,194.4199982,283.9899902,0.508
rear,OC,1-NC,North Coast,3,Tillamook Bay,25695,1,715,23876409,Ben Smith Cr,Mouth,"Ben Smith Cr, Trib A",Wilson R,2009,977,Snorkeled,4,0.074643791,0.049029998,9.937999725,38,64.1589966,1,1970.885986,747258,5,1393.973022,16.85738754,130.3300018,368.5100098,0.508
rear,OC,1-NC,North Coast,3,Tillamook Bay,25695,1,715,23876409,Ben Smith Cr,Mouth,"Ben Smith Cr, Trib A",Wilson R,2010,679,Snorkeled,4,0.074643791,0.049029998,9.937999725,41,64.1589966,1,1970.885986,747258,5,1393.973022,14.87651062,105.1800003,500.5499878,0.508
rear,OC,1-NC,North Coast,3,Tillamook Bay,25695,1,715,23876409,Ben Smith Cr,Mouth,"Ben Smith Cr, Trib A",Wilson R,2011,187,Snorkeled,4,0.074643791,0.049029998,9.937999725,25,64.1589966,1,1970.885986,747258,5,1393.973022,13.50718021,152.4100037,538.710022,0.508
rear,OC,1-NC,North Coast,3,Tillamook Bay,25695,1,715,23876409,Ben Smith Cr,Mouth,"Ben Smith Cr, Trib A",Wilson R,2012,288,Snorkeled,4,0.074643791,0.049029998,9.937999725,48,64.1589966,1,1970.885986,747258,5,1393.973022,14.47324562,172.6499939,374.75,0.508
rear,OC,1-NC,North Coast,3,Tillamook Bay,25695,1,715,23876409,Ben Smith Cr,Mouth,"Ben Smith Cr, Trib A",Wilson R,2013,316,Snorkeled,4,0.074643791,0.049029998,9.937999725,29,64.1589966,1,1970.885986,747258,5,1393.973022,16.41866875,110.5,431.9899902,0.508
rear,OC,1-NC,North Coast,3,Tillamook Bay,25695,1,715,23876409,Ben Smith Cr,Mouth,"Ben Smith Cr, Trib A",Wilson R,2014,186,Snorkeled,4,0.074643791,0.049029998,9.937999725,39,64.1589966,1,1970.885986,747258,5,1393.973022,17.09225655,137.75,432.7099915,0.508
rear,OC,1-NC,North Coast,3,Tillamook Bay,25695.90039,1,716,23876409,Ben Smith Cr,"Ben Smith Cr, Trib B",Headwaters,Wilson R,2000,197,Snorkeled,4,0.074643791,0.049029998,7.769000053,42,64.9680023,1,1970.885986,747258,5,1393.973022,13.82624817,185.3999939,311.0100098,0.136
rear,OC,1-NC,North Coast,3,Tillamook Bay,25695.90039,1,716,23876409,Ben Smith Cr,"Ben Smith Cr, Trib B",Headwaters,Wilson R,2003,469,Snorkeled,4,0.074643791,0.049029998,7.769000053,50,64.9680023,1,1970.885986,747258,5,1393.973022,16.13948631,214.6300049,338.8200073,0.136
rear,OC,1-NC,North Coast,3,Tillamook Bay,25695.90039,1,716,23876409,Ben Smith Cr,"Ben Smith Cr, Trib B",Headwaters,Wilson R,2006,1151,Snorkeled,4,0.074643791,0.049029998,7.769000053,31,64.9680023,1,1970.885986,747258,5,1393.973022,15.84257603,196.0800018,239,0.136
rear,OC,1-NC,North Coast,3,Tillamook Bay,25695.90039,1,716,23876409,Ben Smith Cr,"Ben Smith Cr, Trib B",Headwaters,Wilson R,2009,977,Snorkeled,4,0.074643791,0.049029998,7.769000053,38,64.9680023,1,1970.885986,747258,5,1393.973022,16.85738754,131.6000061,357.6499939,0.136
rear,OC,1-NC,North Coast,3,Tillamook Bay,25695.90039,1,716,23876409,Ben Smith Cr,"Ben Smith Cr, Trib B",Headwaters,Wilson R,2012,288,Snorkeled,4,0.074643791,0.049029998,7.769000053,48,64.9680023,1,1970.885986,747258,5,1393.973022,14.47324562,180.0099945,382.7900085,0.136
rear,OC,1-NC,North Coast,3,Tillamook Bay,25701,1,718,23876363,Elk Cr,Mouth,"Elk Cr, W Fk",Wilson R,1999,4,Snorkeled,5,0.030022331,0.036120001,13.40200043,51,69.887001,1,3820.299072,747258,8,1343.462036,16.43284607,242.7100067,324.6799927,0.514
rear,OC,1-NC,North Coast,3,Tillamook Bay,25701,1,16587,23876363,Elk Cr,Mouth,"Elk Cr, W Fk",Wilson R,2011,933,Snorkeled,5,0.030022331,0.036120001,13.31400013,25,70.3720016,1,3820.299072,747258,8,1343.462036,15.39292717,143.0299988,561.3599854,0.56
rear,OC,1-NC,North Coast,3,Tillamook Bay,25703,1,723,23876347,Elk Cr,"Elk Cr, W Fk",Headwaters,Wilson R,2006,686,Snorkeled,5,0.04095412,0.040380001,11.31900024,31,72.4629974,1,5553.645996,747258,8,1349.801025,17.43436813,192.1699982,232.4100037,0.396
rear,OC,1-NC,North Coast,3,Tillamook Bay,25708.69922,1,741,23875987,"Wilson R, Devil's Lake Fk",Game Hog Cr,Idiot Cr,Wilson R,2000,1344,Snorkeled,5,0.01144696,0.045389999,16.5340004,42,73.6829987,1,1722.276978,345054,9,1582.38501,17.60071945,185.3999939,311.0100098,0.595
rear,OC,1-NC,North Coast,3,Tillamook Bay,25714,1,750,23875995,"Wilson R, Devil's Lake Fk",Elliott Cr,Deo Cr,Wilson R,2006,1209,Snorkeled,5,0.030100949,0.076200001,11.48200035,31,78.5930023,1,6289.699219,345054,10,1590.270996,20.02486229,135.3800049,168.1300049,0.474
rear,OC,1-NC,North Coast,3,Tillamook Bay,25715,1,754,23876393,Deo Cr,Mouth,Headwaters,"Wilson R, Devil's Lake Fk",2000,337,Snorkeled,4,0.03140679,0.076200001,6.047999859,42,80.1259995,1,1812.130981,345054,10,1454.713989,14.51872921,113.2799988,190.4100037,0.495
rear,OC,1-NC,North Coast,3,Tillamook Bay,25715,1,754,23876393,Deo Cr,Mouth,Headwaters,"Wilson R, Devil's Lake Fk",2009,518,Snorkeled,4,0.03140679,0.076200001,6.047999859,38,80.1259995,1,1812.130981,345054,10,1454.713989,18.03602028,110.7399979,261.6099854,0.495
rear,OC,1-NC,North Coast,3,Tillamook Bay,25737,1,778,23876201,"Kilchis R, Little S Fk",Iris Cr,Jody Cr,Kilchis R,2009,1330,Snorkeled,6,0.01586109,0.041609999,15.04199982,38,30.1690006,1,2311.352051,973670,2,1460.572998,16.86356354,139.8200073,345.5,0.57
rear,OC,1-NC,North Coast,3,Tillamook Bay,25737,1,778,23876201,"Kilchis R, Little S Fk",Iris Cr,Jody Cr,Kilchis R,2012,1137,Snorkeled,6,0.01586109,0.041609999,15.04199982,48,30.1690006,1,2311.352051,973670,2,1460.572998,15.38494968,149.7400055,387.3599854,0.57
rear,OC,1-NC,North Coast,3,Tillamook Bay,25748,1,794,23876043,Kilchis R,Washout Cr,Sharp Cr,Tillamook Bay,2005,10,Snorkeled,6,0.00679757,0.01354,27.18199921,34,30.4440002,1,617.3070068,973670,2,1464.847046,18.63703537,170.3099976,393.9200134,0.613
rear,OC,1-NC,North Coast,3,Tillamook Bay,25754,1,799,23876045,Kilchis R,Tilton Cr,Blue Star Cr,Tillamook Bay,1998,192,Snorkeled,6,0.007799,0.016030001,26.25099945,93,34.0299988,1,2854.083008,973670,2,1469.692993,19.57226753,170.0299988,257.9400024,0.57
rear,OC,1-NC,North Coast,3,Tillamook Bay,25754,1,800,23876045,Kilchis R,Tilton Cr,Blue Star Cr,Tillamook Bay,2004,182,Snorkeled,6,0.007799,0.016030001,25.80599976,21,35.2400017,1,2854.083008,973670,2,1469.692993,19.24898338,214.0099945,343.8399963,0.604
rear,OC,1-NC,North Coast,3,Tillamook Bay,25754,1,801,23876045,Kilchis R,Tilton Cr,Blue Star Cr,Tillamook Bay,2003,1262,Snorkeled,6,0.007799,0.016030001,26.02199936,50,34.2280006,1,2854.083008,973670,2,1469.692993,18.70709229,218.5700073,381.2799988,0.622
rear,OC,1-NC,North Coast,3,Tillamook Bay,25754,1,801,23876045,Kilchis R,Tilton Cr,Blue Star Cr,Tillamook Bay,2012,67,Snorkeled,6,0.007799,0.016030001,26.02199936,48,34.2280006,1,2854.083008,973670,2,1469.692993,17.10234642,175.7599945,433.25,0.622
rear,OC,1-NC,North Coast,3,Tillamook Bay,25761,2,807,23876231,"Kilchis R, S Fk",Company Cr,Headwaters,Kilchis R,2004,1363,Snorkeled,5,0.018031949,0.064630002,14.33100033,21,42.4000015,1,430.6669922,700957,2,1400.439941,16.90306282,215.25,354.0700073,0.58
rear,OC,1-NC,North Coast,3,Tillamook Bay,25761,3,806,23876231,"Kilchis R, S Fk",Company Cr,Headwaters,Kilchis R,1998,0,Snorkeled,5,0.018031949,0.064630002,13.65699959,93,43.3019981,1,430.6669922,700957,2,1400.439941,17.59084511,175.4100037,261.519989,0.555
rear,OC,1-NC,North Coast,3,Tillamook Bay,25762.30078,1,813,23876049,"Kilchis R, N Fk",Purcell Cr,Schroeder Cr,Kilchis R,1999,215,Snorkeled,1,0.01327379,0.0491,1.399000049,51,40.5079994,1,1305.311035,700957,2,1474.847046,16.32059479,290.480011,337.7000122,0.503644068
rear,OC,1-NC,North Coast,3,Tillamook Bay,25763,1,827,23876051,"Kilchis R, N Fk",Schroeder Cr,Headwaters,Kilchis R,1998,1214,Snorkeled,5,0.022730639,0.0491,15.30099964,93,45.1780014,1,3357.746094,700957,2,1444.937012,18.02585411,175.4100037,261.519989,0.565
rear,OC,1-NC,North Coast,3,Tillamook Bay,25763,1,827,23876051,"Kilchis R, N Fk",Schroeder Cr,Headwaters,Kilchis R,2001,2133,Snorkeled,5,0.022730639,0.0491,15.30099964,79,45.1780014,1,3357.746094,700957,2,1444.937012,14.69504547,93.25,386.6400146,0.565
rear,OC,1-NC,North Coast,3,Tillamook Bay,25763,1,827,23876051,"Kilchis R, N Fk",Schroeder Cr,Headwaters,Kilchis R,2004,3446,Snorkeled,5,0.022730639,0.0491,15.30099964,21,45.1780014,1,3357.746094,700957,2,1444.937012,17.35857391,215.25,354.0700073,0.565
rear,OC,1-NC,North Coast,3,Tillamook Bay,25768,2,830,23876465,Vaughn Cr,Mouth,Headwaters,Tillamook Bay,1999,1,Snorkeled,3,0.04499726,0.02737,5.021999836,51,17.4330006,7,335.9840088,445334,3,1563.972046,17.42676544,150.3699951,263.7999878,0.881
rear,OC,1-NC,North Coast,3,Tillamook Bay,25768,2,830,23876465,Vaughn Cr,Mouth,Headwaters,Tillamook Bay,2002,23,Snorkeled,3,0.04499726,0.02737,5.021999836,45,17.4330006,7,335.9840088,445334,3,1563.972046,18.71279144,114.4100037,258.3500061,0.881
rear,OC,1-NC,North Coast,3,Tillamook Bay,25768,2,830,23876465,Vaughn Cr,Mouth,Headwaters,Tillamook Bay,2005,26,Snorkeled,3,0.04499726,0.02737,5.021999836,34,17.4330006,7,335.9840088,445334,3,1563.972046,18.93479156,130.5399933,352.7099915,0.881
rear,OC,1-NC,North Coast,3,Tillamook Bay,25774,1.1,837,23876437,Patterson Cr,Mouth,Jacoby Cr,Tillamook Bay,2006,6,Snorkeled,4,0.01559451,0.045419998,7.743000031,31,8.9989996,6,1849.107056,445334,1,1810.975952,24.71971703,133.6300049,226.9600067,0.817
rear,OC,1-NC,North Coast,3,Tillamook Bay,25787,2,850,23876389,Moss Cr,Mouth,Headwaters,Miami R,2002,472,Snorkeled,4,0.03919011,0.032370001,8.892999649,45,12.3979998,1,2819.281982,660958,1,1251.598022,16.40116501,183.4100037,372.9200134,0.451
rear,OC,1-NC,North Coast,3,Tillamook Bay,25787,2,850,23876389,Moss Cr,Mouth,Headwaters,Miami R,2011,137,Snorkeled,4,0.03919011,0.032370001,8.892999649,25,12.3979998,1,2819.281982,660958,1,1251.598022,15.31310081,192.6000061,640.8200073,0.451
rear,OC,1-NC,North Coast,3,Tillamook Bay,25789,1,854,23876345,Minich Cr,Mouth,Headwaters,Miami R,1999,2,Snorkeled,4,0.080675073,0.040959999,5.992000103,51,12.5229998,1,2570.672119,660958,1,1199.692993,15.65208626,278.6900024,342.4599915,0.436
rear,OC,1-NC,North Coast,3,Tillamook Bay,25791,1,856,23876357,Waldron Cr,Mouth,Headwaters,Miami R,2000,0,Snorkeled,3,0.101560809,0.079130001,6.84100008,42,13.5979996,1,2109.843018,660958,1,1177.796997,14.65028286,183.8999939,317.5299988,0.425
rear,OC,1-NC,North Coast,3,Tillamook Bay,25791,1,856,23876357,Waldron Cr,Mouth,Headwaters,Miami R,2009,440,Snorkeled,3,0.101560809,0.079130001,6.84100008,38,13.5979996,1,2109.843018,660958,1,1177.796997,15.52154827,169.1699982,409.480011,0.425
rear,OC,1-NC,North Coast,3,Tillamook Bay,25794,1,20040,23876087,Miami R,Peterson Cr,Margary Cr,Tillamook Bay,2007,592,Snorkeled,5,0.00457674,0.019929999,20.53700066,34,14.7049999,1,425.743988,660958,1,1535.917969,18.7810936,114.2099991,204.25,0.69
rear,OC,1-NC,North Coast,3,Tillamook Bay,25798,1,870,23876091,Miami R,Prouty Cr,Diamond Cr,Tillamook Bay,1998,331,Snorkeled,5,0.0106874,0.019929999,18.80599976,93,18.0839996,1,1345.692017,766005,1,1513.136963,17.718853,143.2299957,240.5700073,0.59
rear,OC,1-NC,North Coast,3,Tillamook Bay,25798,1,870,23876091,Miami R,Prouty Cr,Diamond Cr,Tillamook Bay,2001,1876,Snorkeled,5,0.0106874,0.019929999,18.80599976,79,18.0839996,1,1345.692017,766005,1,1513.136963,14.94138813,71.94999695,336.6700134,0.59
rear,OC,1-NC,North Coast,3,Tillamook Bay,25798,1,870,23876091,Miami R,Prouty Cr,Diamond Cr,Tillamook Bay,2004,1905,Snorkeled,5,0.0106874,0.019929999,18.80599976,21,18.0839996,1,1345.692017,766005,1,1513.136963,18.06669426,190.1799927,297.9299927,0.59
rear,OC,1-NC,North Coast,3,Tillamook Bay,25798,1,870,23876091,Miami R,Prouty Cr,Diamond Cr,Tillamook Bay,2007,1077,Snorkeled,5,0.0106874,0.019929999,18.80599976,34,18.0839996,1,1345.692017,766005,1,1513.136963,17.99291039,114.2099991,204.25,0.59
rear,OC,1-NC,North Coast,3,Tillamook Bay,25798,1,870,23876091,Miami R,Prouty Cr,Diamond Cr,Tillamook Bay,2010,724,Snorkeled,5,0.0106874,0.019929999,18.80599976,41,18.0839996,1,1345.692017,766005,1,1513.136963,16.02180481,81.59999847,510.1400146,0.59
rear,OC,1-NC,North Coast,3,Tillamook Bay,25798,1,870,23876091,Miami R,Prouty Cr,Diamond Cr,Tillamook Bay,2013,507,Snorkeled,5,0.0106874,0.019929999,18.80599976,29,18.0839996,1,1345.692017,766005,1,1513.136963,16.78073311,140.0899963,466.1400146,0.59
rear,OC,1-NC,North Coast,3,Tillamook Bay,25800,1,874,23876093,Miami R,Diamond Cr,"Miami R, Trib S",Tillamook Bay,2000,1055,Snorkeled,5,0.00967191,0.063759997,17.54500008,42,20.5009995,1,3910.949951,766005,1,1529.765015,15.71458149,237.3099976,374.5,0.613
rear,OC,1-NC,North Coast,4,Nestucca,0,0,185,23877019,,,,,2011,0,Snorkeled,3,0.043862268,0.115800001,3.815999985,26,29.809,1,221.0829926,488097.5,4,1231.48999,14.23385811,130.2899933,489,0.906
rear,OC,1-NC,North Coast,4,Nestucca,0,0,11325,23876945,,,,,2001,425,Snorkeled,5,0.032760888,0.01523,10.39599991,77,11.3710003,1,134.6840057,501267,1,1427.937988,15.22471333,67.91999817,299.9299927,0.617
rear,OC,1-NC,North Coast,4,Nestucca,0,0,11326,23875617,,,,,2001,219,Snorkeled,4,0.00189062,0.165700004,5.751999855,77,12.717,1,11025.69336,480686,3,1236.771973,17.56839561,67.91999817,299.9299927,0.501666667
rear,OC,1-NC,North Coast,4,Nestucca,0,0,11327,23877169,,,,,2001,814,Snorkeled,6,0.02758038,0.04276,23.0890007,77,13.6169996,1,993.8790283,501267,1,1394.79895,16.2396946,67.91999817,299.9299927,0.555
rear,OC,1-NC,North Coast,4,Nestucca,0,0,11328,23876131,,,,,2001,713,Snorkeled,6,0.06080332,0.04276,22.16399956,77,15.2440004,1,9213.425781,480686,1,1631.748047,14.36298466,67.91999817,299.9299927,0.533
rear,OC,1-NC,North Coast,4,Nestucca,0,0,11329,23875623,,,,,2001,215,Snorkeled,2,0.01947606,0.118249997,2.661999941,77,17.3269997,1,1879.953003,480686,1,1690.29895,17.28323555,86.69000244,318.2200012,0.554339623
rear,OC,1-NC,North Coast,4,Nestucca,0,0,11330,23877175,,,,,2001,0,Snorkeled,4,0.01406872,0.048889998,6.653999805,77,25.2880001,1,1199.54895,488097.5,6,2124.937012,14.86125851,79.45999908,310.1499939,0.63
rear,OC,1-NC,North Coast,4,Nestucca,0,0,11331,23876145,,,,,2001,552,Snorkeled,4,0.055219591,0.019990001,9.520999908,77,14.6940002,6,983.5339966,1017837,5,1693.624023,15.2778635,55.91999817,268.7399902,0.576
rear,OC,1-NC,North Coast,4,Nestucca,0,0,11332,23876269,,,,,2001,0,Snorkeled,6,0.00696495,0.01388,24.33799934,77,19.6539993,1,2949.530029,1741480,7,1698.905029,17.77754974,61.75,285.4200134,0.966
rear,OC,1-NC,North Coast,4,Nestucca,0,0,11333,23876271,,,,,2001,0,Snorkeled,6,0.00797187,0.018279999,22.51499939,77,23.1949997,1,4510.546875,1741480,8,1692.630005,17.85907745,61.75,285.4200134,0.585
rear,OC,1-NC,North Coast,4,Nestucca,0,0,11334,23876273,,,,,2001,0,Snorkeled,6,0.00992296,0.018279999,21.38899994,77,26.0139999,1,1125.984985,1741480,7,1727.863037,16.98528671,74.51000214,350.75,0.829
rear,OC,1-NC,North Coast,4,Nestucca,0,0,11335,23876933,,,,,2001,49,Snorkeled,5,0.02620825,0.020160001,12.14900017,77,30.5900002,1,4560.36084,1741480,9,1735.625977,15.18490505,74.51000214,350.75,0.538
rear,OC,1-NC,North Coast,4,Nestucca,0,0,11337,23875745,,,,,2001,923,Snorkeled,4,0.018269099,0.028179999,13.85499954,77,40.7070007,1,1746.501953,588607,2,1434.998047,15.66413879,58.20000076,297.5899963,0.538
rear,OC,1-NC,North Coast,4,Nestucca,0,0,11338,23877149,,,,,2001,0,Snorkeled,3,0.04253871,0.036249999,5.368999958,77,30.8390007,1,1857.817017,524706,1,1372.921997,15.23358154,58.20000076,297.5899963,0.425
rear,OC,1-NC,North Coast,4,Nestucca,0,0,11340,23877067,,,,,2001,108,Snorkeled,4,0.037126221,0.066239998,9.647999763,77,38.5870018,1,4795.827148,799840,3,1574.511963,15.80193329,58.20000076,297.5899963,0.527
rear,OC,1-NC,North Coast,4,Nestucca,0,0,11341,23875681,,,,,2001,3,Snorkeled,7,0.00305585,0.01388,36.34600067,77,36.4480019,1,759.4959717,524706,2,1616.531982,19.8350296,58.20000076,297.5899963,0.617
rear,OC,1-NC,North Coast,4,Nestucca,0,0,11342,23876771,,,,,2001,644,Snorkeled,5,0.022991,0.10193,11.1619997,77,49.2459984,1,1069.060059,855848,5,1539.126953,13.80762196,81.59999847,383.5599976,0.886
rear,OC,1-NC,North Coast,4,Nestucca,0,0,11343,23876213,,,,,2001,58,Snorkeled,7,0.00851351,0.01388,34.0909996,77,42.7210007,1,8260.032227,855848,4,1611.244995,16.44134521,78.58999634,383.9400024,0.59
rear,OC,1-NC,North Coast,4,Nestucca,0,0,11344,23875693,,,,,2001,53,Snorkeled,7,1E-05,0.01438,31.09499931,77,48.4539986,1,2779.549072,799840,4,1604.962036,17.81879807,71.19000244,357.5100098,0.604
rear,OC,1-NC,North Coast,4,Nestucca,0,0,11345,23875695,,,,,2001,414,Snorkeled,2,1E-05,0.080159999,2.700999975,77,50.0180016,1,686.0809937,799840,4,2153.26001,18.64258194,71.19000244,357.5100098,0.436
rear,OC,1-NC,North Coast,4,Nestucca,0,0,11346,23876237,,,,,2001,391,Snorkeled,4,0.046354711,0.04414,8.102000237,77,52.0559998,1,4530.541016,799840,4,1926.027954,15.9652853,78.58999634,383.9400024,0.409
rear,OC,1-NC,North Coast,4,Nestucca,0,0,11347,23875697,,,,,2001,73,Snorkeled,7,1E-05,0.01438,30.07099915,77,50.0530014,1,1073.527954,799840,4,1578.406982,18.11428642,71.19000244,357.5100098,0.622
rear,OC,1-NC,North Coast,4,Nestucca,0,0,11348,23876223,,,,,2001,0,Snorkeled,1,0.01246263,0.209289998,1.815000057,77,54.1139984,1,2684.335938,906298,3,1624.937988,17.34138107,64.52999878,267.1700134,0.2449375
rear,OC,1-NC,North Coast,4,Nestucca,0,0,11349,23876225,,,,,2001,0,Snorkeled,5,0.053487912,0.0348,7.427000046,77,55.7260017,1,3848.165039,906298,3,1905.312012,14.68591309,64.52999878,267.1700134,0.361
rear,OC,1-NC,North Coast,4,Nestucca,0,0,11350,23875709,,,,,2001,1030,Snorkeled,6,0.00841269,0.03582,24.40500069,77,60.901001,1,2897.474121,994158,3,1515.704956,17.24959564,77.76000214,332.7099915,0.613
rear,OC,1-NC,North Coast,4,Nestucca,0,0,11351,23875711,,,,,2001,2430,Snorkeled,1,0.0261923,0.32604,1.407999992,77,62.7599983,1,3060.990967,994158,4,1221.692993,16.77839088,77.76000214,332.7099915,0.466220588
rear,OC,1-NC,North Coast,4,Nestucca,0,0,11352,23875713,,,,,2001,1421,Snorkeled,2,0.01189294,0.03582,1.169999957,77,65.9820023,1,6470.12207,994158,4,1510.689941,16.71920586,85.08999634,337.2600098,0.465684211
rear,OC,1-NC,North Coast,4,Nestucca,0,0,11353,23875719,,,,,2001,2195,Snorkeled,5,0.018460689,0.03582,17.59900093,77,71.6460037,1,2679.937988,827741,5,1475.944946,16.0149231,85.08999634,337.2600098,0.58
rear,OC,1-NC,North Coast,4,Nestucca,0,0,11354,23875629,,,,,2001,549,Snorkeled,6,0.00923781,0.04882,17.55599976,77,22.5489998,1,900.8449707,480686,1,1716.192017,16.64840317,86.69000244,318.2200012,0.617
rear,OC,1-NC,North Coast,4,Nestucca,0,0,11355,23875677,,,,,2001,0,Snorkeled,7,0.003027,0.01388,37.33399963,77,31.9090004,1,1356.892944,524706,1,1623.675049,19.70898628,58.20000076,297.5899963,0.614
rear,OC,1-NC,North Coast,4,Nestucca,0,0,11356,23875715,,,,,2002,3829,Snorkeled,5,0.01128217,0.03582,18.69799995,45,68.0339966,1,1608.495972,827741,4,1481.110962,18.82880783,166.8899994,302.9700012,0.599
rear,OC,1-NC,North Coast,4,Nestucca,0,0,11358,23875713,,,,,2002,3512,Snorkeled,6,0.01189294,0.03582,22.31399918,45,64.8850021,1,6470.12207,994158,4,1510.689941,19.06809044,166.8899994,302.9700012,0.585
rear,OC,1-NC,North Coast,4,Nestucca,0,0,11362,23875709,,,,,2002,3048,Snorkeled,6,0.00841269,0.03582,24.28199959,45,61.7019997,1,2897.474121,994158,3,1515.704956,19.68619728,155.3000031,294.6600037,0.585
rear,OC,1-NC,North Coast,4,Nestucca,0,0,16029,23875677,,,,,2007,158,Snorkeled,7,0.003027,0.01388,37.32799911,34,32.3250008,1,1356.892944,524706,1,1623.675049,22.9857235,89.80000305,190.7100067,0.619
rear,OC,1-NC,North Coast,4,Nestucca,0,0,16029,23875677,,,,,2008,0,Snorkeled,7,0.003027,0.01388,37.32799911,19,32.3250008,1,1356.892944,524706,1,1623.675049,20.66345024,152.9499969,282.2000122,0.619
rear,OC,1-NC,North Coast,4,Nestucca,0,0,17740,23876781,,,,,2007,2,Snorkeled,3,0.095219001,0.089910001,3.319999933,34,40.9440002,1,940.8660278,799840,4,1629.215942,16.20983696,94.06999969,194.6799927,0.414
rear,OC,1-NC,North Coast,4,Nestucca,0,0,17740,23876781,,,,,2010,11,Snorkeled,3,0.095219001,0.089910001,3.319999933,38,40.9440002,1,940.8660278,799840,4,1629.215942,14.53614616,71.23999786,433.8800049,0.414
rear,OC,1-NC,North Coast,4,Nestucca,0,0,17832,23875681,,,,,2007,368,Snorkeled,7,0.00305585,0.01388,36.48600006,34,35.3269997,1,759.4959717,524706,2,1616.531982,23.21290398,89.80000305,190.7100067,0.625
rear,OC,1-NC,North Coast,4,Nestucca,0,0,18332,23875663,,,,,2007,32,Snorkeled,7,0.00064867,0.01388,46.15299988,34,17.1259995,6,689.3010254,1017837,5,1626.667969,22.22737503,90.69000244,196.0500031,0.944
rear,OC,1-NC,North Coast,4,Nestucca,0,0,18348,23875667,,,,,2007,278,Snorkeled,7,0.00176502,0.01388,41.8390007,34,22.4260006,1,4486.695801,524706,3,1601.803955,22.33826828,93.05999756,206.7200012,0.822
rear,OC,1-NC,North Coast,4,Nestucca,0,0,18352,23875623,,,,,2007,530,Snorkeled,6,0.01947606,0.118249997,21.16300011,34,15.7620001,1,1879.953003,480686,1,1690.29895,20.09281349,91.08000183,213.1699982,0.538
rear,OC,1-NC,North Coast,4,Nestucca,0,0,20158,23875705,,,,,2007,3607,Snorkeled,6,0.00951899,0.03582,26.86000061,34,56.2089996,1,3142.893066,906298,3,1510.571045,20.74464989,99.29000092,147.6199951,0.608
rear,OC,1-NC,North Coast,4,Nestucca,25354,1,132,23877165,Bowers Cr,Mouth,Headwaters,Little Nestucca R,2003,68,Snorkeled,3,0.054000549,0.01523,4.953999996,50,10.2880001,1,407.2369995,501267,6,1969.348022,18.066782,139.6999969,320.9100037,0.637
rear,OC,1-NC,North Coast,4,Nestucca,25354,1,133,23877165,Bowers Cr,Mouth,Headwaters,Little Nestucca R,2002,81,Snorkeled,3,0.054000549,0.01523,6.669000149,45,8.8070002,1,407.2369995,501267,6,1969.348022,17.93455505,102.7900009,248.1000061,0.902
rear,OC,1-NC,North Coast,4,Nestucca,25356,2,134,23876945,Fall Cr,Mouth,"Fall Cr, Trib A",Little Nestucca R,1999,90,Snorkeled,5,0.032760888,0.01523,9.828000069,37,12.908,1,134.6840057,501267,1,1427.937988,15.43474483,175.25,295.6199951,0.495
rear,OC,1-NC,North Coast,4,Nestucca,25356,2,134,23876945,Fall Cr,Mouth,"Fall Cr, Trib A",Little Nestucca R,2008,121,Snorkeled,5,0.032760888,0.01523,9.828000069,19,12.908,1,134.6840057,501267,1,1427.937988,15.94701672,126.4400024,305.4500122,0.495
rear,OC,1-NC,North Coast,4,Nestucca,25356.30078,1,137,23876947,"Fall Cr, Trib A",Mouth,Headwaters,Fall Cr,2004,60,Snorkeled,4,0.120422043,0.068300001,5.919000149,48,13.5120001,1,2238.623047,501267,1,1470.593018,16.07664871,127.6999969,275.4200134,0.373
rear,OC,1-NC,North Coast,4,Nestucca,25358,1,140,23877167,Kellow Cr,Mouth,Headwaters,Little Nestucca R,2006,84,Snorkeled,4,0.045616511,0.165700004,5.625999928,31,13.1190004,1,3106.153076,501267,1,1195.223999,17.28380203,116.3199997,238.6100006,0.259
rear,OC,1-NC,North Coast,4,Nestucca,25364,1,145,23877173,Austin Cr,"Austin Cr, W Fk",Headwaters,Little Nestucca R,2001,0,Snorkeled,3,0.057608791,0.07553,3.83100009,77,16.3029995,1,2889.221924,501267,1,1600.81604,15.16012383,84.37999725,325.1600037,0.501666667
rear,OC,1-NC,North Coast,4,Nestucca,25370,1,154,23876243,"Little Nestucca R, S Fk",Mouth,Kautz Cr,Little Nestucca R,2004,353,Snorkeled,5,0.01131131,0.04882,11.77099991,48,19.5610008,1,725.0939941,480686,1,1351.905029,19.14294243,174.0899963,281.8500061,0.599
rear,OC,1-NC,North Coast,4,Nestucca,25372,1,158,23876249,"Little Nestucca R, S Fk",Kautz Cr,Headwaters,Little Nestucca R,2002,683,Snorkeled,5,0.062086299,0.04882,7.383999825,45,22.8080006,1,2154.073975,480686,3,1306.761963,15.78930283,150.2400055,347.1700134,0.466
rear,OC,1-NC,North Coast,4,Nestucca,25372,1,158,23876249,"Little Nestucca R, S Fk",Kautz Cr,Headwaters,Little Nestucca R,2005,585,Snorkeled,5,0.062086299,0.04882,7.383999825,20,22.8080006,1,2154.073975,480686,3,1306.761963,16.21060562,139.5500031,424.3399963,0.466
rear,OC,1-NC,North Coast,4,Nestucca,25372,1,158,23876249,"Little Nestucca R, S Fk",Kautz Cr,Headwaters,Little Nestucca R,2006,752,Snorkeled,5,0.062086299,0.04882,7.383999825,31,22.8080006,1,2154.073975,480686,3,1306.761963,16.04783058,155.8699951,256.8500061,0.466
rear,OC,1-NC,North Coast,4,Nestucca,25377,1,165,23875631,Little Nestucca R,Cedar Cr,Louie Cr,Nestucca Bay,2002,650,Snorkeled,6,1E-05,0.04882,17.27799988,45,22.9370003,1,587.0319824,480686,2,1709.756958,17.991642,145.0500031,324.1499939,0.626
rear,OC,1-NC,North Coast,4,Nestucca,25377,1,165,23875631,Little Nestucca R,Cedar Cr,Louie Cr,Nestucca Bay,2005,422,Snorkeled,6,1E-05,0.04882,17.27799988,20,22.9370003,1,587.0319824,480686,2,1709.756958,18.39929008,141.0800018,415.269989,0.626
rear,OC,1-NC,North Coast,4,Nestucca,25377,1,165,23875631,Little Nestucca R,Cedar Cr,Louie Cr,Nestucca Bay,2006,907,Snorkeled,6,1E-05,0.04882,17.27799988,31,22.9370003,1,587.0319824,480686,2,1709.756958,18.36072922,151.5800018,244.2599945,0.626
rear,OC,1-NC,North Coast,4,Nestucca,25378,1,166,23876975,Louie Cr,Mouth,Baxter Cr,Little Nestucca R,2006,1909,Snorkeled,5,0.01240793,0.04882,10.16300011,31,24.1919994,1,1298.083008,488097.5,3,1821.017944,19.1540947,151.5800018,244.2599945,0.595
rear,OC,1-NC,North Coast,4,Nestucca,25379,1,170,23876969,Baxter Cr,Mouth,Headwaters,Louie Cr,2004,313,Snorkeled,4,0.03626506,0.04882,7.15500021,48,25.1509991,1,1405.487061,488097.5,3,1892.697021,17.48551941,167.4799957,283.3599854,0.615
rear,OC,1-NC,North Coast,4,Nestucca,25382,1,174,23876981,Sourgrass Cr,Mouth,"Sourgrass Cr, Trib A",Little Nestucca R,2003,648,Snorkeled,4,0.01517341,0.04882,7.497000217,50,24.6790009,1,832.3870239,488097.5,4,1865.685059,16.618536,142.2599945,337.2399902,0.59
rear,OC,1-NC,North Coast,4,Nestucca,25383,1,178,23877175,Sourgrass Cr,"Sourgrass Cr, Trib A",Headwaters,Little Nestucca R,1998,60,Snorkeled,4,0.01406872,0.048889998,5.620999813,3,26.1809998,1,1199.54895,488097.5,6,2124.937012,16.82748795,145.1999969,224.3699951,0.533
rear,OC,1-NC,North Coast,4,Nestucca,25386,2,182,23876995,Stillwell Cr,Mouth,Headwaters,Little Nestucca R,2002,0,Snorkeled,3,0.050069042,0.07705,3.90899992,45,28.427,1,930.8640137,488097.5,5,1963.473999,14.11367416,150.2400055,347.1700134,0.434
rear,OC,1-NC,North Coast,4,Nestucca,25403,1,193,23876193,Horn Cr,Mouth,"Horn Cr, Trib A",Nestucca R,2004,427,Snorkeled,4,0.01179526,0.01388,10.15499973,48,9.1750002,6,214.6329956,1017837,5,1608.390015,20.7591629,108.25,258.3699951,0.98
rear,OC,1-NC,North Coast,4,Nestucca,25403,2,195,23876193,Horn Cr,Mouth,"Horn Cr, Trib A",Nestucca R,2005,386,Snorkeled,4,0.01179526,0.01388,9.55700016,20,10.8640003,6,214.6329956,1017837,5,1608.390015,19.69876862,67.11000061,386.2799988,0.555
rear,OC,1-NC,North Coast,4,Nestucca,25407,3,208,23876145,Clear Cr,Queens Cr,Headwaters,Nestucca R,1999,0,Snorkeled,4,0.055219591,0.019990001,8.631999969,37,16.4179993,6,983.5339966,1017837,5,1693.624023,15.70558929,214.6799927,328.6499939,0.538
rear,OC,1-NC,North Coast,4,Nestucca,25407,3,208,23876145,Clear Cr,Queens Cr,Headwaters,Nestucca R,2008,15,Snorkeled,4,0.055219591,0.019990001,8.631999969,19,16.4179993,6,983.5339966,1017837,5,1693.624023,15.88651562,144.0299988,334.5,0.538
rear,OC,1-NC,North Coast,4,Nestucca,25407,4,210,23876145,Clear Cr,Queens Cr,Headwaters,Nestucca R,1998,11,Snorkeled,4,0.055219591,0.019990001,8.065999985,3,16.6310005,6,983.5339966,1017837,5,1693.624023,17.28039932,113.5,226.6399994,0.195
rear,OC,1-NC,North Coast,4,Nestucca,25407,4,210,23876145,Clear Cr,Queens Cr,Headwaters,Nestucca R,2001,0,Snorkeled,4,0.055219591,0.019990001,8.065999985,77,16.6310005,6,983.5339966,1017837,5,1693.624023,15.2778635,76.86000061,325.7099915,0.195
rear,OC,1-NC,North Coast,4,Nestucca,25407,4,210,23876145,Clear Cr,Queens Cr,Headwaters,Nestucca R,2004,23,Snorkeled,4,0.055219591,0.019990001,8.065999985,48,16.6310005,6,983.5339966,1017837,5,1693.624023,17.92341614,141.6000061,314.2999878,0.195
rear,OC,1-NC,North Coast,4,Nestucca,25407,4,210,23876145,Clear Cr,Queens Cr,Headwaters,Nestucca R,2010,196,Snorkeled,4,0.055219591,0.019990001,8.065999985,38,16.6310005,6,983.5339966,1017837,5,1693.624023,16.23415375,86.41000366,489.1600037,0.195
rear,OC,1-NC,North Coast,4,Nestucca,25407,4,210,23876145,Clear Cr,Queens Cr,Headwaters,Nestucca R,2013,25,Snorkeled,4,0.055219591,0.019990001,8.065999985,29,16.6310005,6,983.5339966,1017837,5,1693.624023,16.93116379,106.2600021,436.4299927,0.195
rear,OC,1-NC,North Coast,4,Nestucca,25409,2,215,23876867,Sanders Cr (Smith Cr),Mouth,Headwaters,Nestucca R,2000,12,Snorkeled,3,0.027920119,0.020780001,5.347000122,28,15.8299999,6,982.8969727,1017837,5,1826.793945,18.18373489,152.3099976,315.980011,0.836
rear,OC,1-NC,North Coast,4,Nestucca,25409,2,215,23876867,Sanders Cr (Smith Cr),Mouth,Headwaters,Nestucca R,2006,158,Snorkeled,3,0.027920119,0.020780001,5.347000122,31,15.8299999,6,982.8969727,1017837,5,1826.793945,18.38130188,106.4700012,215.1900024,0.836
rear,OC,1-NC,North Coast,4,Nestucca,25409,2,215,23876867,Sanders Cr (Smith Cr),Mouth,Headwaters,Nestucca R,2009,73,Snorkeled,3,0.027920119,0.020780001,5.347000122,38,15.8299999,6,982.8969727,1017837,5,1826.793945,18.39738083,89.61000061,257.3900146,0.836
rear,OC,1-NC,North Coast,4,Nestucca,25409,3,214,23876867,Sanders Cr (Smith Cr),Mouth,Headwaters,Nestucca R,2001,0,Snorkeled,3,0.027920119,0.020780001,5.252999783,77,16.5249996,6,982.8969727,1017837,5,1826.793945,16.8441925,61.75,285.4200134,0.729
rear,OC,1-NC,North Coast,4,Nestucca,25413,1,218,23876269,Three Rivers,Mouth,Cedar Cr,Nestucca R,2006,12,Snorkeled,6,0.00696495,0.01388,24.2159996,31,21.2779999,1,2949.530029,1741480,7,1698.905029,19.47351456,106.4700012,215.1900024,0.59
rear,OC,1-NC,North Coast,4,Nestucca,25419,1,223,23876913,Pollard Cr,Mouth,Headwaters,Three Rivers,2006,0,Snorkeled,4,0.09007594,0.044509999,8.543999672,31,30.2339993,1,3825.560059,1741480,6,1650.074951,15.69409657,160.7799988,262.7000122,0.334
rear,OC,1-NC,North Coast,4,Nestucca,25423,0,227,23876933,Alder Cr,Mouth,Buck Cr,Three Rivers,2000,62,Snorkeled,5,0.02620825,0.020160001,12.14799976,28,30.6940002,1,4560.36084,1741480,9,1735.625977,16.08901405,152.3099976,315.980011,0.622
rear,OC,1-NC,North Coast,4,Nestucca,25424,3,228,23876949,Buck Cr,Mouth,Headwaters,Alder Cr,2003,0,Snorkeled,3,0.10326612,0.110160001,4.711999893,50,35.4410019,1,2802.801025,1741480,10,1846.667969,14.82834053,159.1000061,357.8500061,0.53028169
rear,OC,1-NC,North Coast,4,Nestucca,25424,3,228,23876949,Buck Cr,Mouth,Headwaters,Alder Cr,2006,0,Snorkeled,3,0.10326612,0.110160001,4.711999893,31,35.4410019,1,2802.801025,1741480,10,1846.667969,14.99030304,163.2200012,261.7000122,0.53028169
rear,OC,1-NC,North Coast,4,Nestucca,25426,1,233,23876933,Three Rivers,Alder Cr,Crazy Cr,Nestucca R,2002,15,Snorkeled,5,0.02620825,0.020160001,16.26300049,45,30.5849991,1,4560.36084,1741480,9,1735.625977,16.75168228,148.1699982,362.9100037,0.845
rear,OC,1-NC,North Coast,4,Nestucca,25426,1,233,23876933,Three Rivers,Alder Cr,Crazy Cr,Nestucca R,2003,1,Snorkeled,5,0.02620825,0.020160001,16.26300049,50,30.5849991,1,4560.36084,1741480,9,1735.625977,16.90065575,164.3899994,360.3599854,0.845
rear,OC,1-NC,North Coast,4,Nestucca,25426,1,233,23876933,Three Rivers,Alder Cr,Crazy Cr,Nestucca R,2004,369,Snorkeled,5,0.02620825,0.020160001,16.26300049,48,30.5849991,1,4560.36084,1741480,9,1735.625977,17.80990028,165.3999939,322.7200012,0.845
rear,OC,1-NC,North Coast,4,Nestucca,25426,1,233,23876933,Three Rivers,Alder Cr,Crazy Cr,Nestucca R,2005,15,Snorkeled,5,0.02620825,0.020160001,16.26300049,20,30.5849991,1,4560.36084,1741480,9,1735.625977,17.13181877,147.9199982,450.4500122,0.845
rear,OC,1-NC,North Coast,4,Nestucca,25426,1,233,23876933,Three Rivers,Alder Cr,Crazy Cr,Nestucca R,2006,0,Snorkeled,5,0.02620825,0.020160001,16.26300049,31,30.5849991,1,4560.36084,1741480,9,1735.625977,17.08045006,160.7799988,262.7000122,0.845
rear,OC,1-NC,North Coast,4,Nestucca,25427,1,234,23877163,Crazy Cr,Mouth,Headwaters,Three Rivers,1998,2,Snorkeled,4,0.077907979,0.04346,7.336999893,3,33.7229996,1,2870.919922,1741480,7,1902.293945,16.48829842,147.0800018,229.0099945,0.432
rear,OC,1-NC,North Coast,4,Nestucca,25427,1,234,23877163,Crazy Cr,Mouth,Headwaters,Three Rivers,2001,0,Snorkeled,4,0.077907979,0.04346,7.336999893,77,33.7229996,1,2870.919922,1741480,7,1902.293945,13.83100986,80.44000244,336.75,0.432
rear,OC,1-NC,North Coast,4,Nestucca,25427,1,234,23877163,Crazy Cr,Mouth,Headwaters,Three Rivers,2004,76,Snorkeled,4,0.077907979,0.04346,7.336999893,48,33.7229996,1,2870.919922,1741480,7,1902.293945,16.45804405,173.0099945,310.3999939,0.432
rear,OC,1-NC,North Coast,4,Nestucca,25427,1,234,23877163,Crazy Cr,Mouth,Headwaters,Three Rivers,2007,41,Snorkeled,4,0.077907979,0.04346,7.336999893,34,33.7229996,1,2870.919922,1741480,7,1902.293945,16.5034256,93.88999939,233.9600067,0.432
rear,OC,1-NC,North Coast,4,Nestucca,25427,1,234,23877163,Crazy Cr,Mouth,Headwaters,Three Rivers,2010,295,Snorkeled,4,0.077907979,0.04346,7.336999893,38,33.7229996,1,2870.919922,1741480,7,1902.293945,15.09158325,95.80000305,488.5899963,0.432
rear,OC,1-NC,North Coast,4,Nestucca,25427,1,234,23877163,Crazy Cr,Mouth,Headwaters,Three Rivers,2013,279,Snorkeled,4,0.077907979,0.04346,7.336999893,29,33.7229996,1,2870.919922,1741480,7,1902.293945,15.78741932,107.6800003,440.7200012,0.432
rear,OC,1-NC,North Coast,4,Nestucca,25433,1,239,23876859,George Cr,Mouth,Headwaters,Nestucca R,2004,82,Snorkeled,4,0.096624628,0.059269998,8.052000046,48,22.4689999,1,7141.807129,524706,1,1475.219971,17.07480049,134.0299988,297.4700012,0.136
rear,OC,1-NC,North Coast,4,Nestucca,25435,1,242,23876179,Farmer Cr,Mouth,"Farmer Cr, Trib A",Nestucca R,2006,329,Snorkeled,1,0.018817291,0.047990002,0.976000011,31,23.7040005,1,1461.13501,524706,3,1387.792969,16.11303711,125.1800003,224.1699982,0.497034091
rear,OC,1-NC,North Coast,4,Nestucca,25435,2,243,23876179,Farmer Cr,Mouth,"Farmer Cr, Trib A",Nestucca R,2003,16,Snorkeled,4,0.018817291,0.047990002,8.414999962,50,25.9979992,1,1461.13501,524706,3,1387.792969,16.02512741,150.75,333.1499939,0.544
rear,OC,1-NC,North Coast,4,Nestucca,25435.19922,1,245,23876827,"Farmer Cr, Trib A",Mouth,Headwaters,Farmer Cr,2004,10,Snorkeled,3,0.124048099,0.053989999,5.058000088,48,27.0540009,1,2822.25,524706,3,1404.020996,15.13733768,130.2299957,296.9299927,0.215
rear,OC,1-NC,North Coast,4,Nestucca,25435.69922,1,240,23876181,Farmer Cr,"Farmer Cr, Trib B",Headwaters,Nestucca R,2005,22,Snorkeled,4,0.084390439,0.047990002,4.776000023,20,27.5200005,1,2438.681885,524706,3,1441.359985,13.52166176,123.1100006,423.9400024,0.136
rear,OC,1-NC,North Coast,4,Nestucca,25438.80078,2,249,23876807,West Cr,Mouth,"West Cr, Trib A",Nestucca R,2004,94,Snorkeled,4,0.038952861,0.045370001,7.379000187,48,28.2189999,1,877.7069702,524706,2,1362.342041,17.64304924,132.1600037,286.730011,0.937
rear,OC,1-NC,North Coast,4,Nestucca,25438.80078,2.0999999,20819,23876807,West Cr,Mouth,"West Cr, Trib A",Nestucca R,2011,165,Snorkeled,4,0.038952861,0.045370001,7.252999783,26,29.0219994,1,877.7069702,524706,2,1362.342041,15.72999763,129.7100067,458.9100037,0.867
rear,OC,1-NC,North Coast,4,Nestucca,25438.80078,3,248,23876807,West Cr,Mouth,"West Cr, Trib A",Nestucca R,2006,385,Snorkeled,4,0.038952861,0.045370001,7.186999798,31,29.3250008,1,877.7069702,524706,2,1362.342041,16.50175858,125.1800003,224.1699982,0.906
rear,OC,1-NC,North Coast,4,Nestucca,25439.19922,1,252,23876807,West Cr,"West Cr, Trib B","West Cr, Trib C",Nestucca R,2001,0,Snorkeled,4,0.038952861,0.045370001,5.850999832,77,30.9319992,1,877.7069702,524706,2,1362.342041,14.98052216,62.97000122,293.3500061,0.373
rear,OC,1-NC,North Coast,4,Nestucca,25439.59961,1,253,23876807,West Cr,"West Cr, Trib C",Headwaters,Nestucca R,2005,0,Snorkeled,2,0.038952861,0.045370001,3.213000059,20,32.3199997,1,877.7069702,524706,2,1362.342041,16.73574257,116.7799988,402.0700073,0.497034091
rear,OC,1-NC,North Coast,4,Nestucca,25441,1,256,23875741,Beaver Cr,Mouth,E Beaver Cr,Nestucca R,1999,0,Snorkeled,6,0.00646198,0.0188,20.59499931,37,29.2409992,1,5019.37793,588607,1,1475.463989,18.21203995,180.9799957,278.980011,0.63
rear,OC,1-NC,North Coast,4,Nestucca,25441,1,256,23875741,Beaver Cr,Mouth,E Beaver Cr,Nestucca R,2002,59,Snorkeled,6,0.00646198,0.0188,20.59499931,45,29.2409992,1,5019.37793,588607,1,1475.463989,19.26660919,116.9100037,289.6799927,0.63
rear,OC,1-NC,North Coast,4,Nestucca,25441,1,256,23875741,Beaver Cr,Mouth,E Beaver Cr,Nestucca R,2005,212,Snorkeled,6,0.00646198,0.0188,20.59499931,20,29.2409992,1,5019.37793,588607,1,1475.463989,19.61615753,116.7799988,402.0700073,0.63
rear,OC,1-NC,North Coast,4,Nestucca,25441,1,256,23875741,Beaver Cr,Mouth,E Beaver Cr,Nestucca R,2008,32,Snorkeled,6,0.00646198,0.0188,20.59499931,19,29.2409992,1,5019.37793,588607,1,1475.463989,18.37200356,139.7100067,285.480011,0.63
rear,OC,1-NC,North Coast,4,Nestucca,25441,1,256,23875741,Beaver Cr,Mouth,E Beaver Cr,Nestucca R,2011,165,Snorkeled,6,0.00646198,0.0188,20.59499931,26,29.2409992,1,5019.37793,588607,1,1475.463989,18.47864532,129.7100067,458.9100037,0.63
rear,OC,1-NC,North Coast,4,Nestucca,25441,1,256,23875741,Beaver Cr,Mouth,E Beaver Cr,Nestucca R,2014,172,Snorkeled,6,0.00646198,0.0188,20.59499931,39,29.2409992,1,5019.37793,588607,1,1475.463989,20.50483894,97.04000092,318.769989,0.63
rear,OC,1-NC,North Coast,4,Nestucca,25448,2,269,23876743,Bear Cr,Mouth,Headwaters,E Beaver Cr,1998,34,Snorkeled,4,0.045921732,0.031690001,7.519999981,3,34.4039993,1,2867.956055,588607,2,1449.156006,17.47905159,116.7600021,214.3300018,0.826
rear,OC,1-NC,North Coast,4,Nestucca,25448,2,270,23876743,Bear Cr,Mouth,Headwaters,E Beaver Cr,2002,45,Snorkeled,4,0.045921732,0.031690001,7.737999916,45,33.3919983,1,2867.956055,588607,2,1449.156006,16.70179749,116.5800018,303.1799927,0.451
rear,OC,1-NC,North Coast,4,Nestucca,25448,2,270,23876743,Bear Cr,Mouth,Headwaters,E Beaver Cr,2003,246,Snorkeled,4,0.045921732,0.031690001,7.737999916,50,33.3919983,1,2867.956055,588607,2,1449.156006,16.84740448,147.6699982,319.6700134,0.451
rear,OC,1-NC,North Coast,4,Nestucca,25448,4,21199,23876743,Bear Cr,Mouth,Headwaters,E Beaver Cr,2013,5,Snorkeled,4,0.045921732,0.031690001,6.118000031,29,37.1580009,1,2867.956055,588607,2,1449.156006,16.40510368,104.2200012,392.1199951,0.136
rear,OC,1-NC,North Coast,4,Nestucca,25451,1,284,23875745,E Beaver Cr,Wildcat Cr,Headwaters,Beaver Cr,2000,32,Snorkeled,4,0.018269099,0.028179999,15.62899971,28,33.6910019,1,1746.501953,588607,2,1434.998047,16.84921837,195.2299957,335.9899902,0.58
rear,OC,1-NC,North Coast,4,Nestucca,25451,2,281,23875745,E Beaver Cr,Wildcat Cr,Headwaters,Beaver Cr,2006,1248,Snorkeled,4,0.018269099,0.028179999,14.83399963,31,37.2169991,1,1746.501953,588607,2,1434.998047,17.74328995,133.9600067,226.5299988,0.743
rear,OC,1-NC,North Coast,4,Nestucca,25451,6,275,23875745,E Beaver Cr,Wildcat Cr,Headwaters,Beaver Cr,2002,1343,Snorkeled,4,0.018269099,0.028179999,13.72299957,45,41.2980003,1,1746.501953,588607,2,1434.998047,17.44834137,162.3399963,354.480011,0.521
rear,OC,1-NC,North Coast,4,Nestucca,25451,6,275,23875745,E Beaver Cr,Wildcat Cr,Headwaters,Beaver Cr,2003,1886,Snorkeled,4,0.018269099,0.028179999,13.72299957,50,41.2980003,1,1746.501953,588607,2,1434.998047,17.74684715,184.8600006,368.2000122,0.521
rear,OC,1-NC,North Coast,4,Nestucca,25451,6,275,23875745,E Beaver Cr,Wildcat Cr,Headwaters,Beaver Cr,2004,818,Snorkeled,4,0.018269099,0.028179999,13.72299957,48,41.2980003,1,1746.501953,588607,2,1434.998047,18.61829758,186.8600006,327.4200134,0.521
rear,OC,1-NC,North Coast,4,Nestucca,25451,6,275,23875745,E Beaver Cr,Wildcat Cr,Headwaters,Beaver Cr,2005,691,Snorkeled,4,0.018269099,0.028179999,13.72299957,20,41.2980003,1,1746.501953,588607,2,1434.998047,17.69772911,184.5200043,427.6600037,0.521
rear,OC,1-NC,North Coast,4,Nestucca,25451,6,275,23875745,E Beaver Cr,Wildcat Cr,Headwaters,Beaver Cr,2006,1479,Snorkeled,4,0.018269099,0.028179999,13.72299957,31,41.2980003,1,1746.501953,588607,2,1434.998047,17.74328995,177.4100037,264.7000122,0.521
rear,OC,1-NC,North Coast,4,Nestucca,25451,7,278,23875745,E Beaver Cr,Wildcat Cr,Headwaters,Beaver Cr,2002,1302,Snorkeled,4,0.018269099,0.028179999,12.91699982,45,42.6959991,1,1746.501953,588607,2,1434.998047,17.44834137,162.3399963,354.480011,0.704
rear,OC,1-NC,North Coast,4,Nestucca,25451,7,278,23875745,E Beaver Cr,Wildcat Cr,Headwaters,Beaver Cr,2003,2119,Snorkeled,4,0.018269099,0.028179999,12.91699982,50,42.6959991,1,1746.501953,588607,2,1434.998047,17.74684715,184.8600006,368.2000122,0.704
rear,OC,1-NC,North Coast,4,Nestucca,25451,8,277,23875745,E Beaver Cr,Wildcat Cr,Headwaters,Beaver Cr,2006,1318,Snorkeled,4,0.018269099,0.028179999,12.11100006,31,44.2879982,1,1746.501953,588607,2,1434.998047,17.74328995,177.4100037,264.7000122,0.575
rear,OC,1-NC,North Coast,4,Nestucca,25451,9,276,23875745,E Beaver Cr,Wildcat Cr,Headwaters,Beaver Cr,2002,1196,Snorkeled,4,0.018269099,0.028179999,11.38700008,45,45.2879982,1,1746.501953,588607,2,1434.998047,17.44834137,162.3399963,354.480011,0.565
rear,OC,1-NC,North Coast,4,Nestucca,25451,9,276,23875745,E Beaver Cr,Wildcat Cr,Headwaters,Beaver Cr,2011,1250,Snorkeled,4,0.018269099,0.028179999,11.38700008,26,45.2879982,1,1746.501953,588607,2,1434.998047,16.37063408,155.7599945,547.6099854,0.565
rear,OC,1-NC,North Coast,4,Nestucca,25456,1,287,23877149,"Foland Cr, W Fk",Mouth,Headwaters,Foland Cr,2006,197,Snorkeled,4,0.04253871,0.036249999,6.645999908,31,31.0039997,1,1857.817017,524706,1,1372.921997,17.30050278,133.9600067,226.5299988,0.508
rear,OC,1-NC,North Coast,4,Nestucca,25457,1,290,23877151,Foland Cr,"Foland Cr, W Fk",Headwaters,Nestucca R,2010,2,Snorkeled,3,0.077372931,0.046950001,4.72300005,38,31.5510006,1,2469.909912,524706,1,1379.686035,15.62298298,67.19000244,427.269989,0.136
rear,OC,1-NC,North Coast,4,Nestucca,25459,1,291,23876799,Wolfe Cr,Mouth,Swab Cr,Nestucca R,2003,166,Snorkeled,4,0.017830631,0.033399999,7.941999912,50,34.2799988,1,1179.411011,524706,1,1460.114014,20.09357262,144.6199951,309.2399902,0.674
rear,OC,1-NC,North Coast,4,Nestucca,25459,1,291,23876799,Wolfe Cr,Mouth,Swab Cr,Nestucca R,2006,307,Snorkeled,4,0.017830631,0.033399999,7.941999912,31,34.2799988,1,1179.411011,524706,1,1460.114014,20.08138275,133.9600067,226.5299988,0.674
rear,OC,1-NC,North Coast,4,Nestucca,25460,1,292,23876793,Swab Cr,Mouth,Headwaters,Wolfe Cr,2003,4,Snorkeled,3,0.049892701,0.117859997,4.081999779,50,35.0859985,1,1667.870972,524706,2,1363.097046,18.19125366,144.6199951,309.2399902,0.63
rear,OC,1-NC,North Coast,4,Nestucca,25463,1,297,23877153,Tony Cr,Mouth,Headwaters,Nestucca R,2014,17,Snorkeled,4,0.066257149,0.067850001,7.612999916,39,35.6629982,1,2346.929932,524706,3,1713.848999,17.70618057,97.56999969,336.0700073,0.527
rear,OC,1-NC,North Coast,4,Nestucca,25469,3,304,23876783,Bays Cr,Mouth,Headwaters,Nestucca R,2007,405,Snorkeled,4,0.089552492,0.044270001,6.758999825,34,41.9630013,1,2005.95105,799840,3,1551.475952,16.76936531,94.06999969,194.6799927,0.385
rear,OC,1-NC,North Coast,4,Nestucca,25474,1,319,23876813,East Cr,Mouth,Headwaters,Moon Cr,2006,1618,Snorkeled,5,0.02152073,0.05153,13.64900017,31,44.6570015,1,1442.042969,855848,5,1575.713989,18.19587708,169.2400055,248.1199951,0.575
rear,OC,1-NC,North Coast,4,Nestucca,25474,2,318,23876809,East Cr,Mouth,Headwaters,Moon Cr,2002,174,Snorkeled,5,0.01832653,0.05153,13.21199989,45,44.9580002,1,3546.88501,855848,5,1586.873047,16.63213921,155.0700073,347.8999939,0.533
rear,OC,1-NC,North Coast,4,Nestucca,25474,2,318,23876809,East Cr,Mouth,Headwaters,Moon Cr,2003,1276,Snorkeled,5,0.01832653,0.05153,13.21199989,50,44.9580002,1,3546.88501,855848,5,1586.873047,16.98359489,174.7200012,350.8200073,0.533
rear,OC,1-NC,North Coast,4,Nestucca,25474,3,315,23876797,East Cr,Mouth,Headwaters,Moon Cr,2004,157,Snorkeled,5,0.027268181,0.05153,11.76399994,48,48.2360001,1,1763.526978,855848,5,1538.990967,17.25323868,181.7100067,316.9599915,0.565
rear,OC,1-NC,North Coast,4,Nestucca,25475,1,20240,23876215,Moon Cr,East Cr,Headwaters,Nestucca R,2008,851,Snorkeled,4,0.016272221,0.05153,12.5010004,19,43.9199982,1,883.8649902,855848,4,1501.687988,17.60800552,171.5500031,288.5899963,0.585
rear,OC,1-NC,North Coast,4,Nestucca,25481,1,327,23876235,Powder Cr,Mouth,"Powder Cr, Left Br",Nestucca R,1999,13,Snorkeled,5,0.018366899,0.02716,10.53499985,37,50.2260017,1,2507.274902,799840,4,1936.682007,17.54910851,230.6000061,288.8500061,0.527
rear,OC,1-NC,North Coast,4,Nestucca,25481,1,327,23876235,Powder Cr,Mouth,"Powder Cr, Left Br",Nestucca R,2002,274,Snorkeled,5,0.018366899,0.02716,10.53499985,45,50.2260017,1,2507.274902,799840,4,1936.682007,18.48096848,140.2899933,314.5599976,0.527
rear,OC,1-NC,North Coast,4,Nestucca,25481,1,327,23876235,Powder Cr,Mouth,"Powder Cr, Left Br",Nestucca R,2005,621,Snorkeled,5,0.018366899,0.02716,10.53499985,20,50.2260017,1,2507.274902,799840,4,1936.682007,18.45864868,165.8099976,381.019989,0.527
rear,OC,1-NC,North Coast,4,Nestucca,25481,1,327,23876235,Powder Cr,Mouth,"Powder Cr, Left Br",Nestucca R,2006,1035,Snorkeled,5,0.018366899,0.02716,10.53499985,31,50.2260017,1,2507.274902,799840,4,1936.682007,18.70416832,158.0099945,225.7899933,0.527
rear,OC,1-NC,North Coast,4,Nestucca,25481,1,327,23876235,Powder Cr,Mouth,"Powder Cr, Left Br",Nestucca R,2011,512,Snorkeled,5,0.018366899,0.02716,10.53499985,26,50.2260017,1,2507.274902,799840,4,1936.682007,16.89624786,117.4700012,473.0100098,0.527
rear,OC,1-NC,North Coast,4,Nestucca,25481,1,327,23876235,Powder Cr,Mouth,"Powder Cr, Left Br",Nestucca R,2014,312,Snorkeled,5,0.018366899,0.02716,10.53499985,39,50.2260017,1,2507.274902,799840,4,1936.682007,20.19402885,108.5999985,369.2200012,0.527
rear,OC,1-NC,North Coast,4,Nestucca,25481,1,331,23876235,Powder Cr,Mouth,"Powder Cr, Left Br",Nestucca R,2002,223,Snorkeled,5,0.018366899,0.02716,10.34700012,45,50.8470001,1,2507.274902,799840,4,1936.682007,18.48096848,140.2899933,314.5599976,0.536
rear,OC,1-NC,North Coast,4,Nestucca,25481,1,331,23876235,Powder Cr,Mouth,"Powder Cr, Left Br",Nestucca R,2003,1371,Snorkeled,5,0.018366899,0.02716,10.34700012,50,50.8470001,1,2507.274902,799840,4,1936.682007,18.69300842,151.8300018,326.4299927,0.536
rear,OC,1-NC,North Coast,4,Nestucca,25481,1,331,23876235,Powder Cr,Mouth,"Powder Cr, Left Br",Nestucca R,2004,821,Snorkeled,5,0.018366899,0.02716,10.34700012,48,50.8470001,1,2507.274902,799840,4,1936.682007,19.36260796,164.7200012,292.8399963,0.536
rear,OC,1-NC,North Coast,4,Nestucca,25481,1,331,23876235,Powder Cr,Mouth,"Powder Cr, Left Br",Nestucca R,2005,621,Snorkeled,5,0.018366899,0.02716,10.34700012,20,50.8470001,1,2507.274902,799840,4,1936.682007,18.45864868,165.8099976,381.019989,0.536
rear,OC,1-NC,North Coast,4,Nestucca,25481,1,331,23876235,Powder Cr,Mouth,"Powder Cr, Left Br",Nestucca R,2006,1035,Snorkeled,5,0.018366899,0.02716,10.34700012,31,50.8470001,1,2507.274902,799840,4,1936.682007,18.70416832,158.0099945,225.7899933,0.536
rear,OC,1-NC,North Coast,4,Nestucca,25482.5,1,332,23876237,Powder Cr,"Powder Cr, Left Br","Powder Cr, Dahl Fk",Nestucca R,2005,365,Snorkeled,4,0.046354711,0.04414,7.822999954,20,52.2599983,1,4530.541016,799840,4,1926.027954,17.94534874,171.7899933,423.75,0.361
rear,OC,1-NC,North Coast,4,Nestucca,25482.5,1,335,23876237,Powder Cr,"Powder Cr, Left Br","Powder Cr, Dahl Fk",Nestucca R,2002,37,Snorkeled,4,0.046354711,0.04414,7.419000149,45,53.2719994,1,4530.541016,799840,4,1926.027954,17.96704865,149.7200012,350.8900146,0.318
rear,OC,1-NC,North Coast,4,Nestucca,25482.5,1,335,23876237,Powder Cr,"Powder Cr, Left Br","Powder Cr, Dahl Fk",Nestucca R,2003,449,Snorkeled,4,0.046354711,0.04414,7.419000149,50,53.2719994,1,4530.541016,799840,4,1926.027954,18.17319298,166.25,352.019989,0.318
rear,OC,1-NC,North Coast,4,Nestucca,25482.5,1,335,23876237,Powder Cr,"Powder Cr, Left Br","Powder Cr, Dahl Fk",Nestucca R,2004,291,Snorkeled,4,0.046354711,0.04414,7.419000149,48,53.2719994,1,4530.541016,799840,4,1926.027954,18.82417297,173.5899963,315.7600098,0.318
rear,OC,1-NC,North Coast,4,Nestucca,25482.5,1,335,23876237,Powder Cr,"Powder Cr, Left Br","Powder Cr, Dahl Fk",Nestucca R,2005,365,Snorkeled,4,0.046354711,0.04414,7.419000149,20,53.2719994,1,4530.541016,799840,4,1926.027954,17.94534874,171.7899933,423.75,0.318
rear,OC,1-NC,North Coast,4,Nestucca,25482.5,1,335,23876237,Powder Cr,"Powder Cr, Left Br","Powder Cr, Dahl Fk",Nestucca R,2006,343,Snorkeled,4,0.046354711,0.04414,7.419000149,31,53.2719994,1,4530.541016,799840,4,1926.027954,18.18404198,166.8800049,249.4799957,0.318
rear,OC,1-NC,North Coast,4,Nestucca,25482.5,1,21021,23876237,Powder Cr,"Powder Cr, Left Br","Powder Cr, Dahl Fk",Nestucca R,2012,568,Snorkeled,4,0.046354711,0.04414,7.745999813,48,52.5639992,1,4530.541016,799840,4,1926.027954,17.07195091,170.2100067,347.6600037,0.334
rear,OC,1-NC,North Coast,4,Nestucca,25483,1,21192,23876869,"Powder Cr, Dahl Fk",Mouth,Headwaters,Powder Cr,2013,0,Snorkeled,3,0.136732876,0.123690002,4.926000118,29,55.0369987,1,3370.218994,799840,4,1941.805054,14.47267246,136.9700012,515.710022,0.405193277
rear,OC,1-NC,North Coast,4,Nestucca,25486,2,340,23876225,Beulah Cr,Mouth,Headwaters,Niagara Cr,2006,248,Snorkeled,4,0.053487912,0.0348,5.863999844,31,57.1629982,1,3848.165039,906298,3,1905.312012,17.46812439,196.1900024,282.2799988,0.146
rear,OC,1-NC,North Coast,4,Nestucca,25486,2,20422,23876225,Beulah Cr,Mouth,Headwaters,Niagara Cr,2009,0,Snorkeled,4,0.053487912,0.0348,5.986000061,38,56.6640015,1,3848.165039,906298,3,1905.312012,18.15977669,176.8099976,334.6900024,0.136
rear,OC,1-NC,North Coast,4,Nestucca,25488,2,345,23877161,Pheasant Cr,Mouth,Headwaters,Niagara Cr,2001,22,Snorkeled,4,0.050030589,0.053890001,5.954999924,77,56.4889984,1,1346.56897,906298,3,1802.723999,14.39860725,64.52999878,267.1700134,0.2449375
rear,OC,1-NC,North Coast,4,Nestucca,25488,2,345,23877161,Pheasant Cr,Mouth,Headwaters,Niagara Cr,2010,457,Snorkeled,4,0.050030589,0.053890001,5.954999924,38,56.4889984,1,1346.56897,906298,3,1802.723999,15.92293739,81.79000092,371.269989,0.2449375
rear,OC,1-NC,North Coast,4,Nestucca,25489,3,346,23876923,Niagara Cr,Pheasant Cr,Headwaters,Nestucca R,2001,0,Snorkeled,4,0.030649349,0.093599997,5.506000042,77,59.4210014,1,1043.840942,906298,3,1948.671021,16.09027672,61.09000015,219.5399933,0.576
rear,OC,1-NC,North Coast,4,Nestucca,25495,1,354,23876885,Mina Cr,Mouth,Headwaters,Nestucca R,2005,1,Snorkeled,1,0.081100263,0.248820007,1.432999969,20,54.8230019,1,1983.93396,906298,3,2194.043945,15.10257912,135.5099945,324.9400024,0.2449375
rear,OC,1-NC,North Coast,4,Nestucca,25501,1,363,23876267,Testament Cr,Mouth,Headwaters,Nestucca R,2002,463,Snorkeled,4,0.054420698,0.046489999,10.22000027,45,58.973999,1,8005.280762,994158,4,1447.925049,16.01459694,147.9100037,231.7599945,0.466220588
rear,OC,1-NC,North Coast,4,Nestucca,25501,1,363,23876267,Testament Cr,Mouth,Headwaters,Nestucca R,2011,162,Snorkeled,4,0.054420698,0.046489999,10.22000027,26,58.973999,1,8005.280762,994158,4,1447.925049,14.30682564,105.8499985,382.4200134,0.466220588
rear,OC,1-NC,North Coast,4,Nestucca,25501,1,365,23876267,Testament Cr,Mouth,Headwaters,Nestucca R,2004,278,Snorkeled,4,0.054420698,0.046489999,10.30799961,48,58.5750008,1,8005.280762,994158,4,1447.925049,16.42411041,144.8699951,254.4199982,0.348
rear,OC,1-NC,North Coast,4,Nestucca,25501,2,362,23876267,Testament Cr,Mouth,Headwaters,Nestucca R,2001,826,Snorkeled,4,0.054420698,0.046489999,9.739999771,77,60.0789986,1,8005.280762,994158,4,1447.925049,13.96291542,69.98000336,255.6999969,0.508
rear,OC,1-NC,North Coast,4,Nestucca,25501,2,362,23876267,Testament Cr,Mouth,Headwaters,Nestucca R,2010,715,Snorkeled,4,0.054420698,0.046489999,9.739999771,38,60.0789986,1,8005.280762,994158,4,1447.925049,15.72000122,87.94999695,376.8399963,0.508
rear,OC,1-NC,North Coast,4,Nestucca,25501,3,361,23876267,Testament Cr,Mouth,Headwaters,Nestucca R,2004,290,Snorkeled,4,0.054420698,0.046489999,8.583999634,48,62.2449989,1,8005.280762,994158,4,1447.925049,16.42411041,170.5500031,275.2999878,0.281
rear,OC,1-NC,North Coast,4,Nestucca,25503,1,367,23876129,Bear Cr,Mouth,Headwaters,Nestucca R,2002,3151,Snorkeled,4,0.048999421,0.03582,11.32299995,45,63.4249992,1,2427.903076,994158,5,1495.86499,17.32441902,155.3000031,294.6600037,0.527
rear,OC,1-NC,North Coast,4,Nestucca,25503,1,367,23876129,Bear Cr,Mouth,Headwaters,Nestucca R,2003,2671,Snorkeled,4,0.048999421,0.03582,11.32299995,50,63.4249992,1,2427.903076,994158,5,1495.86499,17.88743591,144.7799988,313.3599854,0.527
rear,OC,1-NC,North Coast,4,Nestucca,25503,1,367,23876129,Bear Cr,Mouth,Headwaters,Nestucca R,2004,1450,Snorkeled,4,0.048999421,0.03582,11.32299995,48,63.4249992,1,2427.903076,994158,5,1495.86499,17.8092556,168.4199982,288.980011,0.527
rear,OC,1-NC,North Coast,4,Nestucca,25503,1,367,23876129,Bear Cr,Mouth,Headwaters,Nestucca R,2005,1214,Snorkeled,4,0.048999421,0.03582,11.32299995,20,63.4249992,1,2427.903076,994158,5,1495.86499,17.13879776,171.1799927,365.6300049,0.527
rear,OC,1-NC,North Coast,4,Nestucca,25503,1,367,23876129,Bear Cr,Mouth,Headwaters,Nestucca R,2006,2369,Snorkeled,4,0.048999421,0.03582,11.32299995,31,63.4249992,1,2427.903076,994158,5,1495.86499,18.02676392,160.6799927,214.3399963,0.527
rear,OC,1-NC,North Coast,4,Nestucca,25503,1,20804,23876129,Bear Cr,Mouth,Headwaters,Nestucca R,2011,1044,Snorkeled,4,0.048999421,0.03582,11.08699989,26,64.3310013,1,2427.903076,994158,5,1495.86499,15.46773434,109.6999969,459.3200073,0.595
rear,OC,1-NC,North Coast,4,Nestucca,25503,2,368,23876129,Bear Cr,Mouth,Headwaters,Nestucca R,2005,616,Snorkeled,4,0.048999421,0.03582,10.79399967,20,65.2310028,1,2427.903076,994158,5,1495.86499,17.13879776,171.1799927,365.6300049,0.58
rear,OC,1-NC,North Coast,4,Nestucca,25504,1,105026,23875713,Nestucca R,Bear Cr,Elk Cr,Nestucca Bay,2012,1180,Snorkeled,6,0.01189294,0.03582,22.43700027,48,63.8909988,1,6470.12207,994158,4,1510.689941,17.79164505,151.7899933,327.0799866,0.555
rear,OC,1-NC,North Coast,4,Nestucca,25504,2,373,23875713,Nestucca R,Bear Cr,Elk Cr,Nestucca Bay,1999,177,Snorkeled,6,0.01189294,0.03582,22.29700089,37,65.0889969,1,6470.12207,994158,4,1510.689941,18.17558861,244.5099945,270.0799866,0.555
rear,OC,1-NC,North Coast,4,Nestucca,25505,1,16010,23876155,Elk Cr,Mouth,"Elk Cr, Trib A",Nestucca R,2007,1219,Snorkeled,5,0.02613168,0.036699999,14.23200035,34,66.1100006,1,8841.211914,827741,3,1532.18103,17.7992115,118.8899994,157.6100006,0.508
rear,OC,1-NC,North Coast,4,Nestucca,25505,1,16010,23876155,Elk Cr,Mouth,"Elk Cr, Trib A",Nestucca R,2008,431,Snorkeled,5,0.02613168,0.036699999,14.23200035,19,66.1100006,1,8841.211914,827741,3,1532.18103,16.96004295,219.5899963,266.8599854,0.508
rear,OC,1-NC,North Coast,4,Nestucca,25505,1,16010,23876155,Elk Cr,Mouth,"Elk Cr, Trib A",Nestucca R,2009,935,Snorkeled,5,0.02613168,0.036699999,14.23200035,38,66.1100006,1,8841.211914,827741,3,1532.18103,18.61875153,137.6999969,311.9299927,0.508
rear,OC,1-NC,North Coast,4,Nestucca,25505,1,16010,23876155,Elk Cr,Mouth,"Elk Cr, Trib A",Nestucca R,2010,464,Snorkeled,5,0.02613168,0.036699999,14.23200035,38,66.1100006,1,8841.211914,827741,3,1532.18103,16.69504356,99.26000214,448.7099915,0.508
rear,OC,1-NC,North Coast,4,Nestucca,25505,1,16010,23876155,Elk Cr,Mouth,"Elk Cr, Trib A",Nestucca R,2011,748,Snorkeled,5,0.02613168,0.036699999,14.23200035,26,66.1100006,1,8841.211914,827741,3,1532.18103,15.31115055,115.8600006,466.4400024,0.508
rear,OC,1-NC,North Coast,4,Nestucca,25505,1,16010,23876155,Elk Cr,Mouth,"Elk Cr, Trib A",Nestucca R,2012,338,Snorkeled,5,0.02613168,0.036699999,14.23200035,48,66.1100006,1,8841.211914,827741,3,1532.18103,16.03744888,168.2899933,350.6300049,0.508
rear,OC,1-NC,North Coast,4,Nestucca,25505,1,16010,23876155,Elk Cr,Mouth,"Elk Cr, Trib A",Nestucca R,2013,566,Snorkeled,5,0.02613168,0.036699999,14.23200035,29,66.1100006,1,8841.211914,827741,3,1532.18103,17.90226746,117.4599991,387.0799866,0.508
rear,OC,1-NC,North Coast,4,Nestucca,25505,1,16010,23876155,Elk Cr,Mouth,"Elk Cr, Trib A",Nestucca R,2014,340,Snorkeled,5,0.02613168,0.036699999,14.23200035,39,66.1100006,1,8841.211914,827741,3,1532.18103,18.92791939,125.5400009,374.8999939,0.508
rear,OC,1-NC,North Coast,4,Nestucca,25505.30078,2,375,23876825,"Elk Cr, Trib A",Mouth,Headwaters,Elk Cr,2003,0,Snorkeled,4,0.105469793,0.140269995,4.997000217,50,68.4550018,1,4192.099121,827741,3,1540.885986,15.73429298,158.5,308.6300049,0.465684211
rear,OC,1-NC,North Coast,4,Nestucca,25505.69922,1,377,23876157,Elk Cr,"Elk Cr, Trib A","Elk Cr, Trib B",Nestucca R,2004,772,Snorkeled,5,0.0228932,0.038109999,13.49800014,48,67.3030014,1,4420.225098,827741,3,1521.14502,17.94829941,180.4900055,279.1199951,0.502
rear,OC,1-NC,North Coast,4,Nestucca,25507,1,378,23876159,Elk Cr,"Elk Cr, Trib B",Tucca Cr,Nestucca R,2000,1903,Snorkeled,5,0.023534041,0.049479999,12.45100021,28,68.6780014,1,2951.76709,827741,3,1441.119995,15.53264332,198.3399963,323.3900146,0.544
rear,OC,1-NC,North Coast,4,Nestucca,25507,1,378,23876159,Elk Cr,"Elk Cr, Trib B",Tucca Cr,Nestucca R,2009,1297,Snorkeled,5,0.023534041,0.049479999,12.45100021,38,68.6780014,1,2951.76709,827741,3,1441.119995,18.21774483,137.6999969,311.9299927,0.544
rear,OC,1-NC,North Coast,4,Nestucca,25507,2,382,23876159,Elk Cr,"Elk Cr, Trib B",Tucca Cr,Nestucca R,2002,0,Snorkeled,5,0.023534041,0.049479999,11.27400017,45,72.0250015,1,2951.76709,827741,3,1441.119995,16.78254509,191.8500061,385.1099854,0.514
rear,OC,1-NC,North Coast,4,Nestucca,25507,3,381,23876159,Elk Cr,"Elk Cr, Trib B",Tucca Cr,Nestucca R,2003,0,Snorkeled,5,0.023534041,0.049479999,10.89799976,50,72.3359985,1,2951.76709,827741,3,1441.119995,17.35426712,200.6300049,364.8500061,0.459
rear,OC,1-NC,North Coast,4,Nestucca,25508,1,386,23876773,Tucca Cr,Mouth,Headwaters,Elk Cr,2002,0,Snorkeled,4,0.04185649,0.049479999,9.005000114,45,72.4710007,1,1437.124023,827741,3,1547.598022,15.71460247,191.8500061,385.1099854,0.521
rear,OC,1-NC,North Coast,4,Nestucca,25510,3,105042,23875717,Nestucca R,Elk Cr,Fan Cr,Nestucca Bay,2007,709,Snorkeled,5,0.00695028,0.03582,18.23800087,34,69.75,1,1601.675049,827741,4,1481.300049,19.43226051,118.8899994,157.6100006,0.575
rear,OC,1-NC,North Coast,4,Nestucca,25512.30078,2,21196,23876833,Bald Mtn Cr,Mouth,Headwaters,Nestucca R,2013,107,Snorkeled,4,0.091310747,0.077019997,6.390999794,29,77.1399994,1,5189.164063,355665,5,1302.128052,15.35871887,107.9899979,317.5499878,0.5105625
rear,OC,1-NC,North Coast,4,Nestucca,25512.69922,1,391,23875723,Nestucca R,Bald Mtn Cr,Ginger Cr,Nestucca Bay,2005,1142,Snorkeled,5,0.00866718,0.03582,15.84399986,20,75.5429993,1,1817.868042,355665,5,1443.739014,17.7763958,168.8200073,314.1400146,0.58
rear,OC,1-NC,North Coast,4,Nestucca,25512.69922,3,393,23875725,Nestucca R,Bald Mtn Cr,Ginger Cr,Nestucca Bay,2002,1688,Snorkeled,5,0.017836031,0.03582,14.45600033,45,78.4749985,1,3607.202881,355665,5,1401.593018,17.57605743,168.8699951,246.9100037,0.56
rear,OC,1-NC,North Coast,4,Nestucca,25512.69922,3,393,23875725,Nestucca R,Bald Mtn Cr,Ginger Cr,Nestucca Bay,2005,1095,Snorkeled,5,0.017836031,0.03582,14.45600033,20,78.4749985,1,3607.202881,355665,5,1401.593018,17.59646988,168.8200073,314.1400146,0.56
rear,OC,1-NC,North Coast,4,Nestucca,25512.69922,3,393,23875725,Nestucca R,Bald Mtn Cr,Ginger Cr,Nestucca Bay,2006,2335,Snorkeled,5,0.017836031,0.03582,14.45600033,31,78.4749985,1,3607.202881,355665,5,1401.593018,18.80597305,157.3999939,200.9299927,0.56
rear,OC,1-NC,North Coast,4,Nestucca,25512.69922,4,392,23875725,Nestucca R,Bald Mtn Cr,Ginger Cr,Nestucca Bay,2002,3815,Snorkeled,5,0.017836031,0.03582,14.13399982,45,79.776001,1,3607.202881,355665,5,1401.593018,17.57605743,168.8699951,246.9100037,0.555
rear,OC,1-NC,North Coast,4,Nestucca,25512.69922,4,392,23875725,Nestucca R,Bald Mtn Cr,Ginger Cr,Nestucca Bay,2003,3127,Snorkeled,5,0.017836031,0.03582,14.13399982,50,79.776001,1,3607.202881,355665,5,1401.593018,18.53549385,138.8300018,266.8999939,0.555
rear,OC,1-NC,North Coast,4,Nestucca,25514,1,396,23875727,Nestucca R,Ginger Cr,Cedar Cr,Nestucca Bay,2003,936,Snorkeled,5,0.023737811,0.03582,13.54300022,50,80.4869995,1,6306.025879,480686,5,1370.907959,18.38063049,138.8300018,266.8999939,0.533
rear,OC,1-NC,North Coast,5,NCDependent,0,0,20232,23877109,,,,,2008,0,Snorkeled,3,0.097285502,0.054099999,4.482999802,30,2.382,6,4487.164063,314611,1,1206.06604,15.25986671,137.75,276.9599915,0.5142
rear,OC,1-NC,North Coast,5,NCDependent,25328,1,107,23876957,Hawk Cr,Mouth,Headwaters,Butte Cr,2002,43,Snorkeled,4,0.05195279,0.01483,7.750999928,45,2.1170001,1,930.9580078,1179156,3,1273.344971,16.52663422,127.6100006,323.8200073,0.502
rear,OC,1-NC,North Coast,5,NCDependent,25328,2,20426,23876957,Hawk Cr,Mouth,Headwaters,Butte Cr,2009,192,Snorkeled,4,0.05195279,0.01483,7.111999989,40,3.115,1,930.9580078,1179156,3,1273.344971,16.58411789,157.1799927,290.4899902,0.544663158
rear,OC,1-NC,North Coast,5,NCDependent,25343.69922,1,130,23877013,Sloan Cr,"Sloan Cr, Trib B",Headwaters,Neskowin Cr,1998,12,Snorkeled,3,0.092430927,0.05703,3.782000065,21,8.1350002,1,1067.755005,1179156,2,1683.102051,14.99666595,127.0999985,219.25,0.502
rear,OC,1-NC,North Coast,5,NCDependent,25343.69922,1,130,23877013,Sloan Cr,"Sloan Cr, Trib B",Headwaters,Neskowin Cr,1999,0,Snorkeled,3,0.092430927,0.05703,3.782000065,47,8.1350002,1,1067.755005,1179156,2,1683.102051,13.3946209,178.2700043,284.6000061,0.502
rear,OC,1-NC,North Coast,5,NCDependent,25343.69922,1,130,23877013,Sloan Cr,"Sloan Cr, Trib B",Headwaters,Neskowin Cr,2000,19,Snorkeled,3,0.092430927,0.05703,3.782000065,38,8.1350002,1,1067.755005,1179156,2,1683.102051,14.22882175,127.1100006,287.480011,0.502
rear,OC,1-NC,North Coast,5,NCDependent,25343.69922,1,130,23877013,Sloan Cr,"Sloan Cr, Trib B",Headwaters,Neskowin Cr,2001,0,Snorkeled,3,0.092430927,0.05703,3.782000065,77,8.1350002,1,1067.755005,1179156,2,1683.102051,13.40884018,69.77999878,291.5899963,0.502
rear,OC,1-NC,North Coast,5,NCDependent,25343.69922,1,130,23877013,Sloan Cr,"Sloan Cr, Trib B",Headwaters,Neskowin Cr,2002,0,Snorkeled,3,0.092430927,0.05703,3.782000065,45,8.1350002,1,1067.755005,1179156,2,1683.102051,14.73597813,128.7700043,299.7600098,0.502
rear,OC,1-NC,North Coast,5,NCDependent,25343.69922,1,130,23877013,Sloan Cr,"Sloan Cr, Trib B",Headwaters,Neskowin Cr,2003,55,Snorkeled,3,0.092430927,0.05703,3.782000065,59,8.1350002,1,1067.755005,1179156,2,1683.102051,14.95874786,134.7400055,305.9700012,0.502
rear,OC,1-NC,North Coast,5,NCDependent,25343.69922,1,130,23877013,Sloan Cr,"Sloan Cr, Trib B",Headwaters,Neskowin Cr,2004,42,Snorkeled,3,0.092430927,0.05703,3.782000065,31,8.1350002,1,1067.755005,1179156,2,1683.102051,15.77399063,149.1199951,245.5899963,0.502
rear,OC,1-NC,North Coast,5,NCDependent,25343.69922,1,130,23877013,Sloan Cr,"Sloan Cr, Trib B",Headwaters,Neskowin Cr,2005,13,Snorkeled,3,0.092430927,0.05703,3.782000065,30,8.1350002,1,1067.755005,1179156,2,1683.102051,15.19573689,113.1100006,380.3900146,0.502
rear,OC,1-NC,North Coast,5,NCDependent,25343.69922,1,130,23877013,Sloan Cr,"Sloan Cr, Trib B",Headwaters,Neskowin Cr,2006,26,Snorkeled,3,0.092430927,0.05703,3.782000065,31,8.1350002,1,1067.755005,1179156,2,1683.102051,14.9540081,125.6500015,230.2799988,0.502
rear,OC,1-NC,North Coast,5,NCDependent,25343.69922,1,130,23877013,Sloan Cr,"Sloan Cr, Trib B",Headwaters,Neskowin Cr,2012,107,Snorkeled,3,0.092430927,0.05703,3.782000065,48,8.1350002,1,1067.755005,1179156,2,1683.102051,14.06766891,172.3000031,286.519989,0.502
rear,OC,1-NC,North Coast,5,NCDependent,25343.69922,1,130,23877013,Sloan Cr,"Sloan Cr, Trib B",Headwaters,Neskowin Cr,2013,35,Snorkeled,3,0.092430927,0.05703,3.782000065,28,8.1350002,1,1067.755005,1179156,2,1683.102051,14.45159149,89.34999847,362.1300049,0.502
rear,OC,1-NC,North Coast,5,NCDependent,25343.69922,1,130,23877013,Sloan Cr,"Sloan Cr, Trib B",Headwaters,Neskowin Cr,2014,7,Snorkeled,3,0.092430927,0.05703,3.782000065,39,8.1350002,1,1067.755005,1179156,2,1683.102051,15.6981535,88.41999817,346.0899963,0.502
rear,OC,1-NC,North Coast,5,NCDependent,25348,1,20622,23877179,Neskowin Cr,Sutton Cr,"Neskowin Cr, Trib A",Pacific Ocean,2010,0,Snorkeled,5,0.044910129,0.02916,7.80700016,37,10.6300001,1,1391.176025,1179156,4,1598.509033,14.64317703,95.51999664,442.6700134,0.425
rear,OC,1-NC,North Coast,5,NCDependent,25530,4,408,23876769,Jewel Cr,Mouth,"Jewel Cr, Trib A",Sand Cr,2007,110,Snorkeled,5,0.0244714,0.027480001,7.709000111,35,6.948,1,2402.686035,336713,1,1577.208008,20.02958107,90.80999756,191.5399933,0.544
rear,OC,1-NC,North Coast,5,NCDependent,25536,4,425,23876735,Sand Cr,"Sand Cr, Trib A",Headwaters,Pacific Ocean,2001,0,Snorkeled,3,0.027814981,0.06622,4.960000038,77,10.8879995,1,2826.009033,336713,1,1207.678955,16.34960747,55.50999832,290.5400085,0.361
rear,OC,1-NC,North Coast,5,NCDependent,25536,4,20421,23876735,Sand Cr,"Sand Cr, Trib A",Headwaters,Pacific Ocean,2009,46,Snorkeled,3,0.027814981,0.06622,5.781000137,40,10.3999996,1,2826.009033,336713,1,1207.678955,18.24189758,105.8399963,291.0799866,0.508
rear,OC,1-NC,North Coast,5,NCDependent,26182,3,21193,23871127,"Ecola Cr, W Fk",Mouth,Tolovana Cr,Ecola Cr,2013,314,Snorkeled,5,0.00714011,0.110529996,15.0369997,28,5.1609998,3,45.20600128,2394596,1,1093.418579,18.3304348,124.1600037,493.2099915,0.388307692
rear,OC,1-NC,North Coast,5,NCDependent,26183,2,18146,23871131,"Ecola Cr, N Fk",Mouth,Headwaters,Ecola Cr,2013,398,Snorkeled,4,0.01147682,0.03452,16.1590004,28,4.7199998,3,1405.625,2394596,1,1636.057373,17.95319176,124.1600037,493.2099915,0.698
rear,OC,1-NC,North Coast,5,NCDependent,26183,2.0999999,1778,23871133,"Ecola Cr, N Fk",Mouth,Headwaters,Ecola Cr,2006,445,Snorkeled,4,0.02857483,0.133780003,15.51599979,31,6.3239999,3,29570.57422,2394596,1,1014.539001,17.52962303,170.3500061,233.9100037,0.388307692
rear,OC,1-NC,North Coast,3,Tillamook Bay,25794.30078,1,1898,23890302,Margary Cr,Mouth,Headwaters,Miami R,1999,0,Snorkeled,3,0.050929312,0.080770001,3.582000017,51,80.0070038,1,2105.199951,217656,2,1508.43103,17.78546143,125.25,154.8899994,0.448
rear,OC,2-MC,Mid-Coast,6,Salmon,25266.69922,1,3766,23882360,Crowley Cr,Trib A,Headwaters,Salmon R,2000,1,Snorkeled,3,0.120214038,0.093110003,5.118000031,28,2.4430001,1,4937.874023,287147,2,1767.322998,14.65273952,119.7600021,270.0700073,0.541900826
rear,OC,2-MC,Mid-Coast,6,Salmon,25266.69922,1,3766,23882360,Crowley Cr,Trib A,Headwaters,Salmon R,2003,0,Snorkeled,3,0.120214038,0.093110003,5.118000031,45,2.4430001,1,4937.874023,287147,2,1767.322998,15.34132671,122.9000015,291.9599915,0.541900826
rear,OC,2-MC,Mid-Coast,6,Salmon,25266.69922,1,3766,23882360,Crowley Cr,Trib A,Headwaters,Salmon R,2006,17,Snorkeled,3,0.120214038,0.093110003,5.118000031,31,2.4430001,1,4937.874023,287147,2,1767.322998,15.37676907,116.1900024,216.5299988,0.541900826
rear,OC,2-MC,Mid-Coast,6,Salmon,25266.69922,1,3766,23882360,Crowley Cr,Trib A,Headwaters,Salmon R,2009,9,Snorkeled,3,0.120214038,0.093110003,5.118000031,36,2.4430001,1,4937.874023,287147,2,1767.322998,15.1590538,131.4299927,273.8900146,0.541900826
rear,OC,2-MC,Mid-Coast,6,Salmon,25266.69922,1,3766,23882360,Crowley Cr,Trib A,Headwaters,Salmon R,2012,47,Snorkeled,3,0.120214038,0.093110003,5.118000031,48,2.4430001,1,4937.874023,287147,2,1767.322998,14.33376122,166.5200043,283.9200134,0.541900826
rear,OC,2-MC,Mid-Coast,6,Salmon,25282,1,3777,23881216,Deer Cr,Mouth,Toketa Cr,Salmon R,2013,119,Snorkeled,4,0.018851049,0.01677,8.18900013,16,7.2930002,1,1018.833984,287147,2,1969.198975,17.90884209,96.30999756,371.3999939,0.56
rear,OC,2-MC,Mid-Coast,6,Salmon,25296.19922,2,3790,23881300,Bear Cr,"Bear Cr, Trib A",Headwaters,Salmon R,2006,205,Snorkeled,4,0.017309841,0.052499998,8.940999985,31,14.5450001,1,1557.671997,287147,2,1487.357056,17.06507301,133.8999939,231.1699982,0.538
rear,OC,2-MC,Mid-Coast,6,Salmon,25296.19922,5,3794,23881308,Bear Cr,"Bear Cr, Trib A",Headwaters,Salmon R,1999,235,Snorkeled,3,0.0234752,0.068209998,7.242000103,36,16.5470009,1,11.02700043,287147,2,1432.342041,14.58885098,191.1600037,286.3599854,1
rear,OC,2-MC,Mid-Coast,6,Salmon,25301,1,35429,23881260,Salmon R,Slick Rock Cr,Widow Cr,Pacific Ocean,2008,96,Snorkeled,5,0.010139,0.066650003,22.01499939,19,15.1370001,1,1103.812988,557465,2,1528.209961,20.06414986,161.6799927,305.0599976,0.617
rear,OC,2-MC,Mid-Coast,6,Salmon,25310,1,205178,23881290,Deer Cr,Mouth,Headwaters,Salmon R,2007,234,Snorkeled,4,0.146328643,0.066650003,8.986000061,34,19.8990002,1,5340.688965,557465,2,1352.067017,14.2648325,111.5899963,269.480011,0.136
rear,OC,2-MC,Mid-Coast,6,Salmon,25315,1,36490,23881208,Salmon R,Sulphur Cr,Indian Cr,Pacific Ocean,2012,388,Snorkeled,5,0.00709854,0.066650003,16.46100044,48,22.3910007,1,1308.758057,557465,2,1554.223022,17.93593216,205.6000061,314.7399902,0.604
rear,OC,2-MC,Mid-Coast,6,Salmon,25321,1,3823,23881200,Salmon R,Boulder Cr,Little Salmon R,Pacific Ocean,2000,1050,Snorkeled,4,0.01286666,0.066650003,14.55900002,28,24.4470005,1,1490.53894,557465,3,1585.786011,18.06997871,119.7600021,270.0700073,0.604
rear,OC,2-MC,Mid-Coast,6,Salmon,25324,1,205242,23881226,"Salmon R, Trib G",Mouth,Headwaters,Salmon R,2007,631,Snorkeled,3,0.063152067,0.066650003,4.916999817,34,27.2229996,1,1308.123047,557465,2,1390.474976,16.25857162,122.4800034,276.4599915,0.481
rear,OC,2-MC,Mid-Coast,6,Salmon,25325.69922,1,3830,23881204,Salmon R,"Salmon R, Trib H",Headwaters,Pacific Ocean,2003,1449,Snorkeled,4,0.02289862,0.066650003,13.05799961,45,28.0380001,1,3388.194092,557465,3,1543.670044,18.78660202,184.2299957,410.6000061,0.644
rear,OC,2-MC,Mid-Coast,7,Siletz,0,0,36937,23880862,,,,,2007,79,Snorkeled,7,0.00043374,0.01547,47.86000061,36,45.2299995,1,190.8009949,236563,1,1629.432983,21.48942184,81.61000061,168.0899963,0.575
rear,OC,2-MC,Mid-Coast,7,Siletz,0,0,36988,23880876,,,,,2007,337,Snorkeled,7,0.00172469,0.05091,46.53300095,36,71.1849976,6,5389.312012,346270,1,1635.416016,22.0664444,81.23000336,168.4199982,0.593
rear,OC,2-MC,Mid-Coast,7,Siletz,0,0,37564,23880862,,,,,2007,95,Snorkeled,7,0.00043374,0.01547,47.88600159,36,44.5279999,1,190.8009949,236563,1,1629.432983,21.48942184,81.61000061,168.0899963,0.587
rear,OC,2-MC,Mid-Coast,7,Siletz,0,0,37621,23880918,,,,,2007,113,Snorkeled,7,0.01142049,0.05091,39.86299896,36,91.0439987,1,5263.354004,327393,1,1595.639038,19.23912048,119.0500031,234.7400055,0.585
rear,OC,2-MC,Mid-Coast,7,Siletz,0,0,39538,23880866,,,,,2007,148,Snorkeled,7,1E-05,0.05091,47.69499969,36,50.5340004,1,8446.572266,236563,2,1628.279053,21.49342346,81.61000061,168.0899963,0.588
rear,OC,2-MC,Mid-Coast,7,Siletz,0,0,39602,23880854,,,,,2007,155,Snorkeled,7,0.00202294,0.01547,49.31399918,36,38.3889999,1,7597.64209,236563,1,1635.23999,21.69019699,81.75,162.9299927,0.58
rear,OC,2-MC,Mid-Coast,7,Siletz,0,0,39708,23881044,,,,,2008,845,Snorkeled,6,1E-05,0.041590001,22.89299965,48,19.6480007,1,1673.69397,4572944,1,1653.494019,19.30719376,142.2200012,270.5599976,0.613
rear,OC,2-MC,Mid-Coast,7,Siletz,0,0,39983,23881038,,,,,2009,451,Snorkeled,6,0.0013242,0.01333,24.03000069,44,9.6099997,6,219.2619934,4572944,1,1694.380005,21.4489994,118.8199997,277.0299988,0.63
rear,OC,2-MC,Mid-Coast,7,Siletz,0,0,40233,23881520,,,,,2010,39,Snorkeled,3,0.054225128,0.117260002,4.201000214,77,103.3280029,1,3197.362061,703336,1,1166.03894,14.52205849,132.6100006,497.9500122,0.599905405
rear,OC,2-MC,Mid-Coast,7,Siletz,25081,1,3460,23882252,Bear Cr,Mouth,"Bear Cr, Trib A",Siletz R,2002,509,Snorkeled,4,0.050356459,0.01547,8.354999542,45,15.4209995,6,39.11800003,378756,1,1753.899048,17.27956963,113.4700012,258.6000061,1
rear,OC,2-MC,Mid-Coast,7,Siletz,25083,3,3466,23881506,Reed Cr,Mouth,Headwaters,Siletz R,2007,58,Snorkeled,3,0.033729319,0.036060002,3.072000027,36,22.9309998,6,1173.365967,378756,1,1591.307007,18.95255661,82.58000183,189.8800049,0.58425
rear,OC,2-MC,Mid-Coast,7,Siletz,25096,2,39719,23881622,N Roy Cr,Mouth,Headwaters,Roy Cr,2008,14,Snorkeled,4,0.030341599,0.01708,4.493000031,48,37.2540016,1,98.08799744,236563,6,873.2869873,18.13712883,116.1999969,220.4799957,0.708
rear,OC,2-MC,Mid-Coast,7,Siletz,25097,1,3478,23881672,S Roy Cr,Mouth,"S Roy Cr, Trib A",Roy Cr,2006,252,Snorkeled,4,0.01849151,0.032200001,4.81400013,37,37.4669991,1,525.8649902,236563,6,894.4279785,18.67914009,98.19000244,179.4799957,0.596
rear,OC,2-MC,Mid-Coast,7,Siletz,25105,1,3506,23881006,Euchre Cr,Mouth,Savage Cr,Siletz R,2005,394,Snorkeled,5,0.00948445,0.081689999,15.75199986,70,44.8230019,1,79.79399872,316707,1,1644.055054,19.05427933,90.98999786,326.730011,0.63
rear,OC,2-MC,Mid-Coast,7,Siletz,25117,1,3517,23881788,Dewey Cr,Mouth,Miller Cr,Siletz R,2005,580,Snorkeled,5,0.01072434,0.065899998,8.166000366,70,64.3460007,6,863.3930054,346270,1,1140.947998,18.99045753,82.25,307.8900146,0.615
rear,OC,2-MC,Mid-Coast,7,Siletz,25117,1,3517,23881788,Dewey Cr,Mouth,Miller Cr,Siletz R,2014,293,Snorkeled,5,0.01072434,0.065899998,8.166000366,50,64.3460007,6,863.3930054,346270,1,1140.947998,19.35767746,68.43000031,250.0200043,0.615
rear,OC,2-MC,Mid-Coast,7,Siletz,25125.69922,0,3524,23881102,Bentilla Cr,"Bentilla Cr, Trib A",Headwaters,Siletz R,1998,471,Snorkeled,3,0.021927319,0.05091,5.149000168,10,76.9309998,1,61.25099945,346270,3,1184.595947,19.44700623,99.08999634,207.1000061,0.56
rear,OC,2-MC,Mid-Coast,7,Siletz,25126.09961,2,3528,23881134,Sam Cr,Mouth,Long Tom Cr,Siletz R,2000,10,Snorkeled,4,0.00497988,0.05091,12.67300034,43,74.8180008,1,214.6109924,237531,2,1465.275024,18.56920815,114.5400009,261.2799988,0.622
rear,OC,2-MC,Mid-Coast,7,Siletz,25126.5,1,40981,23881816,Long Tom Cr,"Long Tom Cr, Trib C",Headwaters,Sam Cr,2013,277,Snorkeled,3,0.016614931,0.05091,5.019999981,30,77.8980026,1,442.9570007,237531,1,1395.43103,19.18409348,69.97000122,236.2299957,0.59
rear,OC,2-MC,Mid-Coast,7,Siletz,25127,1,39715,23881810,Long Prairie Cr,Mouth,Thayer Cr,Sam Cr,2008,847,Snorkeled,4,0.00914457,0.05091,9.119000435,48,78.026001,1,6944.211914,237531,1,1426.791016,17.64288902,134.6000061,208.8899994,0.406
rear,OC,2-MC,Mid-Coast,7,Siletz,25131.69922,4,3544,23881138,Sam Cr,Long Prairie Cr,"Sam Cr, Trib A",Siletz R,1999,142,Snorkeled,3,0.00778564,0.05091,6.986000061,51,80.7659988,1,583.0859985,237531,1,1341.255981,17.29153252,134.3300018,214.8300018,0.58
rear,OC,2-MC,Mid-Coast,7,Siletz,25131.69922,4,3544,23881138,Sam Cr,Long Prairie Cr,"Sam Cr, Trib A",Siletz R,2008,676,Snorkeled,3,0.00778564,0.05091,6.986000061,48,80.7659988,1,583.0859985,237531,1,1341.255981,17.85700417,134.6000061,208.8899994,0.58
rear,OC,2-MC,Mid-Coast,7,Siletz,25131.90039,1,3542,23881140,Sam Cr,"Sam Cr, Trib A",Headwaters,Siletz R,2007,680,Snorkeled,3,0.038922928,0.05091,4.673999786,36,84.9029999,1,1780.629028,237531,1,1298.249023,18.6174736,81.62999725,167.3699951,0.569
rear,OC,2-MC,Mid-Coast,7,Siletz,25131.90039,1,3542,23881140,Sam Cr,"Sam Cr, Trib A",Headwaters,Siletz R,2010,421,Snorkeled,3,0.038922928,0.05091,4.673999786,77,84.9029999,1,1780.629028,237531,1,1298.249023,16.7812748,80.27999878,356.8599854,0.569
rear,OC,2-MC,Mid-Coast,7,Siletz,25131.90039,1,3542,23881140,Sam Cr,"Sam Cr, Trib A",Headwaters,Siletz R,2013,279,Snorkeled,3,0.038922928,0.05091,4.673999786,30,84.9029999,1,1780.629028,237531,1,1298.249023,17.7889061,71.98000336,233.3500061,0.569
rear,OC,2-MC,Mid-Coast,7,Siletz,25131.90039,2,3541,23881140,Sam Cr,"Sam Cr, Trib A",Headwaters,Siletz R,2004,0,Snorkeled,2,0.038922928,0.05091,3.253000021,74,86.1520004,1,1780.629028,237531,1,1298.249023,18.87089729,91.66000366,184.6900024,0.616
rear,OC,2-MC,Mid-Coast,7,Siletz,25131.90039,2,3541,23881140,Sam Cr,"Sam Cr, Trib A",Headwaters,Siletz R,2013,0,Snorkeled,2,0.038922928,0.05091,3.253000021,30,86.1520004,1,1780.629028,237531,1,1298.249023,17.7889061,71.98000336,233.3500061,0.616
rear,OC,2-MC,Mid-Coast,7,Siletz,25134,1,3559,23881802,Big Rock Cr,Mouth,Fall Cr,Rock Cr,2005,679,Snorkeled,5,0.01163691,0.05091,18.13299942,70,86.9919968,1,591.2620239,714076,1,1693.550049,19.15374184,87,296.6400146,0.76
rear,OC,2-MC,Mid-Coast,7,Siletz,25134,1,39974,23881802,Big Rock Cr,Mouth,Fall Cr,Rock Cr,2009,1156,Snorkeled,5,0.01163691,0.05091,18.06800079,44,87.788002,1,591.2620239,714076,1,1693.550049,19.50160789,106.8099976,264.0700073,0.626
rear,OC,2-MC,Mid-Coast,7,Siletz,25143.80078,1,3574,23881158,Steere Cr,Little Steere Cr,Cedar Cr,Rock Cr,2001,2022,Snorkeled,3,0.01185966,0.05091,10.68799973,85,93.8069992,1,569.8610229,313715,1,1732.276001,17.31277084,54.09999847,204.5899963,0.59
rear,OC,2-MC,Mid-Coast,7,Siletz,25144,2,3578,23881894,Brush Cr,Mouth,Headwaters,Little Rock Cr,2002,0,Snorkeled,3,0.023413381,0.05091,3.987999916,45,94.1760025,1,368.7609863,313715,3,1202.718018,19.32364655,72.05000305,161.1699982,0.644
rear,OC,2-MC,Mid-Coast,7,Siletz,25144,2,3578,23881894,Brush Cr,Mouth,Headwaters,Little Rock Cr,2011,38,Snorkeled,3,0.023413381,0.05091,3.987999916,33,94.1760025,1,368.7609863,313715,3,1202.718018,17.13586426,98.61000061,297.1900024,0.644
rear,OC,2-MC,Mid-Coast,7,Siletz,25145.40039,1.1,3583,23880902,Little Rock Cr,Fisher Cr,"Little Rock Cr, Trib A",Rock Cr,2011,232,Snorkeled,3,0.036855198,0.05091,6.902999878,33,96.4749985,1,355.5859985,313715,1,1730.828003,16.16417313,98.61000061,297.1900024,0.916
rear,OC,2-MC,Mid-Coast,7,Siletz,25145.40039,2,3584,23880902,Little Rock Cr,Fisher Cr,"Little Rock Cr, Trib A",Rock Cr,2014,414,Snorkeled,3,0.036855198,0.05091,6.271999836,50,97.987999,1,355.5859985,313715,1,1730.828003,19.01316452,98.19000244,262.019989,0.301
rear,OC,2-MC,Mid-Coast,7,Siletz,25148,1,3587,23881766,Cerine Cr,Mouth,"Cerine Cr, Trib B",Mill Cr,2000,32,Snorkeled,4,0.00877281,0.05091,7.09499979,43,81.9079971,1,700.7399902,327393,1,1460.079956,16.86189461,114.5400009,261.2799988,0.617
rear,OC,2-MC,Mid-Coast,7,Siletz,25148.5,1.1,40475,23881766,Cerine Cr,"Cerine Cr, Trib D","Cerine Cr, Trib E",Mill Cr,2011,593,Snorkeled,3,0.00877281,0.05091,6.102000237,33,83.3290024,1,700.7399902,327393,1,1460.079956,16.03652382,104.9599991,332.4299927,0.565
rear,OC,2-MC,Mid-Coast,7,Siletz,25151,1,3597,23881720,"Mill Cr, N Fk",Mouth,"Mill Cr, N Fk, Trib A",Mill Cr,1998,19,Snorkeled,4,0.059375901,0.05091,9.664999962,10,84.6409988,1,1379.996948,327393,1,1593.526978,16.97836876,103.6699982,207.6000061,0.822
rear,OC,2-MC,Mid-Coast,7,Siletz,25151,1,3597,23881720,"Mill Cr, N Fk",Mouth,"Mill Cr, N Fk, Trib A",Mill Cr,1999,0,Snorkeled,4,0.059375901,0.05091,9.664999962,51,84.6409988,1,1379.996948,327393,1,1593.526978,14.94489574,143.8699951,218.6699982,0.822
rear,OC,2-MC,Mid-Coast,7,Siletz,25151,1,3597,23881720,"Mill Cr, N Fk",Mouth,"Mill Cr, N Fk, Trib A",Mill Cr,2000,746,Snorkeled,4,0.059375901,0.05091,9.664999962,43,84.6409988,1,1379.996948,327393,1,1593.526978,15.64541435,114.5400009,261.2799988,0.822
rear,OC,2-MC,Mid-Coast,7,Siletz,25151,1,3597,23881720,"Mill Cr, N Fk",Mouth,"Mill Cr, N Fk, Trib A",Mill Cr,2001,800,Snorkeled,4,0.059375901,0.05091,9.664999962,85,84.6409988,1,1379.996948,327393,1,1593.526978,15.04968357,56.86999893,230.2599945,0.822
rear,OC,2-MC,Mid-Coast,7,Siletz,25151,1,3597,23881720,"Mill Cr, N Fk",Mouth,"Mill Cr, N Fk, Trib A",Mill Cr,2002,838,Snorkeled,4,0.059375901,0.05091,9.664999962,45,84.6409988,1,1379.996948,327393,1,1593.526978,16.6765976,89.97000122,207.5599976,0.822
rear,OC,2-MC,Mid-Coast,7,Siletz,25151,1,3597,23881720,"Mill Cr, N Fk",Mouth,"Mill Cr, N Fk, Trib A",Mill Cr,2003,991,Snorkeled,4,0.059375901,0.05091,9.664999962,75,84.6409988,1,1379.996948,327393,1,1593.526978,16.94311714,93.05999756,274.1600037,0.822
rear,OC,2-MC,Mid-Coast,7,Siletz,25151,1,3597,23881720,"Mill Cr, N Fk",Mouth,"Mill Cr, N Fk, Trib A",Mill Cr,2004,1036,Snorkeled,4,0.059375901,0.05091,9.664999962,74,84.6409988,1,1379.996948,327393,1,1593.526978,17.35855103,104.7200012,191.0899963,0.822
rear,OC,2-MC,Mid-Coast,7,Siletz,25151,1,3597,23881720,"Mill Cr, N Fk",Mouth,"Mill Cr, N Fk, Trib A",Mill Cr,2005,768,Snorkeled,4,0.059375901,0.05091,9.664999962,70,84.6409988,1,1379.996948,327393,1,1593.526978,16.7993145,92.69000244,307.9500122,0.822
rear,OC,2-MC,Mid-Coast,7,Siletz,25151,1,3597,23881720,"Mill Cr, N Fk",Mouth,"Mill Cr, N Fk, Trib A",Mill Cr,2006,1265,Snorkeled,4,0.059375901,0.05091,9.664999962,37,84.6409988,1,1379.996948,327393,1,1593.526978,17.10800362,113.25,178.1900024,0.822
rear,OC,2-MC,Mid-Coast,7,Siletz,25151,1,3597,23881720,"Mill Cr, N Fk",Mouth,"Mill Cr, N Fk, Trib A",Mill Cr,2007,1051,Snorkeled,4,0.059375901,0.05091,9.664999962,36,84.6409988,1,1379.996948,327393,1,1593.526978,17.16132736,79.5,169.8200073,0.822
rear,OC,2-MC,Mid-Coast,7,Siletz,25151,1,3597,23881720,"Mill Cr, N Fk",Mouth,"Mill Cr, N Fk, Trib A",Mill Cr,2008,908,Snorkeled,4,0.059375901,0.05091,9.664999962,48,84.6409988,1,1379.996948,327393,1,1593.526978,16.06828499,136.1999969,215.5800018,0.822
rear,OC,2-MC,Mid-Coast,7,Siletz,25151,1,3597,23881720,"Mill Cr, N Fk",Mouth,"Mill Cr, N Fk, Trib A",Mill Cr,2009,1251,Snorkeled,4,0.059375901,0.05091,9.664999962,44,84.6409988,1,1379.996948,327393,1,1593.526978,17.04805756,116.7300034,267.25,0.822
rear,OC,2-MC,Mid-Coast,7,Siletz,25151,1,3597,23881720,"Mill Cr, N Fk",Mouth,"Mill Cr, N Fk, Trib A",Mill Cr,2010,996,Snorkeled,4,0.059375901,0.05091,9.664999962,77,84.6409988,1,1379.996948,327393,1,1593.526978,15.6200943,85.12999725,361.269989,0.822
rear,OC,2-MC,Mid-Coast,7,Siletz,25151,1,3597,23881720,"Mill Cr, N Fk",Mouth,"Mill Cr, N Fk, Trib A",Mill Cr,2011,681,Snorkeled,4,0.059375901,0.05091,9.664999962,33,84.6409988,1,1379.996948,327393,1,1593.526978,14.85077667,104.9599991,332.4299927,0.822
rear,OC,2-MC,Mid-Coast,7,Siletz,25151,1,3597,23881720,"Mill Cr, N Fk",Mouth,"Mill Cr, N Fk, Trib A",Mill Cr,2012,1038,Snorkeled,4,0.059375901,0.05091,9.664999962,53,84.6409988,1,1379.996948,327393,1,1593.526978,15.58082771,199.2299957,267.7799988,0.822
rear,OC,2-MC,Mid-Coast,7,Siletz,25151,1,3597,23881720,"Mill Cr, N Fk",Mouth,"Mill Cr, N Fk, Trib A",Mill Cr,2013,1191,Snorkeled,4,0.059375901,0.05091,9.664999962,30,84.6409988,1,1379.996948,327393,1,1593.526978,16.50989723,73.76999664,232.2100067,0.822
rear,OC,2-MC,Mid-Coast,7,Siletz,25151,1,3597,23881720,"Mill Cr, N Fk",Mouth,"Mill Cr, N Fk, Trib A",Mill Cr,2014,754,Snorkeled,4,0.059375901,0.05091,9.664999962,50,84.6409988,1,1379.996948,327393,1,1593.526978,17.4779129,88.88999939,254.8999939,0.822
rear,OC,2-MC,Mid-Coast,7,Siletz,25155,0,3601,23881656,Wildcat Cr,Mouth,Headwaters,Siletz R,2005,0,Snorkeled,3,0.140813574,0.144569993,4.633999825,70,89.1299973,1,3567.601074,327393,1,1893.555054,15.50055695,120.4100037,374.8399963,0.665488372
rear,OC,2-MC,Mid-Coast,7,Siletz,25160,1,3604,23881572,"Buck Cr, E Fk",Mouth,Headwaters,Buck Cr,2006,0,Snorkeled,3,0.11319939,0.082769997,5.077000141,37,97.0599976,1,1964.889038,327393,1,1841.133057,15.19564152,182.5,240.2700043,0.259
rear,OC,2-MC,Mid-Coast,7,Siletz,25166,1,36915,23881626,Deer Cr,Mouth,"Deer Cr, Trib A",Sunshine Cr,2010,672,Snorkeled,4,0.037593748,0.065090001,10.41300011,77,98.9810028,1,38.51499939,703336,1,1674.113037,14.28689766,129.9600067,487.2399902,0.733
rear,OC,2-MC,Mid-Coast,7,Siletz,25166,1,36915,23881626,Deer Cr,Mouth,"Deer Cr, Trib A",Sunshine Cr,2013,669,Snorkeled,4,0.037593748,0.065090001,10.41300011,30,98.9810028,1,38.51499939,703336,1,1674.113037,15.16015911,118.4300003,328.6099854,0.733
rear,OC,2-MC,Mid-Coast,7,Siletz,25167,1,3616,23881166,Sunshine Cr,Deer Cr,Fourth Of July Cr,Siletz R,1999,29,Snorkeled,5,0.02058232,0.065090001,12.23900032,51,99.4800034,1,1263.317993,703336,1,1486.942993,11.98850346,220.0800018,310.2799988,0.508
rear,OC,2-MC,Mid-Coast,7,Siletz,25168,2.0999999,3618,23881668,Fourth Of July Cr,Mouth,"Fourth Of July Cr, Trib B",Sunshine Cr,2006,2193,Snorkeled,4,0.02345085,0.065090001,7.514999866,37,103.637001,1,491.0559998,703336,1,1377.123047,12.03920937,178.6600037,235.5099945,0.864
rear,OC,2-MC,Mid-Coast,7,Siletz,25170,1,3622,23881680,Whiskey Cr,Mouth,"Whiskey Cr, Trib. A",Sunshine Cr,2008,521,Snorkeled,3,0.035260089,0.065090001,5.501999855,48,103.5759964,1,25.33300018,703336,1,1380.745972,15.08090878,173.1600037,269.3500061,0.708
rear,OC,2-MC,Mid-Coast,7,Siletz,25174,1,35275,23880928,Siletz R,Holman Cr,Elk Cr,Pacific Ocean,2008,7,Snorkeled,7,1E-05,0.05091,36.63000107,48,102.2639999,1,13800.86328,703336,1,1565.116943,17.39414597,178.2400055,282.1499939,0.554
rear,OC,2-MC,Mid-Coast,7,Siletz,25198,3,40487,23882272,Fanno Cr,Mouth,Headwaters,"Siletz R, S Fk",2011,0,Snorkeled,4,0.111833572,0.063280001,6.948999882,33,119.8550034,1,761.5609741,547559,4,1438.958008,11.95537853,161.6600037,458.1400146,0.842
rear,OC,2-MC,Mid-Coast,7,Siletz,25235,1,3719,23881038,Drift Cr,Gordey Cr,North Cr,Pacific Ocean,1999,11,Snorkeled,6,0.0013242,0.01333,24.06999969,51,8.6160002,6,219.2619934,4572944,1,1694.380005,19.37566376,147.3999939,247.9100037,0.765
rear,OC,2-MC,Mid-Coast,7,Siletz,25235,1,3719,23881038,Drift Cr,Gordey Cr,North Cr,Pacific Ocean,2005,229,Snorkeled,6,0.0013242,0.01333,24.06999969,70,8.6160002,6,219.2619934,4572944,1,1694.380005,21.98405457,101.2699966,355.519989,0.765
rear,OC,2-MC,Mid-Coast,7,Siletz,25235,1,3719,23881038,Drift Cr,Gordey Cr,North Cr,Pacific Ocean,2011,368,Snorkeled,6,0.0013242,0.01333,24.06999969,33,8.6160002,6,219.2619934,4572944,1,1694.380005,19.62312698,119.2799988,376.8299866,0.765
rear,OC,2-MC,Mid-Coast,7,Siletz,25235,4,3718,23881040,Drift Cr,Gordey Cr,North Cr,Pacific Ocean,2000,2,Snorkeled,6,0.01460176,0.041590001,23.67900085,43,14.3380003,6,22179,4572944,1,1671.884033,19.87977219,146.3099976,290.1499939,0.385
rear,OC,2-MC,Mid-Coast,7,Siletz,25235,4,3718,23881040,Drift Cr,Gordey Cr,North Cr,Pacific Ocean,2003,82,Snorkeled,6,0.01460176,0.041590001,23.67900085,75,14.3380003,6,22179,4572944,1,1671.884033,20.9803257,119.4599991,300.6600037,0.385
rear,OC,2-MC,Mid-Coast,7,Siletz,25235,4,3718,23881040,Drift Cr,Gordey Cr,North Cr,Pacific Ocean,2006,479,Snorkeled,6,0.01460176,0.041590001,23.67900085,37,14.3380003,6,22179,4572944,1,1671.884033,20.96771049,126.4800034,208.1600037,0.385
rear,OC,2-MC,Mid-Coast,7,Siletz,25235,4,3718,23881040,Drift Cr,Gordey Cr,North Cr,Pacific Ocean,2012,414,Snorkeled,6,0.01460176,0.041590001,23.67900085,53,14.3380003,6,22179,4572944,1,1671.884033,19.53353882,199.0299988,303.5799866,0.385
rear,OC,2-MC,Mid-Coast,7,Siletz,25236,1,3724,23881380,North Cr,Mouth,Headwaters,Drift Cr,1999,42,Snorkeled,4,0.027636981,0.072619997,8.48900032,51,22.2730007,1,2022.171021,4572944,1,1667.417969,14.90865898,174.7200012,266.2999878,0.502
rear,OC,2-MC,Mid-Coast,7,Siletz,25236,1,3724,23881380,North Cr,Mouth,Headwaters,Drift Cr,2008,73,Snorkeled,4,0.027636981,0.072619997,8.48900032,48,22.2730007,1,2022.171021,4572944,1,1667.417969,16.2713604,142.2200012,270.5599976,0.502
rear,OC,2-MC,Mid-Coast,7,Siletz,25238,1,3725,23881446,Wildcat Cr,Mouth,Headwaters,Drift Cr,2000,640,Snorkeled,4,0.05934456,0.041590001,6.096000195,43,25.2460003,1,1624.71106,4572944,1,1756.849976,15.95578957,146.3099976,290.1499939,0.474
rear,OC,2-MC,Mid-Coast,7,Siletz,25238,1,3725,23881446,Wildcat Cr,Mouth,Headwaters,Drift Cr,2009,1051,Snorkeled,4,0.05934456,0.041590001,6.096000195,44,25.2460003,1,1624.71106,4572944,1,1756.849976,16.92184258,185.2599945,304.6900024,0.474
rear,OC,2-MC,Mid-Coast,7,Siletz,25239.69922,1,3726,23881048,Drift Cr,"Drift Cr, Trib A",Sampson Cr,Pacific Ocean,2005,954,Snorkeled,6,0.00081933,0.041590001,20.2329998,70,28.6070004,1,465.3540039,4572944,1,1570.781982,19.64720917,139,405.6300049,0.613
rear,OC,2-MC,Mid-Coast,7,Siletz,25239.69922,1,3726,23881048,Drift Cr,"Drift Cr, Trib A",Sampson Cr,Pacific Ocean,2014,3415,Snorkeled,6,0.00081933,0.041590001,20.2329998,50,28.6070004,1,465.3540039,4572944,1,1570.781982,20.04348564,112.1100006,359.0400085,0.613
rear,OC,2-MC,Mid-Coast,7,Siletz,25241,0,3728,23881412,"Sampson Cr, Trib A",Mouth,"Sampson Cr, Trib A, Trib 1",Sampson Cr,1998,51,Snorkeled,5,0.016738269,0.041590001,13.04199982,10,31.4150009,1,2753.4729,347905,1,1619.159058,17.35476494,150.4299927,232.0599976,0.533
rear,OC,2-MC,Mid-Coast,7,Siletz,25241.69922,1,3731,23881432,"Sampson Cr, Trib A","Sampson Cr, Trib A, Trib 1","Sampson Cr, Trib A, Trib 2",Drift Cr,1999,3,Snorkeled,5,0.038917739,0.041590001,11.31200027,51,33.125,1,3877.566895,347905,1,1568.352051,15.02241802,269.3399963,337.769989,0.474
rear,OC,2-MC,Mid-Coast,7,Siletz,25244,2,3740,23881148,Smith Cr,Mouth,Headwaters,Drift Cr,2003,0,Snorkeled,4,0.037243988,0.052220002,9.270999908,75,33.2879982,1,2802.812012,347905,1,1378.819946,17.07547951,154.4100037,342.7000122,0.466
rear,OC,2-MC,Mid-Coast,7,Siletz,25256,1,40228,23881072,"Schooner Cr, N Fk",Mouth,"Schooner Cr, N Fk, Trib A",Schooner Cr,2010,414,Snorkeled,4,0.041368391,0.063510001,8.633999825,77,13.7329998,1,1228.587036,1701792,1,1570.546021,14.21803188,117.6600037,466.2900085,0.538
rear,OC,2-MC,Mid-Coast,7,Siletz,25257,0,3757,23882356,"Schooner Cr, S Fk",Mouth,Horner Cr,Schooner Cr,1998,34,Snorkeled,3,0.044399738,0.065949999,9.170999527,10,15.0310001,1,984.3870239,1701792,1,1576.057007,16.50439262,161.9600067,235.5399933,0.56
rear,OC,2-MC,Mid-Coast,8,Yaquina,0,0,35049,23880736,,,,,2007,23,Snorkeled,6,1E-05,0.02599,21.9109993,36,51.0610008,1,373.8250122,191327,3,1660.86499,22.74308968,78.25,156.8699951,0.692
rear,OC,2-MC,Mid-Coast,8,Yaquina,0,0,36956,23880694,,,,,2007,20,Snorkeled,5,0.00099849,0.03022,22.14900017,36,64.2929993,1,6983.251953,348892,2,1842.761963,22.5334549,84.31999969,154.5,0.56
rear,OC,2-MC,Mid-Coast,8,Yaquina,0,0,39557,23880690,,,,,2007,62,Snorkeled,6,1E-05,0.02679,23.63400078,36,57.2700005,1,239.8370056,293513.5,2,1815.208984,22.88165283,95.51000214,178.3500061,0.626
rear,OC,2-MC,Mid-Coast,8,Yaquina,24938.40039,2,1955,23882324,Montgomery Cr,Mouth,Headwaters,Yaquina R,2012,226,Snorkeled,3,0.033866599,0.02224,3.642999887,49,17.7089996,6,414.4779968,290548,1,1118.235962,15.94770908,201.2200012,310.8299866,0.881
rear,OC,2-MC,Mid-Coast,8,Yaquina,24938.40039,2,1955,23882324,Montgomery Cr,Mouth,Headwaters,Yaquina R,2013,50,Snorkeled,3,0.033866599,0.02224,3.642999887,17,17.7089996,6,414.4779968,290548,1,1118.235962,15.65015793,72.12000275,238.3099976,0.881
rear,OC,2-MC,Mid-Coast,8,Yaquina,24938.40039,2,1955,23882324,Montgomery Cr,Mouth,Headwaters,Yaquina R,2014,229,Snorkeled,3,0.033866599,0.02224,3.642999887,39,17.7089996,6,414.4779968,290548,1,1118.235962,16.89256477,68.38999939,233.75,0.881
rear,OC,2-MC,Mid-Coast,8,Yaquina,24939,2,3262,23882062,Babcock Cr,Mouth,Headwaters,Yaquina R,2003,24,Snorkeled,3,0.037545212,0.016559999,3.611999989,74,17.6499996,6,115.7259979,290548,1,1181.462036,21.46403503,85.76999664,256.269989,0.951
rear,OC,2-MC,Mid-Coast,8,Yaquina,24943,3,3265,23881932,Little Beaver Cr,Mouth,Headwaters,Beaver Cr,2010,275,Snorkeled,4,0.029846851,0.031270001,4.539999962,39,24.8439999,6,490.5589905,576421,4,1101.922974,16.81999969,77.76000214,337.1300049,0.959
rear,OC,2-MC,Mid-Coast,8,Yaquina,24943,3,3265,23881932,Little Beaver Cr,Mouth,Headwaters,Beaver Cr,2013,0,Snorkeled,4,0.029846851,0.031270001,4.539999962,17,24.8439999,6,490.5589905,576421,4,1101.922974,17.58698273,71.41999817,218.3200073,0.959
rear,OC,2-MC,Mid-Coast,8,Yaquina,24943,4,3264,23881932,Little Beaver Cr,Mouth,Headwaters,Beaver Cr,2004,195,Snorkeled,3,0.029846851,0.031270001,3.589999914,57,26.0620003,6,490.5589905,576421,4,1101.922974,19.93712234,80.91000366,176.8600006,0.779
rear,OC,2-MC,Mid-Coast,8,Yaquina,24950.30078,1.2,3280,23881918,"Olalla Cr, Trib A",Mouth,Headwaters,Olalla Cr,2000,76,Snorkeled,2,0.064983599,0.017379999,3.09800005,43,27.7299995,1,336.2049866,251594,3,1352.265015,18.77584457,89.52999878,244.1900024,0.775
rear,OC,2-MC,Mid-Coast,8,Yaquina,24950.30078,1.2,3280,23881918,"Olalla Cr, Trib A",Mouth,Headwaters,Olalla Cr,2006,70,Snorkeled,2,0.064983599,0.017379999,3.09800005,32,27.7299995,1,336.2049866,251594,3,1352.265015,18.48365784,93.04000092,166.7200012,0.775
rear,OC,2-MC,Mid-Coast,8,Yaquina,24951.30078,1,3285,23881892,"W Olalla Cr, Trib A",Mouth,Headwaters,Olalla Slough,2002,6,Snorkeled,3,0.0150272,0.047710001,3.644999981,53,29.4729996,1,5.795000076,251594,4,1144.463013,19.76077271,72.05000305,171.8300018,0.945
rear,OC,2-MC,Mid-Coast,8,Yaquina,24951.30078,1,3285,23881892,"W Olalla Cr, Trib A",Mouth,Headwaters,Olalla Slough,2005,15,Snorkeled,3,0.0150272,0.047710001,3.644999981,35,29.4729996,1,5.795000076,251594,4,1144.463013,19.57920265,79.98000336,292.980011,0.945
rear,OC,2-MC,Mid-Coast,8,Yaquina,24951.30078,1,3285,23881892,"W Olalla Cr, Trib A",Mouth,Headwaters,Olalla Slough,2008,24,Snorkeled,3,0.0150272,0.047710001,3.644999981,48,29.4729996,1,5.795000076,251594,4,1144.463013,18.09638786,102.4000015,189.6699982,0.945
rear,OC,2-MC,Mid-Coast,8,Yaquina,24951.30078,1,3285,23881892,"W Olalla Cr, Trib A",Mouth,Headwaters,Olalla Slough,2011,13,Snorkeled,3,0.0150272,0.047710001,3.644999981,33,29.4729996,1,5.795000076,251594,4,1144.463013,18.31427193,116.1800003,290.7799988,0.945
rear,OC,2-MC,Mid-Coast,8,Yaquina,24951.30078,1,3285,23881892,"W Olalla Cr, Trib A",Mouth,Headwaters,Olalla Slough,2014,14,Snorkeled,3,0.0150272,0.047710001,3.644999981,39,29.4729996,1,5.795000076,251594,4,1144.463013,20.09364891,61.49000168,226.4600067,0.945
rear,OC,2-MC,Mid-Coast,8,Yaquina,24953.69922,1,3289,23882072,Mill Cr,"Mill Cr, Trib A",Mill Cr Reservoir,Yaquina R,2000,298,Snorkeled,3,0.01462508,0.046080001,2.969000101,43,25.8490009,1,1787.152954,251594,3,1914.192993,21.60473251,89.52999878,244.1900024,0.643
rear,OC,2-MC,Mid-Coast,8,Yaquina,24954.30078,2,3293,23882004,Abbey Cr,Mouth,Headwaters,Yaquina R,2005,47,Snorkeled,3,0.02788865,0.072379999,3.246000051,35,36.2599983,1,45.09400177,251594,4,1111.834961,19.5765667,80.45999908,295.019989,0.928
rear,OC,2-MC,Mid-Coast,8,Yaquina,24958,1,3296,23881098,Bear Cr,Mouth,Headwaters,Elk Cr,2000,39,Snorkeled,4,0.030355221,0.02599,8.013999939,43,43.9449997,1,926.7999878,293513.5,2,1515.329956,19.3534832,89.52999878,244.1900024,0.58
rear,OC,2-MC,Mid-Coast,8,Yaquina,24958,1,3296,23881098,Bear Cr,Mouth,Headwaters,Elk Cr,2003,293,Snorkeled,4,0.030355221,0.02599,8.013999939,74,43.9449997,1,926.7999878,293513.5,2,1515.329956,20.18523026,95.58999634,297.230011,0.58
rear,OC,2-MC,Mid-Coast,8,Yaquina,24958,1,3296,23881098,Bear Cr,Mouth,Headwaters,Elk Cr,2009,333,Snorkeled,4,0.030355221,0.02599,8.013999939,38,43.9449997,1,926.7999878,293513.5,2,1515.329956,19.85434151,108.7399979,285.0700073,0.58
rear,OC,2-MC,Mid-Coast,8,Yaquina,24958,1,3296,23881098,Bear Cr,Mouth,Headwaters,Elk Cr,2012,953,Snorkeled,4,0.030355221,0.02599,8.013999939,49,43.9449997,1,926.7999878,293513.5,2,1515.329956,19.0712986,196.6499939,317.2099915,0.58
rear,OC,2-MC,Mid-Coast,8,Yaquina,24960,2.0999999,3300,23882076,Beaver Cr,Mouth,"Beaver Cr, Trib A",Elk Cr,2002,124,Snorkeled,4,0.01145317,0.030470001,6.842999935,53,46.5579987,1,681.3599854,293513.5,2,1448.454956,21.04039764,77.83999634,196.5899963,0.608
rear,OC,2-MC,Mid-Coast,8,Yaquina,24960.80078,1,40478,23882076,Beaver Cr,"Beaver Cr, Trib B",Headwaters,Elk Cr,2011,125,Snorkeled,3,0.01145317,0.030470001,3.907000065,33,49.25,1,681.3599854,293513.5,2,1448.454956,18.95872879,109.4300003,325.9100037,0.682
rear,OC,2-MC,Mid-Coast,8,Yaquina,24963.69922,2,39731,23882108,Cougar Cr,Mouth,Headwaters,Deer Cr,2008,466,Snorkeled,4,0.02705149,0.045639999,4.967000008,48,61.1399994,1,503.8340149,348892,3,1459.447998,19.87530518,130.8399963,216.0200043,0.599
rear,OC,2-MC,Mid-Coast,8,Yaquina,24964,1.1,3311,23882110,Deer Cr,Cougar Cr,"Deer Cr, Trib 1",Elk Cr,1998,45,Snorkeled,4,0.016081629,0.02679,7.282000065,4,59.2039986,1,1304.238037,348892,3,1350.916016,21.0877037,71.38999939,208.9799957,0.549
rear,OC,2-MC,Mid-Coast,8,Yaquina,24964,1.1,3311,23882110,Deer Cr,Cougar Cr,"Deer Cr, Trib 1",Elk Cr,2001,386,Snorkeled,4,0.016081629,0.02679,7.282000065,77,59.2039986,1,1304.238037,348892,3,1350.916016,18.8621769,69.36000061,219.6499939,0.549
rear,OC,2-MC,Mid-Coast,8,Yaquina,24964,1.1,3311,23882110,Deer Cr,Cougar Cr,"Deer Cr, Trib 1",Elk Cr,2004,502,Snorkeled,4,0.016081629,0.02679,7.282000065,57,59.2039986,1,1304.238037,348892,3,1350.916016,21.64373207,82.19999695,187.7400055,0.549
rear,OC,2-MC,Mid-Coast,8,Yaquina,24968.59961,1,40734,23882092,"Wolf Cr, Trib B",Mouth,Headwaters,Wolf Cr,2012,15,Snorkeled,3,0.07056693,0.03022,3.451999903,49,70.3560028,1,517.7319946,348892,3,2032.034058,17.81105804,194.75,276.7399902,0.649
rear,OC,2-MC,Mid-Coast,8,Yaquina,24968.69922,1,3317,23882090,Wolf Cr,Trib B,Trib C,Elk Cr,2003,493,Snorkeled,4,0.03274034,0.03022,4.986000061,74,70.0770035,1,612.4349976,348892,2,1767.313965,20.0397625,80.55000305,280.8200073,0.889
rear,OC,2-MC,Mid-Coast,8,Yaquina,24968.69922,1,3317,23882090,Wolf Cr,Trib B,Trib C,Elk Cr,2012,366,Snorkeled,4,0.03274034,0.03022,4.986000061,49,70.0770035,1,612.4349976,348892,2,1767.313965,18.08493042,194.75,276.7399902,0.889
rear,OC,2-MC,Mid-Coast,8,Yaquina,24969,2,35439,23880696,Elk Cr,Wolf Cr,Grant Cr,Yaquina R,2008,3,Snorkeled,5,0.00311042,0.03022,20.95100021,48,69.4830017,1,2213.655029,348892,2,1808.199951,21.70575142,116.4400024,224.2799988,0.608
rear,OC,2-MC,Mid-Coast,8,Yaquina,24972,2,3325,23881118,Grant Cr,Savage Cr,"Grant Cr, Trib A",Elk Cr,1999,0,Snorkeled,3,0.062562823,0.108329996,4.193999767,51,77.8860016,1,3982.477051,348892,2,1509.427979,16.03370667,205.6499939,277.3800049,0.500893939
rear,OC,2-MC,Mid-Coast,8,Yaquina,24976.40039,1,3336,23882154,Spout Cr,Little Cr,Lake Cr,Elk Cr,1998,66,Snorkeled,5,0.01049648,0.041990001,11.06400013,4,73.7080002,1,574.0319824,139790.5,3,1688.927002,22.01945114,67.72000122,211.3999939,0.56
rear,OC,2-MC,Mid-Coast,8,Yaquina,24976.40039,1,3336,23882154,Spout Cr,Little Cr,Lake Cr,Elk Cr,1999,532,Snorkeled,5,0.01049648,0.041990001,11.06400013,51,73.7080002,1,574.0319824,139790.5,3,1688.927002,19.4060173,160.3800049,192.8699951,0.56
rear,OC,2-MC,Mid-Coast,8,Yaquina,24976.40039,1,3336,23882154,Spout Cr,Little Cr,Lake Cr,Elk Cr,2000,735,Snorkeled,5,0.01049648,0.041990001,11.06400013,43,73.7080002,1,574.0319824,139790.5,3,1688.927002,20.12287712,69.48000336,204.6100006,0.56
rear,OC,2-MC,Mid-Coast,8,Yaquina,24976.40039,1,3336,23882154,Spout Cr,Little Cr,Lake Cr,Elk Cr,2001,597,Snorkeled,5,0.01049648,0.041990001,11.06400013,77,73.7080002,1,574.0319824,139790.5,3,1688.927002,19.6317997,69.30000305,199.9299927,0.56
rear,OC,2-MC,Mid-Coast,8,Yaquina,24976.40039,1,3336,23882154,Spout Cr,Little Cr,Lake Cr,Elk Cr,2002,725,Snorkeled,5,0.01049648,0.041990001,11.06400013,53,73.7080002,1,574.0319824,139790.5,3,1688.927002,21.50579643,87.44000244,174.4400024,0.56
rear,OC,2-MC,Mid-Coast,8,Yaquina,24976.40039,1,3336,23882154,Spout Cr,Little Cr,Lake Cr,Elk Cr,2003,268,Snorkeled,5,0.01049648,0.041990001,11.06400013,74,73.7080002,1,574.0319824,139790.5,3,1688.927002,21.99687386,83.47000122,268.0299988,0.56
rear,OC,2-MC,Mid-Coast,8,Yaquina,24976.40039,1,3336,23882154,Spout Cr,Little Cr,Lake Cr,Elk Cr,2004,500,Snorkeled,5,0.01049648,0.041990001,11.06400013,57,73.7080002,1,574.0319824,139790.5,3,1688.927002,22.42021561,79.70999908,182.7700043,0.56
rear,OC,2-MC,Mid-Coast,8,Yaquina,24976.40039,1,3336,23882154,Spout Cr,Little Cr,Lake Cr,Elk Cr,2005,391,Snorkeled,5,0.01049648,0.041990001,11.06400013,35,73.7080002,1,574.0319824,139790.5,3,1688.927002,21.75980186,99.69000244,261.6499939,0.56
rear,OC,2-MC,Mid-Coast,8,Yaquina,24976.40039,1,3336,23882154,Spout Cr,Little Cr,Lake Cr,Elk Cr,2006,1162,Snorkeled,5,0.01049648,0.041990001,11.06400013,32,73.7080002,1,574.0319824,139790.5,3,1688.927002,21.97994041,113.6600037,163.7599945,0.56
rear,OC,2-MC,Mid-Coast,8,Yaquina,24976.40039,1,3336,23882154,Spout Cr,Little Cr,Lake Cr,Elk Cr,2007,490,Snorkeled,5,0.01049648,0.041990001,11.06400013,36,73.7080002,1,574.0319824,139790.5,3,1688.927002,22.05331993,81.15000153,153.9400024,0.56
rear,OC,2-MC,Mid-Coast,8,Yaquina,24976.40039,1,3336,23882154,Spout Cr,Little Cr,Lake Cr,Elk Cr,2008,786,Snorkeled,5,0.01049648,0.041990001,11.06400013,48,73.7080002,1,574.0319824,139790.5,3,1688.927002,20.05514336,125.1399994,225.0099945,0.56
rear,OC,2-MC,Mid-Coast,8,Yaquina,24976.40039,1,3336,23882154,Spout Cr,Little Cr,Lake Cr,Elk Cr,2009,738,Snorkeled,5,0.01049648,0.041990001,11.06400013,38,73.7080002,1,574.0319824,139790.5,3,1688.927002,21.15018845,95.16000366,249.0700073,0.56
rear,OC,2-MC,Mid-Coast,8,Yaquina,24976.40039,1,3336,23882154,Spout Cr,Little Cr,Lake Cr,Elk Cr,2010,362,Snorkeled,5,0.01049648,0.041990001,11.06400013,39,73.7080002,1,574.0319824,139790.5,3,1688.927002,19.33263779,64.16999817,335.269989,0.56
rear,OC,2-MC,Mid-Coast,8,Yaquina,24976.40039,1,3336,23882154,Spout Cr,Little Cr,Lake Cr,Elk Cr,2011,860,Snorkeled,5,0.01049648,0.041990001,11.06400013,33,73.7080002,1,574.0319824,139790.5,3,1688.927002,18.68351364,94.81999969,315.5400085,0.56
rear,OC,2-MC,Mid-Coast,8,Yaquina,24976.40039,1,3336,23882154,Spout Cr,Little Cr,Lake Cr,Elk Cr,2012,565,Snorkeled,5,0.01049648,0.041990001,11.06400013,49,73.7080002,1,574.0319824,139790.5,3,1688.927002,19.97047424,189.0500031,249.7200012,0.56
rear,OC,2-MC,Mid-Coast,8,Yaquina,24976.40039,1,3336,23882154,Spout Cr,Little Cr,Lake Cr,Elk Cr,2013,518,Snorkeled,5,0.01049648,0.041990001,11.06400013,17,73.7080002,1,574.0319824,139790.5,3,1688.927002,20.98649597,68.02999878,229.2599945,0.56
rear,OC,2-MC,Mid-Coast,8,Yaquina,24976.40039,1,3336,23882154,Spout Cr,Little Cr,Lake Cr,Elk Cr,2014,430,Snorkeled,5,0.01049648,0.041990001,11.06400013,39,73.7080002,1,574.0319824,139790.5,3,1688.927002,21.51144028,79.41000366,226.3399963,0.56
rear,OC,2-MC,Mid-Coast,8,Yaquina,24981,1,3346,23880702,Elk Cr,Spout Cr,"Elk Cr, Trib A",Yaquina R,2000,71,Snorkeled,4,0.00292329,0.041990001,13.32900047,43,72.3509979,1,391.7669983,139790.5,3,1747.295044,19.92747307,69.48000336,204.6100006,0.891
rear,OC,2-MC,Mid-Coast,8,Yaquina,24988,2,39716,23882184,Adams Cr B,Mouth,Headwaters,Elk Cr,2008,0,Snorkeled,2,0.094663717,0.060430001,3.802999973,48,81.6569977,1,1112.95105,139790.5,2,1321.95105,17.77400017,161.7100067,288.2200012,0.700755814
rear,OC,2-MC,Mid-Coast,8,Yaquina,24998,1,3367,23881870,Klamath Cr,Mouth,Headwaters,Simpson Cr,2006,224,Snorkeled,1,0.033132739,0.291660011,1.447999954,32,46.0769997,1,2964.951904,191327,6,894.2080078,18.84466171,95.56999969,166.5399933,0.581277778
rear,OC,2-MC,Mid-Coast,8,Yaquina,25005,1,3370,23881912,Thornton Cr,Mouth,Haxel Cr,Yaquina R,2009,115,Snorkeled,1,0.00741775,0.088950001,0.808000028,38,46.0480003,1,199.6170044,191327,4,964.8619995,20.11636353,97.52999878,264.0400085,0.581277778
rear,OC,2-MC,Mid-Coast,8,Yaquina,25005,1,37128,23881912,Thornton Cr,Mouth,Haxel Cr,Yaquina R,2010,268,Snorkeled,5,0.00741775,0.088950001,7.543000221,39,46.0439987,1,199.6170044,191327,4,964.8619995,18.90249825,72.56999969,342.2099915,0.66
rear,OC,2-MC,Mid-Coast,8,Yaquina,25005,2,3372,23881912,Thornton Cr,Mouth,Haxel Cr,Yaquina R,2002,450,Snorkeled,5,0.00741775,0.088950001,6.467000008,53,48.7060013,1,199.6170044,191327,4,964.8619995,20.79878616,75.56999969,180.6000061,0.555
rear,OC,2-MC,Mid-Coast,8,Yaquina,25007,1,3375,23881864,Thornton Cr,Haxel Cr,Headwaters,Yaquina R,2002,395,Snorkeled,4,0.03043263,0.02599,4.209000111,53,49.9239998,1,815.8859863,191327,5,1312.406006,20.02765846,75.56999969,180.6000061,0.606
rear,OC,2-MC,Mid-Coast,8,Yaquina,25021.5,1,3382,23882022,"Little Elk Cr, Trib A","Little Elk Cr, Trib A, Trib 1",Headwaters,Little Elk Cr,2004,61,Snorkeled,2,0.075782008,0.05353,2.355000019,57,59.0950012,1,1057.649048,156666,4,1194.415039,20.33140564,75.83000183,174.7299957,0.128
rear,OC,2-MC,Mid-Coast,8,Yaquina,25021.5,1,3382,23882022,"Little Elk Cr, Trib A","Little Elk Cr, Trib A, Trib 1",Headwaters,Little Elk Cr,2013,73,Snorkeled,2,0.075782008,0.05353,2.355000019,17,59.0950012,1,1057.649048,156666,4,1194.415039,18.96639824,59.75,222.5500031,0.128
rear,OC,2-MC,Mid-Coast,8,Yaquina,25024.69922,2,3390,23881992,Oglesby Cr,"Oglesby Cr, Trib A",Headwaters,Little Elk Cr,1998,12,Snorkeled,2,0.058945172,0.03613,2.601999998,4,65.4240036,1,487.0490112,156666,4,1515.194946,20.8701458,69.69999695,202,0.386
rear,OC,2-MC,Mid-Coast,8,Yaquina,25024.69922,2,3390,23881992,Oglesby Cr,"Oglesby Cr, Trib A",Headwaters,Little Elk Cr,1999,52,Snorkeled,2,0.058945172,0.03613,2.601999998,51,65.4240036,1,487.0490112,156666,4,1515.194946,18.61910248,134.6900024,195.3200073,0.386
rear,OC,2-MC,Mid-Coast,8,Yaquina,25024.69922,2,3390,23881992,Oglesby Cr,"Oglesby Cr, Trib A",Headwaters,Little Elk Cr,2000,168,Snorkeled,2,0.058945172,0.03613,2.601999998,43,65.4240036,1,487.0490112,156666,4,1515.194946,19.45088387,69.48000336,204.6100006,0.386
rear,OC,2-MC,Mid-Coast,8,Yaquina,25024.69922,2,3390,23881992,Oglesby Cr,"Oglesby Cr, Trib A",Headwaters,Little Elk Cr,2001,16,Snorkeled,2,0.058945172,0.03613,2.601999998,77,65.4240036,1,487.0490112,156666,4,1515.194946,18.67726898,51.95999908,191.3200073,0.386
rear,OC,2-MC,Mid-Coast,8,Yaquina,25024.69922,2,3390,23881992,Oglesby Cr,"Oglesby Cr, Trib A",Headwaters,Little Elk Cr,2002,78,Snorkeled,2,0.058945172,0.03613,2.601999998,53,65.4240036,1,487.0490112,156666,4,1515.194946,20.52114677,66.73999786,173.5099945,0.386
rear,OC,2-MC,Mid-Coast,8,Yaquina,25024.69922,2,3390,23881992,Oglesby Cr,"Oglesby Cr, Trib A",Headwaters,Little Elk Cr,2003,111,Snorkeled,2,0.058945172,0.03613,2.601999998,74,65.4240036,1,487.0490112,156666,4,1515.194946,20.71309662,77.30999756,261.9200134,0.386
rear,OC,2-MC,Mid-Coast,8,Yaquina,25024.69922,2,3390,23881992,Oglesby Cr,"Oglesby Cr, Trib A",Headwaters,Little Elk Cr,2004,70,Snorkeled,2,0.058945172,0.03613,2.601999998,57,65.4240036,1,487.0490112,156666,4,1515.194946,21.45762825,75.83000183,174.7299957,0.386
rear,OC,2-MC,Mid-Coast,8,Yaquina,25024.69922,2,3390,23881992,Oglesby Cr,"Oglesby Cr, Trib A",Headwaters,Little Elk Cr,2005,54,Snorkeled,2,0.058945172,0.03613,2.601999998,35,65.4240036,1,487.0490112,156666,4,1515.194946,20.67238045,76.66999817,257.730011,0.386
rear,OC,2-MC,Mid-Coast,8,Yaquina,25024.69922,2,3390,23881992,Oglesby Cr,"Oglesby Cr, Trib A",Headwaters,Little Elk Cr,2006,148,Snorkeled,2,0.058945172,0.03613,2.601999998,32,65.4240036,1,487.0490112,156666,4,1515.194946,20.88177872,92.43000031,158.5500031,0.386
rear,OC,2-MC,Mid-Coast,8,Yaquina,25029,1,3395,23882044,Little Elk Cr,Miller Cr,Austin Cr,Yaquina R,2007,153,Snorkeled,4,0.00346522,0.045669999,8.003000259,36,66.6220016,1,198.5140076,156666,4,1590.136963,21.76023293,86.80999756,170.9600067,0.982
rear,OC,2-MC,Mid-Coast,8,Yaquina,25029.90039,1,40988,23882042,Little Elk Cr,Cline Cr,Headwaters,Yaquina R,2013,750,Snorkeled,3,0.042994902,0.045669999,4.647999763,17,67.9449997,1,552.3129883,156666,4,1850.843994,19.95081711,79.25,249.5,0.897
rear,OC,2-MC,Mid-Coast,8,Yaquina,25033,2,3402,23881898,Bales Cr,"Bales Cr, E Fk",Headwaters,Yaquina R,2004,287,Snorkeled,3,0.06089792,0.06543,3.237999916,57,65.6719971,1,1702.915039,129870,4,1271.194946,20.59684372,81.55000305,177.6600037,0.126
rear,OC,2-MC,Mid-Coast,8,Yaquina,25035.69922,2,3406,23881106,Buttermilk Cr,"Buttermilk Cr, Trib A",Headwaters,Yaquina R,2007,0,Snorkeled,3,0.03203956,0.046890002,3.660000086,36,69.1529999,2,652.1920166,129870,5,1117.696045,20.01416588,71.66999817,144.1499939,0.854
rear,OC,2-MC,Mid-Coast,8,Yaquina,25039.80078,1,3411,23881942,Randall Cr,Buckhorn Cr,Headwaters,Yaquina R,2002,11,Snorkeled,2,0.045470409,0.141240001,3.012000084,53,73.1330032,2,1369.062988,129870,5,1146.238037,19.35787773,79.90000153,178.8600006,0.186
rear,OC,2-MC,Mid-Coast,8,Yaquina,25039.80078,1,3411,23881942,Randall Cr,Buckhorn Cr,Headwaters,Yaquina R,2011,5,Snorkeled,2,0.045470409,0.141240001,3.012000084,33,73.1330032,2,1369.062988,129870,5,1146.238037,17.16621971,101.9499969,330.0100098,0.186
rear,OC,2-MC,Mid-Coast,8,Yaquina,25046,2,3429,23880768,Yaquina R,Spilde Cr,Little Yaquina R,Pacific Ocean,2009,788,Snorkeled,4,0.00479092,0.046890002,12.35900021,38,78.3359985,2,73.34999847,142057,6,1679.805054,21.57454681,101.6600037,231.4799957,0.993
rear,OC,2-MC,Mid-Coast,8,Yaquina,25046,2,3429,23880768,Yaquina R,Spilde Cr,Little Yaquina R,Pacific Ocean,2012,589,Snorkeled,4,0.00479092,0.046890002,12.35900021,49,78.3359985,2,73.34999847,142057,6,1679.805054,19.93862534,194.4900055,233.4400024,0.993
rear,OC,2-MC,Mid-Coast,9,Beaver,24918,0,3229,23886532,Beaver Cr,Worth Cr,Elkhorn Cr,Beaver Cr,2003,189,Snorkeled,5,1E-05,0.01375,14.89700031,74,8.5279999,1,161.7740021,441905,2,1947.589966,19.80966377,92.25,281.8999939,0.86
rear,OC,2-MC,Mid-Coast,9,Beaver,24919.19922,3,3231,23887088,Elkhorn Cr,"Elkhorn Cr, Trib B (Cougar Cr)","Elkhorn Cr, Trib C",Beaver Cr,1999,284,Snorkeled,4,0.01653569,0.05861,7.28000021,51,12.5439997,1,4152.787109,441905,2,1824.917969,16.12830925,160.5299988,231.5099945,0.81
rear,OC,2-MC,Mid-Coast,9,Beaver,24919.19922,3,3231,23887088,Elkhorn Cr,"Elkhorn Cr, Trib B (Cougar Cr)","Elkhorn Cr, Trib C",Beaver Cr,2002,1342,Snorkeled,4,0.01653569,0.05861,7.28000021,53,12.5439997,1,4152.787109,441905,2,1824.917969,17.36597443,83.16999817,201.1799927,0.81
rear,OC,2-MC,Mid-Coast,9,Beaver,24919.19922,3,3231,23887088,Elkhorn Cr,"Elkhorn Cr, Trib B (Cougar Cr)","Elkhorn Cr, Trib C",Beaver Cr,2005,832,Snorkeled,4,0.01653569,0.05861,7.28000021,35,12.5439997,1,4152.787109,441905,2,1824.917969,17.08418465,89.73000336,312.7999878,0.81
rear,OC,2-MC,Mid-Coast,9,Beaver,24919.19922,3,3231,23887088,Elkhorn Cr,"Elkhorn Cr, Trib B (Cougar Cr)","Elkhorn Cr, Trib C",Beaver Cr,2008,807,Snorkeled,4,0.01653569,0.05861,7.28000021,48,12.5439997,1,4152.787109,441905,2,1824.917969,15.65865993,116.9599991,192.9799957,0.81
rear,OC,2-MC,Mid-Coast,9,Beaver,24919.19922,3,3231,23887088,Elkhorn Cr,"Elkhorn Cr, Trib B (Cougar Cr)","Elkhorn Cr, Trib C",Beaver Cr,2011,380,Snorkeled,4,0.01653569,0.05861,7.28000021,33,12.5439997,1,4152.787109,441905,2,1824.917969,15.89072227,122.3199997,329.7900085,0.81
rear,OC,2-MC,Mid-Coast,9,Beaver,24919.19922,3,3231,23887088,Elkhorn Cr,"Elkhorn Cr, Trib B (Cougar Cr)","Elkhorn Cr, Trib C",Beaver Cr,2014,453,Snorkeled,4,0.01653569,0.05861,7.28000021,39,12.5439997,1,4152.787109,441905,2,1824.917969,17.54830742,67.61000061,267.4899902,0.81
rear,OC,2-MC,Mid-Coast,9,Beaver,24923,5,40486,23887128,Peterson Cr,Mouth,Headwaters,"Beaver Cr, N Fk",2011,38,Snorkeled,2,0.033157758,0.063000001,3.121999979,33,15.6230001,1,27.41200066,441905,1,1672.748047,15.71554279,118.6299973,335.6600037,0.531
rear,OC,2-MC,Mid-Coast,9,Beaver,24924,2,3247,23886536,"Beaver Cr, N Fk",Peterson Cr,"Beaver Cr, N Fk, Trib A",Beaver Cr,2007,1213,Snorkeled,4,0.0074367,0.071160004,11.39999962,36,15.0740004,1,48.91799927,441905,1,1973.621948,19.44279289,82.68000031,169.2200012,0.633
rear,OC,2-MC,Mid-Coast,9,Beaver,24924.80078,2,3249,23886608,"Beaver Cr, N Fk, Trib G",Mouth,Headwaters,"Beaver Cr, N Fk",2007,65,Snorkeled,2,0.047235232,0.112520002,3.563999891,36,21.3840008,1,1474.741943,441905,2,1858.115967,15.57983494,82.68000031,169.2200012,0.281
rear,OC,2-MC,Mid-Coast,9,Beaver,24924.80078,2,3249,23886608,"Beaver Cr, N Fk, Trib G",Mouth,Headwaters,"Beaver Cr, N Fk",2008,4,Snorkeled,2,0.047235232,0.112520002,3.563999891,48,21.3840008,1,1474.741943,441905,2,1858.115967,13.86083698,114.6100006,204.0099945,0.281
rear,OC,2-MC,Mid-Coast,9,Beaver,24924.80078,2,3249,23886608,"Beaver Cr, N Fk, Trib G",Mouth,Headwaters,"Beaver Cr, N Fk",2009,102,Snorkeled,2,0.047235232,0.112520002,3.563999891,38,21.3840008,1,1474.741943,441905,2,1858.115967,14.7044611,102.6299973,264.6300049,0.281
rear,OC,2-MC,Mid-Coast,9,Beaver,24924.80078,2,3249,23886608,"Beaver Cr, N Fk, Trib G",Mouth,Headwaters,"Beaver Cr, N Fk",2010,50,Snorkeled,2,0.047235232,0.112520002,3.563999891,39,21.3840008,1,1474.741943,441905,2,1858.115967,13.62044907,79.02999878,381.1799927,0.281
rear,OC,2-MC,Mid-Coast,9,Beaver,24924.80078,2,3249,23886608,"Beaver Cr, N Fk, Trib G",Mouth,Headwaters,"Beaver Cr, N Fk",2011,29,Snorkeled,2,0.047235232,0.112520002,3.563999891,33,21.3840008,1,1474.741943,441905,2,1858.115967,13.66127014,118.6299973,335.6600037,0.281
rear,OC,2-MC,Mid-Coast,9,Beaver,24924.80078,2,3249,23886608,"Beaver Cr, N Fk, Trib G",Mouth,Headwaters,"Beaver Cr, N Fk",2012,90,Snorkeled,2,0.047235232,0.112520002,3.563999891,49,21.3840008,1,1474.741943,441905,2,1858.115967,14.15111637,193.0800018,329.2099915,0.281
rear,OC,2-MC,Mid-Coast,9,Beaver,24924.80078,2,3249,23886608,"Beaver Cr, N Fk, Trib G",Mouth,Headwaters,"Beaver Cr, N Fk",2013,133,Snorkeled,2,0.047235232,0.112520002,3.563999891,17,21.3840008,1,1474.741943,441905,2,1858.115967,14.53210831,79.13999939,266.9299927,0.281
rear,OC,2-MC,Mid-Coast,9,Beaver,24924.80078,2,3249,23886608,"Beaver Cr, N Fk, Trib G",Mouth,Headwaters,"Beaver Cr, N Fk",2014,1,Snorkeled,2,0.047235232,0.112520002,3.563999891,39,21.3840008,1,1474.741943,441905,2,1858.115967,15.33944702,73.48999786,267.5799866,0.281
rear,OC,2-MC,Mid-Coast,9,Beaver,24924.90039,1,205161,23886628,"Beaver Cr, N Fk",Trib G,Trib H,Beaver Cr,2008,0,Snorkeled,3,0.086630881,0.092969999,3.905999899,48,20.8220005,1,3191.251953,441905,2,2065.566895,15.69663143,121.5999985,209.0700073,0.136
rear,OC,2-MC,Mid-Coast,9,Beaver,24924.90039,2,1949,23886628,"Beaver Cr, N Fk",Trib G,Trib H,Beaver Cr,2009,69,Snorkeled,3,0.086630881,0.092969999,3.805999994,38,20.9220009,1,3191.251953,441905,2,2065.566895,16.86472893,104.6399994,258.0499878,0.54294
rear,OC,2-MC,Mid-Coast,9,Beaver,24924.90039,2,1949,23886628,"Beaver Cr, N Fk",Trib G,Trib H,Beaver Cr,2012,138,Snorkeled,3,0.086630881,0.092969999,3.805999994,49,20.9220009,1,3191.251953,441905,2,2065.566895,15.42591286,191.3600006,338.8800049,0.54294
rear,OC,2-MC,Mid-Coast,10,Alsea,0,0,2969,23886866,,,,,2002,0,Snorkeled,2,0.077303343,0.195820004,1.718999982,53,43.8419991,1,1458.583984,457768,2,1576.274048,18.74273491,90.38999939,223.3099976,0.463176471
rear,OC,2-MC,Mid-Coast,10,Alsea,0,0,35004,23886392,,,,,2007,54,Snorkeled,6,0.00160546,0.035080001,32.875,38,66.572998,1,307.4110107,745921,3,1778.862061,25.19569206,84.20999908,135.6300049,0.626
rear,OC,2-MC,Mid-Coast,10,Alsea,0,0,35004,23886392,,,,,2008,0,Snorkeled,6,0.00160546,0.035080001,32.875,64,66.572998,1,307.4110107,745921,3,1778.862061,23.13543892,93.52999878,171.8600006,0.626
rear,OC,2-MC,Mid-Coast,10,Alsea,0,0,35004,23886392,,,,,2009,87,Snorkeled,6,0.00160546,0.035080001,32.875,45,66.572998,1,307.4110107,745921,3,1778.862061,24.13659286,80.22000122,245.5399933,0.626
rear,OC,2-MC,Mid-Coast,10,Alsea,0,0,35272,23886396,,,,,2008,0,Snorkeled,6,0.00165264,0.035080001,32.47999954,64,72.9420013,1,55.30400085,745921,4,1762.292969,23.64436913,93.22000122,144.5,1
rear,OC,2-MC,Mid-Coast,10,Alsea,0,0,35281,23886372,,,,,2008,0,Snorkeled,6,0.00067815,0.035080001,38.54299927,64,41.6590004,1,3017.454102,745921,3,1831.347046,21.27117348,105.9700012,197.8399963,0.623
rear,OC,2-MC,Mid-Coast,10,Alsea,0,0,35472,23886392,,,,,2008,0,Snorkeled,6,0.00160546,0.035080001,32.86299896,64,67.0699997,1,307.4110107,745921,3,1778.862061,23.13543892,93.52999878,171.8600006,0.63
rear,OC,2-MC,Mid-Coast,10,Alsea,0,0,36061,23886430,,,,,2009,904,Snorkeled,5,0.00329858,0.035080001,25.17200089,45,82.1709976,1,1590.770996,298693,4,1795.688965,23.63056946,79.55999756,207,0.617
rear,OC,2-MC,Mid-Coast,10,Alsea,0,0,36995,23886392,,,,,2007,324,Snorkeled,6,0.00160546,0.035080001,32.91999817,38,65.8889999,1,307.4110107,745921,3,1778.862061,25.19569206,84.20999908,135.6300049,0.617
rear,OC,2-MC,Mid-Coast,10,Alsea,0,0,39580,23886800,,,,,2007,23,Snorkeled,3,0.172155216,0.035080001,4.664999962,38,48.7910004,1,2723.208008,745921,3,2290.690918,18.04646873,92.41000366,151.9400024,0.643
rear,OC,2-MC,Mid-Coast,10,Alsea,24629,0,2879,23886658,"Trout Cr, E Fk",Mouth,Headwaters,Trout Cr,2006,1,Snorkeled,3,0.091758132,0.089819998,5.25,83,25.0650005,1,1171.151978,577373,2,2574.746094,17.6371212,106.9000015,196.6600037,0.508
rear,OC,2-MC,Mid-Coast,10,Alsea,24630,3,2880,23886650,Trout Cr,"Trout Cr, E Fk","Trout Cr, Trib D",Drift Cr,1998,416,Snorkeled,4,0.036417309,0.062430002,7.454999924,31,28.2730007,1,909.9899902,577373,2,2234.530029,19.00819206,75.58000183,236.9299927,0.56
rear,OC,2-MC,Mid-Coast,10,Alsea,24630,3,2880,23886650,Trout Cr,"Trout Cr, E Fk","Trout Cr, Trib D",Drift Cr,2001,1360,Snorkeled,4,0.036417309,0.062430002,7.454999924,84,28.2730007,1,909.9899902,577373,2,2234.530029,17.29169655,84.98000336,255.9600067,0.56
rear,OC,2-MC,Mid-Coast,10,Alsea,24630,3,2880,23886650,Trout Cr,"Trout Cr, E Fk","Trout Cr, Trib D",Drift Cr,2004,860,Snorkeled,4,0.036417309,0.062430002,7.454999924,74,28.2730007,1,909.9899902,577373,2,2234.530029,19.754076,102.6299973,205.1000061,0.56
rear,OC,2-MC,Mid-Coast,10,Alsea,24630,3,2880,23886650,Trout Cr,"Trout Cr, E Fk","Trout Cr, Trib D",Drift Cr,2007,559,Snorkeled,4,0.036417309,0.062430002,7.454999924,38,28.2730007,1,909.9899902,577373,2,2234.530029,19.60891724,89.76000214,178.5599976,0.56
rear,OC,2-MC,Mid-Coast,10,Alsea,24630,3,2880,23886650,Trout Cr,"Trout Cr, E Fk","Trout Cr, Trib D",Drift Cr,2010,485,Snorkeled,4,0.036417309,0.062430002,7.454999924,77,28.2730007,1,909.9899902,577373,2,2234.530029,17.08936501,81.06999969,402.9700012,0.56
rear,OC,2-MC,Mid-Coast,10,Alsea,24630,3,2880,23886650,Trout Cr,"Trout Cr, E Fk","Trout Cr, Trib D",Drift Cr,2013,465,Snorkeled,4,0.036417309,0.062430002,7.454999924,51,28.2730007,1,909.9899902,577373,2,2234.530029,18.36918068,83.76999664,297.5899963,0.56
rear,OC,2-MC,Mid-Coast,10,Alsea,24640,2,2884,23886578,Gold Cr,Mouth,Headwaters,Drift Cr,1999,0,Snorkeled,3,0.068949193,0.110490002,5.723999977,52,40.1389999,1,4353.13916,407883,2,2378.14502,13.7992363,200.5099945,284.9599915,0.684076923
rear,OC,2-MC,Mid-Coast,10,Alsea,24645,1,2890,23887124,Flynn Cr,Mouth,"Flynn Cr, Trib A",Meadow Cr,2001,501,Snorkeled,4,0.020234991,0.060649998,5.287000179,84,46.8899994,1,60.44200134,407883,2,2126.839111,17.15753555,102.3300018,278.8200073,0.565
rear,OC,2-MC,Mid-Coast,10,Alsea,24645,1,2891,23887124,Flynn Cr,Mouth,"Flynn Cr, Trib A",Meadow Cr,2009,466,Snorkeled,4,0.020234991,0.060649998,6.239999771,45,45.6069984,1,60.44200134,407883,2,2126.839111,19.01535988,118.8899994,315.8399963,0.945
rear,OC,2-MC,Mid-Coast,10,Alsea,24645,2.0999999,2893,23887124,Flynn Cr,Mouth,"Flynn Cr, Trib A",Meadow Cr,2013,344,Snorkeled,2,0.020234991,0.060649998,3.812999964,51,47.6669998,1,60.44200134,407883,2,2126.839111,18.60298729,80.95999908,336.6700134,0.684076923
rear,OC,2-MC,Mid-Coast,10,Alsea,24645.69922,2,2892,23887124,Flynn Cr,"Flynn Cr, Trib A",Headwaters,Meadow Cr,2006,1056,Snorkeled,2,0.020234991,0.060649998,3.128000021,83,48.1809998,1,60.44200134,407883,2,2126.839111,19.48219109,100.9300003,188.0500031,0.776
rear,OC,2-MC,Mid-Coast,10,Alsea,24648.69922,2,2898,23886508,Horse Cr,"Horse Cr, Trib A",Headwaters,Meadow Cr,2005,15,Snorkeled,2,0.027553391,0.060649998,2.703999996,70,49.1479988,1,579.7280273,407883,4,1450.916992,18.31560707,112.2799988,366.4899902,0.372
rear,OC,2-MC,Mid-Coast,10,Alsea,24651.19922,2,2902,23886498,Cape Horn Cr,Mouth,Gopher Cr,Drift Cr,2005,1012,Snorkeled,4,0.0076956,0.060649998,9.159000397,70,46.7179985,1,196.076004,577401,2,1875.061035,20.65613556,113.3000031,366.6799927,0.613
rear,OC,2-MC,Mid-Coast,10,Alsea,24652,1,2912,23886644,Nettle Cr,Mouth,"Nettle Cr, Trib A",Drift Cr,1999,246,Snorkeled,4,0.066614583,0.060649998,6.868000031,52,49.0509987,1,469.7430115,577401,2,2077.950928,15.44390011,219.9700012,302.9700012,0.855
rear,OC,2-MC,Mid-Coast,10,Alsea,24657.69922,1,36491,23886496,Drift Cr,"Drift Cr, S Fk","Drift Cr, N Fk",Alsea R,2012,607,Snorkeled,4,0.051793359,0.07119,8.015999794,90,53.1930008,1,188.9720001,577401,2,1412.222046,16.06343842,205.6799927,354.6700134,0.622
rear,OC,2-MC,Mid-Coast,10,Alsea,24665,1,39710,23886766,Arnold Cr,Sudan Cr,Headwaters,Alsea R,2008,9,Snorkeled,4,0.047671281,0.062600002,4.900000095,64,15.651,1,2067.416016,319146,2,2435.888916,16.10288429,128.1000061,186.3399963,0.416
rear,OC,2-MC,Mid-Coast,10,Alsea,24670,2,40234,23886772,Bear Cr,Mouth,Headwaters,Canal Cr,2010,59,Snorkeled,3,0.05844127,0.117509998,4.551000118,77,22.4489994,1,4177.393066,314390,2,2021.937012,15.22710609,78.36000061,387.4400024,0.136
rear,OC,2-MC,Mid-Coast,10,Alsea,24685,1,2949,23886292,Hatchery Cr,Mouth,Headwaters,Alsea R,1999,0,Snorkeled,7,1E-05,0.01238,47.1609993,52,26.9379997,1,4081.649902,314390,2,1881.495972,19.72320175,186.8200073,235.1699982,0.586
rear,OC,2-MC,Mid-Coast,10,Alsea,24685,1,2949,23886292,Hatchery Cr,Mouth,Headwaters,Alsea R,2002,3,Snorkeled,7,1E-05,0.01238,47.1609993,53,26.9379997,1,4081.649902,314390,2,1881.495972,22.89805603,95.91000366,232.0399933,0.586
rear,OC,2-MC,Mid-Coast,10,Alsea,24691,1,2950,23886462,Scott Cr,Mouth,"Scott Cr, E Fk",Alsea R,2009,45,Snorkeled,5,0.0198186,0.05511,13.90799999,45,30.8859997,1,18491.41016,457768,2,1794.760986,19.83699608,92.04000092,272.3900146,0.136
rear,OC,2-MC,Mid-Coast,10,Alsea,24692,5,2953,23886464,"Scott Cr, E Fk",Mouth,Headwaters,Scott Cr,1998,0,Snorkeled,4,0.050950062,0.122879997,7.954999924,31,37.5369987,1,6684.123047,457768,2,1411.822998,17.92663765,82.16999817,231.1100006,0.136
rear,OC,2-MC,Mid-Coast,10,Alsea,24692,5,2953,23886464,"Scott Cr, E Fk",Mouth,Headwaters,Scott Cr,2007,0,Snorkeled,4,0.050950062,0.122879997,7.954999924,38,37.5369987,1,6684.123047,457768,2,1411.822998,18.45426178,107.4400024,185.0200043,0.136
rear,OC,2-MC,Mid-Coast,10,Alsea,24695,1,2963,23886774,Brush Cr,Mouth,Headwaters,Alsea R,2007,0,Snorkeled,3,0.05519826,0.149220005,4.012000084,38,37.3260002,1,26.28700066,457768,2,2132.36499,19.84158707,97.69999695,175.9700012,0.993
rear,OC,2-MC,Mid-Coast,10,Alsea,24708,2.0999999,2970,23886846,Bear Cr,Mouth,Headwaters,Five Rivers,2006,3,Snorkeled,3,0.06387832,0.176679999,3.688999891,83,45.2919998,1,3162.941895,4025313.5,2,1994.243042,19.77425575,99.63999939,182.0500031,0.448846154
rear,OC,2-MC,Mid-Coast,10,Alsea,24721.40039,1.1,2985,23886560,Camp Cr,"Camp Cr, Trib A","Camp Cr, Trib B",,2001,625,Snorkeled,4,0.029824199,0.035080001,4.875,84,58.5439987,1,435.0580139,344300,3,2017.083008,17.50926781,65.58999634,178.9400024,0.575
rear,OC,2-MC,Mid-Coast,10,Alsea,24721.40039,1.1,2985,23886560,Camp Cr,"Camp Cr, Trib A","Camp Cr, Trib B",,2010,452,Snorkeled,4,0.029824199,0.035080001,4.875,77,58.5439987,1,435.0580139,344300,3,2017.083008,16.78319359,67.83000183,346.7200012,0.575
rear,OC,2-MC,Mid-Coast,10,Alsea,24724,1,2986,23886352,Lobster Cr,Camp Cr,"Lobster Cr, Trib G",Five Rivers,2001,10,Snorkeled,5,0.00349807,0.039340001,20.07600021,84,54.4749985,1,3481.060059,344300,3,1836.237061,18.96906471,73.31999969,195.3000031,0.674
rear,OC,2-MC,Mid-Coast,10,Alsea,24724.59961,1,40983,23886352,"Lobster Cr, Trib D",Mouth,Headwaters,Lobster Cr,2013,304,Snorkeled,5,0.00349807,0.039340001,19.31699944,51,57.2200012,1,3481.060059,344300,3,1836.237061,20.85947037,68.66999817,246.4299927,0.58
rear,OC,2-MC,Mid-Coast,10,Alsea,24727,2,2989,23886580,Little Lobster Cr,Mouth,Briar Cr,Lobster Cr,1999,40,Snorkeled,4,0.00620965,0.040959999,8.942000389,52,60.8470001,1,432.9559937,344300,3,1758.18396,17.59591103,146.9400024,192.3099976,0.604
rear,OC,2-MC,Mid-Coast,10,Alsea,24727,2,2989,23886580,Little Lobster Cr,Mouth,Briar Cr,Lobster Cr,2002,287,Snorkeled,4,0.00620965,0.040959999,8.942000389,53,60.8470001,1,432.9559937,344300,3,1758.18396,20.04911232,78.54000092,167.0399933,0.604
rear,OC,2-MC,Mid-Coast,10,Alsea,24727,2,2989,23886580,Little Lobster Cr,Mouth,Briar Cr,Lobster Cr,2005,284,Snorkeled,4,0.00620965,0.040959999,8.942000389,70,60.8470001,1,432.9559937,344300,3,1758.18396,20.60172844,84.38999939,279.5100098,0.604
rear,OC,2-MC,Mid-Coast,10,Alsea,24727,2,2989,23886580,Little Lobster Cr,Mouth,Briar Cr,Lobster Cr,2011,522,Snorkeled,4,0.00620965,0.040959999,8.942000389,62,60.8470001,1,432.9559937,344300,3,1758.18396,16.97615433,99.29000092,291.019989,0.604
rear,OC,2-MC,Mid-Coast,10,Alsea,24731,2,3002,23886358,Preacher Cr,Mouth,Jasper Cr,Lobster Cr,2005,449,Snorkeled,4,0.041561179,0.039340001,8.395999908,70,63.8950005,1,835.0360107,698428,4,1667.535034,18.88977051,84.38999939,279.5100098,0.909
rear,OC,2-MC,Mid-Coast,10,Alsea,24733.59961,1,39729,23886358,Preacher Cr,"Preacher Cr, Trib F",Headwaters,Lobster Cr,2008,434,Snorkeled,4,0.041561179,0.039340001,5.487999916,64,66.4160004,1,835.0360107,698428,4,1667.535034,17.67299461,99.15000153,194.9400024,0.879
rear,OC,2-MC,Mid-Coast,10,Alsea,24744,2,3021,23886370,Lobster Cr,Bear Cr,"Lobster Cr, E Fk",Five Rivers,2006,3419,Snorkeled,5,0.016307769,0.066749997,12.4289999,83,74.6480026,1,1774.188965,698428,3,1551.418945,19.28670883,105.2600021,189.3000031,0.585
rear,OC,2-MC,Mid-Coast,10,Alsea,24744,2,3022,23886370,Lobster Cr,Bear Cr,"Lobster Cr, E Fk",Five Rivers,2002,1549,Snorkeled,5,0.016307769,0.066749997,12.86900043,53,73.2440033,1,1774.188965,698428,3,1551.418945,18.66252899,84.95999908,194.7299957,0.63
rear,OC,2-MC,Mid-Coast,10,Alsea,24745,2,3030,23887140,"Lobster Cr, E Fk",Mouth,Headwaters,Lobster Cr,1998,0,Snorkeled,4,0.077863529,0.195979998,7.422999859,31,78.1429977,1,84.19400024,698428,3,1488.128052,16.00032997,85.04000092,224.0500031,0.626
rear,OC,2-MC,Mid-Coast,10,Alsea,24745,2,3030,23887140,"Lobster Cr, E Fk",Mouth,Headwaters,Lobster Cr,2001,0,Snorkeled,4,0.077863529,0.195979998,7.422999859,84,78.1429977,1,84.19400024,698428,3,1488.128052,14.30980206,74.56999969,214.7799988,0.626
rear,OC,2-MC,Mid-Coast,10,Alsea,24745,2,3030,23887140,"Lobster Cr, E Fk",Mouth,Headwaters,Lobster Cr,2004,443,Snorkeled,4,0.077863529,0.195979998,7.422999859,74,78.1429977,1,84.19400024,698428,3,1488.128052,16.29760551,85.72000122,200.5,0.626
rear,OC,2-MC,Mid-Coast,10,Alsea,24745,2,3030,23887140,"Lobster Cr, E Fk",Mouth,Headwaters,Lobster Cr,2010,89,Snorkeled,4,0.077863529,0.195979998,7.422999859,77,78.1429977,1,84.19400024,698428,3,1488.128052,14.60695839,73.91000366,368.8699951,0.626
rear,OC,2-MC,Mid-Coast,10,Alsea,24745,2,3030,23887140,"Lobster Cr, E Fk",Mouth,Headwaters,Lobster Cr,2013,553,Snorkeled,4,0.077863529,0.195979998,7.422999859,51,78.1429977,1,84.19400024,698428,3,1488.128052,16.03900719,77.87000275,277.9400024,0.626
rear,OC,2-MC,Mid-Coast,10,Alsea,24746.59961,3,39720,23886602,"Lobster Cr, S Fk",Mouth,Headwaters,Lobster Cr,2008,0,Snorkeled,3,0.043301448,0.106940001,3.890000105,64,80.9599991,1,3503.477051,698428,3,1331.109009,16.80350304,89.83999634,119.0199966,0.136
rear,OC,2-MC,Mid-Coast,10,Alsea,24750,2,3034,23886896,Cascade Cr,Mouth,"Cascade Cr, N Fk",Five Rivers,2005,421,Snorkeled,5,0.01071394,0.035080001,9.37100029,70,53.2560005,1,663.3969727,4025313.5,2,1735.348022,21.28796005,92.63999939,322.0100098,0.835
rear,OC,2-MC,Mid-Coast,10,Alsea,24751,1,3036,23886880,"Cascade Cr, N Fk",Mouth,Headwaters,Cascade Cr,1998,0,Snorkeled,4,0.071708001,0.043280002,6.287000179,31,54.2360001,1,102.5070038,4025313.5,2,1684.116943,17.73027611,76.94999695,231.4799957,0.98
rear,OC,2-MC,Mid-Coast,10,Alsea,24751,1,3036,23886880,"Cascade Cr, N Fk",Mouth,Headwaters,Cascade Cr,2007,430,Snorkeled,4,0.071708001,0.043280002,6.287000179,38,54.2360001,1,102.5070038,4025313.5,2,1684.116943,18.45870972,85.65000153,167.0299988,0.98
rear,OC,2-MC,Mid-Coast,10,Alsea,24762.30078,1,3057,23886324,Buck Cr,"Buck Cr, Trib C","Buck Cr, Trib D",Five Rivers,2002,1441,Snorkeled,4,0.035423089,0.03805,7.546000004,53,65.9710007,1,986.4210205,628773,2,1901.863037,17.7250824,91.51999664,240.7599945,0.544
rear,OC,2-MC,Mid-Coast,10,Alsea,24766,4,3069,23887018,Crab Cr,Mouth,"Crab Cr, Trib A",Five Rivers,2000,765,Snorkeled,4,0.01695268,0.035080001,7.394000053,56,63.6599998,1,673.7160034,628773,3,1777.436035,19.86526299,87.33999634,241.8300018,0.58
rear,OC,2-MC,Mid-Coast,10,Alsea,24766,5.0999999,3067,23887018,Crab Cr,Mouth,"Crab Cr, Trib A",Five Rivers,2000,880,Snorkeled,4,0.01695268,0.035080001,6.618999958,56,65.1480026,1,673.7160034,628773,3,1777.436035,19.86526299,87.33999634,241.8300018,0.599
rear,OC,2-MC,Mid-Coast,10,Alsea,24766,5.0999999,3067,23887018,Crab Cr,Mouth,"Crab Cr, Trib A",Five Rivers,2009,946,Snorkeled,4,0.01695268,0.035080001,6.618999958,45,65.1480026,1,673.7160034,628773,3,1777.436035,21.55687141,76.69000244,251.6999969,0.599
rear,OC,2-MC,Mid-Coast,10,Alsea,24768,1,3073,23886960,Alder Cr,Mouth,Headwaters,Five Rivers,2000,52,Snorkeled,3,0.039050099,0.035080001,4.002999783,56,60.4510002,1,588.5390015,628773,3,2016.588013,17.44403267,87.33999634,241.8300018,0.836
rear,OC,2-MC,Mid-Coast,10,Alsea,24768,1,3073,23886960,Alder Cr,Mouth,Headwaters,Five Rivers,2009,127,Snorkeled,3,0.039050099,0.035080001,4.002999783,45,60.4510002,1,588.5390015,628773,3,2016.588013,18.92555428,76.69000244,251.6999969,0.836
rear,OC,2-MC,Mid-Coast,10,Alsea,24769,1,3074,23886332,Five Rivers,Alder Cr,Crazy Cr,Alsea R,1998,23,Snorkeled,5,0.00144429,0.035080001,15.34799957,31,60.6669998,1,220.8480072,628773,3,1892.890991,22.20137978,77.02999878,228.7899933,0.63
rear,OC,2-MC,Mid-Coast,10,Alsea,24769,1,3074,23886332,Five Rivers,Alder Cr,Crazy Cr,Alsea R,2001,89,Snorkeled,5,0.00144429,0.035080001,15.34799957,84,60.6669998,1,220.8480072,628773,3,1892.890991,19.87183189,81.20999908,222.4700012,0.63
rear,OC,2-MC,Mid-Coast,10,Alsea,24769,1,3074,23886332,Five Rivers,Alder Cr,Crazy Cr,Alsea R,2005,104,Snorkeled,5,0.00144429,0.035080001,15.34799957,70,60.6669998,1,220.8480072,628773,3,1892.890991,22.25314522,90.51999664,319.5299988,0.63
rear,OC,2-MC,Mid-Coast,10,Alsea,24769,1,3074,23886332,Five Rivers,Alder Cr,Crazy Cr,Alsea R,2006,101,Snorkeled,5,0.00144429,0.035080001,15.34799957,83,60.6669998,1,220.8480072,628773,3,1892.890991,22.34825325,95.91999817,188.8000031,0.63
rear,OC,2-MC,Mid-Coast,10,Alsea,24769,1,3074,23886332,Five Rivers,Alder Cr,Crazy Cr,Alsea R,2011,545,Snorkeled,5,0.00144429,0.035080001,15.34799957,62,60.6669998,1,220.8480072,628773,3,1892.890991,18.85253716,114.8600006,344.980011,0.63
rear,OC,2-MC,Mid-Coast,10,Alsea,24769,1,3074,23886332,Five Rivers,Alder Cr,Crazy Cr,Alsea R,2012,538,Snorkeled,5,0.00144429,0.035080001,15.34799957,90,60.6669998,1,220.8480072,628773,3,1892.890991,20.02887726,157.7799988,337.9700012,0.63
rear,OC,2-MC,Mid-Coast,10,Alsea,24769,1,3074,23886332,Five Rivers,Alder Cr,Crazy Cr,Alsea R,2013,434,Snorkeled,5,0.00144429,0.035080001,15.34799957,51,60.6669998,1,220.8480072,628773,3,1892.890991,21.54428864,77.73999786,290.4200134,0.63
rear,OC,2-MC,Mid-Coast,10,Alsea,24769,1,3074,23886332,Five Rivers,Alder Cr,Crazy Cr,Alsea R,2014,227,Snorkeled,5,0.00144429,0.035080001,15.34799957,50,60.6669998,1,220.8480072,628773,3,1892.890991,22.06083679,70.91999817,279.3099976,0.63
rear,OC,2-MC,Mid-Coast,10,Alsea,24776.19922,1,3090,23887142,Green R,"Green R, Trib D","Green R, Trib E",Five Rivers,2007,820,Snorkeled,3,0.02360929,0.035080001,4.888000011,38,73.7779999,1,182.4720001,396247,3,1867.494995,19.22450256,101.0699997,172.0800018,0.555
rear,OC,2-MC,Mid-Coast,10,Alsea,24776.19922,1,3090,23887142,Green R,"Green R, Trib D","Green R, Trib E",Five Rivers,2008,428,Snorkeled,3,0.02360929,0.035080001,4.888000011,64,73.7779999,1,182.4720001,396247,3,1867.494995,17.70420456,106.5699997,209.8500061,0.555
rear,OC,2-MC,Mid-Coast,10,Alsea,24776.19922,1,3090,23887142,Green R,"Green R, Trib D","Green R, Trib E",Five Rivers,2009,621,Snorkeled,3,0.02360929,0.035080001,4.888000011,45,73.7779999,1,182.4720001,396247,3,1867.494995,18.7899456,81.70999908,250.2799988,0.555
rear,OC,2-MC,Mid-Coast,10,Alsea,24776.19922,1,3090,23887142,Green R,"Green R, Trib D","Green R, Trib E",Five Rivers,2010,485,Snorkeled,3,0.02360929,0.035080001,4.888000011,77,73.7779999,1,182.4720001,396247,3,1867.494995,16.78313637,78.79000092,398.6400146,0.555
rear,OC,2-MC,Mid-Coast,10,Alsea,24776.19922,1,3090,23887142,Green R,"Green R, Trib D","Green R, Trib E",Five Rivers,2011,390,Snorkeled,3,0.02360929,0.035080001,4.888000011,62,73.7779999,1,182.4720001,396247,3,1867.494995,16.28973389,120.4000015,359.0899963,0.555
rear,OC,2-MC,Mid-Coast,10,Alsea,24776.19922,1,3090,23887142,Green R,"Green R, Trib D","Green R, Trib E",Five Rivers,2012,994,Snorkeled,3,0.02360929,0.035080001,4.888000011,90,73.7779999,1,182.4720001,396247,3,1867.494995,17.22001076,150.6699982,344.3900146,0.555
rear,OC,2-MC,Mid-Coast,10,Alsea,24776.19922,1,3090,23887142,Green R,"Green R, Trib D","Green R, Trib E",Five Rivers,2013,410,Snorkeled,3,0.02360929,0.035080001,4.888000011,51,73.7779999,1,182.4720001,396247,3,1867.494995,18.62051773,84.18000031,306.2600098,0.555
rear,OC,2-MC,Mid-Coast,10,Alsea,24776.19922,1,3090,23887142,Green R,"Green R, Trib D","Green R, Trib E",Five Rivers,2014,498,Snorkeled,3,0.02360929,0.035080001,4.888000011,50,73.7779999,1,182.4720001,396247,3,1867.494995,19.09058952,71.98000336,296.4500122,0.555
rear,OC,2-MC,Mid-Coast,10,Alsea,24780,1,3093,23886984,Cedar Cr,Mouth,Headwaters,Five Rivers,2007,60,Snorkeled,2,0.102933154,0.042989999,2.394000053,38,67.2750015,1,859.8120117,396247,3,2138.437012,19.25297165,87.65000153,157.2400055,0.332
rear,OC,2-MC,Mid-Coast,10,Alsea,24793,1,3104,23886842,Cow Cr,Mouth,Headwaters,Alsea R,1999,86,Snorkeled,2,0.082581051,0.051089998,4.589000225,52,49.5810013,1,515.1619873,745921,2,1610.407959,16.61694908,159.5099945,203.6499939,0.777
rear,OC,2-MC,Mid-Coast,10,Alsea,24793,1,3104,23886842,Cow Cr,Mouth,Headwaters,Alsea R,2002,117,Snorkeled,2,0.082581051,0.051089998,4.589000225,53,49.5810013,1,515.1619873,745921,2,1610.407959,18.92293358,84.47000122,178.1399994,0.777
rear,OC,2-MC,Mid-Coast,10,Alsea,24793,1,3104,23886842,Cow Cr,Mouth,Headwaters,Alsea R,2005,42,Snorkeled,2,0.082581051,0.051089998,4.589000225,70,49.5810013,1,515.1619873,745921,2,1610.407959,19.45241928,92.94000244,289.5700073,0.777
rear,OC,2-MC,Mid-Coast,10,Alsea,24793,1,3104,23886842,Cow Cr,Mouth,Headwaters,Alsea R,2008,46,Snorkeled,2,0.082581051,0.051089998,4.589000225,64,49.5810013,1,515.1619873,745921,2,1610.407959,17.38890839,98.38999939,192.5599976,0.777
rear,OC,2-MC,Mid-Coast,10,Alsea,24793,1,3104,23886842,Cow Cr,Mouth,Headwaters,Alsea R,2011,60,Snorkeled,2,0.082581051,0.051089998,4.589000225,62,49.5810013,1,515.1619873,745921,2,1610.407959,15.6965332,114.2900009,306.7399902,0.777
rear,OC,2-MC,Mid-Coast,10,Alsea,24793,1,3104,23886842,Cow Cr,Mouth,Headwaters,Alsea R,2014,29,Snorkeled,2,0.082581051,0.051089998,4.589000225,50,49.5810013,1,515.1619873,745921,2,1610.407959,18.21530342,81.11000061,249.1199951,0.777
rear,OC,2-MC,Mid-Coast,10,Alsea,24796,2,39969,23886780,Skunk Cr,Mouth,Headwaters,Fall Cr,2009,329,Snorkeled,3,0.098873079,0.116290003,10.08100033,45,55.6629982,1,15911.62305,945543,2,1922.937988,16.8683567,89.91000366,247.8200073,0.443
rear,OC,2-MC,Mid-Coast,10,Alsea,24797,2,36062,23886452,Fall Cr,Skunk Cr,Carns Canyon Cr,Alsea R,2009,1028,Snorkeled,5,0.00905109,0.035080001,19.97900009,45,54.9059982,1,1645.962036,945543,2,1824.120972,19.17652702,89.91000366,247.8200073,0.595
rear,OC,2-MC,Mid-Coast,10,Alsea,24797,2,36062,23886452,Fall Cr,Skunk Cr,Carns Canyon Cr,Alsea R,2012,456,Snorkeled,5,0.00905109,0.035080001,19.97900009,90,54.9059982,1,1645.962036,945543,2,1824.120972,18.16123581,182.1300049,275.9100037,0.595
rear,OC,2-MC,Mid-Coast,10,Alsea,24798,2,3105,23886762,Carns Canyon,Mouth,Headwaters,Fall Cr,2001,15,Snorkeled,2,0.177702442,0.191799998,3.993000031,84,57.223999,1,6347.024902,945543,2,1923.822021,15.49890232,95.02999878,232.9700012,0.244
rear,OC,2-MC,Mid-Coast,10,Alsea,24798,2,3106,23886762,Carns Canyon,Mouth,Headwaters,Fall Cr,2000,0,Snorkeled,2,0.177702442,0.191799998,2.230999947,56,58.0900002,1,6347.024902,945543,2,1923.822021,15.66917133,72.33000183,158.6199951,0.244
rear,OC,2-MC,Mid-Coast,10,Alsea,24813,1,3117,23886850,Benner Cr,Mouth,Headwaters,Alsea R,1998,6,Snorkeled,3,0.073485933,0.131180003,3.757999897,31,60.4379997,1,1034.935059,745921,3,1821.411987,19.38593102,73.91999817,211.7899933,0.602
rear,OC,2-MC,Mid-Coast,10,Alsea,24813,1,3117,23886850,Benner Cr,Mouth,Headwaters,Alsea R,2001,20,Snorkeled,3,0.073485933,0.131180003,3.757999897,84,60.4379997,1,1034.935059,745921,3,1821.411987,17.28587151,73.31999969,195.3000031,0.602
rear,OC,2-MC,Mid-Coast,10,Alsea,24813,1,3117,23886850,Benner Cr,Mouth,Headwaters,Alsea R,2004,90,Snorkeled,3,0.073485933,0.131180003,3.757999897,74,60.4379997,1,1034.935059,745921,3,1821.411987,19.74254608,84.69000244,189.5200043,0.602
rear,OC,2-MC,Mid-Coast,10,Alsea,24813,1,3117,23886850,Benner Cr,Mouth,Headwaters,Alsea R,2007,59,Snorkeled,3,0.073485933,0.131180003,3.757999897,38,60.4379997,1,1034.935059,745921,3,1821.411987,19.48994446,92.41000366,151.9400024,0.602
rear,OC,2-MC,Mid-Coast,10,Alsea,24813,1,3117,23886850,Benner Cr,Mouth,Headwaters,Alsea R,2010,56,Snorkeled,3,0.073485933,0.131180003,3.757999897,77,60.4379997,1,1034.935059,745921,3,1821.411987,16.17640686,70.41000366,360.269989,0.602
rear,OC,2-MC,Mid-Coast,10,Alsea,24813,1,3117,23886850,Benner Cr,Mouth,Headwaters,Alsea R,2013,238,Snorkeled,3,0.073485933,0.131180003,3.757999897,51,60.4379997,1,1034.935059,745921,3,1821.411987,18.25665474,68.66999817,246.4299927,0.602
rear,OC,2-MC,Mid-Coast,10,Alsea,24816,1,3120,23886894,"Sulmon Cr (Salmonberry Cr), N Fk",Mouth,Headwaters,Sulmon Cr,2007,16,Snorkeled,4,0.024478311,0.035080001,5.696000099,38,65.3679962,1,142.7929993,745921,3,1664.793945,19.67229652,84.20999908,135.6300049,0.973
rear,OC,2-MC,Mid-Coast,10,Alsea,24827,1,3130,23886810,Mill Cr,Mouth,Beaty Cr,Alsea R,2002,39,Snorkeled,4,0.02960645,0.035080001,11.64599991,53,76.9540024,1,4464.202148,745921,4,1711.229004,20.98029518,88.87999725,162.0399933,0.52
rear,OC,2-MC,Mid-Coast,10,Alsea,24831,1,3134,23886400,Roberts Cr,Mouth,Headwaters,Alsea R,2004,0,Snorkeled,2,1E-05,0.03805,2.546999931,74,76.526001,1,938.1500244,745921,4,1462.738037,25.66761208,76.25,177.8600006,0.444
rear,OC,2-MC,Mid-Coast,10,Alsea,24838.30078,1,3138,23886844,"Honey Grove Cr, Trib A",Mouth,Headwaters,Honey Grove Cr,2000,1,Snorkeled,3,0.049012542,0.035080001,4.68200016,56,83.038002,1,278.2219849,298693,8,1512.026978,18.59601593,72.33000183,158.6199951,0.937
rear,OC,2-MC,Mid-Coast,10,Alsea,24839,1,40477,23886430,"Alsea R, N Fk",Honey Grove Cr,Ryder Cr,Alsea R,2011,587,Snorkeled,5,0.00329858,0.035080001,25.23800087,62,81.2610016,1,1590.770996,298693,4,1795.688965,20.25305748,79.01000214,265.0100098,0.966
rear,OC,2-MC,Mid-Coast,10,Alsea,24845.5,1,3149,23886584,Seeley Cr,"Seeley Cr, Trib A",Headwaters,"Alsea R, N Fk",2001,262,Snorkeled,3,0.087688759,0.045529999,5.302000046,84,87.064003,1,2302.072021,298693,4,1488.723022,16.92427063,69.13999939,154.0599976,0.341
rear,OC,2-MC,Mid-Coast,10,Alsea,24845.5,1,40730,23886584,Seeley Cr,"Seeley Cr, Trib A",Headwaters,"Alsea R, N Fk",2012,298,Snorkeled,3,0.087688759,0.045529999,5.368999958,90,86.9649963,1,2302.072021,298693,4,1488.723022,17.30479622,175.1100006,197.7100067,0.215
rear,OC,2-MC,Mid-Coast,10,Alsea,24850,2,3157,23886566,Crooked Cr,Ernest Cr,Zahn Cr,"Alsea R, N Fk",1998,91,Snorkeled,4,0.017736919,0.035080001,13.06000042,31,87.4710007,1,2280.677002,816046,4,1609.676025,21.98213196,81.75,207.2400055,0.75
rear,OC,2-MC,Mid-Coast,10,Alsea,24850,2,3157,23886566,Crooked Cr,Ernest Cr,Zahn Cr,"Alsea R, N Fk",1999,16,Snorkeled,4,0.017736919,0.035080001,13.06000042,52,87.4710007,1,2280.677002,816046,4,1609.676025,19.34294891,155.3699951,147.0599976,0.75
rear,OC,2-MC,Mid-Coast,10,Alsea,24850,2,3157,23886566,Crooked Cr,Ernest Cr,Zahn Cr,"Alsea R, N Fk",2000,357,Snorkeled,4,0.017736919,0.035080001,13.06000042,56,87.4710007,1,2280.677002,816046,4,1609.676025,19.7911129,72.33000183,158.6199951,0.75
rear,OC,2-MC,Mid-Coast,10,Alsea,24850,2,3157,23886566,Crooked Cr,Ernest Cr,Zahn Cr,"Alsea R, N Fk",2001,854,Snorkeled,4,0.017736919,0.035080001,13.06000042,84,87.4710007,1,2280.677002,816046,4,1609.676025,19.49233627,69.13999939,154.0599976,0.75
rear,OC,2-MC,Mid-Coast,10,Alsea,24850,2,3157,23886566,Crooked Cr,Ernest Cr,Zahn Cr,"Alsea R, N Fk",2002,334,Snorkeled,4,0.017736919,0.035080001,13.06000042,53,87.4710007,1,2280.677002,816046,4,1609.676025,21.45650864,86.87000275,133.7899933,0.75
rear,OC,2-MC,Mid-Coast,10,Alsea,24850,2,3157,23886566,Crooked Cr,Ernest Cr,Zahn Cr,"Alsea R, N Fk",2003,1297,Snorkeled,4,0.017736919,0.035080001,13.06000042,76,87.4710007,1,2280.677002,816046,4,1609.676025,22.30303955,83.61000061,226.5200043,0.75
rear,OC,2-MC,Mid-Coast,10,Alsea,24850,2,3157,23886566,Crooked Cr,Ernest Cr,Zahn Cr,"Alsea R, N Fk",2004,974,Snorkeled,4,0.017736919,0.035080001,13.06000042,74,87.4710007,1,2280.677002,816046,4,1609.676025,22.33623695,83.09999847,157.9299927,0.75
rear,OC,2-MC,Mid-Coast,10,Alsea,24850,2,3157,23886566,Crooked Cr,Ernest Cr,Zahn Cr,"Alsea R, N Fk",2005,442,Snorkeled,4,0.017736919,0.035080001,13.06000042,70,87.4710007,1,2280.677002,816046,4,1609.676025,21.75528526,93.37999725,231,0.75
rear,OC,2-MC,Mid-Coast,10,Alsea,24850,2,3157,23886566,Crooked Cr,Ernest Cr,Zahn Cr,"Alsea R, N Fk",2006,1357,Snorkeled,4,0.017736919,0.035080001,13.06000042,83,87.4710007,1,2280.677002,816046,4,1609.676025,22.45242691,130.1900024,145.7599945,0.75
rear,OC,2-MC,Mid-Coast,10,Alsea,24850,2,3157,23886566,Crooked Cr,Ernest Cr,Zahn Cr,"Alsea R, N Fk",2007,785,Snorkeled,4,0.017736919,0.035080001,13.06000042,38,87.4710007,1,2280.677002,816046,4,1609.676025,21.95446777,81.76999664,128.0299988,0.75
rear,OC,2-MC,Mid-Coast,10,Alsea,24850,2,3157,23886566,Crooked Cr,Ernest Cr,Zahn Cr,"Alsea R, N Fk",2008,431,Snorkeled,4,0.017736919,0.035080001,13.06000042,64,87.4710007,1,2280.677002,816046,4,1609.676025,21.08027267,143.8800049,140.4100037,0.75
rear,OC,2-MC,Mid-Coast,10,Alsea,24850,2,3157,23886566,Crooked Cr,Ernest Cr,Zahn Cr,"Alsea R, N Fk",2009,938,Snorkeled,4,0.017736919,0.035080001,13.06000042,45,87.4710007,1,2280.677002,816046,4,1609.676025,22.4468956,80.80000305,201.7899933,0.75
rear,OC,2-MC,Mid-Coast,10,Alsea,24850,2,3157,23886566,Crooked Cr,Ernest Cr,Zahn Cr,"Alsea R, N Fk",2010,785,Snorkeled,4,0.017736919,0.035080001,13.06000042,77,87.4710007,1,2280.677002,816046,4,1609.676025,20.30566978,66.5,285.519989,0.75
rear,OC,2-MC,Mid-Coast,10,Alsea,24850,2,3157,23886566,Crooked Cr,Ernest Cr,Zahn Cr,"Alsea R, N Fk",2011,887,Snorkeled,4,0.017736919,0.035080001,13.06000042,62,87.4710007,1,2280.677002,816046,4,1609.676025,18.9501152,84.41999817,273.0499878,0.75
rear,OC,2-MC,Mid-Coast,10,Alsea,24850,2,3157,23886566,Crooked Cr,Ernest Cr,Zahn Cr,"Alsea R, N Fk",2012,1242,Snorkeled,4,0.017736919,0.035080001,13.06000042,90,87.4710007,1,2280.677002,816046,4,1609.676025,19.85750771,175.1100006,197.7100067,0.75
rear,OC,2-MC,Mid-Coast,10,Alsea,24850,2,3157,23886566,Crooked Cr,Ernest Cr,Zahn Cr,"Alsea R, N Fk",2013,1215,Snorkeled,4,0.017736919,0.035080001,13.06000042,51,87.4710007,1,2280.677002,816046,4,1609.676025,21.85487747,73.26000214,193.0700073,0.75
rear,OC,2-MC,Mid-Coast,10,Alsea,24850,2,3157,23886566,Crooked Cr,Ernest Cr,Zahn Cr,"Alsea R, N Fk",2014,943,Snorkeled,4,0.017736919,0.035080001,13.06000042,50,87.4710007,1,2280.677002,816046,4,1609.676025,22.49669075,78.45999908,190.6199951,0.75
rear,OC,2-MC,Mid-Coast,10,Alsea,24879.19922,1,3184,23886934,Record Cr,"Record Cr, Trib A","Record Cr, Trib B",Swamp Cr,2005,19,Snorkeled,3,0.051496591,0.03593,3.789999962,70,85.8970032,2,417.9419861,544253,5,1773.883057,19.98555183,107.0199966,317.7999878,0.807
rear,OC,2-MC,Mid-Coast,10,Alsea,24882,1,3187,23886974,Swamp Cr,Brown Cr,"Swamp Cr, E Fk",Bummer Cr,2005,162,Snorkeled,3,0.076747268,0.041949999,5.813000202,70,86.7770004,2,2571.163086,544253,6,1767.256958,18.99263573,107.0199966,317.7999878,0.514
rear,OC,2-MC,Mid-Coast,10,Alsea,24883,3,3190,23886990,Bummer Cr,Swamp Cr,"Bummer Cr, Trib 1","Alsea R, S Fk",2004,691,Snorkeled,4,0.073268682,0.035080001,7.791999817,74,86.4759979,2,2975.589111,544253,6,1635.52002,17.93728447,86.62000275,205.4400024,0.609
rear,OC,2-MC,Mid-Coast,10,Alsea,24887,2,3194,23886980,Tobe Cr,Mouth,Headwaters,"Alsea R, S Fk",2012,462,Snorkeled,3,0.066983417,0.037390001,6.131999969,90,84.5339966,2,3550.540039,544253,4,1781.234985,18.14297676,211.9100037,329.4700012,0.348
rear,OC,2-MC,Mid-Coast,10,Alsea,24888,0,3198,23886406,"Alsea R, S Fk",Tobe Cr,Dubuque Cr,Alsea R,2006,76,Snorkeled,5,0.00948348,0.036830001,17.6060009,83,86.1539993,2,4466.562012,544253,4,1564.185059,22.57155418,126.2300034,215.1499939,0.58
rear,OC,2-MC,Mid-Coast,10,Alsea,24896,0,3209,23886412,"Alsea R, S Fk",Trout Cr,Peak Cr,Alsea R,2005,92,Snorkeled,5,0.00837028,0.036830001,15.52799988,70,92,2,1131.699951,544253,4,1496.134033,21.40953445,76.66999817,219.2599945,0.604
rear,OC,2-MC,Mid-Coast,11,Siuslaw,0,0,1972,23889900,,,,,1998,144,Snorkeled,5,0.00173141,0.0273,11.99699974,31,29.7380009,1,7.004000187,4174368,2,1926.761963,21.54637337,87.25,252.4299927,0.942
rear,OC,2-MC,Mid-Coast,11,Siuslaw,0,0,2607,23890532,,,,,2002,3,Snorkeled,3,0.05478134,0.077940002,2.132999897,53,149.6399994,2,605.6450195,188573,4,1558.270996,17.36421204,57.43000031,149.5200043,0.386
rear,OC,2-MC,Mid-Coast,11,Siuslaw,0,0,2698,23889780,,,,,1998,0,Snorkeled,4,0.02129177,0.048909999,4.597000122,31,185.0410004,2,2318.903076,110560,5,1433.718994,19.7966938,55.02999878,292.3099976,0.696
rear,OC,2-MC,Mid-Coast,11,Siuslaw,0,0,2698,23889780,,,,,2007,40,Snorkeled,4,0.02129177,0.048909999,4.597000122,36,185.0410004,2,2318.903076,110560,5,1433.718994,19.82146454,78.04000092,156.25,0.696
rear,OC,2-MC,Mid-Coast,11,Siuslaw,0,0,35035,23889548,,,,,2007,0,Snorkeled,7,0.0008472,0.048909999,36.01800156,36,67.060997,2,6038.123047,506742,2,1648.957031,25.66437149,87.54000092,144.1100006,0.608
rear,OC,2-MC,Mid-Coast,11,Siuslaw,0,0,35051,23889516,,,,,2007,0,Snorkeled,8,0.00095551,0.01513,50.19599915,36,37.5419998,1,582.5269775,926823,2,1739.313965,28.2991848,133.4900055,178.1900024,0.572
rear,OC,2-MC,Mid-Coast,11,Siuslaw,0,0,35051,23889516,,,,,2008,0,Snorkeled,8,0.00095551,0.01513,50.19599915,19,37.5419998,1,582.5269775,926823,2,1739.313965,25.32602882,102.7399979,208.1100006,0.572
rear,OC,2-MC,Mid-Coast,11,Siuslaw,0,0,35064,23889532,,,,,2007,0,Snorkeled,7,0.00293525,0.01513,37.74100113,36,54.8479996,1,2668.427979,506742,2,1653.359009,25.30912018,125.5299988,177.7100067,0.614
rear,OC,2-MC,Mid-Coast,11,Siuslaw,0,0,35064,23889532,,,,,2008,0,Snorkeled,7,0.00293525,0.01513,37.74100113,19,54.8479996,1,2668.427979,506742,2,1653.359009,23.89009476,101.8899994,227.3300018,0.614
rear,OC,2-MC,Mid-Coast,11,Siuslaw,0,0,36958,23889570,,,,,2007,0,Snorkeled,7,0.00094995,0.048909999,31.625,36,78.4499969,2,611.5250244,217656,2,1641.645996,25.10910034,87.54000092,144.1100006,0.624
rear,OC,2-MC,Mid-Coast,11,Siuslaw,0,0,37567,23889542,,,,,2007,0,Snorkeled,7,0.00559131,0.02321,36.84899902,36,62.3779984,1,1832.098022,506742,2,1652.131958,25.44984627,113.5899963,169.6900024,0.62
rear,OC,2-MC,Mid-Coast,11,Siuslaw,0,0,39474,23890262,,,,,2007,0,Snorkeled,3,0.0497218,0.105489999,2.071000099,36,82.3919983,2,353.4920044,245468,4,1389.041992,19.91771317,82.48000336,131.6499939,0.375
rear,OC,2-MC,Mid-Coast,11,Siuslaw,0,0,39714,23889530,,,,,2008,0,Snorkeled,7,0.00050502,0.01513,38.22299957,19,52.5589981,1,4503.562988,506742,2,1656.131958,24.12462807,103.9800034,218.4799957,0.62
rear,OC,2-MC,Mid-Coast,11,Siuslaw,0,0,39722,23889640,,,,,2008,0,Snorkeled,6,0.00161174,0.048909999,21.31900024,19,146.2890015,2,1473.557983,188573,4,1684.141968,21.51598549,76.59999847,116.3600006,0.613
rear,OC,2-MC,Mid-Coast,11,Siuslaw,0,0,39726,23889554,,,,,2008,0,Snorkeled,7,1E-05,0.048909999,32.75600052,19,73.1900024,2,1048.640991,217656,2,1651.649048,24.31633949,92.5,201.0299988,0.622
rear,OC,2-MC,Mid-Coast,11,Siuslaw,0,0,39762,23889574,,,,,2008,0,Snorkeled,6,0.00198496,0.048909999,27.73600006,19,89.4889984,2,20389.90625,217656,2,1649.562012,24.18299866,88.23999786,216.6000061,0.576
rear,OC,2-MC,Mid-Coast,11,Siuslaw,24013.69922,1,1965,23890136,Morris Cr,"Morris Cr, Trib B",Headwaters,"Siuslaw R, N Fk",2002,364,Snorkeled,4,0.017743651,0.0273,6.303999901,53,23.0610008,1,594.5960083,4174368,2,2256.572021,19.29494667,80.76000214,206.4499969,0.576
rear,OC,2-MC,Mid-Coast,11,Siuslaw,24013.69922,1,1965,23890136,Morris Cr,"Morris Cr, Trib B",Headwaters,"Siuslaw R, N Fk",2011,363,Snorkeled,4,0.017743651,0.0273,6.303999901,25,23.0610008,1,594.5960083,4174368,2,2256.572021,17.96728325,140.4400024,366.6300049,0.576
rear,OC,2-MC,Mid-Coast,11,Siuslaw,24018,1,1981,23890100,Uncle Cr,Mouth,Trib A,Condon Cr,2000,1303,Snorkeled,4,0.0569833,0.040709998,6.981999874,56,35.6430016,1,685.5670166,4174368,2,2002.901978,16.06751251,143.3800049,267.9599915,0.585
rear,OC,2-MC,Mid-Coast,11,Siuslaw,24018,1,1981,23890100,Uncle Cr,Mouth,Trib A,Condon Cr,2009,1117,Snorkeled,4,0.0569833,0.040709998,6.981999874,44,35.6430016,1,685.5670166,4174368,2,2002.901978,17.00996399,88.41000366,222.1399994,0.585
rear,OC,2-MC,Mid-Coast,11,Siuslaw,24019.40039,1,1984,23889904,Condon Cr,"Condon Cr, Trib A","Condon Cr, Trib B","Siuslaw R, N Fk",2000,770,Snorkeled,4,0.045124792,0.084349997,6.18599987,56,36.4710007,1,1956.805054,4174368,2,2048.602051,18.82289886,143.3800049,267.9599915,0.517
rear,OC,2-MC,Mid-Coast,11,Siuslaw,24019.40039,1,1984,23889904,Condon Cr,"Condon Cr, Trib A","Condon Cr, Trib B","Siuslaw R, N Fk",2003,923,Snorkeled,4,0.045124792,0.084349997,6.18599987,74,36.4710007,1,1956.805054,4174368,2,2048.602051,20.31811714,120.9899979,312.3800049,0.517
rear,OC,2-MC,Mid-Coast,11,Siuslaw,24019.40039,1,1984,23889904,Condon Cr,"Condon Cr, Trib A","Condon Cr, Trib B","Siuslaw R, N Fk",2006,1117,Snorkeled,4,0.045124792,0.084349997,6.18599987,32,36.4710007,1,1956.805054,4174368,2,2048.602051,20.48661804,119.3899994,195.7100067,0.517
rear,OC,2-MC,Mid-Coast,11,Siuslaw,24019.40039,1,1984,23889904,Condon Cr,"Condon Cr, Trib A","Condon Cr, Trib B","Siuslaw R, N Fk",2009,913,Snorkeled,4,0.045124792,0.084349997,6.18599987,44,36.4710007,1,1956.805054,4174368,2,2048.602051,19.97741699,88.41000366,222.1399994,0.517
rear,OC,2-MC,Mid-Coast,11,Siuslaw,24019.40039,1,1984,23889904,Condon Cr,"Condon Cr, Trib A","Condon Cr, Trib B","Siuslaw R, N Fk",2012,752,Snorkeled,4,0.045124792,0.084349997,6.18599987,53,36.4710007,1,1956.805054,4174368,2,2048.602051,18.97649765,149.5200043,367.0299988,0.517
rear,OC,2-MC,Mid-Coast,11,Siuslaw,24019.59961,1,1986,23889904,Condon Cr,"Condon Cr, Trib B","Condon Cr, Trib C","Siuslaw R, N Fk",2001,112,Snorkeled,4,0.045124792,0.084349997,5.431000233,84,37.9780006,1,1956.805054,4174368,2,2048.602051,18.44289207,94.65000153,240.9499969,0.84
rear,OC,2-MC,Mid-Coast,11,Siuslaw,24019.59961,1,1986,23889904,Condon Cr,"Condon Cr, Trib B","Condon Cr, Trib C","Siuslaw R, N Fk",2010,385,Snorkeled,4,0.045124792,0.084349997,5.431000233,52,37.9780006,1,1956.805054,4174368,2,2048.602051,17.5215168,91.30000305,406.4299927,0.84
rear,OC,2-MC,Mid-Coast,11,Siuslaw,24019.90039,1,40489,23889904,Condon Cr,"Condon Cr, Trib D",Headwaters,"Siuslaw R, N Fk",2011,7,Snorkeled,3,0.045124792,0.084349997,3.822999954,25,40.1489983,1,1956.805054,4174368,2,2048.602051,19.06483841,140.7899933,384.480011,0.215
rear,OC,2-MC,Mid-Coast,11,Siuslaw,24023,2,1990,23890114,Russell Cr,Mouth,Headwaters,"Siuslaw R, N Fk",1999,0,Snorkeled,3,0.060524911,0.078709997,4.085999966,52,33.4099998,1,491.8200073,4174368,2,1729.343994,16.61509895,181.6499939,258.6700134,0.83
rear,OC,2-MC,Mid-Coast,11,Siuslaw,24025,3,1998,23889976,Mcleod Cr,Hanson Cr,Headwaters,"Siuslaw R, N Fk",2009,408,Snorkeled,5,0.01355906,0.036189999,8.109999657,44,41.855999,1,916.3549805,928534,2,1811.156982,20.005867,90.83999634,235.6799927,0.576
rear,OC,2-MC,Mid-Coast,11,Siuslaw,24025,3,1998,23889976,Mcleod Cr,Hanson Cr,Headwaters,"Siuslaw R, N Fk",2012,674,Snorkeled,5,0.01355906,0.036189999,8.109999657,53,41.855999,1,916.3549805,928534,2,1811.156982,19.07745361,165.9100037,352.1300049,0.576
rear,OC,2-MC,Mid-Coast,11,Siuslaw,24029,1,2008,23890090,Drew Cr,Mouth,Elk Cr,"Siuslaw R, N Fk",1999,330,Snorkeled,4,0.039102148,0.0274,7.228000164,52,42.4259987,1,325.269989,928534,2,1870.765015,17.14003754,192.1300049,256.5899963,0.599
rear,OC,2-MC,Mid-Coast,11,Siuslaw,24029,1,2008,23890090,Drew Cr,Mouth,Elk Cr,"Siuslaw R, N Fk",2008,648,Snorkeled,4,0.039102148,0.0274,7.228000164,19,42.4259987,1,325.269989,928534,2,1870.765015,17.35007286,108.1500015,209.6499939,0.599
rear,OC,2-MC,Mid-Coast,11,Siuslaw,24031.59961,1,40729,23889898,Wilhelm Cr,Lefthand Fk,Headwaters,"Siuslaw R, N Fk",2012,153,Snorkeled,3,0.04266889,0.0273,5.131999969,53,46.9620018,1,184.4250031,928534,2,1967.235962,17.45662498,152.7799988,374.5,0.751
rear,OC,2-MC,Mid-Coast,11,Siuslaw,24033,3,2018,23889996,Porter Cr,Mouth,"Porter Cr, Trib A","Siuslaw R, N Fk",2002,459,Snorkeled,3,0.0328364,0.067110002,5.539999962,53,49.0340004,1,784.8859863,928534,2,2156.101074,19.19209671,81,213.1699982,0.687
rear,OC,2-MC,Mid-Coast,11,Siuslaw,24033.69922,1,2016,23889996,Porter Cr,"Porter Cr, Trib B","Porter Cr, Trib C","Siuslaw R, N Fk",1998,147,Snorkeled,3,0.0328364,0.067110002,4.453999996,31,50.3370018,1,784.8859863,928534,2,2156.101074,19.15094376,83.90000153,267.1199951,0.824
rear,OC,2-MC,Mid-Coast,11,Siuslaw,24033.69922,1,2016,23889996,Porter Cr,"Porter Cr, Trib B","Porter Cr, Trib C","Siuslaw R, N Fk",2001,453,Snorkeled,3,0.0328364,0.067110002,4.453999996,84,50.3370018,1,784.8859863,928534,2,2156.101074,17.62154579,118.7600021,295.6799927,0.824
rear,OC,2-MC,Mid-Coast,11,Siuslaw,24033.69922,1,2016,23889996,Porter Cr,"Porter Cr, Trib B","Porter Cr, Trib C","Siuslaw R, N Fk",2004,351,Snorkeled,3,0.0328364,0.067110002,4.453999996,60,50.3370018,1,784.8859863,928534,2,2156.101074,19.55063248,107.6299973,232.7899933,0.824
rear,OC,2-MC,Mid-Coast,11,Siuslaw,24033.69922,1,2016,23889996,Porter Cr,"Porter Cr, Trib B","Porter Cr, Trib C","Siuslaw R, N Fk",2007,515,Snorkeled,3,0.0328364,0.067110002,4.453999996,36,50.3370018,1,784.8859863,928534,2,2156.101074,19.53128242,101.8000031,196.7799988,0.824
rear,OC,2-MC,Mid-Coast,11,Siuslaw,24033.69922,1,2016,23889996,Porter Cr,"Porter Cr, Trib B","Porter Cr, Trib C","Siuslaw R, N Fk",2010,376,Snorkeled,3,0.0328364,0.067110002,4.453999996,52,50.3370018,1,784.8859863,928534,2,2156.101074,16.92507744,98.02999878,439.1300049,0.824
rear,OC,2-MC,Mid-Coast,11,Siuslaw,24033.69922,1,2016,23889996,Porter Cr,"Porter Cr, Trib B","Porter Cr, Trib C","Siuslaw R, N Fk",2013,519,Snorkeled,3,0.0328364,0.067110002,4.453999996,30,50.3370018,1,784.8859863,928534,2,2156.101074,19.4634037,102.2900009,377.2099915,0.824
rear,OC,2-MC,Mid-Coast,11,Siuslaw,24037.40039,1,2028,23890062,Elma Cr,"Elma Cr, Trib B",Headwaters,"Siuslaw R, N Fk",2003,267,Snorkeled,3,0.038952749,0.06425,2.973999977,74,54.4529991,1,1035.215942,928534,2,2038.692993,18.93853951,100.5699997,309.7099915,0.434
rear,OC,2-MC,Mid-Coast,11,Siuslaw,24045,2,2045,23890280,"Lawson Cr, Trib B",Mouth,Headwaters,Lawson Cr,2005,118,Snorkeled,2,0.069808163,0.091260001,3.765000105,70,21.8810005,1,3008.259033,432072,1,1784.06897,17.84776878,85.80999756,370.3800049,0.215
rear,OC,2-MC,Mid-Coast,11,Siuslaw,24046,1,2046,23889966,Lawson Cr,"Lawson Cr, Trib B",Headwaters,Duncan Inlet,2009,229,Snorkeled,3,0.070911922,0.078780003,4.46999979,44,22.2919998,1,1931.296021,432072,1,1405.968018,17.81733704,86.51000214,251.5700073,0.468
rear,OC,2-MC,Mid-Coast,11,Siuslaw,24046,1,2046,23889966,Lawson Cr,"Lawson Cr, Trib B",Headwaters,Duncan Inlet,2012,76,Snorkeled,3,0.070911922,0.078780003,4.46999979,53,22.2919998,1,1931.296021,432072,1,1405.968018,16.76226044,154.6000061,375.25,0.468
rear,OC,2-MC,Mid-Coast,11,Siuslaw,24050,2,2050,23890604,Hanson Cr,Mouth,Headwaters,Siuslaw R,2001,24,Snorkeled,3,0.06273631,0.04355,4.269000053,84,22.8899994,1,855.5209961,432072,3,1859.588989,17.79827499,78.83999634,226.9900055,0.694
rear,OC,2-MC,Mid-Coast,11,Siuslaw,24050,2,2050,23890604,Hanson Cr,Mouth,Headwaters,Siuslaw R,2004,112,Snorkeled,3,0.06273631,0.04355,4.269000053,60,22.8899994,1,855.5209961,432072,3,1859.588989,19.67845345,124.1299973,202.8000031,0.694
rear,OC,2-MC,Mid-Coast,11,Siuslaw,24050,2,2050,23890604,Hanson Cr,Mouth,Headwaters,Siuslaw R,2013,50,Snorkeled,3,0.06273631,0.04355,4.269000053,30,22.8899994,1,855.5209961,432072,3,1859.588989,19.50201416,88.31999969,295.1099854,0.694
rear,OC,2-MC,Mid-Coast,11,Siuslaw,24054,1,2061,23889914,Divide Cr,Mouth,Headwaters,Siuslaw R,2006,533,Snorkeled,5,0.03015377,0.037239999,7.782999992,32,24.8250008,1,4012.198975,432072,1,2115.908936,19.886446,97.80999756,194.7700043,0.493
rear,OC,2-MC,Mid-Coast,11,Siuslaw,24054,4,2056,23889914,Divide Cr,Mouth,Headwaters,Siuslaw R,2006,87,Snorkeled,3,0.03015377,0.037239999,3.648000002,32,28.9330006,1,4012.198975,432072,1,2115.908936,19.886446,105.4899979,194.1100006,0.848
rear,OC,2-MC,Mid-Coast,11,Siuslaw,24058,0,36277,23889456,Sweet Cr,"Sweet Cr, Trib A","Sweet Cr, Trib D",Siuslaw R,2009,9,Snorkeled,5,6.145E-05,0.01667,16.43799973,44,30.3530006,1,1410.75,226989,1,1732.510986,22.6464653,90.97000122,264.5700073,0.753
rear,OC,2-MC,Mid-Coast,11,Siuslaw,24060.69922,1,2068,23889460,Sweet Cr,"Sweet Cr, Trib E",Cedar Cr,Siuslaw R,2011,277,Snorkeled,5,0.00401766,0.01667,15.66800022,25,34.0460014,1,2809.409912,226989,2,1684.364014,20.73887634,146.2299957,431.5899963,0.643
rear,OC,2-MC,Mid-Coast,11,Siuslaw,24060.69922,1,2068,23889460,Sweet Cr,"Sweet Cr, Trib E",Cedar Cr,Siuslaw R,2014,98,Snorkeled,5,0.00401766,0.01667,15.66800022,50,34.0460014,1,2809.409912,226989,2,1684.364014,23.47910881,84.55999756,335.9100037,0.643
rear,OC,2-MC,Mid-Coast,11,Siuslaw,24062,1,39730,23889462,Sweet Cr,Cedar Cr,Elk Wallow Cr,Siuslaw R,2008,3,Snorkeled,5,0.037070319,0.01921,14.64900017,19,36.2589989,1,1561.108032,226989,2,1717.953003,19.06555176,108.7399979,245.0099945,0.587
rear,OC,2-MC,Mid-Coast,11,Siuslaw,24084.09961,3,2087,23889940,Hadsall Cr,"Hadsall Cr, Trib A","Hadsall Cr, Trib D",Siuslaw R,2006,790,Snorkeled,5,0.0093068,0.01774,8.786999702,32,35.9700012,1,1285.396973,926823,3,1462.796021,21.75013542,95.26999664,194.5700073,0.659
rear,OC,2-MC,Mid-Coast,11,Siuslaw,24084.19922,1,2089,23890246,"Hadsall Cr, Trib D",Mouth,"Hadsall Cr, Trib D, Trib 1",Hadsall Cr,1999,39,Snorkeled,4,0.052135829,0.028209999,5.751999855,52,37.5660019,1,734.3460083,926823,2,1563.390015,17.47624779,157.0200043,284.5499878,0.708
rear,OC,2-MC,Mid-Coast,11,Siuslaw,24084.19922,1,2089,23890246,"Hadsall Cr, Trib D",Mouth,"Hadsall Cr, Trib D, Trib 1",Hadsall Cr,2002,249,Snorkeled,4,0.052135829,0.028209999,5.751999855,53,37.5660019,1,734.3460083,926823,2,1563.390015,19.31568718,78.91999817,221.8999939,0.708
rear,OC,2-MC,Mid-Coast,11,Siuslaw,24084.19922,1,2089,23890246,"Hadsall Cr, Trib D",Mouth,"Hadsall Cr, Trib D, Trib 1",Hadsall Cr,2005,291,Snorkeled,4,0.052135829,0.028209999,5.751999855,70,37.5660019,1,734.3460083,926823,2,1563.390015,18.96830368,88.62000275,355.980011,0.708
rear,OC,2-MC,Mid-Coast,11,Siuslaw,24084.19922,1,2089,23890246,"Hadsall Cr, Trib D",Mouth,"Hadsall Cr, Trib D, Trib 1",Hadsall Cr,2011,289,Snorkeled,4,0.052135829,0.028209999,5.751999855,25,37.5660019,1,734.3460083,926823,2,1563.390015,18.56953621,153.3600006,410.7999878,0.708
rear,OC,2-MC,Mid-Coast,11,Siuslaw,24084.19922,1,2089,23890246,"Hadsall Cr, Trib D",Mouth,"Hadsall Cr, Trib D, Trib 1",Hadsall Cr,2014,422,Snorkeled,4,0.052135829,0.028209999,5.751999855,50,37.5660019,1,734.3460083,926823,2,1563.390015,21.08227921,74.95999908,309.3399963,0.708
rear,OC,2-MC,Mid-Coast,11,Siuslaw,24100.90039,1,2117,23889504,Knowles Cr,"Knowles Cr, Trib N",Headwaters,Siuslaw R,2001,149,Snorkeled,3,0.053068612,0.054219998,5.210999966,84,52.2830009,1,27.03300095,926823,4,2013.687988,16.08330345,83.33999634,303.4100037,0.703
rear,OC,2-MC,Mid-Coast,11,Siuslaw,24100.90039,1,2117,23889504,Knowles Cr,"Knowles Cr, Trib N",Headwaters,Siuslaw R,2010,352,Snorkeled,3,0.053068612,0.054219998,5.210999966,52,52.2830009,1,27.03300095,926823,4,2013.687988,16.14096451,100.2799988,507.5799866,0.703
rear,OC,2-MC,Mid-Coast,11,Siuslaw,24100.90039,1,35003,23889504,Knowles Cr,Skate Cr,"Knowles Cr, Trib N",Siuslaw R,2008,335,Snorkeled,3,0.053068612,0.054219998,6.629000187,19,50.368,1,27.03300095,926823,4,2013.687988,16.65105438,116.3600006,247.0599976,0.796
rear,OC,2-MC,Mid-Coast,11,Siuslaw,24100.90039,1,35003,23889504,Knowles Cr,Skate Cr,"Knowles Cr, Trib N",Siuslaw R,2010,655,Snorkeled,3,0.053068612,0.054219998,6.629000187,52,50.368,1,27.03300095,926823,4,2013.687988,16.14096451,100.2799988,507.5799866,0.796
rear,OC,2-MC,Mid-Coast,11,Siuslaw,24100.90039,1,35003,23889504,Knowles Cr,Skate Cr,"Knowles Cr, Trib N",Siuslaw R,2011,315,Snorkeled,3,0.053068612,0.054219998,6.629000187,25,50.368,1,27.03300095,926823,4,2013.687988,15.52885914,133.9700012,460.7399902,0.796
rear,OC,2-MC,Mid-Coast,11,Siuslaw,24100.90039,1,35003,23889504,Knowles Cr,Skate Cr,"Knowles Cr, Trib N",Siuslaw R,2012,138,Snorkeled,3,0.053068612,0.054219998,6.629000187,53,50.368,1,27.03300095,926823,4,2013.687988,15.75507259,188.0899963,449.0499878,0.796
rear,OC,2-MC,Mid-Coast,11,Siuslaw,24100.90039,1,35003,23889504,Knowles Cr,Skate Cr,"Knowles Cr, Trib N",Siuslaw R,2013,626,Snorkeled,3,0.053068612,0.054219998,6.629000187,30,50.368,1,27.03300095,926823,4,2013.687988,17.8442173,101.4100037,356.2200012,0.796
rear,OC,2-MC,Mid-Coast,11,Siuslaw,24100.90039,1,35003,23889504,Knowles Cr,Skate Cr,"Knowles Cr, Trib N",Siuslaw R,2014,97,Snorkeled,3,0.053068612,0.054219998,6.629000187,50,50.368,1,27.03300095,926823,4,2013.687988,18.04825211,79.69000244,346.8500061,0.796
rear,OC,2-MC,Mid-Coast,11,Siuslaw,24108,0,2122,23890116,Shoemaker Cr,Mouth,Headwaters,Siuslaw R,2004,0,Snorkeled,3,0.081368573,0.102860004,3.476999998,60,38.4459991,1,2369.061035,926823,2,1623.421997,20.07200813,106.9100037,208.4400024,0.214
rear,OC,2-MC,Mid-Coast,11,Siuslaw,24114,1,2127,23890110,Thompson Cr,Corn Cr,Headwaters,Siuslaw R,2003,84,Snorkeled,4,0.03536452,0.092579998,5.301000118,74,42.9239998,1,252.4170074,926823,6,1672.166992,20.9891758,108.5800018,312.0499878,0.937
rear,OC,2-MC,Mid-Coast,11,Siuslaw,24114,1,2127,23890110,Thompson Cr,Corn Cr,Headwaters,Siuslaw R,2012,245,Snorkeled,4,0.03536452,0.092579998,5.301000118,53,42.9239998,1,252.4170074,926823,6,1672.166992,19.45777702,165.9100037,352.1300049,0.937
rear,OC,2-MC,Mid-Coast,11,Siuslaw,24116,1,2130,23890112,Cleveland Cr,Mouth,Headwaters,Siuslaw R,2000,0,Snorkeled,3,0.089803129,0.092320003,4.635000229,56,42.7150002,1,4491.812988,926823,3,1821.837036,18.45196342,98.68000031,270.519989,0.215
rear,OC,2-MC,Mid-Coast,11,Siuslaw,24125.69922,1,2137,23889844,Indian Cr,"Indian Cr, Trib D",Velvet Cr,Lake Cr,2002,5,Snorkeled,5,0.0043324,0.01513,20.76799965,53,54.8339996,1,469.4809875,4861356,2,1969.590942,24.20554924,81.41000366,218.2899933,0.619
rear,OC,2-MC,Mid-Coast,11,Siuslaw,24125.69922,1,2137,23889844,Indian Cr,"Indian Cr, Trib D",Velvet Cr,Lake Cr,2011,72,Snorkeled,5,0.0043324,0.01513,20.76799965,25,54.8339996,1,469.4809875,4861356,2,1969.590942,21.89820862,136.6699982,389.0400085,0.619
rear,OC,2-MC,Mid-Coast,11,Siuslaw,24128,1.1,2144,23890088,Elk Cr,Mouth,"Elk Cr, Trib 1",Indian Cr,2009,452,Snorkeled,4,0.036753971,0.03032,5.162000179,44,64.5469971,1,940.9019775,4861356,2,1762.704956,19.55448532,85.08000183,239.7299957,0.759
rear,OC,2-MC,Mid-Coast,11,Siuslaw,24129,0,2145,23889848,Indian Cr,Elk Cr,"Indian Cr, Trib B",Lake Cr,2003,2,Snorkeled,5,0.00290859,0.019200001,19.16799927,74,65.1200027,1,11503.92285,4861356,2,1940.912964,22.9921627,96.40000153,308.269989,0.55
rear,OC,2-MC,Mid-Coast,11,Siuslaw,24133,2,2150,23890076,Long Cr,Mouth,Headwaters,"Indian Cr, W Fk",2009,60,Snorkeled,2,0.029252831,0.087679997,2.993000031,44,74.9169998,1,852.6350098,678120,3,2096.600098,19.47127914,85.08000183,239.7299957,0.537
rear,OC,2-MC,Mid-Coast,11,Siuslaw,24134,2,2154,23889868,"Indian Cr, W Fk",Long Cr,Rogers Cr,Indian Cr,2003,454,Snorkeled,4,0.00396739,0.019200001,11.71199989,74,75.4420013,1,124.3740005,678120,2,1945.092041,21.89946365,91.63999939,309.8699951,0.743
rear,OC,2-MC,Mid-Coast,11,Siuslaw,24135,1,2161,23889870,Rogers Cr,Mouth,"Rogers Cr, Trib A","Indian Cr, W Fk",1998,62,Snorkeled,3,0.02608984,0.02248,7.537000179,31,77.0749969,1,373.303009,678120,2,1886.416016,18.83071899,77.13999939,240.5500031,0.597
rear,OC,2-MC,Mid-Coast,11,Siuslaw,24135,1,2161,23889870,Rogers Cr,Mouth,"Rogers Cr, Trib A","Indian Cr, W Fk",1999,272,Snorkeled,3,0.02608984,0.02248,7.537000179,52,77.0749969,1,373.303009,678120,2,1886.416016,16.78701401,177.9700012,244.1699982,0.597
rear,OC,2-MC,Mid-Coast,11,Siuslaw,24135,1,2161,23889870,Rogers Cr,Mouth,"Rogers Cr, Trib A","Indian Cr, W Fk",2000,278,Snorkeled,3,0.02608984,0.02248,7.537000179,56,77.0749969,1,373.303009,678120,2,1886.416016,17.53334808,94.61000061,256.2999878,0.597
rear,OC,2-MC,Mid-Coast,11,Siuslaw,24135,1,2161,23889870,Rogers Cr,Mouth,"Rogers Cr, Trib A","Indian Cr, W Fk",2001,914,Snorkeled,3,0.02608984,0.02248,7.537000179,84,77.0749969,1,373.303009,678120,2,1886.416016,17.2215023,88.68000031,238.7599945,0.597
rear,OC,2-MC,Mid-Coast,11,Siuslaw,24135,1,2161,23889870,Rogers Cr,Mouth,"Rogers Cr, Trib A","Indian Cr, W Fk",2002,564,Snorkeled,3,0.02608984,0.02248,7.537000179,53,77.0749969,1,373.303009,678120,2,1886.416016,18.95655441,81.11000061,214.9199982,0.597
rear,OC,2-MC,Mid-Coast,11,Siuslaw,24135,1,2161,23889870,Rogers Cr,Mouth,"Rogers Cr, Trib A","Indian Cr, W Fk",2003,1257,Snorkeled,3,0.02608984,0.02248,7.537000179,74,77.0749969,1,373.303009,678120,2,1886.416016,19.29746628,91.63999939,309.8699951,0.597
rear,OC,2-MC,Mid-Coast,11,Siuslaw,24135,1,2161,23889870,Rogers Cr,Mouth,"Rogers Cr, Trib A","Indian Cr, W Fk",2004,1062,Snorkeled,3,0.02608984,0.02248,7.537000179,60,77.0749969,1,373.303009,678120,2,1886.416016,19.20969963,96.73999786,202.6999969,0.597
rear,OC,2-MC,Mid-Coast,11,Siuslaw,24135,1,2161,23889870,Rogers Cr,Mouth,"Rogers Cr, Trib A","Indian Cr, W Fk",2005,492,Snorkeled,3,0.02608984,0.02248,7.537000179,70,77.0749969,1,373.303009,678120,2,1886.416016,18.95101166,92.51000214,332.3699951,0.597
rear,OC,2-MC,Mid-Coast,11,Siuslaw,24135,1,2161,23889870,Rogers Cr,Mouth,"Rogers Cr, Trib A","Indian Cr, W Fk",2006,1711,Snorkeled,3,0.02608984,0.02248,7.537000179,32,77.0749969,1,373.303009,678120,2,1886.416016,19.25517845,102.2799988,192.5700073,0.597
rear,OC,2-MC,Mid-Coast,11,Siuslaw,24135,1,2161,23889870,Rogers Cr,Mouth,"Rogers Cr, Trib A","Indian Cr, W Fk",2007,692,Snorkeled,3,0.02608984,0.02248,7.537000179,36,77.0749969,1,373.303009,678120,2,1886.416016,19.33202171,106.3799973,172.2100067,0.597
rear,OC,2-MC,Mid-Coast,11,Siuslaw,24135,1,2161,23889870,Rogers Cr,Mouth,"Rogers Cr, Trib A","Indian Cr, W Fk",2008,542,Snorkeled,3,0.02608984,0.02248,7.537000179,19,77.0749969,1,373.303009,678120,2,1886.416016,17.55318642,104.8600006,207.8500061,0.597
rear,OC,2-MC,Mid-Coast,11,Siuslaw,24135,1,2161,23889870,Rogers Cr,Mouth,"Rogers Cr, Trib A","Indian Cr, W Fk",2009,734,Snorkeled,3,0.02608984,0.02248,7.537000179,44,77.0749969,1,373.303009,678120,2,1886.416016,18.89320755,82.73999786,243.3999939,0.597
rear,OC,2-MC,Mid-Coast,11,Siuslaw,24135,1,2161,23889870,Rogers Cr,Mouth,"Rogers Cr, Trib A","Indian Cr, W Fk",2010,987,Snorkeled,3,0.02608984,0.02248,7.537000179,52,77.0749969,1,373.303009,678120,2,1886.416016,16.88518524,79.98999786,401.2600098,0.597
rear,OC,2-MC,Mid-Coast,11,Siuslaw,24135,1,2161,23889870,Rogers Cr,Mouth,"Rogers Cr, Trib A","Indian Cr, W Fk",2011,1260,Snorkeled,3,0.02608984,0.02248,7.537000179,25,77.0749969,1,373.303009,678120,2,1886.416016,17.11827469,121.8899994,360.6600037,0.597
rear,OC,2-MC,Mid-Coast,11,Siuslaw,24135,1,2161,23889870,Rogers Cr,Mouth,"Rogers Cr, Trib A","Indian Cr, W Fk",2012,1218,Snorkeled,3,0.02608984,0.02248,7.537000179,53,77.0749969,1,373.303009,678120,2,1886.416016,17.32544327,145.2599945,348.4299927,0.597
rear,OC,2-MC,Mid-Coast,11,Siuslaw,24135,1,2161,23889870,Rogers Cr,Mouth,"Rogers Cr, Trib A","Indian Cr, W Fk",2013,1058,Snorkeled,3,0.02608984,0.02248,7.537000179,30,77.0749969,1,373.303009,678120,2,1886.416016,19.00940514,85.5,308.9700012,0.597
rear,OC,2-MC,Mid-Coast,11,Siuslaw,24135,1,2161,23889870,Rogers Cr,Mouth,"Rogers Cr, Trib A","Indian Cr, W Fk",2014,744,Snorkeled,3,0.02608984,0.02248,7.537000179,50,77.0749969,1,373.303009,678120,2,1886.416016,19.67375755,72.26000214,297.4400024,0.597
rear,OC,2-MC,Mid-Coast,11,Siuslaw,24139,1,2167,23890034,Maria Cr,Mouth,"Maria Cr, Trib A","Indian Cr, W Fk",2001,750,Snorkeled,3,0.02874505,0.072789997,5.808000088,84,80.5979996,1,566.6710205,678120,2,2032.729004,16.80892181,88.68000031,238.7599945,0.571
rear,OC,2-MC,Mid-Coast,11,Siuslaw,24140.69922,1,2172,23890032,"Indian Cr, W Fk","Indian Cr, W Fk, Trib B",Headwaters,Indian Cr,2004,818,Snorkeled,3,0.036982,0.072789997,4.364999771,60,82.1309967,1,288.5270081,678120,2,1703.223999,17.82283211,91.93000031,205.6999969,0.832
rear,OC,2-MC,Mid-Coast,11,Siuslaw,24140.69922,1,40484,23890032,"Indian Cr, W Fk","Indian Cr, W Fk, Trib B",Headwaters,Indian Cr,2011,447,Snorkeled,3,0.036982,0.072789997,4.011000156,25,82.6439972,1,288.5270081,678120,2,1703.223999,15.48963642,125,372.519989,0.476
rear,OC,2-MC,Mid-Coast,11,Siuslaw,24140.69922,2,2171,23890032,"Indian Cr, W Fk","Indian Cr, W Fk, Trib B",Headwaters,Indian Cr,2002,153,Snorkeled,3,0.036982,0.072789997,3.270999908,53,83.435997,1,288.5270081,678120,2,1703.223999,17.52332497,85.45999908,226.3899994,0.91
rear,OC,2-MC,Mid-Coast,11,Siuslaw,24140.69922,2,2171,23890032,"Indian Cr, W Fk","Indian Cr, W Fk, Trib B",Headwaters,Indian Cr,2011,62,Snorkeled,3,0.036982,0.072789997,3.270999908,25,83.435997,1,288.5270081,678120,2,1703.223999,15.48963642,125,372.519989,0.91
rear,OC,2-MC,Mid-Coast,11,Siuslaw,24142,1,40979,23890066,Smoot Cr,Mouth,Headwaters,Indian Cr,2013,115,Snorkeled,3,0.06913887,0.036680002,3.323999882,30,73.2539978,1,1087.302979,678120,2,1877.166016,18.79336166,85.5,308.9700012,0.67
rear,OC,2-MC,Mid-Coast,11,Siuslaw,24145,1,2180,23889856,Indian Cr,Gibson Cr,Taylor Cr,Lake Cr,2006,109,Snorkeled,5,0.00220618,0.019200001,14.18700027,32,72.8659973,1,365.5090027,678120,4,1869.078003,23.10125923,96.33999634,191.4799957,0.742
rear,OC,2-MC,Mid-Coast,11,Siuslaw,24145,2,2178,23889856,Indian Cr,Gibson Cr,Taylor Cr,Lake Cr,2004,78,Snorkeled,5,0.00220618,0.019200001,13.85299969,60,74.9729996,1,365.5090027,678120,4,1869.078003,23.3394165,96.73999786,202.6999969,0.783
rear,OC,2-MC,Mid-Coast,11,Siuslaw,24145,2,2178,23889856,Indian Cr,Gibson Cr,Taylor Cr,Lake Cr,2013,283,Snorkeled,5,0.00220618,0.019200001,13.85299969,30,74.9729996,1,365.5090027,678120,4,1869.078003,22.69464874,85.5,308.9700012,0.783
rear,OC,2-MC,Mid-Coast,11,Siuslaw,24147,1,2183,23889858,Indian Cr,Taylor Cr,Herman Cr,Lake Cr,2003,250,Snorkeled,5,0.00265716,0.019200001,13.10400009,74,76.4660034,1,58.23899841,678120,4,1851.956055,22.3075943,91.63999939,309.8699951,0.946
rear,OC,2-MC,Mid-Coast,11,Siuslaw,24147,1,2183,23889858,Indian Cr,Taylor Cr,Herman Cr,Lake Cr,2012,188,Snorkeled,5,0.00265716,0.019200001,13.10400009,53,76.4660034,1,58.23899841,678120,4,1851.956055,20.22480774,145.2599945,348.4299927,0.946
rear,OC,2-MC,Mid-Coast,11,Siuslaw,24149.5,1,2193,23889978,"Indian Cr, N Fk","Indian Cr, N Fk, Trib B","Indian Cr, N Fk, Trib D",Indian Cr,2001,1,Snorkeled,4,0.00756269,0.019719999,6.676000118,84,84.0370026,1,1006.512024,678120,4,1923.171997,18.214571,90.70999908,250.6600037,0.818
rear,OC,2-MC,Mid-Coast,11,Siuslaw,24153,4,2208,23889810,Deadwood Cr,Mouth,Boyle Cr,Lake Cr,1999,0,Snorkeled,6,0.00260424,0.01911,22.25,52,61.632,1,1488.463013,410987,2,1932.511963,22.3092041,166.7599945,251.1999969,0.612
rear,OC,2-MC,Mid-Coast,11,Siuslaw,24153,4,2208,23889810,Deadwood Cr,Mouth,Boyle Cr,Lake Cr,2005,2,Snorkeled,6,0.00260424,0.01911,22.25,70,61.632,1,1488.463013,410987,2,1932.511963,25.26630783,88.30000305,333.0899963,0.612
rear,OC,2-MC,Mid-Coast,11,Siuslaw,24153,4,2208,23889810,Deadwood Cr,Mouth,Boyle Cr,Lake Cr,2011,228,Snorkeled,6,0.00260424,0.01911,22.25,25,61.632,1,1488.463013,410987,2,1932.511963,22.0571537,123.8099976,367.2399902,0.612
rear,OC,2-MC,Mid-Coast,11,Siuslaw,24153,4,2208,23889810,Deadwood Cr,Mouth,Boyle Cr,Lake Cr,2014,85,Snorkeled,6,0.00260424,0.01911,22.25,50,61.632,1,1488.463013,410987,2,1932.511963,25.74616623,73.37000275,287.8399963,0.612
rear,OC,2-MC,Mid-Coast,11,Siuslaw,24155,1,2211,23889810,Deadwood Cr,Boyle Cr,Failor Cr,Lake Cr,2000,28,Snorkeled,6,0.00260424,0.01911,22.05900002,56,63.2210007,1,1488.463013,410987,2,1932.511963,22.92643166,92.26999664,249,0.623
rear,OC,2-MC,Mid-Coast,11,Siuslaw,24157,1,2217,23889812,Deadwood Cr,Failor Cr,"Deadwood Cr, W Fk",Lake Cr,2000,1,Snorkeled,6,0.00128228,0.02066,21.48999977,56,64.6200027,1,6448.672852,410987,2,1946.269043,22.39359474,92.26999664,249,0.574
rear,OC,2-MC,Mid-Coast,11,Siuslaw,24158.69922,1,2218,23889836,"Deadwood Cr, W Fk","Deadwood Cr, W Fk, Trib A",Misery Cr,Deadwood Cr,2005,203,Snorkeled,5,0.00516631,0.02066,12.12100029,70,68.8470001,1,127.8529968,410987,2,1909.707031,22.90458679,89.62999725,323.75,0.643
rear,OC,2-MC,Mid-Coast,11,Siuslaw,24160.80078,1,2228,23889840,"Deadwood Cr, W Fk","Deadwood Cr, W Fk, Trib D",Headwaters,Deadwood Cr,2005,50,Snorkeled,2,0.02889437,0.06219,3.453999996,70,76.9240036,1,1737.312988,410987,2,1545.904053,19.92346764,92.09999847,329.8299866,0.27
rear,OC,2-MC,Mid-Coast,11,Siuslaw,24160.80078,1,2228,23889840,"Deadwood Cr, W Fk","Deadwood Cr, W Fk, Trib D",Headwaters,Deadwood Cr,2014,31,Snorkeled,2,0.02889437,0.06219,3.453999996,50,76.9240036,1,1737.312988,410987,2,1545.904053,19.87129593,70.33000183,295.3599854,0.27
rear,OC,2-MC,Mid-Coast,11,Siuslaw,24164,0,2233,23890084,Raleigh Cr,Mouth,Headwaters,Deadwood Cr,1998,527,Snorkeled,4,0.06213383,0.085139997,5.163000107,31,70.3619995,1,4890.598145,410987,2,1886.633057,20.1215229,83.47000122,252.6199951,0.15
rear,OC,2-MC,Mid-Coast,11,Siuslaw,24164,0,2233,23890084,Raleigh Cr,Mouth,Headwaters,Deadwood Cr,2007,511,Snorkeled,4,0.06213383,0.085139997,5.163000107,36,70.3619995,1,4890.598145,410987,2,1886.633057,20.27828789,136.8899994,188.7799988,0.15
rear,OC,2-MC,Mid-Coast,11,Siuslaw,24167,0,2235,23890082,"Bear Cr, S Fk",Mouth,Headwaters,Bear Cr,2001,714,Snorkeled,3,0.0556756,0.041990001,4.467999935,84,73.7020035,1,689.8569946,707605,2,1734.307007,18.05492592,92.08000183,222.6999969,0.848
rear,OC,2-MC,Mid-Coast,11,Siuslaw,24168,3,2237,23889908,Bear Cr,"Bear Cr, S Fk",Forks,Deadwood Cr,1999,537,Snorkeled,3,0.048349489,0.02667,5.751999855,52,74.0630035,1,585.9229736,707605,2,1829.967041,17.70994949,189.3600006,235.8200073,0.876
rear,OC,2-MC,Mid-Coast,11,Siuslaw,24168,3,2237,23889908,Bear Cr,"Bear Cr, S Fk",Forks,Deadwood Cr,2002,245,Snorkeled,3,0.048349489,0.02667,5.751999855,53,74.0630035,1,585.9229736,707605,2,1829.967041,19.75782585,81.84999847,207.8200073,0.876
rear,OC,2-MC,Mid-Coast,11,Siuslaw,24168,3,2237,23889908,Bear Cr,"Bear Cr, S Fk",Forks,Deadwood Cr,2005,195,Snorkeled,3,0.048349489,0.02667,5.751999855,70,74.0630035,1,585.9229736,707605,2,1829.967041,20.02793884,94.97000122,325.0799866,0.876
rear,OC,2-MC,Mid-Coast,11,Siuslaw,24169.30078,1,40737,23890074,Deer Cr,Mouth,Headwaters,Deadwood Cr,2012,103,Snorkeled,3,0.077785872,0.056790002,3.49000001,53,73.4039993,1,2761.645996,707605,2,1957.260986,18.19063568,149.0099945,343.7399902,0.721
rear,OC,2-MC,Mid-Coast,11,Siuslaw,24172,2,2248,23890036,Buck Cr,Mouth,Headwaters,Deadwood Cr,2000,31,Snorkeled,2,0.064504787,0.034910001,4.453000069,56,80.788002,1,1528.618042,707605,2,1647.244995,16.72666168,100.1999969,253.8099976,0.66
rear,OC,2-MC,Mid-Coast,11,Siuslaw,24172,2,2248,23890036,Buck Cr,Mouth,Headwaters,Deadwood Cr,2003,214,Snorkeled,2,0.064504787,0.034910001,4.453000069,74,80.788002,1,1528.618042,707605,2,1647.244995,18.80964661,90.29000092,296.3599854,0.66
rear,OC,2-MC,Mid-Coast,11,Siuslaw,24172,2,2248,23890036,Buck Cr,Mouth,Headwaters,Deadwood Cr,2006,310,Snorkeled,2,0.064504787,0.034910001,4.453000069,32,80.788002,1,1528.618042,707605,2,1647.244995,18.76745796,104.7300034,191.1799927,0.66
rear,OC,2-MC,Mid-Coast,11,Siuslaw,24172,2,2248,23890036,Buck Cr,Mouth,Headwaters,Deadwood Cr,2009,139,Snorkeled,2,0.064504787,0.034910001,4.453000069,44,80.788002,1,1528.618042,707605,2,1647.244995,18.52089882,77.86000061,266.730011,0.66
rear,OC,2-MC,Mid-Coast,11,Siuslaw,24172,2,2248,23890036,Buck Cr,Mouth,Headwaters,Deadwood Cr,2012,147,Snorkeled,2,0.064504787,0.034910001,4.453000069,53,80.788002,1,1528.618042,707605,2,1647.244995,16.75783157,167.5200043,347.3399963,0.66
rear,OC,2-MC,Mid-Coast,11,Siuslaw,24180,1,2259,23890030,Elk Cr,Mouth,"Elk Cr, Trib A",Deadwood Cr,2001,811,Snorkeled,4,0.041798782,0.02066,7.202000141,84,81.1190033,1,1283.272949,707605,3,1816.552979,17.07859421,83.73000336,214.0800018,0.837
rear,OC,2-MC,Mid-Coast,11,Siuslaw,24181.30078,1,2265,23890028,Fawn Cr,Mouth,Headwaters,Deadwood Cr,2003,729,Snorkeled,3,0.041292079,0.028349999,6.471000195,74,81.9290009,1,1390.915039,707605,3,1856.490967,18.61115265,90.29000092,296.3599854,0.886
rear,OC,2-MC,Mid-Coast,11,Siuslaw,24181.69922,1,40223,23889832,Deadwood Cr,"Deadwood Cr, Trib A","Deadwood Cr, Trib B",Lake Cr,2010,852,Snorkeled,4,0.022814009,0.033969998,8.857000351,52,84.6210022,1,1089.000977,707605,3,1824.254028,16.85646629,71.27999878,387.5700073,0.578
rear,OC,2-MC,Mid-Coast,11,Siuslaw,24182,1,2269,23889742,Lake Cr,Deadwood Cr,Johnson Cr,Siuslaw R,2012,0,Snorkeled,6,0.00496024,0.023329999,26.22299957,53,55.4309998,1,78.15299988,1011123,5,1726.281982,23.44405937,160.1100006,350.7000122,0.83
rear,OC,2-MC,Mid-Coast,11,Siuslaw,24185,1,2275,23890106,Hula Cr,Mouth,Trib A,Lake Cr,1998,508,Snorkeled,3,0.05464476,0.08501,5.781000137,31,58.3930016,1,1770.401001,1011123,7,1660.25,20.21695709,83.47000122,252.6199951,0.496
rear,OC,2-MC,Mid-Coast,11,Siuslaw,24185,1,2275,23890106,Hula Cr,Mouth,Trib A,Lake Cr,2001,910,Snorkeled,3,0.05464476,0.08501,5.781000137,84,58.3930016,1,1770.401001,1011123,7,1660.25,18.21561241,87.98000336,270.4400024,0.496
rear,OC,2-MC,Mid-Coast,11,Siuslaw,24185,1,2275,23890106,Hula Cr,Mouth,Trib A,Lake Cr,2004,537,Snorkeled,3,0.05464476,0.08501,5.781000137,60,58.3930016,1,1770.401001,1011123,7,1660.25,20.58034515,98.33999634,216.8899994,0.496
rear,OC,2-MC,Mid-Coast,11,Siuslaw,24185,1,2275,23890106,Hula Cr,Mouth,Trib A,Lake Cr,2007,471,Snorkeled,3,0.05464476,0.08501,5.781000137,36,58.3930016,1,1770.401001,1011123,7,1660.25,20.39815712,136.8899994,188.7799988,0.496
rear,OC,2-MC,Mid-Coast,11,Siuslaw,24185,1,2275,23890106,Hula Cr,Mouth,Trib A,Lake Cr,2010,640,Snorkeled,3,0.05464476,0.08501,5.781000137,52,58.3930016,1,1770.401001,1011123,7,1660.25,18.4315567,92.52999878,453.9899902,0.496
rear,OC,2-MC,Mid-Coast,11,Siuslaw,24185,1,2275,23890106,Hula Cr,Mouth,Trib A,Lake Cr,2013,367,Snorkeled,3,0.05464476,0.08501,5.781000137,30,58.3930016,1,1770.401001,1011123,7,1660.25,20.43466759,93.08999634,322.8200073,0.496
rear,OC,2-MC,Mid-Coast,11,Siuslaw,24189,2,2278,23890108,Chappell Cr,Mouth,Headwaters,Lake Cr,2000,0,Snorkeled,3,0.062879652,0.09939,3.732000113,56,62.8289986,1,2314.094971,1011123,13,1669.477051,18.15816879,102.3300018,293.019989,0.21
rear,OC,2-MC,Mid-Coast,11,Siuslaw,24189,2,2278,23890108,Chappell Cr,Mouth,Headwaters,Lake Cr,2003,208,Snorkeled,3,0.062879652,0.09939,3.732000113,74,62.8289986,1,2314.094971,1011123,13,1669.477051,20.54935646,99.44999695,334,0.21
rear,OC,2-MC,Mid-Coast,11,Siuslaw,24189,2,2278,23890108,Chappell Cr,Mouth,Headwaters,Lake Cr,2006,247,Snorkeled,3,0.062879652,0.09939,3.732000113,32,62.8289986,1,2314.094971,1011123,13,1669.477051,20.40827751,103.1999969,204.1100006,0.21
rear,OC,2-MC,Mid-Coast,11,Siuslaw,24189,2,2278,23890108,Chappell Cr,Mouth,Headwaters,Lake Cr,2009,129,Snorkeled,3,0.062879652,0.09939,3.732000113,44,62.8289986,1,2314.094971,1011123,13,1669.477051,20.21819687,90.33999634,272.8399963,0.21
rear,OC,2-MC,Mid-Coast,11,Siuslaw,24189,2,2278,23890108,Chappell Cr,Mouth,Headwaters,Lake Cr,2012,205,Snorkeled,3,0.062879652,0.09939,3.732000113,53,62.8289986,1,2314.094971,1011123,13,1669.477051,18.31791115,187.8500061,396.6199951,0.21
rear,OC,2-MC,Mid-Coast,11,Siuslaw,24195.40039,1,2283,23889752,Nelson Cr,"Nelson Cr, Trib B","Nelson Cr, Trib C",Lake Cr,2008,35,Snorkeled,5,0.00525071,0.023329999,10.05000019,19,65.8909988,1,434.9819946,1011123,12,1655.255981,18.93367004,107.5699997,260.9500122,0.964
rear,OC,2-MC,Mid-Coast,11,Siuslaw,24195.80078,0,39475,23889752,Nelson Cr,"Nelson Cr, Trib D",Liebre Cr,Lake Cr,2007,64,Snorkeled,5,0.00525071,0.023329999,9.402999878,36,67.1790009,1,434.9819946,1011123,12,1655.255981,19.84354782,114.7399979,185.8500061,0.993
rear,OC,2-MC,Mid-Coast,11,Siuslaw,24197,5.0999999,2287,23889756,Nelson Cr,Liebre Cr,"Nelson Cr, Trib 1",Lake Cr,2000,393,Snorkeled,4,0.040406529,0.037659999,4.501999855,56,74.9469986,1,408.6889954,1011123,15,1538.832031,15.5078764,102.3300018,293.019989,0.809
rear,OC,2-MC,Mid-Coast,11,Siuslaw,24197,5.0999999,2287,23889756,Nelson Cr,Liebre Cr,"Nelson Cr, Trib 1",Lake Cr,2009,275,Snorkeled,4,0.040406529,0.037659999,4.501999855,44,74.9469986,1,408.6889954,1011123,15,1538.832031,17.40458488,75.84999847,209.0700073,0.809
rear,OC,2-MC,Mid-Coast,11,Siuslaw,24203.40039,0,2307,23889936,Greenleaf Cr,"Greenleaf Cr, Trib B","Greenleaf Cr, Trib C",Lake Cr,2004,0,Snorkeled,4,0.038861532,0.088859998,5.617000103,60,79.9720001,1,118.5510025,1304628,14,1604.866943,17.92962646,89.55999756,196.2299957,0.79
rear,OC,2-MC,Mid-Coast,11,Siuslaw,24207,1.1,39964,23889766,Fish Cr,Mouth,"Fish Cr, Trib 1",Lake Cr,2009,528,Snorkeled,5,0.01496874,0.023329999,8.897000313,44,75.7139969,2,488.1199951,265180,15,1449.189941,19.34053421,72.62999725,199.8399963,0.604
rear,OC,2-MC,Mid-Coast,11,Siuslaw,24209.90039,1,2319,23889768,Fish Cr,Trib B,Headwaters,Lake Cr,2001,0,Snorkeled,3,0.100334369,0.057459999,4.360000134,84,81.8359985,2,1168.605957,265180,24,1528.239014,15.38434792,46.45000076,139.2599945,0.664
rear,OC,2-MC,Mid-Coast,11,Siuslaw,24209.90039,1,2320,23889768,Fish Cr,Trib B,Headwaters,Lake Cr,1998,0,Snorkeled,3,0.100334369,0.057459999,4.285999775,31,81.9420013,2,1168.605957,265180,24,1528.239014,17.12654686,61.77000046,214.9400024,0.185
rear,OC,2-MC,Mid-Coast,11,Siuslaw,24209.90039,1,2320,23889768,Fish Cr,Trib B,Headwaters,Lake Cr,2007,0,Snorkeled,3,0.100334369,0.057459999,4.285999775,36,81.9420013,2,1168.605957,265180,24,1528.239014,17.0092411,73.54000092,112.4100037,0.185
rear,OC,2-MC,Mid-Coast,11,Siuslaw,24220,1,2326,23890038,Swamp Cr,Druggs Cr,Headwaters,Lake Cr,2003,115,Snorkeled,4,0.043743931,0.096110001,5.136000156,74,83.8160019,2,312.3080139,265180,17,1508.733032,20.22094917,82.56999969,222.5200043,0.95
rear,OC,2-MC,Mid-Coast,11,Siuslaw,24225,1,39980,23890634,Lake Cr,Pope Cr,Conrad Cr,Siuslaw R,2009,10,Snorkeled,6,0.00675169,0.096110001,15.94799995,44,88.4589996,2,178.2769928,265180,17,1574.817993,21.1278801,69.12000275,173.4100037,0.99
rear,OC,2-MC,Mid-Coast,11,Siuslaw,24227,2,2332,23889792,Lake Cr,Conrad Cr,Swartz Cr,Siuslaw R,2011,47,Snorkeled,6,0.00098892,0.096110001,15.59500027,25,91.3610001,2,721.5529785,265180,17,1519.833008,20.11380196,70.98000336,210.2799988,0.973
rear,OC,2-MC,Mid-Coast,11,Siuslaw,24228.30078,1,35211,23890632,Leibo Canyon,Mouth,Headwaters,Swartz Cr,2008,44,Snorkeled,4,0.0283144,0.096110001,3.79399991,19,97.1640015,2,1397.477051,265180,18,1306.311035,18.53657532,99.01000214,99.16000366,0.73
rear,OC,2-MC,Mid-Coast,11,Siuslaw,24228.30078,1,35211,23890632,Leibo Canyon,Mouth,Headwaters,Swartz Cr,2011,306,Snorkeled,4,0.0283144,0.096110001,3.79399991,25,97.1640015,2,1397.477051,265180,18,1306.311035,16.57451439,76.16999817,221.8000031,0.73
rear,OC,2-MC,Mid-Coast,11,Siuslaw,24228.30078,1,35211,23890632,Leibo Canyon,Mouth,Headwaters,Swartz Cr,2014,84,Snorkeled,4,0.0283144,0.096110001,3.79399991,50,97.1640015,2,1397.477051,265180,18,1306.311035,19.65985489,62.20000076,166.8699951,0.73
rear,OC,2-MC,Mid-Coast,11,Siuslaw,24229,1,2334,23889798,Lake Cr,Swartz Cr,Congdon Cr,Siuslaw R,2001,0,Snorkeled,6,0.00079859,0.096110001,14.33100033,84,92.5690002,2,1461.686035,265180,21,1514.011963,21.04237556,44.88000107,128.1499939,0.949
rear,OC,2-MC,Mid-Coast,11,Siuslaw,24229,1,2334,23889798,Lake Cr,Swartz Cr,Congdon Cr,Siuslaw R,2004,1,Snorkeled,6,0.00079859,0.096110001,14.33100033,60,92.5690002,2,1461.686035,265180,21,1514.011963,23.52930832,85.87000275,121.6600037,0.949
rear,OC,2-MC,Mid-Coast,11,Siuslaw,24229,1,2334,23889798,Lake Cr,Swartz Cr,Congdon Cr,Siuslaw R,2010,34,Snorkeled,6,0.00079859,0.096110001,14.33100033,52,92.5690002,2,1461.686035,265180,21,1514.011963,21.60412979,61.36000061,250.7299957,0.949
rear,OC,2-MC,Mid-Coast,11,Siuslaw,24230,1,2335,23889808,Congdon Cr,Mouth,"Congdon Cr, Trib B",Lake Cr,2004,471,Snorkeled,5,0.01724299,0.096110001,9.196000099,60,95.810997,2,1795.959961,615671,26,1404.79895,19.94084549,87.62999725,124.0699997,0.719
rear,OC,2-MC,Mid-Coast,11,Siuslaw,24230,1,2335,23889808,Congdon Cr,Mouth,"Congdon Cr, Trib B",Lake Cr,2013,1287,Snorkeled,5,0.01724299,0.096110001,9.196000099,30,95.810997,2,1795.959961,615671,26,1404.79895,20.02340126,63.25999832,155.4100037,0.719
rear,OC,2-MC,Mid-Coast,11,Siuslaw,24233,3,2340,23890630,Lake Cr,Pucker Cr,Billy Tower Canyon,Siuslaw R,1998,0,Snorkeled,5,0.066429257,0.096110001,9.852999687,31,99.6340027,2,1846.708984,615671,26,1446.838989,18.58028793,61.97999954,215.1799927,0.898
rear,OC,2-MC,Mid-Coast,11,Siuslaw,24242,0,35525,23889530,Siuslaw R,Tilden Cr,Barber Cr,Pacific Ocean,2008,0,Snorkeled,7,0.00050502,0.01513,38.15399933,19,53.0460014,1,4503.562988,506742,2,1656.131958,24.12462807,103.9800034,218.4799957,0.607
rear,OC,2-MC,Mid-Coast,11,Siuslaw,24243,3,2346,23890192,Barber Cr,Mouth,"Barber Cr, Trib B",Siuslaw R,2001,179,Snorkeled,3,0.03237306,0.03647,4.446000099,84,59.0600014,1,290.7139893,506742,2,1788.764038,17.95149422,76.05999756,265.1099854,0.191
rear,OC,2-MC,Mid-Coast,11,Siuslaw,24243.40039,1,2344,23890192,Barber Cr,"Barber Cr, Trib B","Barber Cr, Trib C",Siuslaw R,2004,633,Snorkeled,4,0.03237306,0.03647,7.545000076,60,56.4399986,1,290.7139893,506742,2,1788.764038,20.12999153,105.3199997,216.5500031,0.6
rear,OC,2-MC,Mid-Coast,11,Siuslaw,24243.40039,1,2344,23890192,Barber Cr,"Barber Cr, Trib B","Barber Cr, Trib C",Siuslaw R,2013,501,Snorkeled,4,0.03237306,0.03647,7.545000076,30,56.4399986,1,290.7139893,506742,2,1788.764038,20.0157814,94.26000214,329.1700134,0.6
rear,OC,2-MC,Mid-Coast,11,Siuslaw,24245,1,40736,23890144,Pat Cr,Mouth,Headwaters,Siuslaw R,2012,13,Snorkeled,3,0.090240851,0.137879997,5.55700016,53,56.1780014,1,7514.294922,506742,2,1560.238037,17.91967583,176.3600006,370.5499878,0.149
rear,OC,2-MC,Mid-Coast,11,Siuslaw,24247,1,2353,23890142,Beech Cr,Mouth,Headwaters,Siuslaw R,2002,0,Snorkeled,3,0.176448271,0.275779992,4.144999981,53,56.9860001,1,7530.459961,506742,2,1522.037964,17.2368927,79.70999908,225.2400055,0.540032258
rear,OC,2-MC,Mid-Coast,11,Siuslaw,24253,2,35002,23890202,Meadow Cr,Mouth,Headwaters,Siuslaw R,2008,0,Snorkeled,3,0.038400002,0.090690002,4.820000172,19,63.144001,1,1257.53894,506742,2,1496.557007,19.0014267,98.79000092,221.2799988,0.529
rear,OC,2-MC,Mid-Coast,11,Siuslaw,24253,2,35002,23890202,Meadow Cr,Mouth,Headwaters,Siuslaw R,2009,0,Snorkeled,3,0.038400002,0.090690002,4.820000172,44,63.144001,1,1257.53894,506742,2,1496.557007,19.99600601,85.33000183,252.0500031,0.529
rear,OC,2-MC,Mid-Coast,11,Siuslaw,24253,2,35002,23890202,Meadow Cr,Mouth,Headwaters,Siuslaw R,2010,0,Snorkeled,3,0.038400002,0.090690002,4.820000172,52,63.144001,1,1257.53894,506742,2,1496.557007,18.31516647,84.86000061,409.730011,0.529
rear,OC,2-MC,Mid-Coast,11,Siuslaw,24253,2,35002,23890202,Meadow Cr,Mouth,Headwaters,Siuslaw R,2011,0,Snorkeled,3,0.038400002,0.090690002,4.820000172,25,63.144001,1,1257.53894,506742,2,1496.557007,17.26091385,113.0299988,353.3500061,0.529
rear,OC,2-MC,Mid-Coast,11,Siuslaw,24253,2,35002,23890202,Meadow Cr,Mouth,Headwaters,Siuslaw R,2012,0,Snorkeled,3,0.038400002,0.090690002,4.820000172,53,63.144001,1,1257.53894,506742,2,1496.557007,18.0416584,165.75,344.6900024,0.529
rear,OC,2-MC,Mid-Coast,11,Siuslaw,24253,2,35002,23890202,Meadow Cr,Mouth,Headwaters,Siuslaw R,2013,0,Snorkeled,3,0.038400002,0.090690002,4.820000172,30,63.144001,1,1257.53894,506742,2,1496.557007,20.1700573,85.69000244,282.4299927,0.529
rear,OC,2-MC,Mid-Coast,11,Siuslaw,24253,2,35002,23890202,Meadow Cr,Mouth,Headwaters,Siuslaw R,2014,0,Snorkeled,3,0.038400002,0.090690002,4.820000172,50,63.144001,1,1257.53894,506742,2,1496.557007,20.28443336,70.87999725,273.9899902,0.529
rear,OC,2-MC,Mid-Coast,11,Siuslaw,24261.30078,1,1907,23890270,"Waite Cr, Trib A",Mouth,"Waite Cr, Trib A, Trib 1",Waite Cr,2007,90,Snorkeled,3,0.082350507,0.056170002,3.542999983,36,67.9729996,2,960.7470093,506742,2,1735.81897,18.98859406,116.6699982,200.3699951,0.748
rear,OC,2-MC,Mid-Coast,11,Siuslaw,24261.30078,1,1907,23890270,"Waite Cr, Trib A",Mouth,"Waite Cr, Trib A, Trib 1",Waite Cr,2010,231,Snorkeled,3,0.082350507,0.056170002,3.542999983,52,67.9729996,2,960.7470093,506742,2,1735.81897,17.41761208,100.2799988,507.5799866,0.748
rear,OC,2-MC,Mid-Coast,11,Siuslaw,24261.30078,1,1907,23890270,"Waite Cr, Trib A",Mouth,"Waite Cr, Trib A, Trib 1",Waite Cr,2013,35,Snorkeled,3,0.082350507,0.056170002,3.542999983,30,67.9729996,2,960.7470093,506742,2,1735.81897,19.12068939,101.4100037,356.2200012,0.748
rear,OC,2-MC,Mid-Coast,11,Siuslaw,24267,2,2373,23890262,Potato Patch Cr,Mouth,Headwaters,Pataha Cr,2005,11,Snorkeled,3,0.0497218,0.105489999,2.799999952,70,81.6849976,2,353.4920044,245468,4,1389.041992,19.83369255,70.31999969,248.8600006,0.245
rear,OC,2-MC,Mid-Coast,11,Siuslaw,24270.19922,1,2380,23889994,Pataha Cr,"Pataha Cr, Trib A","Pataha Cr, Trib B",Wildcat Cr,2008,224,Snorkeled,4,0.037139852,0.050220001,4.795000076,19,83.8539963,2,475.3789978,245468,4,1591.995972,19.15192413,84.97000122,140.6600037,0.818
rear,OC,2-MC,Mid-Coast,11,Siuslaw,24270.19922,1,2380,23889994,Pataha Cr,"Pataha Cr, Trib A","Pataha Cr, Trib B",Wildcat Cr,2011,449,Snorkeled,4,0.037139852,0.050220001,4.795000076,25,83.8539963,2,475.3789978,245468,4,1591.995972,17.19128227,83.77999878,243.5700073,0.818
rear,OC,2-MC,Mid-Coast,11,Siuslaw,24270.19922,1,2380,23889994,Pataha Cr,"Pataha Cr, Trib A","Pataha Cr, Trib B",Wildcat Cr,2014,337,Snorkeled,4,0.037139852,0.050220001,4.795000076,50,83.8539963,2,475.3789978,245468,4,1591.995972,20.33017921,65.30999756,202.3600006,0.818
rear,OC,2-MC,Mid-Coast,11,Siuslaw,24278.69922,2,2394,23890188,Walker Cr,"Walker Cr, Trib D",Headwaters,Wildcat Cr,2004,61,Snorkeled,3,0.065765247,0.083329998,3.835000038,60,85.3929977,2,1226.935059,245468,5,1236.363037,19.8219471,101.6100006,165.8399963,0.695
rear,OC,2-MC,Mid-Coast,11,Siuslaw,24278.69922,2,2394,23890188,Walker Cr,"Walker Cr, Trib D",Headwaters,Wildcat Cr,2013,74,Snorkeled,3,0.065765247,0.083329998,3.835000038,30,85.3929977,2,1226.935059,245468,5,1236.363037,19.8856678,79.80999756,234.9199982,0.695
rear,OC,2-MC,Mid-Coast,11,Siuslaw,24291,1,2419,23889726,Wildcat Cr,Fish Cr,Bulmer Cr,Siuslaw R,2001,166,Snorkeled,5,0.00268931,0.050220001,11.90799999,84,87.6640015,2,26.1439991,198715,10,1543.594971,18.24323082,58.04000092,166.8899994,0.996
rear,OC,2-MC,Mid-Coast,11,Siuslaw,24291,1,2419,23889726,Wildcat Cr,Fish Cr,Bulmer Cr,Siuslaw R,2010,42,Snorkeled,5,0.00268931,0.050220001,11.90799999,52,87.6640015,2,26.1439991,198715,10,1543.594971,18.74832153,70.80999756,264.6799927,0.996
rear,OC,2-MC,Mid-Coast,11,Siuslaw,24297,2,2432,23889732,Wildcat Cr,Warden Cr,"Wildcat Cr, Trib Zh",Siuslaw R,2003,55,Snorkeled,4,0.00444193,0.050220001,6.912000179,74,96.5790024,2,241.3269958,198715,12,1360.885986,19.10763359,99.91999817,242.3000031,0.721
rear,OC,2-MC,Mid-Coast,11,Siuslaw,24298,2,2436,23890298,"Wildcat Cr, Trib Zh",Mouth,Headwaters,Wildcat Cr,2001,0,Snorkeled,3,0.05151286,0.104809999,2.414000034,84,99.6380005,2,1805.800049,198715,16,1341.510986,16.31178093,54.63000107,151.4799957,0.142
rear,OC,2-MC,Mid-Coast,11,Siuslaw,24299,1,40999,23889734,Wildcat Cr,"Wildcat Cr, Trib Zh","Wildcat Cr, Trib Zg",Siuslaw R,2013,86,Snorkeled,3,0.02427683,0.050220001,4.875999928,30,99.8960037,2,1175.234009,198715,18,1314.550049,18.79104614,70.30000305,153.4100037,0.841
rear,OC,2-MC,Mid-Coast,11,Siuslaw,24303.5,0,2450,23890330,"Whittaker Cr, Trib B","Whittake Cr, Trib B, Trib 2",Headwaters,Whittaker Cr,1998,0,Snorkeled,2,0.078172579,0.064989999,3.644999981,31,81.0319977,1,2822.949951,217656,3,2456.291992,17.7159977,89.62000275,291.6400146,0.215
rear,OC,2-MC,Mid-Coast,11,Siuslaw,24303.69922,1.1,2451,23889562,Whittaker Cr,"Whittaker Cr, Trib B","Whittaker Cr, Trib C",Siuslaw R,1999,0,Snorkeled,4,0.023496499,0.048909999,8.210000038,52,80.3420029,1,3203.705078,217656,3,1685.621948,16.73080826,158.7400055,369.1700134,0.489
rear,OC,2-MC,Mid-Coast,11,Siuslaw,24303.69922,1.1,2451,23889562,Whittaker Cr,"Whittaker Cr, Trib B","Whittaker Cr, Trib C",Siuslaw R,2008,449,Snorkeled,4,0.023496499,0.048909999,8.210000038,19,80.3420029,1,3203.705078,217656,3,1685.621948,17.98431778,109.6100006,272.6700134,0.489
rear,OC,2-MC,Mid-Coast,11,Siuslaw,24314,1,2464,23890332,Pittenger Cr,Mouth,Headwaters,Wolf Cr,1999,0,Snorkeled,3,0.045810651,0.056170002,2.944999933,52,100.012001,2,526.9530029,160676,4,1628.89502,16.78480148,123.5,142.7299957,0.709
rear,OC,2-MC,Mid-Coast,11,Siuslaw,24315,0,2466,23889678,Wolf Cr,Pittenger Cr,Oat Cr,Siuslaw R,2006,3,Snorkeled,6,0.00134049,0.048909999,16.91300011,32,100.9039993,2,276.7059937,160676,4,1565.995972,20.10474014,83.73000336,161.4600067,0.622
rear,OC,2-MC,Mid-Coast,11,Siuslaw,24323,1,2476,23889680,Wolf Cr,Oat Cr,Van Curen Cr,Siuslaw R,2002,36,Snorkeled,5,0.00675046,0.048909999,15.75599957,53,102.9089966,2,109.447998,160676,3,1564.259033,19.56719398,63.13000107,153.6499939,0.626
rear,OC,2-MC,Mid-Coast,11,Siuslaw,24323,1,2476,23889680,Wolf Cr,Oat Cr,Van Curen Cr,Siuslaw R,2005,4,Snorkeled,5,0.00675046,0.048909999,15.75599957,70,102.9089966,2,109.447998,160676,3,1564.259033,19.51375771,64.95999908,246,0.626
rear,OC,2-MC,Mid-Coast,11,Siuslaw,24323,1,2476,23889680,Wolf Cr,Oat Cr,Van Curen Cr,Siuslaw R,2014,47,Snorkeled,5,0.00675046,0.048909999,15.75599957,50,102.9089966,2,109.447998,160676,3,1564.259033,20.06754684,63.29000092,216.1999969,0.626
rear,OC,2-MC,Mid-Coast,11,Siuslaw,24325.40039,1,2478,23889682,Wolf Cr,"Wolf Cr, Trib 1","Wolf Cr, Trib 2",Siuslaw R,2000,1,Snorkeled,5,1E-05,0.048909999,15.30599976,56,107.237999,2,760.3389893,160676,3,1551.563965,17.88743782,67.01999664,196.7400055,0.615
rear,OC,2-MC,Mid-Coast,11,Siuslaw,24325.40039,1,2478,23889682,Wolf Cr,"Wolf Cr, Trib 1","Wolf Cr, Trib 2",Siuslaw R,2003,26,Snorkeled,5,1E-05,0.048909999,15.30599976,74,107.237999,2,760.3389893,160676,3,1551.563965,19.9180088,100.3099976,240.1499939,0.615
rear,OC,2-MC,Mid-Coast,11,Siuslaw,24325.40039,1,2478,23889682,Wolf Cr,"Wolf Cr, Trib 1","Wolf Cr, Trib 2",Siuslaw R,2006,4,Snorkeled,5,1E-05,0.048909999,15.30599976,32,107.237999,2,760.3389893,160676,3,1551.563965,19.89377785,82.95999908,170.75,0.615
rear,OC,2-MC,Mid-Coast,11,Siuslaw,24325.40039,1,2478,23889682,Wolf Cr,"Wolf Cr, Trib 1","Wolf Cr, Trib 2",Siuslaw R,2009,56,Snorkeled,5,1E-05,0.048909999,15.30599976,44,107.237999,2,760.3389893,160676,3,1551.563965,19.74354362,75.02999878,223.4499969,0.615
rear,OC,2-MC,Mid-Coast,11,Siuslaw,24325.40039,1,2478,23889682,Wolf Cr,"Wolf Cr, Trib 1","Wolf Cr, Trib 2",Siuslaw R,2012,66,Snorkeled,5,1E-05,0.048909999,15.30599976,53,107.237999,2,760.3389893,160676,3,1551.563965,17.84382248,187.3200073,208.3000031,0.615
rear,OC,2-MC,Mid-Coast,11,Siuslaw,24333,2,2492,23889694,Wolf Cr,Eames Cr,Swamp Cr,Siuslaw R,2002,183,Snorkeled,5,0.0109333,0.048909999,12.36800003,53,117.2929993,2,404.6180115,154194,7,1504.125,18.76986122,58.83000183,142.5200043,0.618
rear,OC,2-MC,Mid-Coast,11,Siuslaw,24333,2,2492,23889694,Wolf Cr,Eames Cr,Swamp Cr,Siuslaw R,2005,35,Snorkeled,5,0.0109333,0.048909999,12.36800003,70,117.2929993,2,404.6180115,154194,7,1504.125,18.43526649,62.75,233.6799927,0.618
rear,OC,2-MC,Mid-Coast,11,Siuslaw,24333,2,2492,23889694,Wolf Cr,Eames Cr,Swamp Cr,Siuslaw R,2008,129,Snorkeled,5,0.0109333,0.048909999,12.36800003,19,117.2929993,2,404.6180115,154194,7,1504.125,17.85001564,76.59999847,116.3600006,0.618
rear,OC,2-MC,Mid-Coast,11,Siuslaw,24333,2,2492,23889694,Wolf Cr,Eames Cr,Swamp Cr,Siuslaw R,2011,90,Snorkeled,5,0.0109333,0.048909999,12.36800003,25,117.2929993,2,404.6180115,154194,7,1504.125,16.01496124,70.27999878,223.0299988,0.618
rear,OC,2-MC,Mid-Coast,11,Siuslaw,24333,2,2492,23889694,Wolf Cr,Eames Cr,Swamp Cr,Siuslaw R,2014,222,Snorkeled,5,0.0109333,0.048909999,12.36800003,50,117.2929993,2,404.6180115,154194,7,1504.125,18.97882843,58.97000122,178.1900024,0.618
rear,OC,2-MC,Mid-Coast,11,Siuslaw,24334,2,2496,23890412,Swamp Cr,Mouth,Headwaters,Wolf Cr,2005,119,Snorkeled,4,0.018786499,0.048909999,5.820000172,70,120.8339996,2,387.4920044,154194,7,1396.114014,18.65910339,66.91999817,245.0800018,0.949
rear,OC,2-MC,Mid-Coast,11,Siuslaw,24343,1,2504,23889704,Wolf Cr,Fish Cr,Swing Log Cr,Siuslaw R,2011,346,Snorkeled,4,1E-05,0.048909999,8.56799984,25,121.5930023,2,781.5280151,154194,7,1472.223022,15.21308136,74.83999634,232.2599945,0.948
rear,OC,2-MC,Mid-Coast,11,Siuslaw,24345,3.0999999,2511,23889712,Wolf Cr,Swing Log Cr,"Trib B, Wolf Cr",Siuslaw R,2005,0,Snorkeled,3,0.01546201,0.048909999,3.207000017,70,128.0919952,2,295.6300049,154194,7,1319.079956,18.03844261,62.61000061,256.7900085,0.874
rear,OC,2-MC,Mid-Coast,11,Siuslaw,24349.69922,1,2514,23889578,Esmond Cr,"Esmond Cr, Trib 1",Leopold Cr,Siuslaw R,2000,96,Snorkeled,5,0.00289357,0.048909999,12.10599995,56,91.4599991,2,150.6049957,529655,2,1502.600952,18.54359627,75.73000336,225.5599976,0.983
rear,OC,2-MC,Mid-Coast,11,Siuslaw,24358,1,2525,23890458,"Esmond Cr, Trib A",Mouth,Headwaters,Esmond Cr,2006,35,Snorkeled,3,0.057511222,0.06391,3.601000071,32,97.5910034,2,1265.792969,529655,2,1330.269043,17.958498,88.41999817,163.6900024,0.679
rear,OC,2-MC,Mid-Coast,11,Siuslaw,24360,1,2533,23889592,Siuslaw R,Esmond Cr,Cedar Cr,Pacific Ocean,2004,0,Snorkeled,6,0.00061955,0.048909999,26.20400047,60,91.8659973,2,4073.884033,217656,2,1662.199951,25.95251274,106.3399963,147.4600067,0.607
rear,OC,2-MC,Mid-Coast,11,Siuslaw,24363.09961,1,2539,23889594,Siuslaw R,Fawn Cr,Pugh Cr,Pacific Ocean,1998,0,Snorkeled,6,6.729E-05,0.048909999,26.08600044,31,94.413002,2,263.6679993,217656,2,1661.162964,24.94602394,64.48000336,238.2200012,0.994
rear,OC,2-MC,Mid-Coast,11,Siuslaw,24363.09961,1,2539,23889594,Siuslaw R,Fawn Cr,Pugh Cr,Pacific Ocean,2001,0,Snorkeled,6,6.729E-05,0.048909999,26.08600044,84,94.413002,2,263.6679993,217656,2,1661.162964,22.64787483,59.27999878,166.6100006,0.994
rear,OC,2-MC,Mid-Coast,11,Siuslaw,24363.09961,1,2539,23889594,Siuslaw R,Fawn Cr,Pugh Cr,Pacific Ocean,2004,0,Snorkeled,6,6.729E-05,0.048909999,26.08600044,60,94.413002,2,263.6679993,217656,2,1661.162964,25.33522606,106.3399963,147.4600067,0.994
rear,OC,2-MC,Mid-Coast,11,Siuslaw,24363.09961,1,2539,23889594,Siuslaw R,Fawn Cr,Pugh Cr,Pacific Ocean,2007,0,Snorkeled,6,6.729E-05,0.048909999,26.08600044,36,94.413002,2,263.6679993,217656,2,1661.162964,24.85953331,81.76000214,132.7799988,0.994
rear,OC,2-MC,Mid-Coast,11,Siuslaw,24363.09961,2,2538,23889594,Siuslaw R,Fawn Cr,Pugh Cr,Pacific Ocean,2000,0,Snorkeled,6,6.729E-05,0.048909999,26.04400063,56,96.2819977,2,263.6679993,217656,2,1661.162964,22.67258644,78.87000275,210.2100067,0.628
rear,OC,2-MC,Mid-Coast,11,Siuslaw,24365,1,40476,23890430,Mill Cr,Mouth,Headwaters,Siuslaw R,2011,12,Snorkeled,3,0.01821322,0.048909999,4.407000065,25,103.4459991,2,1023.594971,109750,3,1349.910034,17.12138748,89.04000092,262.0499878,0.773
rear,OC,2-MC,Mid-Coast,11,Siuslaw,24366,1,2548,23889602,Siuslaw R,Mill Cr,Collins Cr,Pacific Ocean,2002,0,Snorkeled,6,0.0099491,0.048909999,25.47800064,53,102.5400009,2,1120.745972,109750,3,1662.93103,25.47079277,62.79999924,151.1799927,0.621
rear,OC,2-MC,Mid-Coast,11,Siuslaw,24373,1,2556,23889608,Clay Cr,Mouth,Headwaters,Siuslaw R,1998,116,Snorkeled,4,0.00165723,0.048909999,4.850999832,31,107.3099976,2,471.9190063,109750,3,1600.473999,24.57814598,67.69000244,255.6600037,0.822
rear,OC,2-MC,Mid-Coast,11,Siuslaw,24373,1,2556,23889608,Clay Cr,Mouth,Headwaters,Siuslaw R,2000,192,Snorkeled,4,0.00165723,0.048909999,4.850999832,56,107.3099976,2,471.9190063,109750,3,1600.473999,22.32675934,78.87000275,210.2100067,0.822
rear,OC,2-MC,Mid-Coast,11,Siuslaw,24373,1,2556,23889608,Clay Cr,Mouth,Headwaters,Siuslaw R,2001,153,Snorkeled,4,0.00165723,0.048909999,4.850999832,84,107.3099976,2,471.9190063,109750,3,1600.473999,22.36297417,54.45000076,185.3600006,0.822
rear,OC,2-MC,Mid-Coast,11,Siuslaw,24373,1,2556,23889608,Clay Cr,Mouth,Headwaters,Siuslaw R,2002,294,Snorkeled,4,0.00165723,0.048909999,4.850999832,53,107.3099976,2,471.9190063,109750,3,1600.473999,24.37896156,66.20999908,175.0099945,0.822
rear,OC,2-MC,Mid-Coast,11,Siuslaw,24373,1,2556,23889608,Clay Cr,Mouth,Headwaters,Siuslaw R,2003,213,Snorkeled,4,0.00165723,0.048909999,4.850999832,74,107.3099976,2,471.9190063,109750,3,1600.473999,24.98858643,107.4899979,266.519989,0.822
rear,OC,2-MC,Mid-Coast,11,Siuslaw,24373,1,2556,23889608,Clay Cr,Mouth,Headwaters,Siuslaw R,2004,319,Snorkeled,4,0.00165723,0.048909999,4.850999832,60,107.3099976,2,471.9190063,109750,3,1600.473999,24.83165359,109.7799988,159.9100037,0.822
rear,OC,2-MC,Mid-Coast,11,Siuslaw,24373,1,2556,23889608,Clay Cr,Mouth,Headwaters,Siuslaw R,2005,277,Snorkeled,4,0.00165723,0.048909999,4.850999832,70,107.3099976,2,471.9190063,109750,3,1600.473999,24.34274673,65.69999695,274.1600037,0.822
rear,OC,2-MC,Mid-Coast,11,Siuslaw,24373,1,2556,23889608,Clay Cr,Mouth,Headwaters,Siuslaw R,2006,299,Snorkeled,4,0.00165723,0.048909999,4.850999832,32,107.3099976,2,471.9190063,109750,3,1600.473999,25.02480125,85.58000183,179.6100006,0.822
rear,OC,2-MC,Mid-Coast,11,Siuslaw,24373,1,2556,23889608,Clay Cr,Mouth,Headwaters,Siuslaw R,2007,197,Snorkeled,4,0.00165723,0.048909999,4.850999832,36,107.3099976,2,471.9190063,109750,3,1600.473999,24.53589439,83.34999847,143.9299927,0.822
rear,OC,2-MC,Mid-Coast,11,Siuslaw,24373,1,2556,23889608,Clay Cr,Mouth,Headwaters,Siuslaw R,2008,155,Snorkeled,4,0.00165723,0.048909999,4.850999832,19,107.3099976,2,471.9190063,109750,3,1600.473999,23.73915672,81.76000214,177.2400055,0.822
rear,OC,2-MC,Mid-Coast,11,Siuslaw,24373,1,2556,23889608,Clay Cr,Mouth,Headwaters,Siuslaw R,2009,390,Snorkeled,4,0.00165723,0.048909999,4.850999832,44,107.3099976,2,471.9190063,109750,3,1600.473999,24.71093559,72.77999878,249.9499969,0.822
rear,OC,2-MC,Mid-Coast,11,Siuslaw,24373,1,2556,23889608,Clay Cr,Mouth,Headwaters,Siuslaw R,2010,194,Snorkeled,4,0.00165723,0.048909999,4.850999832,52,107.3099976,2,471.9190063,109750,3,1600.473999,22.761343,72.12000275,284.019989,0.822
rear,OC,2-MC,Mid-Coast,11,Siuslaw,24373,1,2556,23889608,Clay Cr,Mouth,Headwaters,Siuslaw R,2011,244,Snorkeled,4,0.00165723,0.048909999,4.850999832,25,107.3099976,2,471.9190063,109750,3,1600.473999,21.17993927,87.12000275,281.3999939,0.822
rear,OC,2-MC,Mid-Coast,11,Siuslaw,24373,1,2556,23889608,Clay Cr,Mouth,Headwaters,Siuslaw R,2012,123,Snorkeled,4,0.00165723,0.048909999,4.850999832,53,107.3099976,2,471.9190063,109750,3,1600.473999,22.05514336,176.9900055,247.5700073,0.822
rear,OC,2-MC,Mid-Coast,11,Siuslaw,24373,1,2556,23889608,Clay Cr,Mouth,Headwaters,Siuslaw R,2013,136,Snorkeled,4,0.00165723,0.048909999,4.850999832,30,107.3099976,2,471.9190063,109750,3,1600.473999,24.99462128,73.66000366,173.6499939,0.822
rear,OC,2-MC,Mid-Coast,11,Siuslaw,24373,1,2556,23889608,Clay Cr,Mouth,Headwaters,Siuslaw R,2014,27,Snorkeled,4,0.00165723,0.048909999,4.850999832,50,107.3099976,2,471.9190063,109750,3,1600.473999,25.0730896,62.77000046,235.2299957,0.822
rear,OC,2-MC,Mid-Coast,11,Siuslaw,24384,1,2567,23889616,Siuslaw R,Luyne Cr,"Siuslaw R, East Trib",Pacific Ocean,1998,0,Snorkeled,6,0.00090148,0.048909999,24.0890007,31,121.7519989,2,4565.637207,109750,3,1660.577026,24.0597229,60.06000137,235.5700073,0.605
rear,OC,2-MC,Mid-Coast,11,Siuslaw,24384,1,2567,23889616,Siuslaw R,Luyne Cr,"Siuslaw R, East Trib",Pacific Ocean,2001,0,Snorkeled,6,0.00090148,0.048909999,24.0890007,84,121.7519989,2,4565.637207,109750,3,1660.577026,21.97423363,56.41999817,132.6900024,0.605
rear,OC,2-MC,Mid-Coast,11,Siuslaw,24384,1,2567,23889616,Siuslaw R,Luyne Cr,"Siuslaw R, East Trib",Pacific Ocean,2004,0,Snorkeled,6,0.00090148,0.048909999,24.0890007,60,121.7519989,2,4565.637207,109750,3,1660.577026,24.29537201,108.9000015,143.4400024,0.605
rear,OC,2-MC,Mid-Coast,11,Siuslaw,24384,1,2567,23889616,Siuslaw R,Luyne Cr,"Siuslaw R, East Trib",Pacific Ocean,2007,0,Snorkeled,6,0.00090148,0.048909999,24.0890007,36,121.7519989,2,4565.637207,109750,3,1660.577026,23.98902893,83.37999725,124.25,0.605
rear,OC,2-MC,Mid-Coast,11,Siuslaw,24384,1,2567,23889616,Siuslaw R,Luyne Cr,"Siuslaw R, East Trib",Pacific Ocean,2010,0,Snorkeled,6,0.00090148,0.048909999,24.0890007,52,121.7519989,2,4565.637207,109750,3,1660.577026,22.31003189,63.02999878,242.5200043,0.605
rear,OC,2-MC,Mid-Coast,11,Siuslaw,24384,1,2567,23889616,Siuslaw R,Luyne Cr,"Siuslaw R, East Trib",Pacific Ocean,2013,0,Snorkeled,6,0.00090148,0.048909999,24.0890007,30,121.7519989,2,4565.637207,109750,3,1660.577026,24.29537201,67.48999786,132.0500031,0.605
rear,OC,2-MC,Mid-Coast,11,Siuslaw,24384,1,40235,23889616,Siuslaw R,Luyne Cr,"Siuslaw R, East Trib",Pacific Ocean,2010,1,Snorkeled,6,0.00090148,0.048909999,24.13100052,52,119.8330002,2,4565.637207,109750,3,1660.577026,22.31003189,63.02999878,242.5200043,0.854
rear,OC,2-MC,Mid-Coast,11,Siuslaw,24388,0,2571,23890506,"Oxbow Cr, Trib C",Mouth,Headwaters,Oxbow Cr,1998,0,Snorkeled,3,0.066745177,0.048909999,3.22300005,31,127.7959976,2,1718.084961,109750,3,1231.374023,16.8469944,61.45000076,257.9700012,0.562
rear,OC,2-MC,Mid-Coast,11,Siuslaw,24391,1,2574,23890504,Bear Cr,Mouth,"Bear Cr, Trib A",Siuslaw R,2000,495,Snorkeled,4,0.01409985,0.048909999,4.640999794,56,126.9469986,2,676.322998,109750,3,1201.805054,15.76241875,75.91000366,196.7299957,0.659
rear,OC,2-MC,Mid-Coast,11,Siuslaw,24391,1,2574,23890504,Bear Cr,Mouth,"Bear Cr, Trib A",Siuslaw R,2003,28,Snorkeled,4,0.01409985,0.048909999,4.640999794,74,126.9469986,2,676.322998,109750,3,1201.805054,17.43495941,99.98000336,250.0599976,0.659
rear,OC,2-MC,Mid-Coast,11,Siuslaw,24391,1,2574,23890504,Bear Cr,Mouth,"Bear Cr, Trib A",Siuslaw R,2006,432,Snorkeled,4,0.01409985,0.048909999,4.640999794,32,126.9469986,2,676.322998,109750,3,1201.805054,17.46452332,89.75,176.7899933,0.659
rear,OC,2-MC,Mid-Coast,11,Siuslaw,24391,1,2574,23890504,Bear Cr,Mouth,"Bear Cr, Trib A",Siuslaw R,2009,933,Snorkeled,4,0.01409985,0.048909999,4.640999794,44,126.9469986,2,676.322998,109750,3,1201.805054,17.29980469,67.69999695,205.9199982,0.659
rear,OC,2-MC,Mid-Coast,11,Siuslaw,24391,1,2574,23890504,Bear Cr,Mouth,"Bear Cr, Trib A",Siuslaw R,2012,279,Snorkeled,4,0.01409985,0.048909999,4.640999794,53,126.9469986,2,676.322998,109750,3,1201.805054,15.58080482,157.3899994,214.2899933,0.659
rear,OC,2-MC,Mid-Coast,11,Siuslaw,24395.69922,1,2580,23890530,Haight Cr,"Haight Cr, Trib B",Shitten Cr,Siuslaw R,1998,57,Snorkeled,4,0.01870802,0.048909999,5.190000057,31,129.7380066,2,339.9289856,188573,5,1773.425049,18.34246063,58.74000168,256.2600098,0.79
rear,OC,2-MC,Mid-Coast,11,Siuslaw,24395.69922,1,2580,23890530,Haight Cr,"Haight Cr, Trib B",Shitten Cr,Siuslaw R,2001,176,Snorkeled,4,0.01870802,0.048909999,5.190000057,84,129.7380066,2,339.9289856,188573,5,1773.425049,16.74543381,55.40999985,153.4199982,0.79
rear,OC,2-MC,Mid-Coast,11,Siuslaw,24395.69922,1,2580,23890530,Haight Cr,"Haight Cr, Trib B",Shitten Cr,Siuslaw R,2004,216,Snorkeled,4,0.01870802,0.048909999,5.190000057,60,129.7380066,2,339.9289856,188573,5,1773.425049,18.56978035,118.9100037,160.1699982,0.79
rear,OC,2-MC,Mid-Coast,11,Siuslaw,24395.69922,1,2580,23890530,Haight Cr,"Haight Cr, Trib B",Shitten Cr,Siuslaw R,2010,132,Snorkeled,4,0.01870802,0.048909999,5.190000057,52,129.7380066,2,339.9289856,188573,5,1773.425049,17.06056023,64.90000153,266.3900146,0.79
rear,OC,2-MC,Mid-Coast,11,Siuslaw,24395.69922,1,2580,23890530,Haight Cr,"Haight Cr, Trib B",Shitten Cr,Siuslaw R,2013,284,Snorkeled,4,0.01870802,0.048909999,5.190000057,30,129.7380066,2,339.9289856,188573,5,1773.425049,18.61914253,69.43000031,157.1900024,0.79
rear,OC,2-MC,Mid-Coast,11,Siuslaw,24401,1,2589,23890474,Conger Cr,Mouth,"Conger Cr, Trib A",Siuslaw R,2013,66,Snorkeled,4,0.017098401,0.048909999,4.544000149,30,130.9989929,2,1247.526001,188573,3,1537.017944,20.23621559,67.48999786,132.0500031,0.861
rear,OC,2-MC,Mid-Coast,11,Siuslaw,24403.90039,1,2593,23890448,Pheasant Cr,"Pheasant Cr, Trib C",Headwaters,Siuslaw R,1998,0,Snorkeled,3,0.06670469,0.09042,2.03399992,31,138.3150024,2,1598.753052,188573,4,1136.60498,18.06789398,59.75999832,239.1699982,0.628290323
rear,OC,2-MC,Mid-Coast,11,Siuslaw,24405.80078,1,2597,23889922,Dogwood Cr,"Dogwood Cr, Trib B",Headwaters,Siuslaw R,1999,0,Snorkeled,3,0.05142349,0.048909999,4.111000061,52,139.1139984,2,265.6619873,188573,4,1481.555054,15.78240204,112.5299988,155.1600037,0.941
rear,OC,2-MC,Mid-Coast,11,Siuslaw,24409,1,2603,23890500,Jeans Cr,Mouth,"Jeans Cr, Trib A",Siuslaw R,2000,37,Snorkeled,3,0.056421168,0.048909999,3.434999943,56,141.8560028,2,471.5450134,188573,4,1298.192993,15.97992134,72.94999695,191.8800049,0.877
rear,OC,2-MC,Mid-Coast,11,Siuslaw,24409,1,2603,23890500,Jeans Cr,Mouth,"Jeans Cr, Trib A",Siuslaw R,2003,29,Snorkeled,3,0.056421168,0.048909999,3.434999943,74,141.8560028,2,471.5450134,188573,4,1298.192993,17.74357796,93.62000275,220.5599976,0.877
rear,OC,2-MC,Mid-Coast,11,Siuslaw,24409,1,2603,23890500,Jeans Cr,Mouth,"Jeans Cr, Trib A",Siuslaw R,2006,76,Snorkeled,3,0.056421168,0.048909999,3.434999943,32,141.8560028,2,471.5450134,188573,4,1298.192993,17.58947182,85.47000122,164.3000031,0.877
rear,OC,2-MC,Mid-Coast,11,Siuslaw,24420.69922,1,2615,23890560,"Buck Cr, Trib B","Trib B, Left Fork",Headwaters,"Buck Cr,",2006,44,Snorkeled,3,0.035801139,0.060400002,2.818000078,32,156.904007,2,45.47200012,145348,6,1303.829956,18.10855484,86.93000031,169.6199951,0.681
rear,OC,2-MC,Mid-Coast,11,Siuslaw,24423,3,2627,23889916,Doe Cr,Mouth,Headwaters,Siuslaw R,2002,219,Snorkeled,4,0.025981599,0.051290002,5.175000191,53,159.8739929,2,203.3379974,145348,5,1410.68396,18.72090149,57.63000107,156.6699982,0.963
rear,OC,2-MC,Mid-Coast,11,Siuslaw,24425,1,2630,23890518,Russell Cr,Mouth,"Russell Cr, Trib A",Siuslaw R,2007,191,Snorkeled,4,0.01405015,0.048909999,4.813000202,36,159.2630005,2,423.7420044,145348,4,1697.131958,18.74412918,82.94000244,146.7299957,0.87
rear,OC,2-MC,Mid-Coast,11,Siuslaw,24425,1,2630,23890518,Russell Cr,Mouth,"Russell Cr, Trib A",Siuslaw R,2008,0,Snorkeled,4,0.01405015,0.048909999,4.813000202,19,159.2630005,2,423.7420044,145348,4,1697.131958,17.65757942,73.51999664,104.5100021,0.87
rear,OC,2-MC,Mid-Coast,11,Siuslaw,24425,1,2630,23890518,Russell Cr,Mouth,"Russell Cr, Trib A",Siuslaw R,2009,357,Snorkeled,4,0.01405015,0.048909999,4.813000202,44,159.2630005,2,423.7420044,145348,4,1697.131958,18.85509491,64.20999908,163.3999939,0.87
rear,OC,2-MC,Mid-Coast,11,Siuslaw,24425,1,2630,23890518,Russell Cr,Mouth,"Russell Cr, Trib A",Siuslaw R,2010,143,Snorkeled,4,0.01405015,0.048909999,4.813000202,52,159.2630005,2,423.7420044,145348,4,1697.131958,17.45414162,58.20999908,241,0.87
rear,OC,2-MC,Mid-Coast,11,Siuslaw,24425,1,2630,23890518,Russell Cr,Mouth,"Russell Cr, Trib A",Siuslaw R,2011,256,Snorkeled,4,0.01405015,0.048909999,4.813000202,25,159.2630005,2,423.7420044,145348,4,1697.131958,15.96533775,63.91999817,226.8399963,0.87
rear,OC,2-MC,Mid-Coast,11,Siuslaw,24425,1,2630,23890518,Russell Cr,Mouth,"Russell Cr, Trib A",Siuslaw R,2012,254,Snorkeled,4,0.01405015,0.048909999,4.813000202,53,159.2630005,2,423.7420044,145348,4,1697.131958,16.82532883,139.7700043,192.2899933,0.87
rear,OC,2-MC,Mid-Coast,11,Siuslaw,24425,1,2630,23890518,Russell Cr,Mouth,"Russell Cr, Trib A",Siuslaw R,2013,310,Snorkeled,4,0.01405015,0.048909999,4.813000202,30,159.2630005,2,423.7420044,145348,4,1697.131958,19.04466438,64.16999817,149.9199982,0.87
rear,OC,2-MC,Mid-Coast,11,Siuslaw,24425,1,2630,23890518,Russell Cr,Mouth,"Russell Cr, Trib A",Siuslaw R,2014,295,Snorkeled,4,0.01405015,0.048909999,4.813000202,50,159.2630005,2,423.7420044,145348,4,1697.131958,18.89208412,52.18999863,179.5899963,0.87
rear,OC,2-MC,Mid-Coast,11,Siuslaw,24427,0,2634,23890514,Russell Cr,"Russell Cr, Trib A",Headwaters,Siuslaw R,2007,313,Snorkeled,3,0.042932458,0.048909999,3.667000055,36,160.3509979,2,740.8839722,145348,4,1599.998047,18.08291245,82.58999634,144.4499969,0.198
rear,OC,2-MC,Mid-Coast,11,Siuslaw,24427,1,40483,23890514,Russell Cr,"Russell Cr, Trib A",Headwaters,Siuslaw R,2011,110,Snorkeled,3,0.042932458,0.048909999,4.040999889,25,159.852005,2,740.8839722,145348,4,1599.998047,15.37204742,68.55999756,227.0700073,0.885
rear,OC,2-MC,Mid-Coast,11,Siuslaw,24431.40039,1,2637,23890510,Shaw Cr,"Shaw Cr, Trib B","Shaw Cr, Trib C",Siuslaw R,2004,11,Snorkeled,4,0.01528827,0.048909999,4.153999805,60,166.6320038,2,863.2210083,145348,4,1538.425049,18.96850395,112.9400024,160.5200043,0.805
rear,OC,2-MC,Mid-Coast,11,Siuslaw,24431.40039,1,2637,23890510,Shaw Cr,"Shaw Cr, Trib B","Shaw Cr, Trib C",Siuslaw R,2013,6,Snorkeled,4,0.01528827,0.048909999,4.153999805,30,166.6320038,2,863.2210083,145348,4,1538.425049,19.22680283,64.25,161.2200012,0.805
rear,OC,2-MC,Mid-Coast,11,Siuslaw,24435,0,2643,23890570,Little Siuslaw Cr,Mouth,Headwaters,Siuslaw R,2003,43,Snorkeled,3,0.040808432,0.050179999,2.663000107,74,166.7890015,2,1126.645996,145348,5,1220.113037,19.02622223,75.87000275,235.3500061,0.464
rear,OC,2-MC,Mid-Coast,11,Siuslaw,24437,1,2650,23890550,Fawn Cr,Mouth,Headwaters,Siuslaw R,2001,15,Snorkeled,4,0.022676621,0.048909999,5.539000034,84,166.0650024,4,273.1069946,181793.5,5,1625.651001,17.10485268,55.09999847,136.7899933,0.878
rear,OC,2-MC,Mid-Coast,11,Siuslaw,24437,3,2651,23890550,Fawn Cr,Mouth,Headwaters,Siuslaw R,2004,42,Snorkeled,3,0.022676621,0.048909999,3.08100009,60,170.3280029,4,273.1069946,181793.5,5,1625.651001,18.84716034,110.9100037,162.7200012,0.578
rear,OC,2-MC,Mid-Coast,11,Siuslaw,24437,3,2651,23890550,Fawn Cr,Mouth,Headwaters,Siuslaw R,2013,37,Snorkeled,3,0.022676621,0.048909999,3.08100009,30,170.3280029,4,273.1069946,181793.5,5,1625.651001,18.87902832,66.05999756,163.7299957,0.578
rear,OC,2-MC,Mid-Coast,11,Siuslaw,24438,1,2652,23889656,Siuslaw R,Fawn Cr,Letz Cr,Pacific Ocean,2012,21,Snorkeled,6,0.00031736,0.048909999,16.63199997,53,167.0399933,4,107.1439972,145348,4,1797.307983,20.29372025,129.5200043,195.0099945,0.965
rear,OC,2-MC,Mid-Coast,11,Siuslaw,24441.59961,1,2659,23890574,Letz Cr,"Letz Cr, Trib E","Letz Cr, Trib F",Siuslaw R,2012,149,Snorkeled,3,0.075463131,0.055190001,3.023999929,53,173.6450043,4,90.23400116,181793.5,4,1198.312988,17.25004387,129.5200043,195.0099945,0.844
rear,OC,2-MC,Mid-Coast,11,Siuslaw,24441.59961,1,40991,23889972,Letz Cr,"Letz Cr, Trib E","Letz Cr, Trib F",Siuslaw R,2013,166,Snorkeled,3,0.01150844,0.055190001,4.034999847,30,172.9579926,4,439.8659973,181793.5,4,1251.093018,20.05906868,69.12000275,165.5700073,0.827
rear,OC,2-MC,Mid-Coast,11,Siuslaw,24442,0,2661,23889664,Siuslaw R,Letz Cr,Douglas Cr,Pacific Ocean,1998,0,Snorkeled,6,0.00297444,0.048909999,16.58399963,31,167.6349945,4,627.65802,181793.5,4,1793.912964,21.75916672,57.56000137,280.7099915,0.671
rear,OC,2-MC,Mid-Coast,11,Siuslaw,24454,2,2677,23890594,Sandy Cr,"Sandy Cr, Trib B",Headwaters,"Siuslaw R, S Fk",2010,17,Snorkeled,3,0.041052978,0.048909999,2.900000095,52,182.427002,2,244.5899963,68549,4,1706.489014,18.42971039,51.11000061,191.5800018,0.76
rear,OC,2-MC,Mid-Coast,11,Siuslaw,24457,2,2682,23890014,"Siuslaw R, S Fk",Kelly Cr,Tucker Cr,Siuslaw R,2005,0,Snorkeled,5,0.0043357,0.048909999,8.425999641,70,181.5610046,2,37.5870018,68549,7,1421.375,22.71883583,67.15000153,276.480011,0.996
rear,OC,2-MC,Mid-Coast,11,Siuslaw,24460,1,2688,23889668,"Siuslaw R, N Fk",Mouth,Farman Cr,Siuslaw R,2005,0,Snorkeled,5,0.0026997,0.048909999,11.03899956,70,173.8090057,2,4014.781006,181793.5,4,1997.795044,21.8750782,66.55000305,274.980011,0.897
rear,OC,2-MC,Mid-Coast,11,Siuslaw,24461,0,39473,23889930,Farman Cr,Mouth,Headwaters,"Siuslaw R, N Fk",2007,0,Snorkeled,3,0.01706337,0.054869998,4.440000057,36,179.8399963,2,854.1160278,110560,4,1749.97998,19.66051102,79.83000183,155.7700043,0.891
rear,OC,2-MC,Mid-Coast,11,Siuslaw,24469,1,2696,23889778,Hawley Cr,Orville Crow Cr,"Hawley Cr, N Fk","Siuslaw R, N Fk",1999,12,Snorkeled,5,0.00799824,0.048909999,7.270999908,52,180.470993,2,718.3389893,110560,5,1485.557007,19.18194008,94.66000366,170.3500061,0.948
rear,OC,2-MC,Mid-Coast,11,Siuslaw,24469,1,2696,23889778,Hawley Cr,Orville Crow Cr,"Hawley Cr, N Fk","Siuslaw R, N Fk",2002,18,Snorkeled,5,0.00799824,0.048909999,7.270999908,53,180.470993,2,718.3389893,110560,5,1485.557007,21.43485451,50.59999847,156.5200043,0.948
rear,OC,2-MC,Mid-Coast,11,Siuslaw,24469,1,2696,23889778,Hawley Cr,Orville Crow Cr,"Hawley Cr, N Fk","Siuslaw R, N Fk",2011,27,Snorkeled,5,0.00799824,0.048909999,7.270999908,25,180.470993,2,718.3389893,110560,5,1485.557007,18.29197502,51.68000031,295.1900024,0.948
rear,OC,2-MC,Mid-Coast,12,MCDependent,24474,0,39965,23886104,Sutton Cr,Mouth,Sutton Lake,Pacific Ocean,2009,0,Snorkeled,5,0.00184963,0.01421,13.31099987,39,2.5020001,1,1438.412964,246414,1,1388.406982,19.88969803,68.87000275,195.75,0.617
rear,OC,2-MC,Mid-Coast,12,MCDependent,24498,2,2721,23886126,Cape Cr,Mouth,Wapiti Cr,Pacific Ocean,2006,250,Snorkeled,5,0.01052429,0.00623,13.01099968,41,1.988,3,329.7720032,182943,1,1682.425049,18.92211342,118.3000031,200.8899994,0.608
rear,OC,2-MC,Mid-Coast,12,MCDependent,24499,1,2724,23886130,Wapiti Cr,Mouth,Headwaters,Cape Cr,1999,0,Snorkeled,3,0.078244522,0.04228,7.335000038,48,4.362,3,1045.769043,182943,1,1989.209961,14.28843594,206.4499969,273.1499939,0.555
rear,OC,2-MC,Mid-Coast,12,MCDependent,24499,1,2724,23886130,Wapiti Cr,Mouth,Headwaters,Cape Cr,2002,277,Snorkeled,3,0.078244522,0.04228,7.335000038,48,4.362,3,1045.769043,182943,1,1989.209961,15.84793282,89.95999908,240.6399994,0.555
rear,OC,2-MC,Mid-Coast,12,MCDependent,24499,1,2724,23886130,Wapiti Cr,Mouth,Headwaters,Cape Cr,2005,138,Snorkeled,3,0.078244522,0.04228,7.335000038,47,4.362,3,1045.769043,182943,1,1989.209961,15.77821255,100.9100037,361.1000061,0.555
rear,OC,2-MC,Mid-Coast,12,MCDependent,24499,1,2724,23886130,Wapiti Cr,Mouth,Headwaters,Cape Cr,2008,71,Snorkeled,3,0.078244522,0.04228,7.335000038,41,4.362,3,1045.769043,182943,1,1989.209961,14.4132309,112.1999969,227.4900055,0.555
rear,OC,2-MC,Mid-Coast,12,MCDependent,24499,1,2724,23886130,Wapiti Cr,Mouth,Headwaters,Cape Cr,2011,3,Snorkeled,3,0.078244522,0.04228,7.335000038,35,4.362,3,1045.769043,182943,1,1989.209961,14.81410027,130.3800049,399.3599854,0.555
rear,OC,2-MC,Mid-Coast,12,MCDependent,24499,1,2724,23886130,Wapiti Cr,Mouth,Headwaters,Cape Cr,2014,1,Snorkeled,3,0.078244522,0.04228,7.335000038,44,4.362,3,1045.769043,182943,1,1989.209961,16.43169785,83.73000336,339.3800049,0.555
rear,OC,2-MC,Mid-Coast,12,MCDependent,24510,2,2737,23886144,Big Cr,Mouth,"Big Cr, Trib A",Pacific Ocean,2003,794,Snorkeled,4,0.00560139,0.01252,14.43000031,69,1.927,3,632.6539917,182943,1,2045.793945,19.47822952,108.9400024,294,0.774
rear,OC,2-MC,Mid-Coast,12,MCDependent,24510,2,2738,23886144,Big Cr,Mouth,"Big Cr, Trib A",Pacific Ocean,1998,30,Snorkeled,4,0.00560139,0.01252,14.50699997,10,1.107,3,632.6539917,182943,1,2045.793945,20.06786346,79,233.8000031,0.616
rear,OC,2-MC,Mid-Coast,12,MCDependent,24510,2,2738,23886144,Big Cr,Mouth,"Big Cr, Trib A",Pacific Ocean,1999,53,Snorkeled,4,0.00560139,0.01252,14.50699997,48,1.107,3,632.6539917,182943,1,2045.793945,17.70932961,154.6499939,240.25,0.616
rear,OC,2-MC,Mid-Coast,12,MCDependent,24510,2,2738,23886144,Big Cr,Mouth,"Big Cr, Trib A",Pacific Ocean,2000,24,Snorkeled,4,0.00560139,0.01252,14.50699997,44,1.107,3,632.6539917,182943,1,2045.793945,19.21391106,88.75,227.2599945,0.616
rear,OC,2-MC,Mid-Coast,12,MCDependent,24510,2,2738,23886144,Big Cr,Mouth,"Big Cr, Trib A",Pacific Ocean,2001,915,Snorkeled,4,0.00560139,0.01252,14.50699997,77,1.107,3,632.6539917,182943,1,2045.793945,18.15663719,77.79000092,219.5299988,0.616
rear,OC,2-MC,Mid-Coast,12,MCDependent,24510,2,2738,23886144,Big Cr,Mouth,"Big Cr, Trib A",Pacific Ocean,2002,197,Snorkeled,4,0.00560139,0.01252,14.50699997,48,1.107,3,632.6539917,182943,1,2045.793945,19.60022354,76.98000336,195.0899963,0.616
rear,OC,2-MC,Mid-Coast,12,MCDependent,24510,2,2738,23886144,Big Cr,Mouth,"Big Cr, Trib A",Pacific Ocean,2003,200,Snorkeled,4,0.00560139,0.01252,14.50699997,69,1.107,3,632.6539917,182943,1,2045.793945,19.47822952,108.9400024,294,0.616
rear,OC,2-MC,Mid-Coast,12,MCDependent,24510,2,2738,23886144,Big Cr,Mouth,"Big Cr, Trib A",Pacific Ocean,2004,397,Snorkeled,4,0.00560139,0.01252,14.50699997,61,1.107,3,632.6539917,182943,1,2045.793945,20.96247864,109.3099976,186.8899994,0.616
rear,OC,2-MC,Mid-Coast,12,MCDependent,24510,2,2738,23886144,Big Cr,Mouth,"Big Cr, Trib A",Pacific Ocean,2005,125,Snorkeled,4,0.00560139,0.01252,14.50699997,47,1.107,3,632.6539917,182943,1,2045.793945,19.60700035,87.58000183,326.8800049,0.616
rear,OC,2-MC,Mid-Coast,12,MCDependent,24510,2,2738,23886144,Big Cr,Mouth,"Big Cr, Trib A",Pacific Ocean,2006,267,Snorkeled,4,0.00560139,0.01252,14.50699997,41,1.107,3,632.6539917,182943,1,2045.793945,19.55955887,93.01999664,184.1100006,0.616
rear,OC,2-MC,Mid-Coast,12,MCDependent,24510,2,2738,23886144,Big Cr,Mouth,"Big Cr, Trib A",Pacific Ocean,2007,797,Snorkeled,4,0.00560139,0.01252,14.50699997,36,1.107,3,632.6539917,182943,1,2045.793945,20.40673256,94.55999756,155.7200012,0.616
rear,OC,2-MC,Mid-Coast,12,MCDependent,24510,2,2738,23886144,Big Cr,Mouth,"Big Cr, Trib A",Pacific Ocean,2008,305,Snorkeled,4,0.00560139,0.01252,14.50699997,41,1.107,3,632.6539917,182943,1,2045.793945,16.99092674,107.5999985,190.8800049,0.616
rear,OC,2-MC,Mid-Coast,12,MCDependent,24510,2,2738,23886144,Big Cr,Mouth,"Big Cr, Trib A",Pacific Ocean,2009,361,Snorkeled,4,0.00560139,0.01252,14.50699997,39,1.107,3,632.6539917,182943,1,2045.793945,18.23118973,79.01999664,218.2899933,0.616
rear,OC,2-MC,Mid-Coast,12,MCDependent,24510,2,2738,23886144,Big Cr,Mouth,"Big Cr, Trib A",Pacific Ocean,2010,676,Snorkeled,4,0.00560139,0.01252,14.50699997,52,1.107,3,632.6539917,182943,1,2045.793945,16.76727295,83.26999664,383.4100037,0.616
rear,OC,2-MC,Mid-Coast,12,MCDependent,24510,2,2738,23886144,Big Cr,Mouth,"Big Cr, Trib A",Pacific Ocean,2011,802,Snorkeled,4,0.00560139,0.01252,14.50699997,35,1.107,3,632.6539917,182943,1,2045.793945,18.39384651,123.1299973,329.9599915,0.616
rear,OC,2-MC,Mid-Coast,12,MCDependent,24510,2,2738,23886144,Big Cr,Mouth,"Big Cr, Trib A",Pacific Ocean,2012,272,Snorkeled,4,0.00560139,0.01252,14.50699997,57,1.107,3,632.6539917,182943,1,2045.793945,18.65138817,140.2799988,341.8399963,0.616
rear,OC,2-MC,Mid-Coast,12,MCDependent,24510,2,2738,23886144,Big Cr,Mouth,"Big Cr, Trib A",Pacific Ocean,2013,94,Snorkeled,4,0.00560139,0.01252,14.50699997,25,1.107,3,632.6539917,182943,1,2045.793945,18.08208656,78,279.5299988,0.616
rear,OC,2-MC,Mid-Coast,12,MCDependent,24510,2,2738,23886144,Big Cr,Mouth,"Big Cr, Trib A",Pacific Ocean,2014,139,Snorkeled,4,0.00560139,0.01252,14.50699997,44,1.107,3,632.6539917,182943,1,2045.793945,19.72221565,63.43999863,256.4200134,0.616
rear,OC,2-MC,Mid-Coast,12,MCDependent,24510.69922,1,39721,23886146,Big Cr,"Big Cr, Trib A",Fryingpan Cr,Pacific Ocean,2008,76,Snorkeled,4,0.01115505,0.030610001,13.94400024,41,3.8150001,3,3012.802002,182943,1,2031.31897,16.51275826,107.5999985,190.8800049,0.549
rear,OC,2-MC,Mid-Coast,12,MCDependent,24518,1,2751,23886152,Big Cr,"Big Cr, S Fk","Big Cr, Trib C",Pacific Ocean,2014,0,Snorkeled,3,0.1068554,0.05793,7.491000175,44,11.0780001,3,7264.383789,182943,1,2172.27002,17.29281807,90.06999969,358.8399963,0.215
rear,OC,2-MC,Mid-Coast,12,MCDependent,24520,3,2754,23886156,Rock Cr,Mouth,Headwaters,Pacific Ocean,2002,52,Snorkeled,3,0.0547662,0.05483,7.427999973,48,5.474,3,726.9030151,182943,1,2380.85791,14.62578773,96.26000214,256.7600098,0.396
rear,OC,2-MC,Mid-Coast,12,MCDependent,24520,3,2754,23886156,Rock Cr,Mouth,Headwaters,Pacific Ocean,2011,3,Snorkeled,3,0.0547662,0.05483,7.427999973,35,5.474,3,726.9030151,182943,1,2380.85791,13.63723469,136.5700073,413.4500122,0.396
rear,OC,2-MC,Mid-Coast,12,MCDependent,24528,5.0999999,2770,23886164,Tenmile Cr,Mill Cr,"Tenmile Cr, Trib A",Pacific Ocean,2007,322,Snorkeled,6,0.01002861,0.036970001,15.83899975,36,7.4520001,3,7525.719238,393967,1,2091.042969,19.75126457,93.72000122,182.4100037,0.514
rear,OC,2-MC,Mid-Coast,12,MCDependent,24535,1,2781,23887022,Wildcat Cr,Mouth,"Wildcat Cr, Trib A",Tenmile Cr,2002,215,Snorkeled,4,0.091617338,0.064790003,7.681000233,48,14.7749996,3,7016.560059,393967,2,2117.400879,16.57651138,94.23000336,248.9600067,0.443
rear,OC,2-MC,Mid-Coast,12,MCDependent,24535,1,2782,23887022,Wildcat Cr,Mouth,"Wildcat Cr, Trib A",Tenmile Cr,2000,204,Snorkeled,4,0.091617338,0.064790003,7.638999939,44,14.9790001,3,7016.560059,393967,2,2117.400879,15.34448719,88.75,227.2599945,0.136
rear,OC,2-MC,Mid-Coast,12,MCDependent,24535,1,2782,23887022,Wildcat Cr,Mouth,"Wildcat Cr, Trib A",Tenmile Cr,2009,125,Snorkeled,4,0.091617338,0.064790003,7.638999939,39,14.9790001,3,7016.560059,393967,2,2117.400879,16.59922409,85.23999786,265.019989,0.136
rear,OC,2-MC,Mid-Coast,12,MCDependent,24536.40039,1,2785,23887078,Tenmile Cr,"Tenmile Cr, Trib A","Tenmile Cr, Trib B",Pacific Ocean,1998,1,Snorkeled,4,0.048661198,0.095550001,7.493000031,10,16.3419991,3,789.3590088,393967,2,2242.916992,17.19490814,78.66000366,258.4700012,0.57
rear,OC,2-MC,Mid-Coast,12,MCDependent,24540.40039,1,40219,23887010,Bob Cr,"Bob Cr, Trib A","Bob Cr, Trib B",Pacific Ocean,2010,79,Snorkeled,3,0.045686789,0.055119999,8.19699955,52,4.6960001,3,5966.675781,260717,1,2135.604004,15.19325542,93.58999634,420.8900146,0.195
rear,OC,2-MC,Mid-Coast,12,MCDependent,24544,1,2800,23886182,Cummins Cr,Little Cummins Cr,Headwaters,Pacific Ocean,2003,284,Snorkeled,4,0.01781391,0.021469999,11.68799973,69,0.903,3,631.0529785,260717,1,2292.712891,18.25084686,102.5299988,313.7399902,0.58
rear,OC,2-MC,Mid-Coast,12,MCDependent,24544,1,2800,23886182,Cummins Cr,Little Cummins Cr,Headwaters,Pacific Ocean,2012,272,Snorkeled,4,0.01781391,0.021469999,11.68799973,57,0.903,3,631.0529785,260717,1,2292.712891,16.80971909,157.2400055,350.480011,0.58
rear,OC,2-MC,Mid-Coast,12,MCDependent,24544,2,2796,23886182,Cummins Cr,Little Cummins Cr,Headwaters,Pacific Ocean,1998,81,Snorkeled,4,0.01781391,0.021469999,11.02700043,10,4.0469999,3,631.0529785,260717,1,2292.712891,17.97569275,83.01999664,245.6699982,0.585
rear,OC,2-MC,Mid-Coast,12,MCDependent,24544,2,2796,23886182,Cummins Cr,Little Cummins Cr,Headwaters,Pacific Ocean,1999,0,Snorkeled,4,0.01781391,0.021469999,11.02700043,48,4.0469999,3,631.0529785,260717,1,2292.712891,16.00218964,187.7700043,258.9400024,0.585
rear,OC,2-MC,Mid-Coast,12,MCDependent,24544,2,2796,23886182,Cummins Cr,Little Cummins Cr,Headwaters,Pacific Ocean,2000,12,Snorkeled,4,0.01781391,0.021469999,11.02700043,44,4.0469999,3,631.0529785,260717,1,2292.712891,17.11840439,112.6999969,278.0100098,0.585
rear,OC,2-MC,Mid-Coast,12,MCDependent,24544,2,2796,23886182,Cummins Cr,Little Cummins Cr,Headwaters,Pacific Ocean,2001,175,Snorkeled,4,0.01781391,0.021469999,11.02700043,77,4.0469999,3,631.0529785,260717,1,2292.712891,16.32935333,98.25,269.8500061,0.585
rear,OC,2-MC,Mid-Coast,12,MCDependent,24544,2,2796,23886182,Cummins Cr,Little Cummins Cr,Headwaters,Pacific Ocean,2002,251,Snorkeled,4,0.01781391,0.021469999,11.02700043,48,4.0469999,3,631.0529785,260717,1,2292.712891,18.03359985,92.83000183,247.5700073,0.585
rear,OC,2-MC,Mid-Coast,12,MCDependent,24544,2,2796,23886182,Cummins Cr,Little Cummins Cr,Headwaters,Pacific Ocean,2003,526,Snorkeled,4,0.01781391,0.021469999,11.02700043,69,4.0469999,3,631.0529785,260717,1,2292.712891,18.25084686,102.5299988,313.7399902,0.585
rear,OC,2-MC,Mid-Coast,12,MCDependent,24544,2,2796,23886182,Cummins Cr,Little Cummins Cr,Headwaters,Pacific Ocean,2004,57,Snorkeled,4,0.01781391,0.021469999,11.02700043,61,4.0469999,3,631.0529785,260717,1,2292.712891,18.55873108,98.34999847,209.1100006,0.585
rear,OC,2-MC,Mid-Coast,12,MCDependent,24544,2,2796,23886182,Cummins Cr,Little Cummins Cr,Headwaters,Pacific Ocean,2005,245,Snorkeled,4,0.01781391,0.021469999,11.02700043,47,4.0469999,3,631.0529785,260717,1,2292.712891,18.00915527,102.4800034,353.4700012,0.585
rear,OC,2-MC,Mid-Coast,12,MCDependent,24544,2,2796,23886182,Cummins Cr,Little Cummins Cr,Headwaters,Pacific Ocean,2006,298,Snorkeled,4,0.01781391,0.021469999,11.02700043,41,4.0469999,3,631.0529785,260717,1,2292.712891,18.40659714,102.4300003,197.3200073,0.585
rear,OC,2-MC,Mid-Coast,12,MCDependent,24544,2,2796,23886182,Cummins Cr,Little Cummins Cr,Headwaters,Pacific Ocean,2007,558,Snorkeled,4,0.01781391,0.021469999,11.02700043,36,4.0469999,3,631.0529785,260717,1,2292.712891,18.87033272,91.76000214,184.1000061,0.585
rear,OC,2-MC,Mid-Coast,12,MCDependent,24544,2,2796,23886182,Cummins Cr,Little Cummins Cr,Headwaters,Pacific Ocean,2008,250,Snorkeled,4,0.01781391,0.021469999,11.02700043,41,4.0469999,3,631.0529785,260717,1,2292.712891,16.39748383,123.5800018,225.1300049,0.585
rear,OC,2-MC,Mid-Coast,12,MCDependent,24544,2,2796,23886182,Cummins Cr,Little Cummins Cr,Headwaters,Pacific Ocean,2009,203,Snorkeled,4,0.01781391,0.021469999,11.02700043,39,4.0469999,3,631.0529785,260717,1,2292.712891,17.56432915,92.51999664,225.0099945,0.585
rear,OC,2-MC,Mid-Coast,12,MCDependent,24544,2,2796,23886182,Cummins Cr,Little Cummins Cr,Headwaters,Pacific Ocean,2010,498,Snorkeled,4,0.01781391,0.021469999,11.02700043,52,4.0469999,3,631.0529785,260717,1,2292.712891,16.09882545,93.58999634,420.8900146,0.585
rear,OC,2-MC,Mid-Coast,12,MCDependent,24544,2,2796,23886182,Cummins Cr,Little Cummins Cr,Headwaters,Pacific Ocean,2011,100,Snorkeled,4,0.01781391,0.021469999,11.02700043,35,4.0469999,3,631.0529785,260717,1,2292.712891,16.80499077,122.9000015,377.2900085,0.585
rear,OC,2-MC,Mid-Coast,12,MCDependent,24544,2,2796,23886182,Cummins Cr,Little Cummins Cr,Headwaters,Pacific Ocean,2012,194,Snorkeled,4,0.01781391,0.021469999,11.02700043,57,4.0469999,3,631.0529785,260717,1,2292.712891,16.80971909,157.2400055,350.480011,0.585
rear,OC,2-MC,Mid-Coast,12,MCDependent,24544,2,2796,23886182,Cummins Cr,Little Cummins Cr,Headwaters,Pacific Ocean,2013,105,Snorkeled,4,0.01781391,0.021469999,11.02700043,25,4.0469999,3,631.0529785,260717,1,2292.712891,17.55225945,84.05999756,332.0100098,0.585
rear,OC,2-MC,Mid-Coast,12,MCDependent,24544,2,2796,23886182,Cummins Cr,Little Cummins Cr,Headwaters,Pacific Ocean,2014,109,Snorkeled,4,0.01781391,0.021469999,11.02700043,44,4.0469999,3,631.0529785,260717,1,2292.712891,18.43328857,83.16999817,318.2999878,0.585
rear,OC,2-MC,Mid-Coast,12,MCDependent,24565,3,2811,23886924,Carson Cr,Mouth,Headwaters,Yachats R,2004,0,Snorkeled,2,0.03492881,0.046870001,2.098999977,61,12.3330002,1,605.7960205,3609254,2,1364.422974,18.14244461,94.12999725,197.1999969,0.11
rear,OC,2-MC,Mid-Coast,12,MCDependent,24581,1,2830,23886854,"Yachats R, N Fk",Depew Cr,Glines Cr,Yachats R,2000,625,Snorkeled,4,0.01402985,0.082780004,8.618000031,44,20.0279999,1,806.0549927,319350,1,1656.511963,16.76240349,98.80000305,291.6000061,0.59
rear,OC,2-MC,Mid-Coast,12,MCDependent,24581,1,2830,23886854,"Yachats R, N Fk",Depew Cr,Glines Cr,Yachats R,2003,1351,Snorkeled,4,0.01402985,0.082780004,8.618000031,69,20.0279999,1,806.0549927,319350,1,1656.511963,17.79323196,95.79000092,305.0299988,0.59
rear,OC,2-MC,Mid-Coast,12,MCDependent,24581,1,2830,23886854,"Yachats R, N Fk",Depew Cr,Glines Cr,Yachats R,2006,1858,Snorkeled,4,0.01402985,0.082780004,8.618000031,41,20.0279999,1,806.0549927,319350,1,1656.511963,17.99635124,100.2200012,188.9299927,0.59
rear,OC,2-MC,Mid-Coast,12,MCDependent,24591,1,2839,23886992,Stump Cr,Keller Cr,"Stump Cr, Trib A",Yachats R,1998,205,Snorkeled,5,0.04396341,0.062899999,7.453000069,10,17.9020004,1,2326.25293,319350,1,1964.240967,18.51517677,78.61000061,255.8500061,0.599
rear,OC,2-MC,Mid-Coast,12,MCDependent,24591,1,2839,23886992,Stump Cr,Keller Cr,"Stump Cr, Trib A",Yachats R,2001,417,Snorkeled,5,0.04396341,0.062899999,7.453000069,77,17.9020004,1,2326.25293,319350,1,1964.240967,16.50421143,91.83999634,282.9299927,0.599
rear,OC,2-MC,Mid-Coast,12,MCDependent,24591.69922,0,2842,23886992,Stump Cr,"Stump Cr, Trib A",Headwaters,Yachats Cr,2012,39,Snorkeled,3,0.04396341,0.062899999,3.644000053,57,20.7070007,1,2326.25293,319350,1,1964.240967,16.80183601,161.9199982,357.6600037,0.539676923
rear,OC,2-MC,Mid-Coast,12,MCDependent,24595,1,2848,23886978,Grass Cr,Mouth,"Grass Cr, Trib A",Yachats R,2006,984,Snorkeled,4,0.02942274,0.046870001,6.394000053,41,21.3010006,1,549.6519775,319350,3,1617.26001,18.44046593,98.55999756,192.0500031,0.58
rear,OC,2-MC,Mid-Coast,12,MCDependent,24596,2,2853,23886224,Yachats R,Grass Cr,"Yachats R, Trib A",Pacific Ocean,2013,2083,Snorkeled,4,0.06368617,0.046870001,6.945000172,25,22.6819992,1,3287.135986,319350,3,2064.969971,17.90822411,80.62999725,317.0100098,0.57
rear,OC,2-MC,Mid-Coast,12,MCDependent,24601,1,2859,23886826,"Big Cr, S Fk",Mouth,Headwaters,Big Cr,2003,75,Snorkeled,3,0.046422809,0.0272,5.507999897,69,2.303,1,34.42900085,279546,2,1272.470947,16.85443687,88.16000366,302.5299988,0.816
rear,OC,2-MC,Mid-Coast,12,MCDependent,24601,2,2860,23886826,"Big Cr, S Fk",Mouth,Headwaters,Big Cr,2001,3,Snorkeled,3,0.046422809,0.0272,5.046000004,77,3.02,1,34.42900085,279546,2,1272.470947,15.66500378,80.18000031,240.6600037,0.864
rear,OC,2-MC,Mid-Coast,12,MCDependent,24602,1,2861,23886830,Big Cr,"Big Cr, S Fk",Headwaters,Pacific Ocean,2005,358,Snorkeled,4,0.052588351,0.0272,6.699999809,47,2.5510001,3,1411.146973,279546,2,1553.756958,16.30093765,91.45999908,328.7799988,0.521
rear,OC,2-MC,Mid-Coast,12,MCDependent,25060,0,3438,23881752,Spencer Cr,Mouth,"Spencer Cr, N Fk",Pacific Ocean,2007,48,Snorkeled,5,0.00585466,0.01111,9.55300045,36,3.439466613,3,1029.740967,215908,1,1211.994995,20.13886452,81.88999939,163.1199951,0.58
rear,OC,2-MC,Mid-Coast,12,MCDependent,25263.19922,1,39712,23881312,Rock Cr,"Rock Cr, Trib 2","Rock Cr, Trib A",Devil's Lake,2008,537,Snorkeled,4,0.01343672,0.067029998,7.988999844,41,6.9050002,1,8.362999916,190118,3,1475.03894,15.84444141,154.4499969,297.9400024,0.662
rear,OC,2-MC,Mid-Coast,12,MCDependent,25263.5,1,3761,23881294,"Rock Cr, Trib B",Mouth,Headwaters,Rock Cr,2007,4,Snorkeled,3,0.06539946,0.118620001,3.154999971,36,8.2889996,1,2899.845947,190118,3,1172.812012,15.70819664,96.62000275,208.25,0.297
rear,OC,3-MS,Lakes,13,Siltcoos,23958.80078,5,6049,23893419,Miller Cr,Mouth,Headwaters,Woahink Lake,2001,0,Snorkeled,2,0.02275498,0.093539998,2.21600008,61,14.1129999,6,743.5380249,740876.5,2,1399.406006,18.65039825,53.93000031,204.5700073,0.15
rear,OC,3-MS,Lakes,13,Siltcoos,23969.30078,1,6080,23893437,"Bear Cr, Trib D",Mouth,Headwaters,Bear Cr,2008,100,Snorkeled,3,0.092089042,0.064309999,3.670000076,19,21.8069992,1,217.2700043,259607,2,1707.133057,15.85081196,98.22000122,218.9600067,0.63
rear,OC,3-MS,Lakes,13,Siltcoos,23971,3,6086,23893453,Bear Cr,"Bear Cr, S Fk","Bear Cr, Trib E",Fiddle Cr,2003,184,Snorkeled,2,0.041702341,0.201079994,1.416000009,40,25.5760002,1,1599.345947,259607,2,2585.47998,19.44257736,134.8000031,329.4400024,0.469483516
rear,OC,3-MS,Lakes,13,Siltcoos,23973,2,6092,23893449,Billy Moore Cr,Mouth,Headwaters,Fiddle Cr,2000,31,Snorkeled,3,0.051551439,0.062169999,3.477999926,28,21.809,1,1154.104004,259607,3,1941.609985,15.81711102,89.87999725,285.5299988,0.469483516
rear,OC,3-MS,Lakes,13,Siltcoos,23973,2,6092,23893449,Billy Moore Cr,Mouth,Headwaters,Fiddle Cr,2006,41,Snorkeled,3,0.051551439,0.062169999,3.477999926,34,21.809,1,1154.104004,259607,3,1941.609985,16.99523354,98.23000336,200.6399994,0.469483516
rear,OC,3-MS,Lakes,13,Siltcoos,23973,2,6092,23893449,Billy Moore Cr,Mouth,Headwaters,Fiddle Cr,2012,67,Snorkeled,3,0.051551439,0.062169999,3.477999926,49,21.809,1,1154.104004,259607,3,1941.609985,15.67043781,137.2299957,362.4500122,0.469483516
rear,OC,3-MS,Lakes,13,Siltcoos,23983.69922,1,6104,23893433,Carle Cr,"Carle Cr, Trib A",Headwaters,Maple Cr,2008,2,Snorkeled,2,0.061507888,0.067939997,3.096999884,19,14.4949999,1,1580.982056,196771,2,1494.203979,16.37369156,83.44999695,190.1000061,0.121
rear,OC,3-MS,Lakes,13,Siltcoos,23985.69922,1,6108,23893429,Roache Cr,"Roache Cr, Trib A",Headwaters,Maple Cr,2000,3,Snorkeled,2,0.06160846,0.022089999,3.75999999,28,16.0310001,1,608.2349854,196771,2,1621.396973,17.93413544,89.87999725,285.5299988,0.305818182
rear,OC,3-MS,Lakes,14,Tahkenitch,23955,1,6033,23893323,Fivemile Cr,Harry Cr,Bell Cr,Tahkenitch Cr,2005,782,Snorkeled,5,0.00238065,0.01216,10.04699993,20,18.5769997,1,0.030999999,406760,2,1707.494995,19.25120163,77.31999969,364.9299927,0.63
rear,OC,3-MS,Lakes,14,Tahkenitch,23955,1,6033,23893323,Fivemile Cr,Harry Cr,Bell Cr,Tahkenitch Cr,2007,242,Snorkeled,5,0.00238065,0.01216,10.04699993,36,18.5769997,1,0.030999999,406760,2,1707.494995,19.76274872,106.7200012,168.6699982,0.63
rear,OC,3-MS,Lakes,14,Tahkenitch,23955,1,6033,23893323,Fivemile Cr,Harry Cr,Bell Cr,Tahkenitch Cr,2008,900,Snorkeled,5,0.00238065,0.01216,10.04699993,19,18.5769997,1,0.030999999,406760,2,1707.494995,17.25048637,94.70999908,218.5800018,0.63
rear,OC,3-MS,Lakes,14,Tahkenitch,23955,1,6033,23893323,Fivemile Cr,Harry Cr,Bell Cr,Tahkenitch Cr,2009,416,Snorkeled,5,0.00238065,0.01216,10.04699993,36,18.5769997,1,0.030999999,406760,2,1707.494995,18.5009346,73.93000031,224.6699982,0.63
rear,OC,3-MS,Lakes,14,Tahkenitch,23955,1,6033,23893323,Fivemile Cr,Harry Cr,Bell Cr,Tahkenitch Cr,2010,1597,Snorkeled,5,0.00238065,0.01216,10.04699993,37,18.5769997,1,0.030999999,406760,2,1707.494995,16.75599098,86.13999939,423.2000122,0.63
rear,OC,3-MS,Lakes,14,Tahkenitch,23955,1,6033,23893323,Fivemile Cr,Harry Cr,Bell Cr,Tahkenitch Cr,2011,2517,Snorkeled,5,0.00238065,0.01216,10.04699993,29,18.5769997,1,0.030999999,406760,2,1707.494995,18.01212311,128.9799957,379.3200073,0.63
rear,OC,3-MS,Lakes,14,Tahkenitch,23955,1,6033,23893323,Fivemile Cr,Harry Cr,Bell Cr,Tahkenitch Cr,2012,2903,Snorkeled,5,0.00238065,0.01216,10.04699993,49,18.5769997,1,0.030999999,406760,2,1707.494995,18.18832207,131,362.3800049,0.63
rear,OC,3-MS,Lakes,14,Tahkenitch,23955,1,6033,23893323,Fivemile Cr,Harry Cr,Bell Cr,Tahkenitch Cr,2013,1763,Snorkeled,5,0.00238065,0.01216,10.04699993,33,18.5769997,1,0.030999999,406760,2,1707.494995,18.37020493,87.04000092,284.6199951,0.63
rear,OC,3-MS,Lakes,14,Tahkenitch,23955,1,6033,23893323,Fivemile Cr,Harry Cr,Bell Cr,Tahkenitch Cr,2014,604,Snorkeled,5,0.00238065,0.01216,10.04699993,50,18.5769997,1,0.030999999,406760,2,1707.494995,19.74569702,76.68000031,304.0100098,0.63
rear,OC,3-MS,Lakes,14,Tahkenitch,23956,1,6035,23893497,Bell Cr,Mouth,"Bell Cr, Trib A",Fivemile Cr,2000,1333,Snorkeled,4,0.026568851,0.09471,7.572000027,28,19.8880005,1,4299.40918,406760,2,1907.670044,17.25814629,88.63999939,264.1400146,0.622
rear,OC,3-MS,Lakes,14,Tahkenitch,23956,1,6035,23893497,Bell Cr,Mouth,"Bell Cr, Trib A",Fivemile Cr,2006,659,Snorkeled,4,0.026568851,0.09471,7.572000027,34,19.8880005,1,4299.40918,406760,2,1907.670044,18.31275368,99.58999634,195.1300049,0.622
rear,OC,3-MS,Lakes,14,Tahkenitch,23956,1,6035,23893497,Bell Cr,Mouth,"Bell Cr, Trib A",Fivemile Cr,2009,517,Snorkeled,4,0.026568851,0.09471,7.572000027,36,19.8880005,1,4299.40918,406760,2,1907.670044,17.73438835,73.93000031,224.6699982,0.622
rear,OC,3-MS,Lakes,14,Tahkenitch,23956,1,6035,23893497,Bell Cr,Mouth,"Bell Cr, Trib A",Fivemile Cr,2012,2103,Snorkeled,4,0.026568851,0.09471,7.572000027,49,19.8880005,1,4299.40918,406760,2,1907.670044,17.10066605,131,362.3800049,0.622
rear,OC,3-MS,Lakes,14,Tahkenitch,23957,1,6041,23893325,Fivemile Cr,Bell Cr,"Fivemile Cr, Trib A",Tahkenitch Cr,2008,1739,Snorkeled,5,0.01392253,0.03342,6.681000233,19,19.8969994,1,2835.810059,406760,2,1703.279053,16.83038521,94.70999908,218.5800018,0.565
rear,OC,3-MS,Lakes,14,Tahkenitch,23957,1,6041,23893325,Fivemile Cr,Bell Cr,"Fivemile Cr, Trib A",Tahkenitch Cr,2011,905,Snorkeled,5,0.01392253,0.03342,6.681000233,29,19.8969994,1,2835.810059,406760,2,1703.279053,17.31155586,128.9799957,379.3200073,0.565
rear,OC,3-MS,Lakes,14,Tahkenitch,23957,1,6041,23893325,Fivemile Cr,Bell Cr,"Fivemile Cr, Trib A",Tahkenitch Cr,2014,351,Snorkeled,5,0.01392253,0.03342,6.681000233,50,19.8969994,1,2835.810059,406760,2,1703.279053,19.2309494,76.68000031,304.0100098,0.565
rear,OC,3-MS,Lakes,14,Tahkenitch,23957,1.1,6042,23893325,Fivemile Cr,Bell Cr,"Fivemile Cr, Trib A",Tahkenitch Cr,2007,395,Snorkeled,5,0.01392253,0.03342,6.723999977,36,19.5949993,1,2835.810059,406760,2,1703.279053,18.93484497,106.7200012,168.6699982,0.443
rear,OC,3-MS,Lakes,15,Tenmile,22334,0,5885,23911003,Eel Cr,Mouth,Eel Lake,Tenmile Cr,2000,0,Snorkeled,4,0.00363157,0.030999999,5.574299812,28,7.7625599,1,509.0403137,323191,11,1017.690979,17.86070251,88.63999939,264.1400146,1
rear,OC,3-MS,Lakes,15,Tenmile,22357.90039,1,5935,23910165,Johnson Cr,"Johnson Cr, Rt Fk","Johnson Cr, Trib A","Tenmile Cr, S Fk",2007,780,Snorkeled,4,0.044053938,0.025,4.468699932,36,22.7868996,1,1252.114014,1147364,1,1799.112061,19.65193176,124.0599976,166.3800049,0.5583
rear,OC,3-MS,Lakes,15,Tenmile,22357.90039,1,5940,23910165,Johnson Cr,"Johnson Cr, Rt Fk","Johnson Cr, Trib A","Tenmile Cr, S Fk",2002,306,Snorkeled,4,0.044053938,0.025,4.435900211,45,23.0935993,1,1252.114014,1147364,1,1799.112061,19.07874298,112.0400009,259.5100098,0.6386
rear,OC,3-MS,Lakes,15,Tenmile,22359,3,5947,23910169,Benson Cr,S Tenmile Lake,Headwaters,"Tenmile Cr, S Fk",2000,923,Snorkeled,1,0.02064809,0.059999999,1.127599955,28,18.0345001,1,714.5250244,1147364,1,1570.276978,19.29668236,88.63999939,264.1400146,0.614399225
rear,OC,3-MS,Lakes,15,Tenmile,22359,5,5950,23910169,Benson Cr,S Tenmile Lake,Headwaters,"Tenmile Cr, S Fk",2004,1257,Snorkeled,4,0.02064809,0.059999999,4.599299908,60,23.6553001,1,714.5250244,1147364,1,1570.276978,20.92876816,129.2299957,204.0700073,0.3922
rear,OC,3-MS,Lakes,15,Tenmile,22359,5,5950,23910169,Benson Cr,S Tenmile Lake,Headwaters,"Tenmile Cr, S Fk",2013,2326,Snorkeled,4,0.02064809,0.059999999,4.599299908,33,23.6553001,1,714.5250244,1147364,1,1570.276978,19.53558731,83.68000031,219.3600006,0.3922
rear,OC,3-MS,Lakes,15,Tenmile,22370,1,5965,23910237,Murphy Cr,N Tenmile Lake,"Murphy Cr, Trib A",Wilkins Cr,2007,199,Snorkeled,4,0.02924335,0.032000002,4.02519989,36,17.9736996,1,403.0075378,483966.5,1,1467.937988,20.36681366,102.1200027,143.2400055,0.8248
rear,OC,3-MS,Lakes,15,Tenmile,22370,2,5968,23910237,Murphy Cr,N Tenmile Lake,"Murphy Cr, Trib A",Wilkins Cr,2007,85,Snorkeled,4,0.02924335,0.032000002,3.678600073,36,19.2719994,1,403.0075378,483966.5,1,1467.937988,20.36681366,107.8700027,178.4700012,0.6428
rear,OC,3-MS,Lakes,15,Tenmile,22379.19922,1,49972,23910193,Big Cr,"Big Cr, Trib B",Alder Cr,N Tenmile L,2010,1275,Snorkeled,5,0.00248948,0.025,5.307400227,37,21.4479008,1,120.1449966,483966.5,1,1662.157959,18.64038086,82.48000336,448.5899963,0.9798
rear,OC,3-MS,Mid-South Coast,16,Coos,0,0,46002,23910789,,,,,2009,0,Snorkeled,3,0.031747568,0.037999999,3.015399933,90,13.8991003,4,1317.363037,240255,1,1185.359009,17.10035324,93.69999695,167.3699951,0.1985
rear,OC,3-MS,Mid-South Coast,16,Coos,0,0,46002,23910789,,,,,2012,0,Snorkeled,3,0.031747568,0.037999999,3.015399933,53,13.8991003,4,1317.363037,240255,1,1185.359009,17.6723938,125.6900024,260.8699951,0.1985
rear,OC,3-MS,Mid-South Coast,16,Coos,0,0,46868,23909759,,,,,2007,10,Snorkeled,6,0.00229377,0.037999999,14.20600033,53,51.4487991,1,2279.669922,1310616,4,1473.64502,21.52217102,119.9400024,139.6000061,0.6172
rear,OC,3-MS,Mid-South Coast,16,Coos,0,0,46936,23909769,,,,,2007,9,Snorkeled,6,0.0046633,0.037999999,13.87489986,53,65.3190994,1,268.0239868,438387,4,1467.442993,21.25499535,121.4599991,153.5399933,0.6258
rear,OC,3-MS,Mid-South Coast,16,Coos,0,0,47009,23910017,,,,,2010,878,Snorkeled,6,0.00737461,0.01,9.063199997,76,61.7661018,1,2064.035889,390561,1,1562.11499,19.31980324,79.40000153,434.5599976,0.5948
rear,OC,3-MS,Mid-South Coast,16,Coos,0,0,47424,23909767,,,,,2007,42,Snorkeled,6,0.00551068,0.037999999,13.95769978,53,59.7304993,1,3042.241943,438387,4,1470.258057,21.12468147,129.9100037,146.1199951,0.6084
rear,OC,3-MS,Mid-South Coast,16,Coos,0,0,47569,23909777,,,,,2007,49,Snorkeled,6,0.00386357,0.037999999,13.30529976,53,73.0654984,1,2028.534058,438387,4,1456.5,21.61573982,116.5299988,154.7599945,0.6172
rear,OC,3-MS,Mid-South Coast,16,Coos,0,0,50250,23910555,,,,,2011,82,Snorkeled,3,0.012533,0.045000002,2.807399988,54,25.6551991,2,658.5609741,165284,1,1178.859985,19.58558464,82.25,256.6900024,0.769477273
rear,OC,3-MS,Mid-South Coast,16,Coos,22144,3,5289,23910211,Catching Cr,Boone Cr,Headwaters,Catching Slough,2010,1,Snorkeled,3,0.021304211,0.046,3.088500023,76,38.723999,2,649.6569824,146449.5,4,1396.921997,18.92095947,58.91999817,336.1600037,0.312
rear,OC,3-MS,Mid-South Coast,16,Coos,22153.19922,5,50731,23909739,Morgan Cr,"Morgan Cr, Trib A (Priorli Cr)",Headwaters,Daniels Cr,2013,92,Snorkeled,3,0.12955533,0.083999999,2.669800043,51,42.8321991,2,679.0789795,1310616,3,1414.939941,15.82783222,80.19000244,212.5,0.418816304
rear,OC,3-MS,Mid-South Coast,16,Coos,22157,1,5323,23910755,Wren Smith Cr,Mouth,Headwaters,Daniels Cr,1998,38,Snorkeled,4,0.075591236,0.011,3.587300062,31,42.9178009,2,11.72599983,1310616,5,1422.115967,18.16952133,75.88999939,309.6600037,0.4259
rear,OC,3-MS,Mid-South Coast,16,Coos,22157,1,5323,23910755,Wren Smith Cr,Mouth,Headwaters,Daniels Cr,1999,49,Snorkeled,4,0.075591236,0.011,3.587300062,52,42.9178009,2,11.72599983,1310616,5,1422.115967,16.09386826,116.0999985,251.9299927,0.4259
rear,OC,3-MS,Mid-South Coast,16,Coos,22157,1,5323,23910755,Wren Smith Cr,Mouth,Headwaters,Daniels Cr,2000,99,Snorkeled,4,0.075591236,0.011,3.587300062,41,42.9178009,2,11.72599983,1310616,5,1422.115967,16.87905502,80.12000275,201.5399933,0.4259
rear,OC,3-MS,Mid-South Coast,16,Coos,22157,1,5323,23910755,Wren Smith Cr,Mouth,Headwaters,Daniels Cr,2001,177,Snorkeled,4,0.075591236,0.011,3.587300062,76,42.9178009,2,11.72599983,1310616,5,1422.115967,16.73667717,64.23000336,241.2899933,0.4259
rear,OC,3-MS,Mid-South Coast,16,Coos,22157,1,5323,23910755,Wren Smith Cr,Mouth,Headwaters,Daniels Cr,2002,164,Snorkeled,4,0.075591236,0.011,3.587300062,53,42.9178009,2,11.72599983,1310616,5,1422.115967,17.91930771,96.58999634,183.9299927,0.4259
rear,OC,3-MS,Mid-South Coast,16,Coos,22157,1,5323,23910755,Wren Smith Cr,Mouth,Headwaters,Daniels Cr,2003,250,Snorkeled,4,0.075591236,0.011,3.587300062,75,42.9178009,2,11.72599983,1310616,5,1422.115967,18.09951019,163.0500031,310.3699951,0.4259
rear,OC,3-MS,Mid-South Coast,16,Coos,22157,1,5323,23910755,Wren Smith Cr,Mouth,Headwaters,Daniels Cr,2004,347,Snorkeled,4,0.075591236,0.011,3.587300062,74,42.9178009,2,11.72599983,1310616,5,1422.115967,18.50010872,162.9499969,180.5399933,0.4259
rear,OC,3-MS,Mid-South Coast,16,Coos,22157,1,5323,23910755,Wren Smith Cr,Mouth,Headwaters,Daniels Cr,2005,176,Snorkeled,4,0.075591236,0.011,3.587300062,70,42.9178009,2,11.72599983,1310616,5,1422.115967,17.96280861,94.44000244,383.5400085,0.4259
rear,OC,3-MS,Mid-South Coast,16,Coos,22157,1,5323,23910755,Wren Smith Cr,Mouth,Headwaters,Daniels Cr,2006,421,Snorkeled,4,0.075591236,0.011,3.587300062,37,42.9178009,2,11.72599983,1310616,5,1422.115967,17.74978256,96.65000153,142.6199951,0.4259
rear,OC,3-MS,Mid-South Coast,16,Coos,22157,1,5323,23910755,Wren Smith Cr,Mouth,Headwaters,Daniels Cr,2007,388,Snorkeled,4,0.075591236,0.011,3.587300062,53,42.9178009,2,11.72599983,1310616,5,1422.115967,18.61983299,112.2200012,131.1399994,0.4259
rear,OC,3-MS,Mid-South Coast,16,Coos,22157,1,5323,23910755,Wren Smith Cr,Mouth,Headwaters,Daniels Cr,2008,274,Snorkeled,4,0.075591236,0.011,3.587300062,19,42.9178009,2,11.72599983,1310616,5,1422.115967,16.31742096,74.80999756,181.4900055,0.4259
rear,OC,3-MS,Mid-South Coast,16,Coos,22157,1,5323,23910755,Wren Smith Cr,Mouth,Headwaters,Daniels Cr,2009,731,Snorkeled,4,0.075591236,0.011,3.587300062,90,42.9178009,2,11.72599983,1310616,5,1422.115967,17.25951958,82.30000305,210.5800018,0.4259
rear,OC,3-MS,Mid-South Coast,16,Coos,22157,1,5323,23910755,Wren Smith Cr,Mouth,Headwaters,Daniels Cr,2010,286,Snorkeled,4,0.075591236,0.011,3.587300062,76,42.9178009,2,11.72599983,1310616,5,1422.115967,16.08090019,67.08999634,383.2600098,0.4259
rear,OC,3-MS,Mid-South Coast,16,Coos,22157,1,5323,23910755,Wren Smith Cr,Mouth,Headwaters,Daniels Cr,2011,337,Snorkeled,4,0.075591236,0.011,3.587300062,54,42.9178009,2,11.72599983,1310616,5,1422.115967,16.72725868,86.30000305,262.6499939,0.4259
rear,OC,3-MS,Mid-South Coast,16,Coos,22157,1,5323,23910755,Wren Smith Cr,Mouth,Headwaters,Daniels Cr,2012,350,Snorkeled,4,0.075591236,0.011,3.587300062,53,42.9178009,2,11.72599983,1310616,5,1422.115967,16.98210716,129.6399994,277.9500122,0.4259
rear,OC,3-MS,Mid-South Coast,16,Coos,22157,1,5323,23910755,Wren Smith Cr,Mouth,Headwaters,Daniels Cr,2013,401,Snorkeled,4,0.075591236,0.011,3.587300062,51,42.9178009,2,11.72599983,1310616,5,1422.115967,16.75245857,80.19000244,212.5,0.4259
rear,OC,3-MS,Mid-South Coast,16,Coos,22157,1,5323,23910755,Wren Smith Cr,Mouth,Headwaters,Daniels Cr,2014,356,Snorkeled,4,0.075591236,0.011,3.587300062,50,42.9178009,2,11.72599983,1310616,5,1422.115967,18.2346344,69.22000122,206.9799957,0.4259
rear,OC,3-MS,Mid-South Coast,16,Coos,22158.30078,1,50728,23909729,"Daniels Cr, Trib A",Mouth,Headwaters,Daniels Cr,2013,24,Snorkeled,3,0.00825381,0.033,3.339299917,51,43.1328011,2,1380.416016,1310616,5,1497.407959,18.78708267,76.40000153,208.8000031,0.2384
rear,OC,3-MS,Mid-South Coast,16,Coos,22158.69922,2,5334,23909731,Daniels Cr,"Daniels Cr, Trib A",Headwaters,"Coos R, S Fk",2000,45,Snorkeled,4,0.062958091,0.108999997,3.355000019,41,44.5531006,2,866.5759888,1310616,8,1369.305054,17.0153141,80.12000275,201.5399933,0.441
rear,OC,3-MS,Mid-South Coast,16,Coos,22160.80078,1,5338,23910587,Rogers Cr,"Rogers Cr, Trib B",Headwaters,"Coos R, S Fk",1999,31,Snorkeled,3,0.072550401,0.054000001,3.084399939,52,38.7034988,2,744.4719849,1310616,5,1328.822998,13.6104002,110.1100006,249.4299927,0.1926
rear,OC,3-MS,Mid-South Coast,16,Coos,22160.80078,1,5338,23910587,Rogers Cr,"Rogers Cr, Trib B",Headwaters,"Coos R, S Fk",2002,24,Snorkeled,3,0.072550401,0.054000001,3.084399939,53,38.7034988,2,744.4719849,1310616,5,1328.822998,15.175313,96.44999695,176.8699951,0.1926
rear,OC,3-MS,Mid-South Coast,16,Coos,22160.80078,1,5338,23910587,Rogers Cr,"Rogers Cr, Trib B",Headwaters,"Coos R, S Fk",2005,68,Snorkeled,3,0.072550401,0.054000001,3.084399939,70,38.7034988,2,744.4719849,1310616,5,1328.822998,15.18400669,88.68000031,374.2799988,0.1926
rear,OC,3-MS,Mid-South Coast,16,Coos,22160.80078,1,5338,23910587,Rogers Cr,"Rogers Cr, Trib B",Headwaters,"Coos R, S Fk",2008,28,Snorkeled,3,0.072550401,0.054000001,3.084399939,19,38.7034988,2,744.4719849,1310616,5,1328.822998,13.81470776,70.98999786,172.1699982,0.1926
rear,OC,3-MS,Mid-South Coast,16,Coos,22160.80078,1,5338,23910587,Rogers Cr,"Rogers Cr, Trib B",Headwaters,"Coos R, S Fk",2011,40,Snorkeled,3,0.072550401,0.054000001,3.084399939,54,38.7034988,2,744.4719849,1310616,5,1328.822998,14.15377235,88.62000275,261.3800049,0.1926
rear,OC,3-MS,Mid-South Coast,16,Coos,22160.80078,1,5338,23910587,Rogers Cr,"Rogers Cr, Trib B",Headwaters,"Coos R, S Fk",2014,17,Snorkeled,3,0.072550401,0.054000001,3.084399939,50,38.7034988,2,744.4719849,1310616,5,1328.822998,15.43613243,69.66999817,204.2599945,0.1926
rear,OC,3-MS,Mid-South Coast,16,Coos,22162,1,5342,23910593,Bessey Cr,Mouth,Headwaters,"Coos R, S Fk",2001,0,Snorkeled,3,0.079992838,0.083999999,2.945800066,76,41.2111015,2,2449.294922,1310616,5,1283.53894,16.11608505,63.88000107,247.8500061,0.418816304
rear,OC,3-MS,Mid-South Coast,16,Coos,22162,1,5342,23910593,Bessey Cr,Mouth,Headwaters,"Coos R, S Fk",2010,0,Snorkeled,3,0.079992838,0.083999999,2.945800066,76,41.2111015,2,2449.294922,1310616,5,1283.53894,15.42292023,69.51000214,397.6199951,0.418816304
rear,OC,3-MS,Mid-South Coast,16,Coos,22169,1,45283,23909759,"Coos R, S Fk",Salmon Cr,West Cr,Coos R,2008,4,Snorkeled,6,0.00229377,0.037999999,14.22929955,19,47.6306,1,2279.669922,1310616,4,1473.64502,19.18263626,86.12000275,239.9600067,0.7345
rear,OC,3-MS,Mid-South Coast,16,Coos,22169,1,45448,23909759,"Coos R, S Fk",Salmon Cr,West Cr,Coos R,2008,22,Snorkeled,6,0.00229377,0.037999999,14.21450043,19,49.8606987,1,2279.669922,1310616,4,1473.64502,19.18263626,102.8300018,289.3599854,0.7943
rear,OC,3-MS,Mid-South Coast,16,Coos,22178,1,5360,23910719,Coal Cr,Mouth,Headwaters,"Coos R, S Fk",1999,31,Snorkeled,4,0.048675042,0.104000002,4.566400051,52,71.0537033,1,5018.208984,438387,4,1801.077026,16.65449524,124.1299973,453.0400085,0.2815
rear,OC,3-MS,Mid-South Coast,16,Coos,22178,1,5360,23910719,Coal Cr,Mouth,Headwaters,"Coos R, S Fk",2008,0,Snorkeled,4,0.048675042,0.104000002,4.566400051,19,71.0537033,1,5018.208984,438387,4,1801.077026,17.40498734,88.94000244,295.0799866,0.2815
rear,OC,3-MS,Mid-South Coast,16,Coos,22181,1,45279,23909777,"Coos R, S Fk",Fall Cr,Mink Cr,Coos R,2008,15,Snorkeled,6,0.00386357,0.037999999,13.29249954,19,74.2776031,1,2028.534058,438387,4,1456.5,20.02725601,75.79000092,237.4600067,0.604
rear,OC,3-MS,Mid-South Coast,16,Coos,22181,1,45444,23909777,"Coos R, S Fk",Fall Cr,Mink Cr,Coos R,2008,15,Snorkeled,6,0.00386357,0.037999999,13.29370022,19,73.9831009,1,2028.534058,438387,4,1456.5,20.02725601,75.79000092,237.4600067,0.63
rear,OC,3-MS,Mid-South Coast,16,Coos,22182,4,5370,23910835,Mink Cr,Mouth,Headwaters,"Coos R, S Fk",2002,0,Snorkeled,3,0.054741751,0.07,2.475199938,53,81.6075974,1,251.8339996,438387,4,1723.228027,17.52249146,106.2099991,329.480011,0.402964286
rear,OC,3-MS,Mid-South Coast,16,Coos,22185,1,49725,23910831,Hatcher Cr,Mouth,Headwaters,Tioga Cr,2009,345,Snorkeled,4,0.06817019,0.105999999,3.700799942,90,81.8958969,1,4679.404785,247383,4,1521.037964,18.51344872,85.01999664,272.7900085,0.550021839
rear,OC,3-MS,Mid-South Coast,16,Coos,22187,2,5382,23910879,Shotgun Cr,Mouth,Headwaters,Tioga Cr,2006,0,Snorkeled,4,0.086493313,0.103,3.112400055,37,85.8153992,1,2848.086914,247383,5,1142.328003,17.91088867,94.34999847,149.2299957,0.0789
rear,OC,3-MS,Mid-South Coast,16,Coos,22188,1,50243,23909789,Tioga Cr,Shotgun Cr,Susan Cr,"Coos R, S Fk",2011,1735,Snorkeled,5,0.01237303,0.037999999,8.369099617,54,83.7646027,1,210.8739929,247383,4,1622.76001,20.03926849,84.56999969,308.3800049,0.6215
rear,OC,3-MS,Mid-South Coast,16,Coos,22188,2,5389,23909791,Tioga Cr,Shotgun Cr,Susan Cr,"Coos R, S Fk",2002,2023,Snorkeled,5,0.00352272,0.037999999,8.284399986,53,85.0795975,1,1417.390503,247383,4,1626.772949,22.77954102,102.3899994,240.5599976,0.63
rear,OC,3-MS,Mid-South Coast,16,Coos,22188,2,5389,23909791,Tioga Cr,Shotgun Cr,Susan Cr,"Coos R, S Fk",2011,1247,Snorkeled,5,0.00352272,0.037999999,8.284399986,54,85.0795975,1,1417.390503,247383,4,1626.772949,20.02103424,84.56999969,308.3800049,0.63
rear,OC,3-MS,Mid-South Coast,16,Coos,22192,1,5404,23909795,Tioga Cr,Hog Ranch Cr,Burnt Cr,"Coos R, S Fk",2003,1363,Snorkeled,5,0.00555817,0.037999999,7.817699909,75,88.3912964,1,326.0150146,247383,4,1641.581055,23.08136559,167.8500061,498.1600037,0.6184
rear,OC,3-MS,Mid-South Coast,16,Coos,22192,2,5402,23909795,Tioga Cr,Hog Ranch Cr,Burnt Cr,"Coos R, S Fk",2008,1843,Snorkeled,5,0.00555817,0.037999999,7.789700031,19,89.1950989,1,326.0150146,247383,4,1641.581055,20.96093369,78.83999634,278.9899902,0.9291
rear,OC,3-MS,Mid-South Coast,16,Coos,22192,2,5402,23909795,Tioga Cr,Hog Ranch Cr,Burnt Cr,"Coos R, S Fk",2011,1676,Snorkeled,5,0.00555817,0.037999999,7.789700031,54,89.1950989,1,326.0150146,247383,4,1641.581055,19.62484169,84,320.019989,0.9291
rear,OC,3-MS,Mid-South Coast,16,Coos,22192,2,5402,23909795,Tioga Cr,Hog Ranch Cr,Burnt Cr,"Coos R, S Fk",2014,1708,Snorkeled,5,0.00555817,0.037999999,7.789700031,50,89.1950989,1,326.0150146,247383,4,1641.581055,22.57287025,69.61000061,290.6199951,0.9291
rear,OC,3-MS,Mid-South Coast,16,Coos,22196,1,5416,23909799,Tioga Cr,Buck Cr,"Tioga Cr, Trib 1","Coos R, S Fk",2009,2559,Snorkeled,5,0.00024979,0.037999999,7.237299919,90,91.0008011,1,1329.890991,247383,4,1558.395996,21.84459877,91.98000336,273.8299866,0.9515
rear,OC,3-MS,Mid-South Coast,16,Coos,22196,1,5416,23909799,Tioga Cr,Buck Cr,"Tioga Cr, Trib 1","Coos R, S Fk",2012,2007,Snorkeled,5,0.00024979,0.037999999,7.237299919,53,91.0008011,1,1329.890991,247383,4,1558.395996,19.79964447,134.2799988,345.9899902,0.9515
rear,OC,3-MS,Mid-South Coast,16,Coos,22196.69922,0,5426,23910907,Eight R Cr,"Eight R Cr, Trib A",Headwaters,Tioga Cr,1998,327,Snorkeled,3,0.08933574,0.037999999,2.826900005,31,94.7009964,1,459.6659851,247383,4,1678.204956,18.20775223,80.18000031,380.0499878,0.550021839
rear,OC,3-MS,Mid-South Coast,16,Coos,22197.59961,2,5436,23909807,Tioga Cr,"Tioga Cr, Trib C","Tioga Cr, Trib D","Coos R, S Fk",2008,0,Snorkeled,4,0.05444834,0.225999996,4.253399849,19,105.6729965,1,362.8200073,247383,5,1385.723999,16.93586922,86.61000061,253.4700012,0.5409
rear,OC,3-MS,Mid-South Coast,16,Coos,22197.69922,0,5437,23909809,Tioga Cr,"Tioga Cr, Trib D",Headwaters,"Coos R, S Fk",1998,0,Snorkeled,3,0.02922637,0.225999996,3.043100119,31,105.8970032,1,84.59300232,247383,4,1597.829956,17.23732758,72.95999908,430.5899963,0.2395
rear,OC,3-MS,Mid-South Coast,16,Coos,22197.69922,0,5438,23909809,Tioga Cr,"Tioga Cr, Trib D",Headwaters,"Coos R, S Fk",2002,0,Snorkeled,3,0.02922637,0.225999996,2.301000118,53,107.4079971,1,84.59300232,247383,4,1597.829956,17.19452095,108.8799973,250.8800049,0.550021839
rear,OC,3-MS,Mid-South Coast,16,Coos,22197.90039,2,45415,23909811,Williams R,Mouth,Bottom Cr,"Coos R, S Fk",2008,6,Snorkeled,6,0.0029088,0.037999999,12.16219997,19,83.0085983,1,2028.534058,541063,4,1380.303955,19.32333946,78.91999817,261.6000061,0.63
rear,OC,3-MS,Mid-South Coast,16,Coos,22198,3,5447,23909887,Bottom Cr,Mouth,"Bottom Cr, Trib A",Williams R,2001,12,Snorkeled,5,0.00985422,0.037999999,7.053999901,76,87.2333984,1,1764.680054,541063,4,1386.244995,18.26792145,56.93000031,346.9299927,0.7659
rear,OC,3-MS,Mid-South Coast,16,Coos,22198,3,5447,23909887,Bottom Cr,Mouth,"Bottom Cr, Trib A",Williams R,2010,366,Snorkeled,5,0.00985422,0.037999999,7.053999901,76,87.2333984,1,1764.680054,541063,4,1386.244995,18.57771873,70.30000305,388.2099915,0.7659
rear,OC,3-MS,Mid-South Coast,16,Coos,22199,1,5460,23910699,"Bottom Cr, N Fk",Mouth,Headwaters,Bottom Cr,2010,944,Snorkeled,5,0.034101568,0.037999999,5.289700031,76,94.9964981,1,2096.589111,541063,4,1172.657959,17.92213058,67.55000305,380.6900024,0.8634
rear,OC,3-MS,Mid-South Coast,16,Coos,22199,1,5460,23910699,"Bottom Cr, N Fk",Mouth,Headwaters,Bottom Cr,2013,2450,Snorkeled,5,0.034101568,0.037999999,5.289700031,51,94.9964981,1,2096.589111,541063,4,1172.657959,18.9836483,77.77999878,222.5399933,0.8634
rear,OC,3-MS,Mid-South Coast,16,Coos,22199,2,5456,23910699,"Bottom Cr, N Fk",Mouth,Headwaters,Bottom Cr,1998,15,Snorkeled,5,0.034101568,0.037999999,4.420700073,31,97.3023987,1,2096.589111,541063,4,1172.657959,18.85362816,64.76000214,357.9500122,0.5049
rear,OC,3-MS,Mid-South Coast,16,Coos,22199,2,5457,23910699,"Bottom Cr, N Fk",Mouth,Headwaters,Bottom Cr,2014,525,Snorkeled,5,0.034101568,0.037999999,4.877699852,50,96.7049026,1,2096.589111,541063,4,1172.657959,19.10640907,73.44999695,243.4400024,0.5144
rear,OC,3-MS,Mid-South Coast,16,Coos,22200,2,5463,23909893,Bottom Cr,"Bottom Cr, N Fk",Unnamed Trib Bottom Cr,Williams R,2006,1496,Snorkeled,1,0.017192479,0.180999994,1.216899991,37,96.0878983,1,825.5100098,541063,4,1307.883057,19.97068787,96.23999786,147.3399963,0.471287692
rear,OC,3-MS,Mid-South Coast,16,Coos,22200,2,49977,23909893,Bottom Cr,"Bottom Cr, N Fk",Unnamed Trib Bottom Cr,Williams R,2010,1586,Snorkeled,4,0.017192479,0.180999994,4.761899948,76,96.1339035,1,825.5100098,541063,4,1307.883057,19.07479095,67.55000305,380.6900024,0.9005
rear,OC,3-MS,Mid-South Coast,16,Coos,22201.5,1,45049,23909817,Williams R,Skip Cr,Trib A,"Coos R, S Fk",2009,466,Snorkeled,6,0.00328316,0.050000001,11.48390007,90,88.3445969,1,2028.534058,438387,4,1363.522949,20.45402908,86.68000031,297.4899902,0.63
rear,OC,3-MS,Mid-South Coast,16,Coos,22206,1,5483,23909863,Cedar Cr,Gods Thumb Cr,Lake Cr,Williams R,2007,481,Snorkeled,6,0.00400908,0.050000001,8.25399971,53,97.8942032,1,374.0480042,189232.5,4,1327.938965,20.44831276,110.2399979,169.8000031,0.9798
rear,OC,3-MS,Mid-South Coast,16,Coos,22206,1,5483,23909863,Cedar Cr,Gods Thumb Cr,Lake Cr,Williams R,2010,639,Snorkeled,6,0.00400908,0.050000001,8.25399971,76,97.8942032,1,374.0480042,189232.5,4,1327.938965,19.28203964,76.16999817,393.3599854,0.9798
rear,OC,3-MS,Mid-South Coast,16,Coos,22206,1,5483,23909863,Cedar Cr,Gods Thumb Cr,Lake Cr,Williams R,2013,2014,Snorkeled,6,0.00400908,0.050000001,8.25399971,51,97.8942032,1,374.0480042,189232.5,4,1327.938965,20.64354897,80.23000336,257.7399902,0.9798
rear,OC,3-MS,Mid-South Coast,16,Coos,22206,2,5480,23909863,Cedar Cr,Gods Thumb Cr,Lake Cr,Williams R,2004,873,Snorkeled,6,0.00400908,0.050000001,8.169599533,74,99.8503036,1,374.0480042,189232.5,4,1327.938965,20.58189583,131.5299988,229.0500031,0.6749
rear,OC,3-MS,Mid-South Coast,16,Coos,22207.80078,1,5491,23909869,Lake Cr,"Lake Cr, Trib B",Headwaters,Cedar Cr,2005,486,Snorkeled,4,0.03059754,0.050000001,5.716599941,70,105.8089981,1,1487.954956,189232.5,5,1386.630981,20.15361786,92.23999786,364.75,0.8256
rear,OC,3-MS,Mid-South Coast,16,Coos,22207.80078,1,5491,23909869,Lake Cr,"Lake Cr, Trib B",Headwaters,Cedar Cr,2014,53,Snorkeled,4,0.03059754,0.050000001,5.716599941,50,105.8089981,1,1487.954956,189232.5,5,1386.630981,20.70449066,72.05000305,218.9100037,0.8256
rear,OC,3-MS,Mid-South Coast,16,Coos,22208,1,50468,23909879,Cedar Cr,Lake Cr,"Cedar Cr, Trib E",Williams R,2012,1255,Snorkeled,5,0.00592804,0.050000001,6.130300045,53,100.9960022,1,362.2489929,189232.5,5,1320.875,18.15595627,128.8200073,335.7799988,0.7558
rear,OC,3-MS,Mid-South Coast,16,Coos,22215.5,1,49483,23909827,Williams R,Trib D,Cedar,"Coos R, S Fk",2008,1168,Snorkeled,5,0.00545216,0.050000001,9.765500069,19,97.8778,1,2975.091064,189232.5,4,1370.759033,18.93384171,85.41000366,309.0400085,0.5901
rear,OC,3-MS,Mid-South Coast,16,Coos,22217,1,50494,23909831,Williams R,Fall Cr,Goosberry Cr,"Coos R, S Fk",2012,1240,Snorkeled,5,0.026963269,0.050000001,9.440899849,53,102.3300018,1,809.2059937,189232.5,4,1367.511963,17.63088417,146.4299927,354.8099976,0.6419
rear,OC,3-MS,Mid-South Coast,16,Coos,22217.40039,1,5514,23909835,Williams R,Bear Cr,Panther Cr,"Coos R, S Fk",2003,2713,Snorkeled,5,0.01447352,0.052000001,8.858599663,75,104.7519989,1,13445.25293,212975,4,1357.119995,20.87117004,130.2700043,367.2600098,0.4739
rear,OC,3-MS,Mid-South Coast,16,Coos,22217.40039,1,5514,23909835,Williams R,Bear Cr,Panther Cr,"Coos R, S Fk",2012,1037,Snorkeled,5,0.01447352,0.052000001,8.858599663,53,104.7519989,1,13445.25293,212975,4,1357.119995,18.1375351,122.1600037,278.25,0.4739
rear,OC,3-MS,Mid-South Coast,16,Coos,22217.80078,1,5523,23909837,Williams R,Panther Cr,Fivemile Cr,"Coos R, S Fk",1998,1855,Snorkeled,5,0.01968226,0.052000001,8.239999771,31,106.6729965,1,6897.89209,212975,4,1300.642944,20.6182766,67.51000214,330.6199951,0.5266
rear,OC,3-MS,Mid-South Coast,16,Coos,22217.80078,1,5523,23909837,Williams R,Panther Cr,Fivemile Cr,"Coos R, S Fk",1999,846,Snorkeled,5,0.01968226,0.052000001,8.239999771,52,106.6729965,1,6897.89209,212975,4,1300.642944,18.51114082,98.87999725,303.7399902,0.5266
rear,OC,3-MS,Mid-South Coast,16,Coos,22217.80078,1,5523,23909837,Williams R,Panther Cr,Fivemile Cr,"Coos R, S Fk",2000,1454,Snorkeled,5,0.01968226,0.052000001,8.239999771,41,106.6729965,1,6897.89209,212975,4,1300.642944,17.92157936,94.12000275,174.1199951,0.5266
rear,OC,3-MS,Mid-South Coast,16,Coos,22217.80078,1,5523,23909837,Williams R,Panther Cr,Fivemile Cr,"Coos R, S Fk",2001,3205,Snorkeled,5,0.01968226,0.052000001,8.239999771,76,106.6729965,1,6897.89209,212975,4,1300.642944,18.5930233,54.04999924,236.2400055,0.5266
rear,OC,3-MS,Mid-South Coast,16,Coos,22217.80078,1,5523,23909837,Williams R,Panther Cr,Fivemile Cr,"Coos R, S Fk",2002,3029,Snorkeled,5,0.01968226,0.052000001,8.239999771,53,106.6729965,1,6897.89209,212975,4,1300.642944,20.43813324,76.73999786,175.5299988,0.5266
rear,OC,3-MS,Mid-South Coast,16,Coos,22217.80078,1,5523,23909837,Williams R,Panther Cr,Fivemile Cr,"Coos R, S Fk",2003,2967,Snorkeled,5,0.01968226,0.052000001,8.239999771,75,106.6729965,1,6897.89209,212975,4,1300.642944,21.46440697,130.2700043,367.2600098,0.5266
rear,OC,3-MS,Mid-South Coast,16,Coos,22217.80078,1,5523,23909837,Williams R,Panther Cr,Fivemile Cr,"Coos R, S Fk",2004,1181,Snorkeled,5,0.01968226,0.052000001,8.239999771,74,106.6729965,1,6897.89209,212975,4,1300.642944,20.8748455,147.6900024,199.3800049,0.5266
rear,OC,3-MS,Mid-South Coast,16,Coos,22217.80078,1,5523,23909837,Williams R,Panther Cr,Fivemile Cr,"Coos R, S Fk",2005,2984,Snorkeled,5,0.01968226,0.052000001,8.239999771,70,106.6729965,1,6897.89209,212975,4,1300.642944,20.70016098,99.26000214,347.5100098,0.5266
rear,OC,3-MS,Mid-South Coast,16,Coos,22217.80078,1,5523,23909837,Williams R,Panther Cr,Fivemile Cr,"Coos R, S Fk",2006,2303,Snorkeled,5,0.01968226,0.052000001,8.239999771,37,106.6729965,1,6897.89209,212975,4,1300.642944,20.97310448,97.55999756,147.3399963,0.5266
rear,OC,3-MS,Mid-South Coast,16,Coos,22217.80078,1,5523,23909837,Williams R,Panther Cr,Fivemile Cr,"Coos R, S Fk",2007,2299,Snorkeled,5,0.01968226,0.052000001,8.239999771,53,106.6729965,1,6897.89209,212975,4,1300.642944,20.68924332,110.1800003,142.6399994,0.5266
rear,OC,3-MS,Mid-South Coast,16,Coos,22217.80078,1,5523,23909837,Williams R,Panther Cr,Fivemile Cr,"Coos R, S Fk",2008,1984,Snorkeled,5,0.01968226,0.052000001,8.239999771,19,106.6729965,1,6897.89209,212975,4,1300.642944,19.90861893,79.69999695,223.8200073,0.5266
rear,OC,3-MS,Mid-South Coast,16,Coos,22217.80078,1,5523,23909837,Williams R,Panther Cr,Fivemile Cr,"Coos R, S Fk",2009,4842,Snorkeled,5,0.01968226,0.052000001,8.239999771,90,106.6729965,1,6897.89209,212975,4,1300.642944,21.45894814,95.94999695,226.2299957,0.5266
rear,OC,3-MS,Mid-South Coast,16,Coos,22217.80078,1,5523,23909837,Williams R,Panther Cr,Fivemile Cr,"Coos R, S Fk",2010,2116,Snorkeled,5,0.01968226,0.052000001,8.239999771,76,106.6729965,1,6897.89209,212975,4,1300.642944,19.97958565,73.83000183,330.4400024,0.5266
rear,OC,3-MS,Mid-South Coast,16,Coos,22217.80078,1,5523,23909837,Williams R,Panther Cr,Fivemile Cr,"Coos R, S Fk",2011,2216,Snorkeled,5,0.01968226,0.052000001,8.239999771,54,106.6729965,1,6897.89209,212975,4,1300.642944,17.89974213,83.58000183,282.7900085,0.5266
rear,OC,3-MS,Mid-South Coast,16,Coos,22217.80078,1,5523,23909837,Williams R,Panther Cr,Fivemile Cr,"Coos R, S Fk",2012,1532,Snorkeled,5,0.01968226,0.052000001,8.239999771,53,106.6729965,1,6897.89209,212975,4,1300.642944,18.65307236,122.1600037,278.25,0.5266
rear,OC,3-MS,Mid-South Coast,16,Coos,22217.80078,1,5523,23909837,Williams R,Panther Cr,Fivemile Cr,"Coos R, S Fk",2013,5935,Snorkeled,5,0.01968226,0.052000001,8.239999771,51,106.6729965,1,6897.89209,212975,4,1300.642944,21.56266785,78.09999847,217.0700073,0.5266
rear,OC,3-MS,Mid-South Coast,16,Coos,22217.80078,1,5523,23909837,Williams R,Panther Cr,Fivemile Cr,"Coos R, S Fk",2014,546,Snorkeled,5,0.01968226,0.052000001,8.239999771,50,106.6729965,1,6897.89209,212975,4,1300.642944,21.36068726,70.33000183,213.4600067,0.5266
rear,OC,3-MS,Mid-South Coast,16,Coos,22219,1,5526,23909839,Williams R,Fivemile Cr,Wilson Cr,"Coos R, S Fk",1999,258,Snorkeled,5,0.018496631,0.052000001,7.742499828,52,109.362999,1,7747.369141,212975,4,1294.619019,17.86163902,92.80999756,275.25,0.5901
rear,OC,3-MS,Mid-South Coast,16,Coos,22219,1,45199,23909839,Williams R,Fivemile Cr,Wilson Cr,"Coos R, S Fk",2008,1375,Snorkeled,5,0.018496631,0.052000001,7.779900074,19,108.3600006,1,7747.369141,212975,4,1294.619019,19.33932304,75.47000122,207.5299988,0.5017
rear,OC,3-MS,Mid-South Coast,16,Coos,22219,1,45199,23909839,Williams R,Fivemile Cr,Wilson Cr,"Coos R, S Fk",2011,2165,Snorkeled,5,0.018496631,0.052000001,7.779900074,54,108.3600006,1,7747.369141,212975,4,1294.619019,17.51648712,82.87999725,279.4400024,0.5017
rear,OC,3-MS,Mid-South Coast,16,Coos,22219,1,45199,23909839,Williams R,Fivemile Cr,Wilson Cr,"Coos R, S Fk",2014,101,Snorkeled,5,0.018496631,0.052000001,7.779900074,50,108.3600006,1,7747.369141,212975,4,1294.619019,20.76307678,65.86000061,196.8600006,0.5017
rear,OC,3-MS,Mid-South Coast,16,Coos,22221,1,49705,23909847,Williams R,Wilson Cr,Little Cow Cr,"Coos R, S Fk",2009,2503,Snorkeled,4,0.022113981,0.052000001,6.805500031,90,110.4509964,1,2826.590088,212975,4,1277.35498,19.83917618,93.37999725,214.6000061,0.5548
rear,OC,3-MS,Mid-South Coast,16,Coos,22221,3,5533,23909851,Williams R,Wilson Cr,Little Cow Cr,"Coos R, S Fk",2000,138,Snorkeled,4,0.016563701,0.052000001,6.301799774,41,114.1740036,1,1011.888,212975,4,1264.81897,16.59641838,94.12000275,174.1199951,0.5705
rear,OC,3-MS,Mid-South Coast,16,Coos,22221,3,5533,23909851,Williams R,Wilson Cr,Little Cow Cr,"Coos R, S Fk",2009,1508,Snorkeled,4,0.016563701,0.052000001,6.301799774,90,114.1740036,1,1011.888,212975,4,1264.81897,19.90462494,93.37999725,214.6000061,0.5705
rear,OC,3-MS,Mid-South Coast,16,Coos,22226,1,5539,23910987,Little Cow Cr,Mouth,Headwaters,Lost Cr,2001,0,Snorkeled,3,0.033068459,0.052999999,4.516699791,76,115.5210037,1,908.8959961,212975,4,1339.290039,17.77441025,46.95999908,134.9700012,0.5601
rear,OC,3-MS,Mid-South Coast,16,Coos,22227.69922,1,5552,23910977,Lost Cr,"Lost Cr, Trib A",Headwaters,Williams R,2004,107,Snorkeled,4,0.031379379,0.075999998,4.325799942,74,118.6740036,1,1254.603027,212975,4,1234.535034,19.16970444,112.5199966,122.0599976,0.7977
rear,OC,3-MS,Mid-South Coast,16,Coos,22227.69922,1,5552,23910977,Lost Cr,"Lost Cr, Trib A",Headwaters,Williams R,2013,368,Snorkeled,4,0.031379379,0.075999998,4.325799942,51,118.6740036,1,1254.603027,212975,4,1234.535034,20.11371613,59.02999878,111.25,0.7977
rear,OC,3-MS,Mid-South Coast,16,Coos,22237,2,5564,23910475,Packard Cr,Mouth,Headwaters,Millicoma R,2000,14,Snorkeled,3,0.058814529,0.061999999,2.929399967,41,39.6171989,2,1630.769043,173352,1,1442.540039,17.45451546,94.12000275,174.1199951,0.0869
rear,OC,3-MS,Mid-South Coast,16,Coos,22237,2,5564,23910475,Packard Cr,Mouth,Headwaters,Millicoma R,2001,8,Snorkeled,3,0.058814529,0.061999999,2.929399967,76,39.6171989,2,1630.769043,173352,1,1442.540039,17.26847458,63.88000107,247.8500061,0.0869
rear,OC,3-MS,Mid-South Coast,16,Coos,22237,2,5564,23910475,Packard Cr,Mouth,Headwaters,Millicoma R,2002,41,Snorkeled,3,0.058814529,0.061999999,2.929399967,53,39.6171989,2,1630.769043,173352,1,1442.540039,18.52714348,95.27999878,190.3899994,0.0869
rear,OC,3-MS,Mid-South Coast,16,Coos,22237,2,5564,23910475,Packard Cr,Mouth,Headwaters,Millicoma R,2005,21,Snorkeled,3,0.058814529,0.061999999,2.929399967,70,39.6171989,2,1630.769043,173352,1,1442.540039,18.45152473,92.61000061,383.7900085,0.0869
rear,OC,3-MS,Mid-South Coast,16,Coos,22237,2,5564,23910475,Packard Cr,Mouth,Headwaters,Millicoma R,2006,48,Snorkeled,3,0.058814529,0.061999999,2.929399967,37,39.6171989,2,1630.769043,173352,1,1442.540039,18.2352581,101.5,146.4299927,0.0869
rear,OC,3-MS,Mid-South Coast,16,Coos,22237,2,5564,23910475,Packard Cr,Mouth,Headwaters,Millicoma R,2009,0,Snorkeled,3,0.058814529,0.061999999,2.929399967,90,39.6171989,2,1630.769043,173352,1,1442.540039,17.75722694,82.86000061,226.4499969,0.0869
rear,OC,3-MS,Mid-South Coast,16,Coos,22237,2,5564,23910475,Packard Cr,Mouth,Headwaters,Millicoma R,2010,1,Snorkeled,3,0.058814529,0.061999999,2.929399967,76,39.6171989,2,1630.769043,173352,1,1442.540039,16.49365807,69.51000214,397.6199951,0.0869
rear,OC,3-MS,Mid-South Coast,16,Coos,22237,2,5564,23910475,Packard Cr,Mouth,Headwaters,Millicoma R,2011,21,Snorkeled,3,0.058814529,0.061999999,2.929399967,54,39.6171989,2,1630.769043,173352,1,1442.540039,17.22273445,90.73000336,276.1000061,0.0869
rear,OC,3-MS,Mid-South Coast,16,Coos,22237,2,5564,23910475,Packard Cr,Mouth,Headwaters,Millicoma R,2012,2,Snorkeled,3,0.058814529,0.061999999,2.929399967,53,39.6171989,2,1630.769043,173352,1,1442.540039,17.5157814,126.6699982,284.4200134,0.0869
rear,OC,3-MS,Mid-South Coast,16,Coos,22237,2,5564,23910475,Packard Cr,Mouth,Headwaters,Millicoma R,2013,0,Snorkeled,3,0.058814529,0.061999999,2.929399967,51,39.6171989,2,1630.769043,173352,1,1442.540039,17.53441048,80.66999817,214.4199982,0.0869
rear,OC,3-MS,Mid-South Coast,16,Coos,22237,2,5564,23910475,Packard Cr,Mouth,Headwaters,Millicoma R,2014,0,Snorkeled,3,0.058814529,0.061999999,2.929399967,50,39.6171989,2,1630.769043,173352,1,1442.540039,18.86908722,68.45999908,227.3999939,0.0869
rear,OC,3-MS,Mid-South Coast,16,Coos,22240,1,5565,23909923,Woodruff Cr,Mouth,Headwaters,Millicoma R,2000,694,Snorkeled,4,0.045195319,0.046999998,4.019299984,41,45.8692017,1,2606.556885,173352,3,1230.008057,17.28896904,88.52999878,305.6099854,0.517
rear,OC,3-MS,Mid-South Coast,16,Coos,22240,1,5566,23909923,Woodruff Cr,Mouth,Headwaters,Millicoma R,2008,233,Snorkeled,4,0.045195319,0.046999998,4.170899868,19,45.2655983,1,2606.556885,173352,3,1230.008057,17.18503761,71.81999969,193.6499939,0.6814
rear,OC,3-MS,Mid-South Coast,16,Coos,22240,2,5570,23909923,Woodruff Cr,Mouth,Headwaters,Millicoma R,2007,265,Snorkeled,4,0.045195319,0.046999998,3.615999937,53,47.3058014,1,2606.556885,173352,3,1230.008057,19.13894463,118.7099991,144.7799988,0.1866
rear,OC,3-MS,Mid-South Coast,16,Coos,22240,2,5570,23909923,Woodruff Cr,Mouth,Headwaters,Millicoma R,2010,162,Snorkeled,4,0.045195319,0.046999998,3.615999937,76,47.3058014,1,2606.556885,173352,3,1230.008057,16.54586029,73.97000122,413.3999939,0.1866
rear,OC,3-MS,Mid-South Coast,16,Coos,22240,2,5570,23909923,Woodruff Cr,Mouth,Headwaters,Millicoma R,2013,0,Snorkeled,4,0.045195319,0.046999998,3.615999937,51,47.3058014,1,2606.556885,173352,3,1230.008057,17.92294884,79.90000153,217.8099976,0.1866
rear,OC,3-MS,Mid-South Coast,16,Coos,22240,2,5571,23909923,Woodruff Cr,Mouth,Headwaters,Millicoma R,2002,535,Snorkeled,4,0.045195319,0.046999998,3.763999939,53,46.6850014,1,2606.556885,173352,3,1230.008057,18.52575111,101.6999969,238.6000061,0.3875
rear,OC,3-MS,Mid-South Coast,16,Coos,22240,2,49712,23909923,Woodruff Cr,Mouth,Headwaters,Millicoma R,2009,126,Snorkeled,4,0.045195319,0.046999998,3.720799923,90,46.8885002,1,2606.556885,173352,3,1230.008057,17.86058998,89.27999878,258.0700073,0.3385
rear,OC,3-MS,Mid-South Coast,16,Coos,22242.69922,2,5581,23909995,Marlow Cr,Y Cr,"Marlow Cr, Trib A","Millicoma R, E Fk",1998,1150,Snorkeled,4,0.03241723,0.044,4.085499763,31,52.8558998,1,615.0620117,155835.5,4,1463.590942,18.92833519,100.1500015,302.3800049,0.398
rear,OC,3-MS,Mid-South Coast,16,Coos,22266,1,5617,23910465,Fox Cr,Mouth,Headwaters,"Millicoma R, E Fk",2003,245,Snorkeled,3,0.066685118,0.163000003,3.028899908,75,63.4980011,1,1832.671021,155835.5,1,1147.795044,19.02339554,172.25,357.3599854,0.1296
rear,OC,3-MS,Mid-South Coast,16,Coos,22266,1,5617,23910465,Fox Cr,Mouth,Headwaters,"Millicoma R, E Fk",2012,141,Snorkeled,3,0.066685118,0.163000003,3.028899908,53,63.4980011,1,1832.671021,155835.5,1,1147.795044,17.22694588,136.5599976,302.2000122,0.1296
rear,OC,3-MS,Mid-South Coast,16,Coos,22267,1,5619,23909937,"Millicoma R, E Fk",Fox Cr,Matson Cr,Millicoma R,2010,53,Snorkeled,6,1E-05,0.027000001,9.051799774,76,63.1758995,1,1321.807007,155835.5,1,1488.04895,17.40513229,78.19999695,427.4599915,0.63
rear,OC,3-MS,Mid-South Coast,16,Coos,22267,1,5620,23909937,"Millicoma R, E Fk",Fox Cr,Matson Cr,Millicoma R,2004,892,Snorkeled,6,1E-05,0.027000001,9.012999535,74,64.6728973,1,1321.807007,155835.5,1,1488.04895,19.74036789,167.2299957,215.1999969,0.604
rear,OC,3-MS,Mid-South Coast,16,Coos,22267,1,5620,23909937,"Millicoma R, E Fk",Fox Cr,Matson Cr,Millicoma R,2013,330,Snorkeled,6,1E-05,0.027000001,9.012999535,51,64.6728973,1,1321.807007,155835.5,1,1488.04895,19.14564705,83.12999725,223.1000061,0.604
rear,OC,3-MS,Mid-South Coast,16,Coos,22269,1,5624,23909965,Little Matson Cr,Mouth,Headwaters,Matson Cr,2010,693,Snorkeled,4,0.063043699,0.061000001,4.582900047,76,67.0451965,1,3318.878906,639465,1,1844.062012,16.00731087,78.19999695,427.4599915,0.5548
rear,OC,3-MS,Mid-South Coast,16,Coos,22270,1,5629,23909967,Matson Cr,Little Matson Cr,Conklin Cr,"Millicoma R, E Fk",2011,1393,Snorkeled,4,0.03704197,0.052000001,6.690999985,54,66.5382996,1,1276.491943,639465,1,1590.156006,16.7332058,89.56999969,309.1900024,0.63
rear,OC,3-MS,Mid-South Coast,16,Coos,22270,1,5629,23909967,Matson Cr,Little Matson Cr,Conklin Cr,"Millicoma R, E Fk",2014,593,Snorkeled,4,0.03704197,0.052000001,6.690999985,50,66.5382996,1,1276.491943,639465,1,1590.156006,18.79832268,67.25,296.5499878,0.63
rear,OC,3-MS,Mid-South Coast,16,Coos,22273,2,5645,23909939,"Millicoma R, E Fk",Matson Cr,Beulah Cr,Millicoma R,1999,889,Snorkeled,5,0.01449455,0.027000001,7.573999882,52,66.6092987,1,5975.824219,155835.5,1,1379.969971,17.36984825,127.5400009,407.7000122,0.5206
rear,OC,3-MS,Mid-South Coast,16,Coos,22273,2,5645,23909939,"Millicoma R, E Fk",Matson Cr,Beulah Cr,Millicoma R,2008,1011,Snorkeled,5,0.01449455,0.027000001,7.573999882,19,66.6092987,1,5975.824219,155835.5,1,1379.969971,17.83785057,83.93000031,276.2999878,0.5206
rear,OC,3-MS,Mid-South Coast,16,Coos,22273,2,49961,23909941,"Millicoma R, E Fk",Matson Cr,Beulah Cr,Millicoma R,2010,887,Snorkeled,5,0.01114264,0.033,7.367899895,76,67.8009033,1,4628.312012,155835.5,1,1392.359985,17.51639748,78.19999695,427.4599915,0.604
rear,OC,3-MS,Mid-South Coast,16,Coos,22273,4,5634,23909941,"Millicoma R, E Fk",Matson Cr,Beulah Cr,Millicoma R,1998,311,Snorkeled,5,0.01114264,0.033,7.155900002,31,70.4203033,1,4628.312012,155835.5,1,1392.359985,19.29783249,97.25,336.2799988,0.6862
rear,OC,3-MS,Mid-South Coast,16,Coos,22273,4,5634,23909941,"Millicoma R, E Fk",Matson Cr,Beulah Cr,Millicoma R,2001,1718,Snorkeled,5,0.01114264,0.033,7.155900002,76,70.4203033,1,4628.312012,155835.5,1,1392.359985,17.68807411,68.48999786,381.2600098,0.6862
rear,OC,3-MS,Mid-South Coast,16,Coos,22273,4,5634,23909941,"Millicoma R, E Fk",Matson Cr,Beulah Cr,Millicoma R,2004,1529,Snorkeled,5,0.01114264,0.033,7.155900002,74,70.4203033,1,4628.312012,155835.5,1,1392.359985,19.48138237,172.0899963,224.3399963,0.6862
rear,OC,3-MS,Mid-South Coast,16,Coos,22273,4,5634,23909941,"Millicoma R, E Fk",Matson Cr,Beulah Cr,Millicoma R,2007,402,Snorkeled,5,0.01114264,0.033,7.155900002,53,70.4203033,1,4628.312012,155835.5,1,1392.359985,19.51652527,127.0800018,179.5,0.6862
rear,OC,3-MS,Mid-South Coast,16,Coos,22273,4,5634,23909941,"Millicoma R, E Fk",Matson Cr,Beulah Cr,Millicoma R,2010,975,Snorkeled,5,0.01114264,0.033,7.155900002,76,70.4203033,1,4628.312012,155835.5,1,1392.359985,17.51639748,78.33000183,440.4599915,0.6862
rear,OC,3-MS,Mid-South Coast,16,Coos,22273,4,5634,23909941,"Millicoma R, E Fk",Matson Cr,Beulah Cr,Millicoma R,2013,1002,Snorkeled,5,0.01114264,0.033,7.155900002,51,70.4203033,1,4628.312012,155835.5,1,1392.359985,19.03868294,90.83999634,230.4900055,0.6862
rear,OC,3-MS,Mid-South Coast,16,Coos,22273,4,5638,23909945,"Millicoma R, E Fk",Matson Cr,Beulah Cr,Millicoma R,1998,943,Snorkeled,5,0.02052726,0.033,6.99420023,31,71.0138016,1,2479.39502,155835.5,1,1409.907959,19.01071167,97.25,336.2799988,0.6065
rear,OC,3-MS,Mid-South Coast,16,Coos,22273,4,5638,23909945,"Millicoma R, E Fk",Matson Cr,Beulah Cr,Millicoma R,1999,1050,Snorkeled,5,0.02052726,0.033,6.99420023,52,71.0138016,1,2479.39502,155835.5,1,1409.907959,17.13547134,128.5200043,431.9700012,0.6065
rear,OC,3-MS,Mid-South Coast,16,Coos,22273,4,5638,23909945,"Millicoma R, E Fk",Matson Cr,Beulah Cr,Millicoma R,2000,2233,Snorkeled,5,0.02052726,0.033,6.99420023,41,71.0138016,1,2479.39502,155835.5,1,1409.907959,16.99082375,89.38999939,259.7799988,0.6065
rear,OC,3-MS,Mid-South Coast,16,Coos,22273,4,5638,23909945,"Millicoma R, E Fk",Matson Cr,Beulah Cr,Millicoma R,2001,2111,Snorkeled,5,0.02052726,0.033,6.99420023,76,71.0138016,1,2479.39502,155835.5,1,1409.907959,17.34727478,68.48999786,381.2600098,0.6065
rear,OC,3-MS,Mid-South Coast,16,Coos,22273,4,5638,23909945,"Millicoma R, E Fk",Matson Cr,Beulah Cr,Millicoma R,2002,2973,Snorkeled,5,0.02052726,0.033,6.99420023,53,71.0138016,1,2479.39502,155835.5,1,1409.907959,18.79374313,113.8399963,273.9599915,0.6065
rear,OC,3-MS,Mid-South Coast,16,Coos,22273,4,5638,23909945,"Millicoma R, E Fk",Matson Cr,Beulah Cr,Millicoma R,2003,902,Snorkeled,5,0.02052726,0.033,6.99420023,75,71.0138016,1,2479.39502,155835.5,1,1409.907959,19.43948746,201.9700012,407.269989,0.6065
rear,OC,3-MS,Mid-South Coast,16,Coos,22273,4,5638,23909945,"Millicoma R, E Fk",Matson Cr,Beulah Cr,Millicoma R,2004,2164,Snorkeled,5,0.02052726,0.033,6.99420023,74,71.0138016,1,2479.39502,155835.5,1,1409.907959,19.17602348,172.0899963,224.3399963,0.6065
rear,OC,3-MS,Mid-South Coast,16,Coos,22273,4,5638,23909945,"Millicoma R, E Fk",Matson Cr,Beulah Cr,Millicoma R,2005,1661,Snorkeled,5,0.02052726,0.033,6.99420023,70,71.0138016,1,2479.39502,155835.5,1,1409.907959,18.88156319,105.3000031,444.6000061,0.6065
rear,OC,3-MS,Mid-South Coast,16,Coos,22273,4,5638,23909945,"Millicoma R, E Fk",Matson Cr,Beulah Cr,Millicoma R,2006,1930,Snorkeled,5,0.02052726,0.033,6.99420023,37,71.0138016,1,2479.39502,155835.5,1,1409.907959,18.89189529,98.23999786,155.5500031,0.6065
rear,OC,3-MS,Mid-South Coast,16,Coos,22273,4,5638,23909945,"Millicoma R, E Fk",Matson Cr,Beulah Cr,Millicoma R,2012,1993,Snorkeled,5,0.02052726,0.033,6.99420023,53,71.0138016,1,2479.39502,155835.5,1,1409.907959,17.25945473,147.6999969,369.5,0.6065
rear,OC,3-MS,Mid-South Coast,16,Coos,22273,4,5638,23909945,"Millicoma R, E Fk",Matson Cr,Beulah Cr,Millicoma R,2013,1390,Snorkeled,5,0.02052726,0.033,6.99420023,51,71.0138016,1,2479.39502,155835.5,1,1409.907959,18.88156319,90.83999634,230.4900055,0.6065
rear,OC,3-MS,Mid-South Coast,16,Coos,22273,4,5638,23909945,"Millicoma R, E Fk",Matson Cr,Beulah Cr,Millicoma R,2014,898,Snorkeled,5,0.02052726,0.033,6.99420023,50,71.0138016,1,2479.39502,155835.5,1,1409.907959,19.43432045,68.80999756,303.7399902,0.6065
rear,OC,3-MS,Mid-South Coast,16,Coos,22273.69922,1,5655,23909949,"Millicoma R, E Fk",Beulah Cr,Headwaters,Millicoma R,2002,2126,Snorkeled,5,0.03086336,0.083999999,6.528699875,53,74.0466003,1,6287.123047,155835.5,1,1410.314941,18.21673965,113.8399963,273.9599915,0.5601
rear,OC,3-MS,Mid-South Coast,16,Coos,22278,1,5663,23910001,"Millicoma R, W Fk",Devils Elbow Cr,Daggett Cr,Millicoma R,2012,1218,Snorkeled,6,0.00628712,0.01,9.566699982,53,50.6329994,1,295.8559875,390561,1,1573.894043,20.51204109,123.4000015,277.8500061,0.6475
rear,OC,3-MS,Mid-South Coast,16,Coos,22283,1,5670,23910351,Schumacher Cr,Mouth,Headwaters,"Millicoma R, W Fk",1998,0,Snorkeled,3,0.095343709,0.137999997,2.977900028,31,58.8802986,1,4032.38208,390561,1,1773.927002,17.480299,92.01999664,311.0700073,0.420509953
rear,OC,3-MS,Mid-South Coast,16,Coos,22283,1,5670,23910351,Schumacher Cr,Mouth,Headwaters,"Millicoma R, W Fk",2001,0,Snorkeled,3,0.095343709,0.137999997,2.977900028,76,58.8802986,1,4032.38208,390561,1,1773.927002,16.08954239,66.58000183,259.5899963,0.420509953
rear,OC,3-MS,Mid-South Coast,16,Coos,22283,1,5670,23910351,Schumacher Cr,Mouth,Headwaters,"Millicoma R, W Fk",2004,4,Snorkeled,3,0.095343709,0.137999997,2.977900028,74,58.8802986,1,4032.38208,390561,1,1773.927002,17.66704369,155.9600067,213.3899994,0.420509953
rear,OC,3-MS,Mid-South Coast,16,Coos,22283,1,5670,23910351,Schumacher Cr,Mouth,Headwaters,"Millicoma R, W Fk",2007,0,Snorkeled,3,0.095343709,0.137999997,2.977900028,53,58.8802986,1,4032.38208,390561,1,1773.927002,17.84887505,120.7399979,148.9100037,0.420509953
rear,OC,3-MS,Mid-South Coast,16,Coos,22283,1,5670,23910351,Schumacher Cr,Mouth,Headwaters,"Millicoma R, W Fk",2013,0,Snorkeled,3,0.095343709,0.137999997,2.977900028,51,58.8802986,1,4032.38208,390561,1,1773.927002,16.84143639,84.08000183,220.7899933,0.420509953
rear,OC,3-MS,Mid-South Coast,16,Coos,22284,0,5674,23910017,"Millicoma R, W Fk",Schumacher Cr,"Millicoma R, W Fk, Trib 1",Millicoma R,1998,532,Snorkeled,6,0.00737461,0.01,8.983300209,31,65.0749969,1,2064.035889,390561,1,1562.11499,21.77314568,100.1500015,302.3800049,0.6258
rear,OC,3-MS,Mid-South Coast,16,Coos,22284,0,5674,23910017,"Millicoma R, W Fk",Schumacher Cr,"Millicoma R, W Fk, Trib 1",Millicoma R,2007,966,Snorkeled,6,0.00737461,0.01,8.983300209,53,65.0749969,1,2064.035889,390561,1,1562.11499,22.16001892,120.8399963,159.4499969,0.6258
rear,OC,3-MS,Mid-South Coast,16,Coos,22284.69922,0,5676,23910021,"Millicoma R, W Fk",Vaughn Mill Cr,Trout Cr,Millicoma R,2003,819,Snorkeled,6,0.00616014,0.052999999,8.58409977,75,75.3662033,1,3726.339111,390561,1,1553.312012,22.44791603,230.1199951,442.4599915,0.5705
rear,OC,3-MS,Mid-South Coast,16,Coos,22284.69922,2,5677,23910019,"Millicoma R, W Fk",Vaughn Mill Cr,Trout Cr,Millicoma R,2003,196,Snorkeled,6,0.0110278,0.048999999,8.712499619,75,72.4319992,1,3868.748047,390561,1,1552.581055,22.60875511,186.2799988,369.8999939,0.5705
rear,OC,3-MS,Mid-South Coast,16,Coos,22284.69922,2,5677,23910019,"Millicoma R, W Fk",Vaughn Mill Cr,Trout Cr,Millicoma R,2012,11,Snorkeled,6,0.0110278,0.048999999,8.712499619,53,72.4319992,1,3868.748047,390561,1,1552.581055,20.2799015,143.1699982,352.269989,0.5705
rear,OC,3-MS,Mid-South Coast,16,Coos,22286.90039,1,49988,23910025,"Millicoma R, W Fk","Millicoma R, W Fk, Trib B",Buck Cr,Millicoma R,2010,871,Snorkeled,5,0.00459752,0.052999999,8.128600121,76,81.3915024,1,727.2090454,390561,1,1557.620972,19.75607491,107.1299973,543.9400024,0.6084
rear,OC,3-MS,Mid-South Coast,16,Coos,22289,1,5686,23910267,Joes Cr,Mouth,Headwaters,"Millicoma R, W Fk",2004,386,Snorkeled,3,0.03769742,0.052999999,3.087500095,74,87.8904037,1,279.9100037,390561,1,1356.706055,18.74399185,140.0299988,242.0099945,0.3499
rear,OC,3-MS,Mid-South Coast,16,Coos,22293,2,45001,23910213,Deer Cr,Mouth,"Deer Cr, Trib A","Millicoma R, W Fk",2007,3203,Snorkeled,4,0.01131486,0.052999999,4.367400169,53,91.5848007,1,1230.098022,390561,1,1487.027954,20.91625786,142.9700012,273.1900024,0.8946
rear,OC,3-MS,Mid-South Coast,16,Coos,22293,2,45001,23910213,Deer Cr,Mouth,"Deer Cr, Trib A","Millicoma R, W Fk",2008,1671,Snorkeled,4,0.01131486,0.052999999,4.367400169,19,91.5848007,1,1230.098022,390561,1,1487.027954,19.33035851,135.6600037,387.8800049,0.8946
rear,OC,3-MS,Mid-South Coast,16,Coos,22293,2,45001,23910213,Deer Cr,Mouth,"Deer Cr, Trib A","Millicoma R, W Fk",2009,3063,Snorkeled,4,0.01131486,0.052999999,4.367400169,90,91.5848007,1,1230.098022,390561,1,1487.027954,19.82962227,118.8700027,425.8200073,0.8946
rear,OC,3-MS,Mid-South Coast,16,Coos,22293,2,45001,23910213,Deer Cr,Mouth,"Deer Cr, Trib A","Millicoma R, W Fk",2010,1564,Snorkeled,4,0.01131486,0.052999999,4.367400169,76,91.5848007,1,1230.098022,390561,1,1487.027954,18.70774651,120.8300018,573.6099854,0.8946
rear,OC,3-MS,Mid-South Coast,16,Coos,22293,2,45001,23910213,Deer Cr,Mouth,"Deer Cr, Trib A","Millicoma R, W Fk",2011,2241,Snorkeled,4,0.01131486,0.052999999,4.367400169,54,91.5848007,1,1230.098022,390561,1,1487.027954,18.69012451,163.8999939,562.2199707,0.8946
rear,OC,3-MS,Mid-South Coast,16,Coos,22293,2,45001,23910213,Deer Cr,Mouth,"Deer Cr, Trib A","Millicoma R, W Fk",2012,1383,Snorkeled,4,0.01131486,0.052999999,4.367400169,53,91.5848007,1,1230.098022,390561,1,1487.027954,18.55502892,219.6699982,586.9000244,0.8946
rear,OC,3-MS,Mid-South Coast,16,Coos,22293,2,45001,23910213,Deer Cr,Mouth,"Deer Cr, Trib A","Millicoma R, W Fk",2013,5253,Snorkeled,4,0.01131486,0.052999999,4.367400169,51,91.5848007,1,1230.098022,390561,1,1487.027954,20.11156082,110.5100021,225.4100037,0.8946
rear,OC,3-MS,Mid-South Coast,16,Coos,22293,2,45001,23910213,Deer Cr,Mouth,"Deer Cr, Trib A","Millicoma R, W Fk",2014,1225,Snorkeled,4,0.01131486,0.052999999,4.367400169,50,91.5848007,1,1230.098022,390561,1,1487.027954,21.00436401,99.20999908,528.9099731,0.8946
rear,OC,3-MS,Mid-South Coast,16,Coos,22293.59961,1,5703,23910217,"Deer Cr, Trib B",Mouth,Headwaters,Deer Cr,2005,207,Snorkeled,3,0.055703081,0.052999999,2.696799994,70,93.8326035,1,1072.300049,390561,1,1269.640015,18.14004707,94.29000092,518.7800293,0.420509953
rear,OC,3-MS,Mid-South Coast,16,Coos,22297,1,5721,23910037,Elk Cr,Mouth,Hidden Cr,"Millicoma R, W Fk",1998,1189,Snorkeled,4,0.0145145,0.052999999,5.377299786,31,94.5864029,1,1237.060059,390561,1,1656.642944,19.70134544,146.6900024,282.8699951,0.7284
rear,OC,3-MS,Mid-South Coast,16,Coos,22297,2,5731,23910037,Elk Cr,Mouth,Hidden Cr,"Millicoma R, W Fk",1999,429,Snorkeled,4,0.0145145,0.052999999,5.314499855,52,95.3058014,1,1237.060059,390561,1,1656.642944,17.82712746,145.7100067,602.039978,0.6492
rear,OC,3-MS,Mid-South Coast,16,Coos,22297,2,5731,23910037,Elk Cr,Mouth,Hidden Cr,"Millicoma R, W Fk",2008,616,Snorkeled,4,0.0145145,0.052999999,5.314499855,19,95.3058014,1,1237.060059,390561,1,1656.642944,18.60988998,135.6600037,387.8800049,0.6492
rear,OC,3-MS,Mid-South Coast,16,Coos,22297.40039,1,5727,23910039,Elk Cr,Hidden Cr,Crane Cr,"Millicoma R, W Fk",2002,2132,Snorkeled,4,0.02078351,0.052999999,5.051499844,53,96.9281998,1,775.2130127,390561,1,1644.541016,19.55744171,140.4499969,401.4200134,0.5383
rear,OC,3-MS,Mid-South Coast,16,Coos,22297.40039,1,50735,23910039,Elk Cr,Hidden Cr,Crane Cr,"Millicoma R, W Fk",2013,1607,Snorkeled,4,0.02078351,0.052999999,5.097199917,51,96.5195007,1,775.2130127,390561,1,1644.541016,19.28825188,110.5100021,225.4100037,0.5804
rear,OC,3-MS,Mid-South Coast,16,Coos,22297.59961,1,5735,23910041,Elk Cr,Crane Cr,"Elk Cr, Trib A","Millicoma R, W Fk",2006,3010,Snorkeled,4,0.00786813,0.052999999,4.597099781,37,99.9246979,1,50.35300064,390561,1,1608.985962,19.35858727,102.2300034,209.3800049,1
rear,OC,3-MS,Mid-South Coast,16,Coos,22297.59961,1,5737,23910041,Elk Cr,Crane Cr,"Elk Cr, Trib A","Millicoma R, W Fk",2004,559,Snorkeled,4,0.00786813,0.052999999,4.752900124,74,98.7173996,1,50.35300064,390561,1,1608.985962,19.67304802,152.5099945,269.3299866,0.6215
rear,OC,3-MS,Mid-South Coast,16,Coos,22297.59961,1,5737,23910041,Elk Cr,Crane Cr,"Elk Cr, Trib A","Millicoma R, W Fk",2013,3586,Snorkeled,4,0.00786813,0.052999999,4.752900124,51,98.7173996,1,50.35300064,390561,1,1608.985962,19.12136269,105.6999969,238.9100037,0.6215
rear,OC,3-MS,Mid-South Coast,16,Coos,22297.90039,1,5743,23910043,Elk Cr,,,,2005,1013,Snorkeled,3,0.028496221,0.052999999,3.487299919,70,103.8659973,1,727.2090454,390561,1,1625.21106,18.53082085,101.5299988,513.8800049,0.498
rear,OC,3-MS,Mid-South Coast,16,Coos,22299,1,49708,23910259,Fish Cr,Mouth,"Fish Cr, Trib A","Millicoma R, W Fk",2009,1267,Snorkeled,4,0.03304432,0.064000003,3.860899925,90,95.6951981,1,550.9860229,390561,1,1465.659058,17.74166298,118.8700027,425.8200073,0.4332
rear,OC,3-MS,Mid-South Coast,16,Coos,22305.69922,1,5770,23910271,Cougar Cr,"Cougar Cr, Trib A",Headwaters,"Millicoma R, W Fk",1999,4,Snorkeled,4,0.02957277,0.066,3.538599968,52,99.9190979,1,1.947999954,390561,1,1570.286011,16.85194206,135.6499939,637.3200073,0.4443
rear,OC,3-MS,Mid-South Coast,16,Coos,22305.69922,2,5768,23910271,Cougar Cr,"Cougar Cr, Trib A",Headwaters,"Millicoma R, W Fk",2009,8,Snorkeled,3,0.02957277,0.066,2.548500061,90,101.2600021,1,1.947999954,390561,1,1570.286011,18.79043198,108.8399963,419.7099915,0.420509953
rear,OC,3-MS,Mid-South Coast,16,Coos,22309,2,50234,23910457,Johnson Cr,Mouth,"Johnson Cr, Trib A",Willanch Slough,2011,60,Snorkeled,4,0.021526409,0.008,3.213000059,54,22.6835003,4,122.3160019,165284,5,1512.392944,20.47542,83.36000061,257.9100037,0.4473
rear,OC,3-MS,Mid-South Coast,16,Coos,22310,1.1,5776,23910445,Willanch Cr,Mouth,"Willanch Cr, Trib A",Willanch Slough,2000,885,Snorkeled,4,0.00850877,0.008,4.692800045,41,22.8836994,4,253.3280029,165284,5,1392.51001,19.43140602,94.16999817,183.4299927,0.9587
rear,OC,3-MS,Mid-South Coast,16,Coos,22310,1.1,5776,23910445,Willanch Cr,Mouth,"Willanch Cr, Trib A",Willanch Slough,2003,1421,Snorkeled,4,0.00850877,0.008,4.692800045,75,22.8836994,4,253.3280029,165284,5,1392.51001,20.07018852,132.1399994,296.4599915,0.9587
rear,OC,3-MS,Mid-South Coast,16,Coos,22310.30078,1,5782,23910437,"Willanch Cr, Trib A",Mouth,Headwaters,Willanch Cr,2006,87,Snorkeled,4,0.034384921,0.048999999,3.88560009,37,25.2385998,4,119.4889984,165284,5,1454.685059,17.96377182,91.23999786,140.6300049,0.6256
rear,OC,3-MS,Mid-South Coast,16,Coos,22310.69922,1,5790,23910427,Willanch Cr,"Willanch Cr, Trib A",Headwaters,Willanch Slough,1998,0,Snorkeled,2,0.04423197,0.078000002,2.707299948,31,26.1152,4,2949.356934,165284,5,1217.640991,19.07635307,80.06999969,312.6400146,0.769477273
rear,OC,3-MS,Mid-South Coast,16,Coos,22316.90039,1,5806,23910075,Kentuck Cr,Trib B,Headwaters,Kentuck Slough,1999,342,Snorkeled,3,0.08569932,0.027000001,3.805799961,52,28.5258007,6,975.8040161,165284,6,1407.223999,17.50063515,115.4100037,284.1099854,0.6223
rear,OC,3-MS,Mid-South Coast,16,Coos,22316.90039,1,5806,23910075,Kentuck Cr,Trib B,Headwaters,Kentuck Slough,2008,347,Snorkeled,3,0.08569932,0.027000001,3.805799961,19,28.5258007,6,975.8040161,165284,6,1407.223999,17.92430115,76.19000244,234.3800049,0.6223
rear,OC,3-MS,Mid-South Coast,16,Coos,22319,0,5828,23910095,Sullivan Cr,Mouth,Headwaters,Larson Slough,1998,20,Snorkeled,3,0.04359851,0.135000005,3.489500046,31,27.5375004,6,934.8549805,549504,9,1799.980957,17.5110302,80.16000366,317.1199951,0.665426667
rear,OC,3-MS,Mid-South Coast,16,Coos,22319,3,5829,23910095,Sullivan Cr,Mouth,Headwaters,Larson Slough,2005,0,Snorkeled,3,0.04359851,0.135000005,2.162100077,70,29.5470009,6,934.8549805,549504,9,1799.980957,17.23331261,95.77999878,397.6099854,0.665426667
rear,OC,3-MS,Mid-South Coast,16,Coos,22320,3,49732,23910099,Larson Cr,Mouth,"Larson Cr, Trib A",Larson Slough,2009,535,Snorkeled,4,0.034426641,0.059999999,3.97149992,90,27.8463993,6,4118.325195,549504,9,1572.324951,17.88888741,80.26999664,230.4700012,0.512
rear,OC,3-MS,Mid-South Coast,16,Coos,22320,4,5834,23910099,Larson Cr,Mouth,"Larson Cr, Trib A",Larson Slough,2003,0,Snorkeled,4,0.034426641,0.059999999,3.608299971,75,28.8386002,6,4118.325195,549504,9,1572.324951,18.85922241,154.2799988,323.8900146,0.1054
rear,OC,3-MS,Mid-South Coast,16,Coos,22320,4,5834,23910099,Larson Cr,Mouth,"Larson Cr, Trib A",Larson Slough,2012,0,Snorkeled,4,0.034426641,0.059999999,3.608299971,53,28.8386002,6,4118.325195,549504,9,1572.324951,17.75483322,123.8199997,305.3099976,0.1054
rear,OC,3-MS,Mid-South Coast,16,Coos,22320.69922,1,46199,23910099,Larson Cr,"Larson Cr, Trib A",Headwaters,Larson Slough,2009,0,Snorkeled,3,0.034426641,0.059999999,2.604599953,90,30.0762997,6,4118.325195,549504,9,1572.324951,17.88888741,91.08000183,278.4599915,0.665426667
rear,OC,3-MS,Mid-South Coast,17,Coquille,0,0,3840,23915999,,,,,2002,22,Snorkeled,4,0.136433378,0.151999995,4.17509985,53,107.7259979,2,8875.546875,191896,3,1331.904053,17.66945839,38.52999878,80.80000305,0.621183333
rear,OC,3-MS,Mid-South Coast,17,Coquille,0,0,3862,23915855,,,,,2009,0,Snorkeled,3,0.135302082,0.202000007,2.465300083,90,73.3133011,2,5818.450195,189903,2,1388.378052,18.60362244,103.8099976,180.1000061,0.257564706
rear,OC,3-MS,Mid-South Coast,17,Coquille,0,0,3967,23915305,,,,,2011,0,Snorkeled,2,0.08054579,0.052999999,2.270100117,54,16.0846004,8,1027.579956,283924.5,3,1212.771973,16.62064934,71.59999847,247.8899994,0.56435
rear,OC,3-MS,Mid-South Coast,17,Coquille,0,0,4691,23914577,,,,,1998,0,Snorkeled,5,0.00980243,0.057999998,6.985599995,31,111.711998,1,525.3449707,247856,1,1542.553955,21.65933418,86.23000336,332.7099915,0.6911
rear,OC,3-MS,Mid-South Coast,17,Coquille,0,0,45044,23914923,,,,,2007,369,Snorkeled,6,1E-05,0.012,12.44009972,53,73.7020035,2,1860.650391,342093.5,1,1712.623047,24.1189537,108.1699982,130.2700043,1
rear,OC,3-MS,Mid-South Coast,17,Coquille,0,0,45044,23914923,,,,,2008,283,Snorkeled,6,1E-05,0.012,12.44009972,19,73.7020035,2,1860.650391,342093.5,1,1712.623047,21.57977486,65.06999969,144.5800018,1
rear,OC,3-MS,Mid-South Coast,17,Coquille,0,0,45312,23915007,,,,,2008,52,Snorkeled,7,1E-05,0.012,12.28740025,19,86.5161972,2,197.0740051,6956811,1,1713.994995,21.16870308,61.25999832,146.0200043,0.9106
rear,OC,3-MS,Mid-South Coast,17,Coquille,0,0,46934,23914601,,,,,2007,119,Snorkeled,6,0.01832151,0.022,12.5486002,53,109.4990005,1,1662.822021,247856,1,1532.496948,25.24932861,125.2600021,142.8099976,0.6129
rear,OC,3-MS,Mid-South Coast,17,Coquille,0,0,47415,23916153,,,,,2007,0,Snorkeled,1,0.160313994,0.398999989,1.184700012,53,137.7409973,1,2525.160889,443889,1,1112.58606,16.31563377,143.5099945,183.9100037,0.325644444
rear,OC,3-MS,Mid-South Coast,17,Coquille,0,0,47418,23914617,,,,,2007,969,Snorkeled,6,0.01037515,0.024,11.51959991,53,119.6910019,1,167.3699951,1267404.5,1,1520.500977,23.69729424,131.1399994,136.4900055,0.6258
rear,OC,3-MS,Mid-South Coast,17,Coquille,0,0,49237,23914769,,,,,2007,949,Snorkeled,7,0.00041302,0.039999999,13.37269974,53,89.7578964,2,11520.77539,209984,3,1580.287964,24.7911911,106.2900009,139.0200043,0.5853
rear,OC,3-MS,Mid-South Coast,17,Coquille,0,0,49467,23915261,,,,,2008,0,Snorkeled,2,0.13748543,0.118000001,2.671700001,19,124.4199982,1,2219.62793,193468,7,1625.703979,16.00009918,82.87000275,296.6900024,0.557321348
rear,OC,3-MS,Mid-South Coast,17,Coquille,0,0,49726,23915125,,,,,2009,63,Snorkeled,4,0.00548553,0.022,4.39839983,90,15.8929005,8,163.5509949,283924.5,3,1314.995972,18.29218483,91.66000366,146.4799957,0.7493
rear,OC,3-MS,Mid-South Coast,17,Coquille,0,0,50474,23915015,,,,,2012,639,Snorkeled,6,0.00135841,0.012,9.214400291,53,99.6905975,2,2122.815918,193468,1,1752.453979,21.01155472,128.4900055,230.4600067,0.8365
rear,OC,3-MS,Mid-South Coast,17,Coquille,21613,3,49973,23914389,Bill Cr,Mouth,"Bill Cr, Trib A",Bear Cr,2010,1592,Snorkeled,4,0.01332221,0.02,4.955500126,76,22.7588997,1,291.0109863,308693,1,1303.261963,18.20680237,72.59999847,423.5299988,0.5948
rear,OC,3-MS,Mid-South Coast,17,Coquille,21613,4,4176,23914389,Bill Cr,Mouth,"Bill Cr, Trib A",Bear Cr,2006,564,Snorkeled,4,0.01332221,0.02,4.835000038,37,24.3609009,1,291.0109863,308693,1,1303.261963,19.81477165,105.1999969,170.1100006,0.604
rear,OC,3-MS,Mid-South Coast,17,Coquille,21617,1,4193,23915655,Mack Cr,Mouth,Headwaters,Bear Cr,2001,0,Snorkeled,2,0.029337339,0.045000002,2.342099905,76,24.7355995,1,895.5360107,308693,1,1090.26001,17.58530235,67.90000153,231.0800018,0.664644156
rear,OC,3-MS,Mid-South Coast,17,Coquille,21618,1,4196,23914397,Bear Cr,Mack Cr,Monroe Cr,Coquille R,2003,25,Snorkeled,4,0.00497936,0.030999999,5.791600227,75,26.1222,1,318.0072021,308693,1,1379.027954,18.8934021,148.3800049,350.4200134,0.8378
rear,OC,3-MS,Mid-South Coast,17,Coquille,21618,1,4199,23914397,Bear Cr,Mack Cr,Monroe Cr,Coquille R,2011,94,Snorkeled,4,0.00497936,0.030999999,5.913899899,54,24.4167995,1,318.0072021,308693,1,1379.027954,17.62052155,76.98000336,308.9700012,0.9498
rear,OC,3-MS,Mid-South Coast,17,Coquille,21621,0,4204,23915733,Little Bear Cr,Mouth,"Little Bear Cr, Trib A",Bear Cr,2004,80,Snorkeled,3,0.040412609,0.044,3.137000084,74,30.4029007,1,1814.781006,308693,1,1219.718018,18.4907589,168.8600006,178.5200043,0.2132
rear,OC,3-MS,Mid-South Coast,17,Coquille,21622,2,4207,23914403,Bear Cr,Little Bear Cr,Headwaters,Coquille R,2005,2079,Snorkeled,4,0.02115009,0.030999999,4.535099983,70,30.2245007,1,232.302002,308693,1,1349.412964,17.8338871,93.22000122,372.5700073,0.9587
rear,OC,3-MS,Mid-South Coast,17,Coquille,21628,2,4215,23914419,Lampa Cr,Waddington Cr,Headwaters,Coquille R,2009,393,Snorkeled,4,0.01552137,0.037,4.309599876,90,23.2777004,1,36.00299835,364148,2,1089.651978,16.37597656,92.15000153,145.1900024,0.9391
rear,OC,3-MS,Mid-South Coast,17,Coquille,21628,2,4215,23914419,Lampa Cr,Waddington Cr,Headwaters,Coquille R,2012,231,Snorkeled,4,0.01552137,0.037,4.309599876,53,23.2777004,1,36.00299835,364148,2,1089.651978,16.30298615,114.1699982,234.1000061,0.9391
rear,OC,3-MS,Mid-South Coast,17,Coquille,21628,3,4220,23914419,Lampa Cr,Waddington Cr,Headwaters,Coquille R,2013,245,Snorkeled,4,0.01552137,0.037,4.163199902,51,23.8840008,1,36.00299835,364148,2,1089.651978,15.76826,76.06999969,179.6699982,0.8709
rear,OC,3-MS,Mid-South Coast,17,Coquille,21652,0,4268,23915109,Cunningham Cr,Calloway Cr,Cawfield Cr,Coquille R,2004,6,Snorkeled,5,0.00284254,0.017999999,6.072800159,74,42.7997017,4,1234.778931,272272,2,1702.696045,23.07098961,135.8899994,161.6399994,1
rear,OC,3-MS,Mid-South Coast,17,Coquille,21681,1,4313,23915581,Rollan Cr,Mouth,Headwaters,Fishtrap Cr,1998,11,Snorkeled,3,0.041694421,0.103,3.440299988,31,53.4908981,4,919.3800049,272272,1,1236.60498,18.96138573,79.77999878,306.1099854,0.3379
rear,OC,3-MS,Mid-South Coast,17,Coquille,21692,4,4334,23914489,Hall Cr,Rock Robinson Cr,Headwaters,Coquille R,2005,202,Snorkeled,4,0.02297112,0.039000001,4.488100052,70,62.6581001,2,15.39400005,272272,2,1085.753052,18.90760231,84.01000214,349.0400085,0.9934
rear,OC,3-MS,Mid-South Coast,17,Coquille,21699,5,4341,23915715,Matheny Cr,Mouth,Headwaters,"Coquille R, S Fk",2010,0,Snorkeled,3,0.02013793,0.033,2.692699909,76,64.3662033,2,728.7620239,104461,4,1339.712036,19.43222046,59.70999908,309.1900024,0.326855263
rear,OC,3-MS,Mid-South Coast,17,Coquille,21705,1,4356,23915771,Wildcat Cr,Mouth,Headwaters,Ward Cr,2003,134,Snorkeled,4,0.0288612,0.028000001,3.744100094,75,74.9392014,2,805.7000122,104461,1,1191.264038,20.75000954,140.2400055,268.0400085,0.6147
rear,OC,3-MS,Mid-South Coast,17,Coquille,21710.19922,1,4362,23914509,Ward Cr,"Ward Cr, Trib A",Headwaters,Catching Cr,2003,44,Snorkeled,3,0.0133738,0.028000001,2.657799959,75,78.5790024,2,450.7749939,104461,1,1132.802979,20.73708534,141.1699982,275.6700134,0.326855263
rear,OC,3-MS,Mid-South Coast,17,Coquille,21710.19922,1,4362,23914509,Ward Cr,"Ward Cr, Trib A",Headwaters,Catching Cr,2004,149,Snorkeled,3,0.0133738,0.028000001,2.657799959,74,78.5790024,2,450.7749939,104461,1,1132.802979,21.24466896,143.7799988,157.7599945,0.326855263
rear,OC,3-MS,Mid-South Coast,17,Coquille,21710.19922,1,4362,23914509,Ward Cr,"Ward Cr, Trib A",Headwaters,Catching Cr,2005,161,Snorkeled,3,0.0133738,0.028000001,2.657799959,70,78.5790024,2,450.7749939,104461,1,1132.802979,20.87427711,84.83000183,347.2399902,0.326855263
rear,OC,3-MS,Mid-South Coast,17,Coquille,21710.19922,1,4362,23914509,Ward Cr,"Ward Cr, Trib A",Headwaters,Catching Cr,2006,10,Snorkeled,3,0.0133738,0.028000001,2.657799959,37,78.5790024,2,450.7749939,104461,1,1132.802979,20.86876869,88.45999908,129.7299957,0.326855263
rear,OC,3-MS,Mid-South Coast,17,Coquille,21710.19922,1,4362,23914509,Ward Cr,"Ward Cr, Trib A",Headwaters,Catching Cr,2007,190,Snorkeled,3,0.0133738,0.028000001,2.657799959,53,78.5790024,2,450.7749939,104461,1,1132.802979,21.561203,113.8700027,121.4800034,0.326855263
rear,OC,3-MS,Mid-South Coast,17,Coquille,21710.19922,1,4362,23914509,Ward Cr,"Ward Cr, Trib A",Headwaters,Catching Cr,2008,34,Snorkeled,3,0.0133738,0.028000001,2.657799959,19,78.5790024,2,450.7749939,104461,1,1132.802979,19.75284004,70.83000183,130.8000031,0.326855263
rear,OC,3-MS,Mid-South Coast,17,Coquille,21710.19922,1,4362,23914509,Ward Cr,"Ward Cr, Trib A",Headwaters,Catching Cr,2010,216,Snorkeled,3,0.0133738,0.028000001,2.657799959,76,78.5790024,2,450.7749939,104461,1,1132.802979,18.90566254,60.91999817,321.0499878,0.326855263
rear,OC,3-MS,Mid-South Coast,17,Coquille,21710.19922,1,4362,23914509,Ward Cr,"Ward Cr, Trib A",Headwaters,Catching Cr,2011,108,Snorkeled,3,0.0133738,0.028000001,2.657799959,54,78.5790024,2,450.7749939,104461,1,1132.802979,19.65990067,71.26000214,240.9199982,0.326855263
rear,OC,3-MS,Mid-South Coast,17,Coquille,21710.19922,1,4362,23914509,Ward Cr,"Ward Cr, Trib A",Headwaters,Catching Cr,2012,143,Snorkeled,3,0.0133738,0.028000001,2.657799959,53,78.5790024,2,450.7749939,104461,1,1132.802979,19.7642765,113.9899979,227.75,0.326855263
rear,OC,3-MS,Mid-South Coast,17,Coquille,21710.19922,1,4362,23914509,Ward Cr,"Ward Cr, Trib A",Headwaters,Catching Cr,2013,44,Snorkeled,3,0.0133738,0.028000001,2.657799959,51,78.5790024,2,450.7749939,104461,1,1132.802979,20.20681572,76.05999756,178.4400024,0.326855263
rear,OC,3-MS,Mid-South Coast,17,Coquille,21710.19922,1,4362,23914509,Ward Cr,"Ward Cr, Trib A",Headwaters,Catching Cr,2014,4,Snorkeled,3,0.0133738,0.028000001,2.657799959,50,78.5790024,2,450.7749939,104461,1,1132.802979,21.4540081,66.55000305,166.3899994,0.326855263
rear,OC,3-MS,Mid-South Coast,17,Coquille,21715,1,4385,23914515,Catching Cr,Wolf Cr,"Catching Cr, M Fk","Coquille R, S Fk",2009,509,Snorkeled,6,0.00555555,0.052000001,6.929599762,90,78.4872971,2,433.3869019,104461,1,1621.43103,20.1905899,87.77999878,131.1100006,0.7444
rear,OC,3-MS,Mid-South Coast,17,Coquille,21724.69922,1,4405,23915933,"Catching Cr, S Fk","Catching Cr, S Fk, Trib A",Headwaters,Catching Cr,2012,166,Snorkeled,4,0.053097039,0.052000001,3.85010004,53,84.0276031,2,358.4030151,104461,1,1551.081055,18.37412834,118.9700012,218.6300049,0.6976
rear,OC,3-MS,Mid-South Coast,17,Coquille,21736,1,4421,23915783,King Cr,Mouth,Smith Cr,"Coquille R, M Fk",2006,888,Snorkeled,5,0.01793302,0.128000006,4.47660017,37,77.4618988,2,113.7149963,189903,2,1610.274048,19.18406487,90.48000336,131.7899933,0.5547
rear,OC,3-MS,Mid-South Coast,17,Coquille,21740,1,4427,23914901,Big Cr,Mouth,Fall Cr,"Coquille R, M Fk",1999,20,Snorkeled,5,0.00260858,0.039999999,7.92110014,52,78.9532013,1,1201.182007,141754,2,1678.953003,20.09556389,86.27999878,262.8200073,0.8141
rear,OC,3-MS,Mid-South Coast,17,Coquille,21742,3.0999999,50224,23914903,Big Cr,Fall Cr,Brownson Cr,"Coquille R, M Fk",2011,1896,Snorkeled,5,0.00262255,0.039999999,7.261300087,54,87.2097015,1,270.42099,141754,1,1672.246948,19.53175354,78.98000336,258.5100098,0.8523
rear,OC,3-MS,Mid-South Coast,17,Coquille,21742,4,4441,23914903,Big Cr,Fall Cr,Brownson Cr,"Coquille R, M Fk",1999,108,Snorkeled,5,0.00262255,0.039999999,7.315199852,52,86.0087967,1,270.42099,141754,1,1672.246948,19.3899498,90.62000275,292.1199951,0.7539
rear,OC,3-MS,Mid-South Coast,17,Coquille,21744,1,4456,23914907,Big Cr,Axe Cr,Bear Cr,"Coquille R, M Fk",2012,852,Snorkeled,5,0.00946655,0.039999999,6.568099976,53,89.9455032,1,2114.949951,141754,2,1665.965942,19.32074738,128.5700073,244.5399933,0.5654
rear,OC,3-MS,Mid-South Coast,17,Coquille,21748,3,4461,23914909,Big Cr,Bear Cr,Swamp Cr,"Coquille R, M Fk",1998,0,Snorkeled,5,0.028494701,0.128000006,5.649099827,31,95.9636993,1,6456.813965,141754,1,1669.744995,19.87961197,63.31000137,358.3399963,0.3956
rear,OC,3-MS,Mid-South Coast,17,Coquille,21748,3,50236,23914909,Big Cr,Bear Cr,Swamp Cr,"Coquille R, M Fk",2011,359,Snorkeled,5,0.028494701,0.128000006,5.833899975,54,94.6564026,1,6456.813965,141754,1,1669.744995,17.62626648,77.33999634,262.1400146,0.495
rear,OC,3-MS,Mid-South Coast,17,Coquille,21748.69922,1,4479,23914911,Big Cr,Swamp Cr,Headwaters,"Coquille R, M Fk",2004,0,Snorkeled,4,0.02706453,0.128000006,4.121399879,74,97.6781998,1,1109.876953,141754,1,1925.052979,19.12021065,141.6000061,206.7599945,0.4617
rear,OC,3-MS,Mid-South Coast,17,Coquille,21755,2,50499,23914735,Rock Cr,Rasler Cr,Wooden Rock Cr,Myrtle Cr,2012,3411,Snorkeled,6,0.00579741,0.055,8.574399948,53,94.2341003,2,886.2540283,274349,3,1690.234985,20.32641983,138.0099945,242.2899933,0.9658
rear,OC,3-MS,Mid-South Coast,17,Coquille,21755,5,4504,23914739,Rock Cr,Rasler Cr,Wooden Rock Cr,Myrtle Cr,2000,1634,Snorkeled,6,0.01571052,0.055,8.003100395,41,100.3720016,1,2428.856934,274349,3,1656.206055,18.7573185,113.9899979,210.2299957,0.5804
rear,OC,3-MS,Mid-South Coast,17,Coquille,21755,5,4504,23914739,Rock Cr,Rasler Cr,Wooden Rock Cr,Myrtle Cr,2003,1336,Snorkeled,6,0.01571052,0.055,8.003100395,75,100.3720016,1,2428.856934,274349,3,1656.206055,21.43375015,131.8200073,379.730011,0.5804
rear,OC,3-MS,Mid-South Coast,17,Coquille,21755,5,4504,23914739,Rock Cr,Rasler Cr,Wooden Rock Cr,Myrtle Cr,2006,1066,Snorkeled,6,0.01571052,0.055,8.003100395,37,100.3720016,1,2428.856934,274349,3,1656.206055,21.08804512,93.26999664,137.9499969,0.5804
rear,OC,3-MS,Mid-South Coast,17,Coquille,21755,5,4504,23914739,Rock Cr,Rasler Cr,Wooden Rock Cr,Myrtle Cr,2012,720,Snorkeled,6,0.01571052,0.055,8.003100395,53,100.3720016,1,2428.856934,274349,3,1656.206055,19.11975288,147.5899963,227.2100067,0.5804
rear,OC,3-MS,Mid-South Coast,17,Coquille,21755,7,4497,23914743,Rock Cr,Rasler Cr,Wooden Rock Cr,Myrtle Cr,2002,22,Snorkeled,6,0.036249999,0.055,7.628099918,53,103.189003,1,9207.771484,274349,3,1683.894043,20.24339104,123.7799988,167.4100037,0.4739
rear,OC,3-MS,Mid-South Coast,17,Coquille,21755,7,4497,23914743,Rock Cr,Rasler Cr,Wooden Rock Cr,Myrtle Cr,2011,15,Snorkeled,6,0.036249999,0.055,7.628099918,54,103.189003,1,9207.771484,274349,3,1683.894043,17.66571808,96.33000183,268.3699951,0.4739
rear,OC,3-MS,Mid-South Coast,17,Coquille,21755,7,4507,23914741,Rock Cr,Rasler Cr,Wooden Rock Cr,Myrtle Cr,2001,2972,Snorkeled,6,0.00411053,0.055,7.855899811,76,101.6780014,1,710.1760254,274349,3,1652.994995,18.82134056,57.56999969,223.6399994,0.6084
rear,OC,3-MS,Mid-South Coast,17,Coquille,21758,1.1,4517,23914719,Myrtle Cr,Rock Cr,Alder Cr,"Coquille R, M Fk",2006,465,Snorkeled,5,0.01338273,0.055,7.914899826,37,90.7929993,2,727.6630249,1503920,2,1602.81897,21.67691994,99.80000305,136.3399963,0.5755
rear,OC,3-MS,Mid-South Coast,17,Coquille,21766,1.1,4525,23915861,Belieu Cr,Mouth,"Belieu Cr, Trib A","Coquille R, M Fk",2003,197,Snorkeled,4,0.05662087,0.103,3.930299997,75,86.0259018,2,515.6560059,209984,3,1666.31897,18.23550034,117.3499985,333.2799988,0.6332
rear,OC,3-MS,Mid-South Coast,17,Coquille,21767.69922,1,45032,23914765,"Coquille R, M Fk",Anderson Cr,Tanner Cr,"Coquille R, S Fk",2007,336,Snorkeled,7,0.00658064,0.039999999,13.47980022,53,86.3481979,2,2709.009521,209984,2,1582.660034,24.86648178,106.2900009,139.0200043,0.63
rear,OC,3-MS,Mid-South Coast,17,Coquille,21771,1,45430,23914769,"Coquille R, M Fk",Frenchie Cr,Sandy Cr,"Coquille R, S Fk",2008,0,Snorkeled,7,0.00041302,0.039999999,13.40789986,19,88.3546982,2,11520.77539,209984,3,1580.287964,22.90039444,64.55999756,156.6600037,0.5705
rear,OC,3-MS,Mid-South Coast,17,Coquille,21772.69922,1,4539,23914883,Sandy Cr,"Sandy Cr, Trib B","Sandy Cr, Trib F","Coquille R, M",2002,1133,Snorkeled,5,0.00372039,0.039999999,6.95179987,53,95.0057983,2,2684.260986,171545,1,1807.883057,22.6375618,58.36999893,113.7900009,1
rear,OC,3-MS,Mid-South Coast,17,Coquille,21772.69922,1,4547,23914881,Sandy Cr,"Sandy Cr, Trib B","Sandy Cr, Trib F","Coquille R, M",2005,258,Snorkeled,5,0.00526244,0.039999999,7.227900028,70,93.033699,2,2684.260986,171545,2,1803.953979,23.75387383,82.62000275,335.0799866,1
rear,OC,3-MS,Mid-South Coast,17,Coquille,21772.69922,3,4546,23914885,Sandy Cr,"Sandy Cr, Trib B","Sandy Cr, Trib F","Coquille R, M",1999,725,Snorkeled,5,0.01046666,0.077,6.732600212,52,97.4794998,2,1359.04895,171545,1,1800.119995,20.00532341,71.05999756,230.7899933,0.9291
rear,OC,3-MS,Mid-South Coast,17,Coquille,21772.69922,3,4546,23914885,Sandy Cr,"Sandy Cr, Trib B","Sandy Cr, Trib F","Coquille R, M",2008,652,Snorkeled,5,0.01046666,0.077,6.732600212,19,97.4794998,2,1359.04895,171545,1,1800.119995,20.94392014,59.09000015,161.1799927,0.9291
rear,OC,3-MS,Mid-South Coast,17,Coquille,21775,3,45002,23914773,"Coquille R, M Fk",Slide Cr,Rock Cr,"Coquille R, S Fk",2007,205,Snorkeled,7,0.00266568,0.039999999,12.77499962,53,94.0755997,2,615.0709839,191896,1,1542.496948,24.60676956,96.48999786,133.5500031,0.6339
rear,OC,3-MS,Mid-South Coast,17,Coquille,21775,3,45002,23914773,"Coquille R, M Fk",Slide Cr,Rock Cr,"Coquille R, S Fk",2008,47,Snorkeled,7,0.00266568,0.039999999,12.77499962,19,94.0755997,2,615.0709839,191896,1,1542.496948,22.75983429,63.29000092,151.5299988,0.6339
rear,OC,3-MS,Mid-South Coast,17,Coquille,21780,0,4582,23914861,Rock Cr,Little Rock Cr,Rock Cr Trib D,"Coquille R, M Fk",1998,300,Snorkeled,5,0.062711626,0.048,7.566299915,31,97.6337967,2,6370.851074,93805,1,1540.786011,19.76159096,56.16999817,301.3099976,0.5878
rear,OC,3-MS,Mid-South Coast,17,Coquille,21782,2,4592,23915179,Slater Cr,Mouth,Headwaters,"Coquille R, M Fk",2011,1371,Snorkeled,4,0.034476709,0.066,5.277999878,54,106.0899963,2,3256.090088,191896,3,1711.303955,16.84583473,74.95999908,226.9299927,0.6669
rear,OC,3-MS,Mid-South Coast,17,Coquille,21827,2,4629,23916183,Rhoda Cr,Mouth,Headwaters,"Coquille R, S Fk",2013,25,Snorkeled,4,0.057052631,0.078000002,3.688899994,51,72.3473969,2,715.6019897,115451,1,1596.860962,20.55021477,75.25,179.5099945,0.5899
rear,OC,3-MS,Mid-South Coast,17,Coquille,21833.30078,1,49731,23915967,"Dement Cr, Trib A",Mouth,Headwaters,Dement Cr,2009,286,Snorkeled,4,0.05768672,0.064000003,4.068099976,90,88.4766998,2,697.434021,115451,1,1394.157959,18.94857216,126.4700012,158.8000031,0.7213
rear,OC,3-MS,Mid-South Coast,17,Coquille,21833.59961,3,4648,23914541,Dement Cr,"Dement Cr, Trib B",Headwaters,"Coquille R, S Fk",1998,381,Snorkeled,4,0.042176992,0.064000003,3.807600021,31,89.7975006,2,3318.358887,115451,1,1459.822021,18.52517319,67.91000366,278.8800049,0.4388
rear,OC,3-MS,Mid-South Coast,17,Coquille,21841,4,4669,23914557,Rowland Cr,Mouth,Headwaters,"Coquille R, S Fk",2001,0,Snorkeled,4,0.021494251,0.075000003,3.760299921,76,102.3820038,2,2124.466064,249470,2,1344.052002,19.37994766,56.27000046,203.1900024,0.3019
rear,OC,3-MS,Mid-South Coast,17,Coquille,21845,1,4672,23914563,Baker Cr,Mouth,Headwaters,"Coquille R, S Fk",2001,64,Snorkeled,5,0.04186501,0.112000003,5.152100086,76,99.7015991,2,907.5059814,249470,1,1377.331055,18.81911469,52.20999908,201.1300049,0.823
rear,OC,3-MS,Mid-South Coast,17,Coquille,21845,1,4672,23914563,Baker Cr,Mouth,Headwaters,"Coquille R, S Fk",2010,280,Snorkeled,5,0.04186501,0.112000003,5.152100086,76,99.7015991,2,907.5059814,249470,1,1377.331055,19.27576828,71.13999939,369.7000122,0.823
rear,OC,3-MS,Mid-South Coast,17,Coquille,21853.69922,1,4699,23914577,Salmon Cr,Two By Four Cr,Pyburn Cr,"Coquille R, S Fk",1998,783,Snorkeled,5,0.00980243,0.057999998,6.973700047,31,112.1080017,1,525.3449707,65010,1,1542.553955,21.65933418,86.23000336,332.7099915,0.6084
rear,OC,3-MS,Mid-South Coast,17,Coquille,21853.69922,1,4699,23914577,Salmon Cr,Two By Four Cr,Pyburn Cr,"Coquille R, S Fk",1999,0,Snorkeled,5,0.00980243,0.057999998,6.973700047,52,112.1080017,1,525.3449707,65010,1,1542.553955,19.22824287,107.8199997,245.9299927,0.6084
rear,OC,3-MS,Mid-South Coast,17,Coquille,21853.69922,1,4699,23914577,Salmon Cr,Two By Four Cr,Pyburn Cr,"Coquille R, S Fk",2003,809,Snorkeled,5,0.00980243,0.057999998,6.973700047,75,112.1080017,1,525.3449707,65010,1,1542.553955,21.18442345,142.8099976,380.769989,0.6084
rear,OC,3-MS,Mid-South Coast,17,Coquille,21853.69922,1,4699,23914577,Salmon Cr,Two By Four Cr,Pyburn Cr,"Coquille R, S Fk",2004,1211,Snorkeled,5,0.00980243,0.057999998,6.973700047,74,112.1080017,1,525.3449707,65010,1,1542.553955,21.4275322,176.7799988,185.0299988,0.6084
rear,OC,3-MS,Mid-South Coast,17,Coquille,21853.69922,1,4699,23914577,Salmon Cr,Two By Four Cr,Pyburn Cr,"Coquille R, S Fk",2005,607,Snorkeled,5,0.00980243,0.057999998,6.973700047,70,112.1080017,1,525.3449707,65010,1,1542.553955,21.24096107,113.9199982,368.5400085,0.6084
rear,OC,3-MS,Mid-South Coast,17,Coquille,21853.69922,1,4699,23914577,Salmon Cr,Two By Four Cr,Pyburn Cr,"Coquille R, S Fk",2006,599,Snorkeled,5,0.00980243,0.057999998,6.973700047,37,112.1080017,1,525.3449707,65010,1,1542.553955,20.86781693,98.18000031,155.3399963,0.6084
rear,OC,3-MS,Mid-South Coast,17,Coquille,21853.69922,1,4699,23914577,Salmon Cr,Two By Four Cr,Pyburn Cr,"Coquille R, S Fk",2011,990,Snorkeled,5,0.00980243,0.057999998,6.973700047,54,112.1080017,1,525.3449707,65010,1,1542.553955,19.04732323,96.19999695,287.3099976,0.6084
rear,OC,3-MS,Mid-South Coast,17,Coquille,21853.69922,1,4699,23914577,Salmon Cr,Two By Four Cr,Pyburn Cr,"Coquille R, S Fk",2012,1085,Snorkeled,5,0.00980243,0.057999998,6.973700047,53,112.1080017,1,525.3449707,65010,1,1542.553955,19.3187027,171.0299988,251.2899933,0.6084
rear,OC,3-MS,Mid-South Coast,17,Coquille,21853.69922,1,4699,23914577,Salmon Cr,Two By Four Cr,Pyburn Cr,"Coquille R, S Fk",2014,630,Snorkeled,5,0.00980243,0.057999998,6.973700047,50,112.1080017,1,525.3449707,65010,1,1542.553955,21.32576561,90.27999878,183.3600006,0.6084
rear,OC,3-MS,Mid-South Coast,17,Coquille,21879,2,4732,23916093,Upper Land Cr,Mouth,Headwaters,"Coquille R, S Fk",1999,0,Snorkeled,4,0.100743622,0.153999999,3.620399952,52,116.0849991,1,5201.648926,247856,1,1564.772949,16.79450989,108.4599991,240.4400024,0.30645
rear,OC,3-MS,Mid-South Coast,17,Coquille,21885,1,4735,23916113,Delta Cr,Mouth,Headwaters,"Coquille R, S Fk",2000,0,Snorkeled,4,0.226937845,0.219999999,4.254399776,41,122.0370026,1,8679.728516,1267404.5,1,1848.281982,13.80854321,144.0099945,276.5799866,0.36602
rear,OC,3-MS,Mid-South Coast,17,Coquille,21892,1,4739,23914635,Johnson Cr,Jim Hayes Cr,Blue Cr,"Coquille R, S Fk",2000,0,Snorkeled,5,0.017700581,0.074000001,6.829500198,41,129.0590057,1,2588.99707,349097,1,1355.702026,17.21430588,144.0099945,276.5799866,0.6395
rear,OC,3-MS,Mid-South Coast,17,Coquille,21894,0,4742,23914637,Johnson Cr,Sucker Cr,Granite Cr,"Coquille R, S Fk",1998,0,Snorkeled,5,0.03779842,0.074000001,5.664599895,31,132.1199951,1,12261.68945,349097,1,1276.514038,18.87232018,125.8700027,414.480011,0.1749
rear,OC,3-MS,Mid-South Coast,17,Coquille,21895,1,305018,23916117,Johnson Cr,Granite Cr,Headwaters,"Coquille R, S Fk",2007,0,Snorkeled,4,0.05991625,0.088,4.541500092,53,134.0310059,1,1865.421997,349097,1,1247.878052,17.20011139,132.9199982,168.9400024,0.5081
rear,OC,3-MS,Mid-South Coast,17,Coquille,21896,0,4749,23914647,"Coquille R, S Fk",Johnson Cr,Kelly Cr,Coquille R,2005,126,Snorkeled,6,1E-05,0.059999999,10.39420033,70,128.3170013,1,1032.238037,1267405,1,1499.740967,23.42541313,137.5200043,412.6099854,0.619
rear,OC,3-MS,Mid-South Coast,17,Coquille,21900,1,4753,23914651,"Coquille R, S Fk",Fall Cr,Hosposko Cr,Coquille R,2011,1647,Snorkeled,6,0.0144018,0.059999999,10.23069954,54,131.4499969,1,3919.784912,1267404.5,1,1478.631958,18.82344627,116.8899994,299.8200073,0.5853
rear,OC,3-MS,Mid-South Coast,17,Coquille,21901,0,4755,23916147,Hosposko Cr,Mouth,Headwaters,"Coquille R, S Fk",1999,0,Snorkeled,3,0.196829855,0.238000005,2.946000099,52,132.6210022,1,8267.035156,1267404.5,1,1482.061035,13.86041546,131.2200012,210.0299988,0.36602
rear,OC,3-MS,Mid-South Coast,17,Coquille,21903,1,4757,23915169,Rock Cr,Mouth,Crater Cr,"Coquille R, S Fk",2003,281,Snorkeled,5,0.0266548,0.059999999,6.638299942,75,133.8240051,1,1513.137939,443889,1,1365.457031,19.25151253,150.2700043,392.0899963,0.5804
rear,OC,3-MS,Mid-South Coast,17,Coquille,21903,1,4757,23915169,Rock Cr,Mouth,Crater Cr,"Coquille R, S Fk",2012,155,Snorkeled,5,0.0266548,0.059999999,6.638299942,53,133.8240051,1,1513.137939,443889,1,1365.457031,15.80787754,220.0500031,256.8800049,0.5804
rear,OC,3-MS,Mid-South Coast,17,Coquille,21903,2,47011,23915169,Rock Cr,Mouth,Crater Cr,"Coquille R, S Fk",2010,330,Snorkeled,5,0.0266548,0.059999999,6.349999905,76,135.7960052,1,1513.137939,443889,1,1365.457031,19.07281113,96.55000305,429.6000061,0.5948
rear,OC,3-MS,Mid-South Coast,17,Coquille,21906,1,4758,23916151,Crater Cr,Chrome Cr,Headwaters,Rock Cr,2006,0,Snorkeled,2,0.186267525,0.122000001,2.22939992,37,136.901001,1,2117.006104,443889,1,1412.355957,15.06791019,117.8600006,189.9900055,0.325644444
rear,OC,3-MS,Mid-South Coast,17,Coquille,21910,1,46814,23915173,Sand Cr,Mouth,Headwaters,Rock Cr,2010,0,Snorkeled,3,0.026027041,0.256000012,3.138900042,76,137.5970001,1,15303.38184,443889,1,1289.506958,18.54483986,111.5599976,426.8500061,0.325644444
rear,OC,3-MS,Mid-South Coast,17,Coquille,21910,1,46814,23915173,Sand Cr,Mouth,Headwaters,Rock Cr,2013,0,Snorkeled,3,0.026027041,0.256000012,3.138900042,51,137.5970001,1,15303.38184,443889,1,1289.506958,19.63627434,87.83000183,196.6499939,0.325644444
rear,OC,3-MS,Mid-South Coast,17,Coquille,21946,1,4794,23915693,Johns Cr,Mouth,Headwaters,"Coquille R, N Fk",1998,0,Snorkeled,4,0.058365591,0.041000001,3.923799992,31,70.8414001,2,1054.155029,6956811,2,1430.082031,20.00240517,64.47000122,317.7000122,0.5618
rear,OC,3-MS,Mid-South Coast,17,Coquille,21946,1,4794,23915693,Johns Cr,Mouth,Headwaters,"Coquille R, N Fk",1999,0,Snorkeled,4,0.058365591,0.041000001,3.923799992,52,70.8414001,2,1054.155029,6956811,2,1430.082031,17.72086143,87.83999634,252.2200012,0.5618
rear,OC,3-MS,Mid-South Coast,17,Coquille,21946,1,4794,23915693,Johns Cr,Mouth,Headwaters,"Coquille R, N Fk",2000,0,Snorkeled,4,0.058365591,0.041000001,3.923799992,41,70.8414001,2,1054.155029,6956811,2,1430.082031,18.20962524,100.6800003,197.1799927,0.5618
rear,OC,3-MS,Mid-South Coast,17,Coquille,21946,1,4794,23915693,Johns Cr,Mouth,Headwaters,"Coquille R, N Fk",2001,397,Snorkeled,4,0.058365591,0.041000001,3.923799992,76,70.8414001,2,1054.155029,6956811,2,1430.082031,18.29965591,55.36000061,215.3000031,0.5618
rear,OC,3-MS,Mid-South Coast,17,Coquille,21946,1,4794,23915693,Johns Cr,Mouth,Headwaters,"Coquille R, N Fk",2002,273,Snorkeled,4,0.058365591,0.041000001,3.923799992,53,70.8414001,2,1054.155029,6956811,2,1430.082031,19.54605484,95.62000275,165.8000031,0.5618
rear,OC,3-MS,Mid-South Coast,17,Coquille,21946,1,4794,23915693,Johns Cr,Mouth,Headwaters,"Coquille R, N Fk",2003,144,Snorkeled,4,0.058365591,0.041000001,3.923799992,75,70.8414001,2,1054.155029,6956811,2,1430.082031,19.56679916,132.6199951,329.6799927,0.5618
rear,OC,3-MS,Mid-South Coast,17,Coquille,21946,1,4794,23915693,Johns Cr,Mouth,Headwaters,"Coquille R, N Fk",2004,124,Snorkeled,4,0.058365591,0.041000001,3.923799992,74,70.8414001,2,1054.155029,6956811,2,1430.082031,19.98340225,141.6699982,178.9499969,0.5618
rear,OC,3-MS,Mid-South Coast,17,Coquille,21946,1,4794,23915693,Johns Cr,Mouth,Headwaters,"Coquille R, N Fk",2005,161,Snorkeled,4,0.058365591,0.041000001,3.923799992,70,70.8414001,2,1054.155029,6956811,2,1430.082031,19.62354469,97,376.4500122,0.5618
rear,OC,3-MS,Mid-South Coast,17,Coquille,21946,1,4794,23915693,Johns Cr,Mouth,Headwaters,"Coquille R, N Fk",2006,276,Snorkeled,4,0.058365591,0.041000001,3.923799992,37,70.8414001,2,1054.155029,6956811,2,1430.082031,19.40084648,91.98999786,145.2200012,0.5618
rear,OC,3-MS,Mid-South Coast,17,Coquille,21946,1,4794,23915693,Johns Cr,Mouth,Headwaters,"Coquille R, N Fk",2009,322,Snorkeled,4,0.058365591,0.041000001,3.923799992,90,70.8414001,2,1054.155029,6956811,2,1430.082031,19.07263565,92.84999847,180.8500061,0.5618
rear,OC,3-MS,Mid-South Coast,17,Coquille,21946,1,4794,23915693,Johns Cr,Mouth,Headwaters,"Coquille R, N Fk",2011,289,Snorkeled,4,0.058365591,0.041000001,3.923799992,54,70.8414001,2,1054.155029,6956811,2,1430.082031,18.19060516,77.08999634,263.7799988,0.5618
rear,OC,3-MS,Mid-South Coast,17,Coquille,21946,1,4794,23915693,Johns Cr,Mouth,Headwaters,"Coquille R, N Fk",2012,207,Snorkeled,4,0.058365591,0.041000001,3.923799992,53,70.8414001,2,1054.155029,6956811,2,1430.082031,18.41457558,122.2200012,241.1999969,0.5618
rear,OC,3-MS,Mid-South Coast,17,Coquille,21946,1,4794,23915693,Johns Cr,Mouth,Headwaters,"Coquille R, N Fk",2013,235,Snorkeled,4,0.058365591,0.041000001,3.923799992,51,70.8414001,2,1054.155029,6956811,2,1430.082031,19.36904335,76.06999969,212.25,0.5618
rear,OC,3-MS,Mid-South Coast,17,Coquille,21946,1,4794,23915693,Johns Cr,Mouth,Headwaters,"Coquille R, N Fk",2014,204,Snorkeled,4,0.058365591,0.041000001,3.923799992,50,70.8414001,2,1054.155029,6956811,2,1430.082031,20.03892899,70.69999695,187.5,0.5618
rear,OC,3-MS,Mid-South Coast,17,Coquille,21949,2,4797,23915609,Weekly Cr,Mouth,Trib A,"Coquille R, E Fk",1998,361,Snorkeled,4,0.00582037,0.015,4.7645998,31,76.3888016,2,566.427002,342093.5,1,1671.886963,22.45394135,57.16999817,307.9599915,0.7762
rear,OC,3-MS,Mid-South Coast,17,Coquille,21949,2,4797,23915609,Weekly Cr,Mouth,Trib A,"Coquille R, E Fk",2001,932,Snorkeled,4,0.00582037,0.015,4.7645998,76,76.3888016,2,566.427002,342093.5,1,1671.886963,20.65906143,54.50999832,215.6399994,0.7762
rear,OC,3-MS,Mid-South Coast,17,Coquille,21949,2,4797,23915609,Weekly Cr,Mouth,Trib A,"Coquille R, E Fk",2007,248,Snorkeled,4,0.00582037,0.015,4.7645998,53,76.3888016,2,566.427002,342093.5,1,1671.886963,22.7650528,103.9599991,131.1399994,0.7762
rear,OC,3-MS,Mid-South Coast,17,Coquille,21949,2,4797,23915609,Weekly Cr,Mouth,Trib A,"Coquille R, E Fk",2010,878,Snorkeled,4,0.00582037,0.015,4.7645998,76,76.3888016,2,566.427002,342093.5,1,1671.886963,19.9052124,58.72000122,342.8999939,0.7762
rear,OC,3-MS,Mid-South Coast,17,Coquille,21949,2,4797,23915609,Weekly Cr,Mouth,Trib A,"Coquille R, E Fk",2013,640,Snorkeled,4,0.00582037,0.015,4.7645998,51,76.3888016,2,566.427002,342093.5,1,1671.886963,21.48470497,72.04000092,198.8300018,0.7762
rear,OC,3-MS,Mid-South Coast,17,Coquille,21949.09961,1,49706,23915639,"Weekly Cr, Trib A",Mouth,Headwaters,Weekly Cr,2009,38,Snorkeled,3,0.04853246,0.044,2.515599966,90,77.7901001,2,498.82901,342093.5,1,1178.350952,19.66749001,92.84999847,180.8500061,0.512588679
rear,OC,3-MS,Mid-South Coast,17,Coquille,21951.09961,1,3897,23915645,"Elk Cr, Trib A",Mouth,Headwaters,Elk Cr,2011,0,Snorkeled,3,0.092818879,0.143999994,3.254800081,54,81.0578995,2,7077.021973,124819,1,1583.968018,16.55680466,75.05000305,259.480011,0.533505263
rear,OC,3-MS,Mid-South Coast,17,Coquille,21951.09961,1,3897,23915645,"Elk Cr, Trib A",Mouth,Headwaters,Elk Cr,2014,0,Snorkeled,3,0.092818879,0.143999994,3.254800081,50,81.0578995,2,7077.021973,124819,1,1583.968018,18.42918205,70.44999695,212.0299988,0.533505263
rear,OC,3-MS,Mid-South Coast,17,Coquille,21951.19922,1,4811,23914933,Elk Cr,"Elk Cr, Trib A","Elk Cr, S Fk","Coquille R, E Fk",2000,364,Snorkeled,5,0.00515251,0.024,6.478099823,41,81.1377029,2,38.99100113,124819,1,1729.737061,17.6657486,86.75,192.0299988,0.8081
rear,OC,3-MS,Mid-South Coast,17,Coquille,21951.19922,1,4811,23914933,Elk Cr,"Elk Cr, Trib A","Elk Cr, S Fk","Coquille R, E Fk",2009,878,Snorkeled,5,0.00515251,0.024,6.478099823,90,81.1377029,2,38.99100113,124819,1,1729.737061,18.34005165,84.27999878,206.8000031,0.8081
rear,OC,3-MS,Mid-South Coast,17,Coquille,21951.30078,1,4814,23915625,"Elk Cr, S Fk",Mouth,"Elk Cr, S Fk, Trib A",Elk Cr,2006,1706,Snorkeled,4,0.00935653,0.024,5.685400009,37,84.6885986,2,2007.235596,124819,1,1774.473999,18.25615311,88.80999756,134.6000061,0.7218
rear,OC,3-MS,Mid-South Coast,17,Coquille,21951.5,2,4828,23915643,"Elk Cr, S Fk","Elk Cr, S Fk, Trib A",Headwaters,Elk Cr,1999,917,Snorkeled,4,0.01383589,0.029999999,4.956799984,52,87.3123016,2,3252.960938,124819,1,1969.008057,15.8324976,91.44000244,305.9299927,0.4665
rear,OC,3-MS,Mid-South Coast,17,Coquille,21951.69922,1,4829,23914935,Elk Cr,"Elk Cr, S Fk","Elk Cr, Trib B","Coquille R, E Fk",1999,0,Snorkeled,4,0.017938521,0.024,4.203199863,52,84.0951004,2,596.0419922,124819,1,1589.884033,18.43024445,101.6500015,297.4899902,0.4833
rear,OC,3-MS,Mid-South Coast,17,Coquille,21951.69922,1,4829,23914935,Elk Cr,"Elk Cr, S Fk","Elk Cr, Trib B","Coquille R, E Fk",2002,515,Snorkeled,4,0.017938521,0.024,4.203199863,53,84.0951004,2,596.0419922,124819,1,1589.884033,20.34840202,91.47000122,163.5700073,0.4833
rear,OC,3-MS,Mid-South Coast,17,Coquille,21951.69922,1,4829,23914935,Elk Cr,"Elk Cr, S Fk","Elk Cr, Trib B","Coquille R, E Fk",2005,591,Snorkeled,4,0.017938521,0.024,4.203199863,70,84.0951004,2,596.0419922,124819,1,1589.884033,20.35978508,82.76999664,365.5100098,0.4833
rear,OC,3-MS,Mid-South Coast,17,Coquille,21951.69922,1,4829,23914935,Elk Cr,"Elk Cr, S Fk","Elk Cr, Trib B","Coquille R, E Fk",2008,299,Snorkeled,4,0.017938521,0.024,4.203199863,19,84.0951004,2,596.0419922,124819,1,1589.884033,19.31817436,60.84999847,157.6399994,0.4833
rear,OC,3-MS,Mid-South Coast,17,Coquille,21951.69922,1,4829,23914935,Elk Cr,"Elk Cr, S Fk","Elk Cr, Trib B","Coquille R, E Fk",2011,294,Snorkeled,4,0.017938521,0.024,4.203199863,54,84.0951004,2,596.0419922,124819,1,1589.884033,18.76606369,68.44999695,239.7100067,0.4833
rear,OC,3-MS,Mid-South Coast,17,Coquille,21951.69922,1,4829,23914935,Elk Cr,"Elk Cr, S Fk","Elk Cr, Trib B","Coquille R, E Fk",2014,285,Snorkeled,4,0.017938521,0.024,4.203199863,50,84.0951004,2,596.0419922,124819,1,1589.884033,20.91189575,64.75,183.0299988,0.4833
rear,OC,3-MS,Mid-South Coast,17,Coquille,21953,2.0999999,4832,23915579,Yankee Run,Mouth,"Yankee Run, Trib C","Coquille R, E Fk",2004,1138,Snorkeled,4,0.00820301,0.034000002,4.51639986,74,82.5839005,2,422.3770142,342093.5,3,1415.134033,22.06704712,128.8300018,169.7299957,0.9367
rear,OC,3-MS,Mid-South Coast,17,Coquille,21956,1,305015,23914943,"Coquille R, E Fk",Hantz Cr,Steel Cr,"Coquille R, N Fk",2007,1331,Snorkeled,6,0.00283807,0.017999999,11.40340042,53,93.3336029,2,461.4389954,342093.5,2,1663.569946,22.39688492,99.84999847,133.1900024,0.6215
rear,OC,3-MS,Mid-South Coast,17,Coquille,21957,1,4851,23915183,Steel Cr,Mouth,Headwaters,"Coquille R, E Fk",2007,1069,Snorkeled,4,0.052136991,0.041999999,4.799799919,53,94.2113037,1,2453.315918,342093.5,2,1715.547974,19.16327858,99.84999847,133.1900024,0.8485
rear,OC,3-MS,Mid-South Coast,17,Coquille,21957,1,4851,23915183,Steel Cr,Mouth,Headwaters,"Coquille R, E Fk",2008,1177,Snorkeled,4,0.052136991,0.041999999,4.799799919,19,94.2113037,1,2453.315918,342093.5,2,1715.547974,17.74686432,60.84999847,157.6399994,0.8485
rear,OC,3-MS,Mid-South Coast,17,Coquille,21957,1,4851,23915183,Steel Cr,Mouth,Headwaters,"Coquille R, E Fk",2009,1830,Snorkeled,4,0.052136991,0.041999999,4.799799919,90,94.2113037,1,2453.315918,342093.5,2,1715.547974,18.72707748,73.19999695,174.1499939,0.8485
rear,OC,3-MS,Mid-South Coast,17,Coquille,21957,1,4851,23915183,Steel Cr,Mouth,Headwaters,"Coquille R, E Fk",2010,732,Snorkeled,4,0.052136991,0.041999999,4.799799919,76,94.2113037,1,2453.315918,342093.5,2,1715.547974,17.38865852,58.95999908,340.7799988,0.8485
rear,OC,3-MS,Mid-South Coast,17,Coquille,21957,1,4851,23915183,Steel Cr,Mouth,Headwaters,"Coquille R, E Fk",2011,1294,Snorkeled,4,0.052136991,0.041999999,4.799799919,54,94.2113037,1,2453.315918,342093.5,2,1715.547974,17.10149384,68.44999695,239.7100067,0.8485
rear,OC,3-MS,Mid-South Coast,17,Coquille,21957,1,4851,23915183,Steel Cr,Mouth,Headwaters,"Coquille R, E Fk",2012,834,Snorkeled,4,0.052136991,0.041999999,4.799799919,53,94.2113037,1,2453.315918,342093.5,2,1715.547974,17.41008186,124.0599976,230.4100037,0.8485
rear,OC,3-MS,Mid-South Coast,17,Coquille,21957,1,4851,23915183,Steel Cr,Mouth,Headwaters,"Coquille R, E Fk",2013,671,Snorkeled,4,0.052136991,0.041999999,4.799799919,51,94.2113037,1,2453.315918,342093.5,2,1715.547974,18.84704399,70.30999756,199.8600006,0.8485
rear,OC,3-MS,Mid-South Coast,17,Coquille,21957,1,4851,23915183,Steel Cr,Mouth,Headwaters,"Coquille R, E Fk",2014,1259,Snorkeled,4,0.052136991,0.041999999,4.799799919,50,94.2113037,1,2453.315918,342093.5,2,1715.547974,19.18924141,64.75,183.0299988,0.8485
rear,OC,3-MS,Mid-South Coast,17,Coquille,21957,1,4852,23915183,Steel Cr,Mouth,Headwaters,"Coquille R, E Fk",2002,834,Snorkeled,4,0.052136991,0.041999999,4.780200005,53,94.6221008,1,2453.315918,342093.5,2,1715.547974,18.78774071,91.47000122,163.5700073,0.5439
rear,OC,3-MS,Mid-South Coast,17,Coquille,21957,1,4852,23915183,Steel Cr,Mouth,Headwaters,"Coquille R, E Fk",2011,1344,Snorkeled,4,0.052136991,0.041999999,4.780200005,54,94.6221008,1,2453.315918,342093.5,2,1715.547974,17.10149384,68.44999695,239.7100067,0.5439
rear,OC,3-MS,Mid-South Coast,17,Coquille,21992,1,4896,23915535,Wood Cr,"Wood Cr, N Fk",Headwaters,"Coquille R, N Fk",2003,44,Snorkeled,3,0.026079509,0.032000002,3.283799887,75,83.2884979,2,446.7479858,6956811,1,1468.949951,20.86220932,142.9299927,300.9700012,0.4491
rear,OC,3-MS,Mid-South Coast,17,Coquille,21998,0,4905,23915013,Middle Cr,Mouth,Jerusalem Cr,"Coquille R, N Fk",2005,690,Snorkeled,6,0.0012644,0.012,9.390899658,70,92.1548004,2,2122.815918,193468,1,1763.973022,22.52946281,81.19999695,371.9500122,0.63
rear,OC,3-MS,Mid-South Coast,17,Coquille,22000.30078,5,49967,23915015,Middle Cr,"Middle Cr, Trib 1",Cherry Cr,"Coquille R, N Fk",2010,219,Snorkeled,6,0.00135841,0.012,9.221699715,76,99.3884964,2,2122.815918,193468,1,1752.453979,19.94683647,58.18000031,346.0700073,0.9103
rear,OC,3-MS,Mid-South Coast,17,Coquille,22005,1,4932,23915345,"Cherry Cr, N Fk",Mouth,Headwaters,Cherry Cr,1999,0,Snorkeled,3,0.064291999,0.104999997,3.710700035,52,111.3939972,2,1803.373047,193468,1,2111.626953,16.29492188,101.9400024,335.3099976,0.3188
rear,OC,3-MS,Mid-South Coast,17,Coquille,22007,1,4945,23915349,Coak Cr,Mouth,Headwaters,Middle Cr,2013,281,Snorkeled,3,0.03405777,0.039000001,3.396300077,51,105.8669968,1,356.2569885,193468,1,1858.667969,19.73875999,69.75,207.9700012,0.5135
rear,OC,3-MS,Mid-South Coast,17,Coquille,22012,1,4963,23915025,Middle Cr,Lawhorne Cr,Lost Cr,"Coquille R, N Fk",1998,1211,Snorkeled,5,0.00432521,0.021,7.670199871,31,110.1589966,1,1541.796021,193468,2,1692.871948,21.83151627,73.33000183,315.9500122,0.6084
rear,OC,3-MS,Mid-South Coast,17,Coquille,22012,1,4964,23915025,Middle Cr,Lawhorne Cr,Lost Cr,"Coquille R, N Fk",2004,609,Snorkeled,5,0.00432521,0.021,7.713600159,74,109.4560013,1,1541.796021,193468,2,1692.871948,21.89394379,159.8300018,181.0500031,0.8271
rear,OC,3-MS,Mid-South Coast,17,Coquille,22012,1,4964,23915025,Middle Cr,Lawhorne Cr,Lost Cr,"Coquille R, N Fk",2013,1176,Snorkeled,5,0.00432521,0.021,7.713600159,51,109.4560013,1,1541.796021,193468,2,1692.871948,21.26775169,69.75,207.9700012,0.8271
rear,OC,3-MS,Mid-South Coast,17,Coquille,22012,3,4960,23915025,Middle Cr,Lawhorne Cr,Lost Cr,"Coquille R, N Fk",2006,1414,Snorkeled,5,0.00432521,0.021,7.574299812,37,111.9000015,1,1541.796021,193468,2,1692.871948,21.23760414,101.0299988,150.4199982,0.63
rear,OC,3-MS,Mid-South Coast,17,Coquille,22013,0,4966,23915295,Lost Cr,Mouth,Headwaters,Middle Cr,2007,69,Snorkeled,3,0.078276262,0.085000001,3.503099918,53,113.4079971,1,4308.85498,193468,2,1526.536987,18.38339996,116.1800003,144.0700073,0.0837
rear,OC,3-MS,Mid-South Coast,17,Coquille,22014,1.1,4971,23915027,Middle Cr,Lost Cr,Alder Cr,"Coquille R, N Fk",2004,1340,Snorkeled,5,0.00750629,0.026000001,7.309899807,74,113.9369965,1,889.7650146,193468,2,1718.942017,21.15408325,170.1000061,210.3500061,0.5901
rear,OC,3-MS,Mid-South Coast,17,Coquille,22014,3,4970,23915027,Middle Cr,Lost Cr,Alder Cr,"Coquille R, N Fk",2005,1655,Snorkeled,5,0.00750629,0.026000001,7.265600204,70,114.5630035,1,889.7650146,193468,2,1718.942017,20.83046913,102.1800003,421.7600098,0.5901
rear,OC,3-MS,Mid-South Coast,17,Coquille,22018,2,4989,23915031,Middle Cr,Vaughns Cr,Park Cr,"Coquille R, N Fk",2004,1468,Snorkeled,5,0.00954642,0.046999998,5.887300014,74,121.887001,1,9860.880859,193468,3,1714.655029,20.88861847,178.0399933,240.6699982,0.2589
rear,OC,3-MS,Mid-South Coast,17,Coquille,22020,1,4996,23915271,Honcho Cr,Mouth,Headwaters,Park Cr,2003,63,Snorkeled,3,0.12932989,0.108000003,3.042299986,75,123.8779984,1,3873.498047,193468,8,1887.755005,17.73442459,173.0399933,438.7999878,0.557321348
rear,OC,3-MS,Mid-South Coast,17,Coquille,22023,1,5003,23915259,Park Cr,Moore Cr,"Park Cr, Trib B",Middle Cr,1999,108,Snorkeled,4,0.104990691,0.068000004,3.702399969,52,124.2649994,1,1326.975952,193468,7,1613.537964,15.93514347,104.4000015,425.2000122,0.5112
rear,OC,3-MS,Mid-South Coast,17,Coquille,22023,1,5003,23915259,Park Cr,Moore Cr,"Park Cr, Trib B",Middle Cr,2008,192,Snorkeled,4,0.104990691,0.068000004,3.702399969,19,124.2649994,1,1326.975952,193468,7,1613.537964,16.75945854,82.87000275,296.6900024,0.5112
rear,OC,3-MS,Mid-South Coast,17,Coquille,22023.69922,1,5005,23915293,Park Cr,"Park Cr, Trib B",Headwaters,Middle Cr,2002,12,Snorkeled,3,0.115803741,0.068000004,2.327899933,53,125.2850037,1,1556.598022,193468,7,1382.807983,17.45492172,106.3300018,270.6900024,0.557321348
rear,OC,3-MS,Mid-South Coast,17,Coquille,22024,2,5008,23915035,Middle Cr,Park Cr,Headwaters,"Coquille R, N Fk",1998,498,Snorkeled,4,0.098569937,0.089000002,4.026899815,31,124.276001,1,2117.706055,193468,6,1673.708008,17.59457016,86.05999756,391.5299988,0.4151
rear,OC,3-MS,Mid-South Coast,17,Coquille,22024,2,5008,23915035,Middle Cr,Park Cr,Headwaters,"Coquille R, N Fk",2001,0,Snorkeled,4,0.098569937,0.089000002,4.026899815,76,124.276001,1,2117.706055,193468,6,1673.708008,16.15077591,63.13999939,368.730011,0.4151
rear,OC,3-MS,Mid-South Coast,17,Coquille,22024,2,5008,23915035,Middle Cr,Park Cr,Headwaters,"Coquille R, N Fk",2004,188,Snorkeled,4,0.098569937,0.089000002,4.026899815,74,124.276001,1,2117.706055,193468,6,1673.708008,17.98330307,178.0399933,240.6699982,0.4151
rear,OC,3-MS,Mid-South Coast,17,Coquille,22024,2,5008,23915035,Middle Cr,Park Cr,Headwaters,"Coquille R, N Fk",2007,997,Snorkeled,4,0.098569937,0.089000002,4.026899815,53,124.276001,1,2117.706055,193468,6,1673.708008,17.79486084,121.0299988,156.4600067,0.4151
rear,OC,3-MS,Mid-South Coast,17,Coquille,22024,2,5008,23915035,Middle Cr,Park Cr,Headwaters,"Coquille R, N Fk",2010,1129,Snorkeled,4,0.098569937,0.089000002,4.026899815,76,124.276001,1,2117.706055,193468,6,1673.708008,16.68590164,75.11000061,400.2000122,0.4151
rear,OC,3-MS,Mid-South Coast,17,Coquille,22024,2,5008,23915035,Middle Cr,Park Cr,Headwaters,"Coquille R, N Fk",2013,736,Snorkeled,4,0.098569937,0.089000002,4.026899815,51,124.276001,1,2117.706055,193468,6,1673.708008,17.83220482,75.37000275,304.7999878,0.4151
rear,OC,3-MS,Mid-South Coast,17,Coquille,22030,1,5030,23915353,Steele Cr,Mouth,"Steele Cr, Trib A","Coquille R, N Fk",2009,139,Snorkeled,4,0.00967213,0.013,4.677700043,90,98.0980988,2,386.8869934,132549,2,1486.061035,19.47839737,77.98000336,153.6999969,0.8967
rear,OC,3-MS,Mid-South Coast,17,Coquille,22031,1,5036,23915047,"Coquille R, N Fk",Steele Cr,Evans Cr,Coquille R,1998,53,Snorkeled,6,0.00234533,0.012,10.18330002,31,98.0345993,1,346.4830017,132549,2,1629.723999,22.6756134,61.20000076,300.4700012,0.9866
rear,OC,3-MS,Mid-South Coast,17,Coquille,22033,3,5050,23915085,Woodward Cr,Mouth,"Woodward Cr, Trib A",Evans Cr,1999,32,Snorkeled,4,0.022579011,0.030999999,4.486199856,52,107.7949982,1,2709.687012,132549,2,1377.124023,17.14836693,113.2300034,253.6499939,0.8935
rear,OC,3-MS,Mid-South Coast,17,Coquille,22033,3,5050,23915085,Woodward Cr,Mouth,"Woodward Cr, Trib A",Evans Cr,2008,953,Snorkeled,4,0.022579011,0.030999999,4.486199856,19,107.7949982,1,2709.687012,132549,2,1377.124023,17.57628441,80.44999695,189.2400055,0.8935
rear,OC,3-MS,Mid-South Coast,17,Coquille,22033,3,5052,23915083,Woodward Cr,Mouth,"Woodward Cr, Trib A",Evans Cr,1998,256,Snorkeled,4,0.0094308,0.012,4.979800224,31,105.7839966,1,911.4069824,132549,2,1476.702026,20.16042328,75.51999664,315.3800049,0.9441
rear,OC,3-MS,Mid-South Coast,17,Coquille,22033,4,5049,23915087,Woodward Cr,Mouth,"Woodward Cr, Trib A",Evans Cr,2004,708,Snorkeled,4,1E-05,0.030999999,4.245999813,74,108.4899979,1,582.1759644,132549,2,1319.985962,19.49406433,173.5099945,178.3899994,0.9139
rear,OC,3-MS,Mid-South Coast,17,Coquille,22033,4,5049,23915087,Woodward Cr,Mouth,"Woodward Cr, Trib A",Evans Cr,2013,1235,Snorkeled,4,1E-05,0.030999999,4.245999813,51,108.4899979,1,582.1759644,132549,2,1319.985962,18.29410553,72.91000366,198.9199982,0.9139
rear,OC,3-MS,Mid-South Coast,17,Coquille,22033,4,5051,23915085,Woodward Cr,Mouth,"Woodward Cr, Trib A",Evans Cr,2009,836,Snorkeled,4,0.022579011,0.030999999,4.70510006,90,107.1009979,1,2709.687012,132549,2,1377.124023,18.5430584,99.95999908,190.7899933,0.5374
rear,OC,3-MS,Mid-South Coast,17,Coquille,22033,4,5051,23915085,Woodward Cr,Mouth,"Woodward Cr, Trib A",Evans Cr,2012,1134,Snorkeled,4,0.022579011,0.030999999,4.70510006,53,107.1009979,1,2709.687012,132549,2,1377.124023,18.0253315,129.5800018,256.3399963,0.5374
rear,OC,3-MS,Mid-South Coast,17,Coquille,22036,1,5080,23915053,Hudson Cr,Mouth,Headwaters,"Coquille R, N Fk",2000,896,Snorkeled,5,0.02356473,0.075000003,5.126900196,41,106.75,1,417.6270142,132549,2,1513.215942,17.68837166,82.69999695,247.8099976,0.5901
rear,OC,3-MS,Mid-South Coast,17,Coquille,22036,1,49979,23915053,Hudson Cr,Mouth,Headwaters,"Coquille R, N Fk",2010,395,Snorkeled,5,0.02356473,0.075000003,5.249700069,76,105.9489975,1,417.6270142,132549,2,1513.215942,17.38344002,69.04000092,338.6300049,0.7177
rear,OC,3-MS,Mid-South Coast,17,Coquille,22036,3,5071,23915053,Hudson Cr,Mouth,Headwaters,"Coquille R, N Fk",2012,407,Snorkeled,4,0.02356473,0.075000003,4.495900154,53,110.3649979,1,417.6270142,132549,2,1513.215942,17.90418434,143.8800049,281.1099854,1
rear,OC,3-MS,Mid-South Coast,17,Coquille,22036,3,5072,23915053,Hudson Cr,Mouth,Headwaters,"Coquille R, N Fk",2000,849,Snorkeled,4,0.02356473,0.075000003,4.625199795,41,109.6579971,1,417.6270142,132549,2,1513.215942,17.68837166,82.69999695,247.8099976,0.5994
rear,OC,3-MS,Mid-South Coast,17,Coquille,22036,3,5072,23915053,Hudson Cr,Mouth,Headwaters,"Coquille R, N Fk",2009,482,Snorkeled,4,0.02356473,0.075000003,4.625199795,90,109.6579971,1,417.6270142,132549,2,1513.215942,18.78670502,104.1100006,167.4900055,0.5994
rear,OC,3-MS,Mid-South Coast,17,Coquille,22036,3,5075,23915053,Hudson Cr,Mouth,Headwaters,"Coquille R, N Fk",2004,67,Snorkeled,4,0.02356473,0.075000003,4.39839983,74,110.6729965,1,417.6270142,132549,2,1513.215942,19.57048225,184,204.4600067,0.1317
rear,OC,3-MS,Mid-South Coast,17,Coquille,22036,3,5075,23915053,Hudson Cr,Mouth,Headwaters,"Coquille R, N Fk",2013,1009,Snorkeled,4,0.02356473,0.075000003,4.39839983,51,110.6729965,1,417.6270142,132549,2,1513.215942,18.99080086,73.20999908,246.2200012,0.1317
rear,OC,3-MS,Mid-South Coast,17,Coquille,22036,4,5073,23915053,Hudson Cr,Mouth,Headwaters,"Coquille R, N Fk",2007,641,Snorkeled,4,0.02356473,0.075000003,4.11950016,53,111.8809967,1,417.6270142,132549,2,1513.215942,19.54561234,121.5299988,143.2400055,0.5499
rear,OC,3-MS,Mid-South Coast,17,Coquille,22036,4,5073,23915053,Hudson Cr,Mouth,Headwaters,"Coquille R, N Fk",2008,284,Snorkeled,4,0.02356473,0.075000003,4.11950016,19,111.8809967,1,417.6270142,132549,2,1513.215942,17.91593933,82.88999939,256.769989,0.5499
rear,OC,3-MS,Mid-South Coast,17,Coquille,22036,4,5073,23915053,Hudson Cr,Mouth,Headwaters,"Coquille R, N Fk",2009,859,Snorkeled,4,0.02356473,0.075000003,4.11950016,90,111.8809967,1,417.6270142,132549,2,1513.215942,18.78670502,112.7200012,238.9799957,0.5499
rear,OC,3-MS,Mid-South Coast,17,Coquille,22036,4,5073,23915053,Hudson Cr,Mouth,Headwaters,"Coquille R, N Fk",2010,498,Snorkeled,4,0.02356473,0.075000003,4.11950016,76,111.8809967,1,417.6270142,132549,2,1513.215942,17.38344002,74.54000092,388.1499939,0.5499
rear,OC,3-MS,Mid-South Coast,17,Coquille,22036,4,5073,23915053,Hudson Cr,Mouth,Headwaters,"Coquille R, N Fk",2011,1500,Snorkeled,4,0.02356473,0.075000003,4.11950016,54,111.8809967,1,417.6270142,132549,2,1513.215942,17.61426353,99.73000336,279.8699951,0.5499
rear,OC,3-MS,Mid-South Coast,17,Coquille,22036,4,5073,23915053,Hudson Cr,Mouth,Headwaters,"Coquille R, N Fk",2012,593,Snorkeled,4,0.02356473,0.075000003,4.11950016,53,111.8809967,1,417.6270142,132549,2,1513.215942,17.90418434,143.8800049,281.1099854,0.5499
rear,OC,3-MS,Mid-South Coast,17,Coquille,22036,4,5073,23915053,Hudson Cr,Mouth,Headwaters,"Coquille R, N Fk",2013,853,Snorkeled,4,0.02356473,0.075000003,4.11950016,51,111.8809967,1,417.6270142,132549,2,1513.215942,18.99080086,73.20999908,246.2200012,0.5499
rear,OC,3-MS,Mid-South Coast,17,Coquille,22036,4,5073,23915053,Hudson Cr,Mouth,Headwaters,"Coquille R, N Fk",2014,1,Snorkeled,4,0.02356473,0.075000003,4.11950016,50,111.8809967,1,417.6270142,132549,2,1513.215942,19.54804993,67.13999939,243.7200012,0.5499
rear,OC,3-MS,Mid-South Coast,17,Coquille,22037,2,5096,23915059,"Coquille R, N Fk",Hudson Cr,Moon Cr,Coquille R,1998,99,Snorkeled,5,0.00272027,0.017000001,8.880000114,31,109.2809982,1,449.0220032,206276,4,1577.416016,20.98333168,77.48000336,307.8099976,0.7789
rear,OC,3-MS,Mid-South Coast,17,Coquille,22037,2,5096,23915059,"Coquille R, N Fk",Hudson Cr,Moon Cr,Coquille R,2007,875,Snorkeled,5,0.00272027,0.017000001,8.880000114,53,109.2809982,1,449.0220032,206276,4,1577.416016,21.14031982,116.3899994,131.3200073,0.7789
rear,OC,3-MS,Mid-South Coast,17,Coquille,22037,3,5091,23915059,"Coquille R, N Fk",Hudson Cr,Moon Cr,Coquille R,2007,1849,Snorkeled,5,0.00272027,0.017000001,8.871600151,53,109.7799988,1,449.0220032,206276,4,1577.416016,21.14031982,116.3899994,131.3200073,0.7594
rear,OC,3-MS,Mid-South Coast,17,Coquille,22037,3,5091,23915059,"Coquille R, N Fk",Hudson Cr,Moon Cr,Coquille R,2008,1202,Snorkeled,5,0.00272027,0.017000001,8.871600151,19,109.7799988,1,449.0220032,206276,4,1577.416016,19.10676003,74.38999939,165.1600037,0.7594
rear,OC,3-MS,Mid-South Coast,17,Coquille,22037,3,5091,23915059,"Coquille R, N Fk",Hudson Cr,Moon Cr,Coquille R,2009,302,Snorkeled,5,0.00272027,0.017000001,8.871600151,90,109.7799988,1,449.0220032,206276,4,1577.416016,19.88484383,104.1100006,167.4900055,0.7594
rear,OC,3-MS,Mid-South Coast,17,Coquille,22037,3,5091,23915059,"Coquille R, N Fk",Hudson Cr,Moon Cr,Coquille R,2011,2148,Snorkeled,5,0.00272027,0.017000001,8.871600151,54,109.7799988,1,449.0220032,206276,4,1577.416016,19.08833885,92.95999908,260.5799866,0.7594
rear,OC,3-MS,Mid-South Coast,17,Coquille,22037,3,5091,23915059,"Coquille R, N Fk",Hudson Cr,Moon Cr,Coquille R,2012,3149,Snorkeled,5,0.00272027,0.017000001,8.871600151,53,109.7799988,1,449.0220032,206276,4,1577.416016,19.45492935,125.8600006,240.5399933,0.7594
rear,OC,3-MS,Mid-South Coast,17,Coquille,22037,3,5091,23915059,"Coquille R, N Fk",Hudson Cr,Moon Cr,Coquille R,2013,4062,Snorkeled,5,0.00272027,0.017000001,8.871600151,51,109.7799988,1,449.0220032,206276,4,1577.416016,20.17799568,72.91000366,198.9199982,0.7594
rear,OC,3-MS,Mid-South Coast,17,Coquille,22037,3,5091,23915059,"Coquille R, N Fk",Hudson Cr,Moon Cr,Coquille R,2014,1399,Snorkeled,5,0.00272027,0.017000001,8.871600151,50,109.7799988,1,449.0220032,206276,4,1577.416016,20.92848778,62.75,185.75,0.7594
rear,OC,3-MS,Mid-South Coast,17,Coquille,22037.69922,2,5107,23915217,"Moon Cr, Trib A, Trib 1",Mouth,Headwaters,"Moon Cr, Trib A",2003,0,Snorkeled,2,0.091271393,0.086000003,2.73149991,75,117.5540009,1,2095.39502,206276,2,1496.5,17.72908401,188.4900055,340.5899963,0.542172222
rear,OC,3-MS,Mid-South Coast,17,Coquille,22037.69922,2,5107,23915217,"Moon Cr, Trib A, Trib 1",Mouth,Headwaters,"Moon Cr, Trib A",2012,0,Snorkeled,2,0.091271393,0.086000003,2.73149991,53,117.5540009,1,2095.39502,206276,2,1496.5,15.89536667,143.8800049,275.4400024,0.542172222
rear,OC,3-MS,Mid-South Coast,17,Coquille,22037.80078,1,5110,23915219,"Moon Cr, Trib A","Moon Cr, Trib A, Trib 1",Headwaters,Moon Cr,2002,135,Snorkeled,3,0.060914561,0.050999999,3.346299887,53,117.5630035,1,970.7739868,206276,2,1551.707031,17.5686512,102.7900009,229.6300049,0.2685
rear,OC,3-MS,Mid-South Coast,17,Coquille,22038,2,5115,23915167,Moon Cr,"Moon Cr, Trib A",Headwaters,"Coquille R, N Fk",2006,0,Snorkeled,3,0.053612251,0.046999998,3.502799988,37,118.189003,1,2638.595947,206276,4,1571.819946,17.81005287,105.6100006,148.75,0.2275
rear,OC,3-MS,Mid-South Coast,17,Coquille,22045.69922,2,5137,23915071,"Coquille R, N Fk","Coquille R, N Fk, Trib X","Coquille R, N Fk, Trib Y",Coquille R,2005,1282,Snorkeled,5,0.00551083,0.028000001,7.584899902,70,122.1829987,1,1802.689697,206276,2,1623.046021,20.12533569,109.9000015,414.480011,0.8185
rear,OC,3-MS,Mid-South Coast,17,Coquille,22047.69922,2,5150,23915073,"Coquille R, N Fk","Coquille R, N Fk, Trib Z","Coquille R, Little N Fk",Coquille R,2001,1567,Snorkeled,5,0.01051787,0.028000001,6.728000164,76,127.5839996,1,479.6629944,206276,2,1657.776001,17.59937859,67.12000275,314.2999878,0.6084
rear,OC,3-MS,Mid-South Coast,17,Coquille,22047.69922,2,5150,23915073,"Coquille R, N Fk","Coquille R, N Fk, Trib Z","Coquille R, Little N Fk",Coquille R,2010,182,Snorkeled,5,0.01051787,0.028000001,6.728000164,76,127.5839996,1,479.6629944,206276,2,1657.776001,17.43871498,81.34999847,402.8500061,0.6084
rear,OC,3-MS,Mid-South Coast,17,Coquille,22048,1,5154,23915203,"Coquille R, Little N Fk",Mouth,Fruin Cr,"Coquille R, N Fk",2001,1247,Snorkeled,4,0.021657711,0.037,4.429200172,76,132.1820068,1,3351.447998,206276,2,1398.151001,17.63273621,67.12000275,314.2999878,0.6177
rear,OC,3-MS,Mid-South Coast,17,Coquille,22051.19922,3,5167,23915075,"Coquille R, N Fk","Coquille R, N Fk, Trib A","Coquille R, N Fk, Trib I",Coquille R,2005,1962,Snorkeled,4,0.01218658,0.032000002,5.274499893,70,136.9380035,1,2374.936035,206276,2,1688.128052,18.56824112,107.9800034,443.5700073,0.5325
rear,OC,3-MS,Mid-South Coast,17,Coquille,22051.19922,4,5165,23915075,"Coquille R, N Fk","Coquille R, N Fk, Trib A","Coquille R, N Fk, Trib I",Coquille R,2000,1439,Snorkeled,4,0.01218658,0.032000002,4.99630022,41,138.2480011,1,2374.936035,206276,2,1688.128052,16.62493515,82.70999908,235.0800018,0.6777
rear,OC,3-MS,Mid-South Coast,17,Coquille,22051.19922,4,5165,23915075,"Coquille R, N Fk","Coquille R, N Fk, Trib A","Coquille R, N Fk, Trib I",Coquille R,2003,1577,Snorkeled,4,0.01218658,0.032000002,4.99630022,75,138.2480011,1,2374.936035,206276,2,1688.128052,19.18071556,182.4400024,463.6000061,0.6777
rear,OC,3-MS,Mid-South Coast,17,Coquille,22051.19922,4,5165,23915075,"Coquille R, N Fk","Coquille R, N Fk, Trib A","Coquille R, N Fk, Trib I",Coquille R,2006,1700,Snorkeled,4,0.01218658,0.032000002,4.99630022,37,138.2480011,1,2374.936035,206276,2,1688.128052,18.53038597,95.93000031,155.7899933,0.6777
rear,OC,3-MS,Mid-South Coast,17,Coquille,22051.19922,4,5165,23915075,"Coquille R, N Fk","Coquille R, N Fk, Trib A","Coquille R, N Fk, Trib I",Coquille R,2009,2826,Snorkeled,4,0.01218658,0.032000002,4.99630022,90,138.2480011,1,2374.936035,206276,2,1688.128052,18.63598824,103.6699982,316.0299988,0.6777
rear,OC,3-MS,Mid-South Coast,17,Coquille,22051.19922,4,5165,23915075,"Coquille R, N Fk","Coquille R, N Fk, Trib A","Coquille R, N Fk, Trib I",Coquille R,2012,1121,Snorkeled,4,0.01218658,0.032000002,4.99630022,53,138.2480011,1,2374.936035,206276,2,1688.128052,16.93089104,139.75,374.4200134,0.6777
rear,OC,3-MS,Mid-South Coast,18,Floras,21560.69922,1,4049,23920814,Fourmile Cr,Little Cr,Oberg Cr,New R,2005,1486,Snorkeled,1,0.01018801,0.314999998,0.851800025,69,12.7091999,1,767.3040161,474099,1,674.2399902,20.2105999,99.73999786,389.0100098,0.714255556
rear,OC,3-MS,Mid-South Coast,18,Floras,21560.69922,2.0999999,4050,23920814,Fourmile Cr,Little Cr,Oberg Cr,New R,2007,1232,Snorkeled,4,0.01018801,0.314999998,5.496600151,39,14.1732998,1,767.3040161,474099,1,674.2399902,20.97502708,123.9599991,137.6799927,0.5705
rear,OC,3-MS,Mid-South Coast,18,Floras,21560.80078,2,4054,23920814,Fourmile Cr,Oberg Cr,"Fourmile Cr, N Fk",New R,1998,178,Snorkeled,4,0.01018801,0.314999998,4.927599907,30,15.6751003,1,767.3040161,474099,1,674.2399902,20.42376518,96.05999756,329.3200073,0.8393
rear,OC,3-MS,Mid-South Coast,18,Floras,21560.80078,2,4054,23920814,Fourmile Cr,Oberg Cr,"Fourmile Cr, N Fk",New R,1999,514,Snorkeled,4,0.01018801,0.314999998,4.927599907,51,15.6751003,1,767.3040161,474099,1,674.2399902,17.65584373,129.9799957,276.9599915,0.8393
rear,OC,3-MS,Mid-South Coast,18,Floras,21560.80078,2,4054,23920814,Fourmile Cr,Oberg Cr,"Fourmile Cr, N Fk",New R,2000,504,Snorkeled,4,0.01018801,0.314999998,4.927599907,41,15.6751003,1,767.3040161,474099,1,674.2399902,18.53289795,125.3099976,204.6499939,0.8393
rear,OC,3-MS,Mid-South Coast,18,Floras,21560.80078,2,4054,23920814,Fourmile Cr,Oberg Cr,"Fourmile Cr, N Fk",New R,2002,188,Snorkeled,4,0.01018801,0.314999998,4.927599907,53,15.6751003,1,767.3040161,474099,1,674.2399902,20.16820145,145.3500061,210.1300049,0.8393
rear,OC,3-MS,Mid-South Coast,18,Floras,21560.80078,2,4054,23920814,Fourmile Cr,Oberg Cr,"Fourmile Cr, N Fk",New R,2004,648,Snorkeled,4,0.01018801,0.314999998,4.927599907,67,15.6751003,1,767.3040161,474099,1,674.2399902,20.62978363,197.6300049,216.1000061,0.8393
rear,OC,3-MS,Mid-South Coast,18,Floras,21560.80078,2,4054,23920814,Fourmile Cr,Oberg Cr,"Fourmile Cr, N Fk",New R,2005,810,Snorkeled,4,0.01018801,0.314999998,4.927599907,69,15.6751003,1,767.3040161,474099,1,674.2399902,20.2105999,109.9300003,406.8500061,0.8393
rear,OC,3-MS,Mid-South Coast,18,Floras,21560.80078,2,4054,23920814,Fourmile Cr,Oberg Cr,"Fourmile Cr, N Fk",New R,2006,6,Snorkeled,4,0.01018801,0.314999998,4.927599907,35,15.6751003,1,767.3040161,474099,1,674.2399902,19.96419525,103.8000031,209.5700073,0.8393
rear,OC,3-MS,Mid-South Coast,18,Floras,21560.80078,2,4054,23920814,Fourmile Cr,Oberg Cr,"Fourmile Cr, N Fk",New R,2009,235,Snorkeled,4,0.01018801,0.314999998,4.927599907,84,15.6751003,1,767.3040161,474099,1,674.2399902,18.96340179,172.8200073,207.5,0.8393
rear,OC,3-MS,Mid-South Coast,18,Floras,21560.80078,2,4054,23920814,Fourmile Cr,Oberg Cr,"Fourmile Cr, N Fk",New R,2010,851,Snorkeled,4,0.01018801,0.314999998,4.927599907,49,15.6751003,1,767.3040161,474099,1,674.2399902,18.22194481,75.01999664,447.0499878,0.8393
rear,OC,3-MS,Mid-South Coast,18,Floras,21560.80078,2,4054,23920814,Fourmile Cr,Oberg Cr,"Fourmile Cr, N Fk",New R,2011,1496,Snorkeled,4,0.01018801,0.314999998,4.927599907,41,15.6751003,1,767.3040161,474099,1,674.2399902,18.82652283,82.20999908,329.5100098,0.8393
rear,OC,3-MS,Mid-South Coast,18,Floras,21560.80078,2,4054,23920814,Fourmile Cr,Oberg Cr,"Fourmile Cr, N Fk",New R,2012,407,Snorkeled,4,0.01018801,0.314999998,4.927599907,53,15.6751003,1,767.3040161,474099,1,674.2399902,18.74807739,176.6999969,303.4599915,0.8393
rear,OC,3-MS,Mid-South Coast,18,Floras,21560.80078,2,4054,23920814,Fourmile Cr,Oberg Cr,"Fourmile Cr, N Fk",New R,2013,977,Snorkeled,4,0.01018801,0.314999998,4.927599907,50,15.6751003,1,767.3040161,474099,1,674.2399902,18.63368988,90.62000275,219.8699951,0.8393
rear,OC,3-MS,Mid-South Coast,18,Floras,21560.80078,2,4054,23920814,Fourmile Cr,Oberg Cr,"Fourmile Cr, N Fk",New R,2014,927,Snorkeled,4,0.01018801,0.314999998,4.927599907,51,15.6751003,1,767.3040161,474099,1,674.2399902,20.21378708,95.87999725,203.3399963,0.8393
rear,OC,3-MS,Mid-South Coast,18,Floras,21565,1,4074,23921214,Morton Cr,New Lake,Lake Interior Reach,Pacific Ocean,1998,0,Snorkeled,4,0.0052,0.008,4.955999851,30,9.8576202,7,102.8219986,264680.5,1,2240.483887,22.59000015,88.83000183,304.5,0.9798
rear,OC,3-MS,Mid-South Coast,18,Floras,21566.30078,4,4075,23920932,Butte Cr,Mouth,Headwaters,Morton Cr,2000,27,Snorkeled,3,0.02137626,0.026000001,3.065299988,41,12.9350004,7,524.5209961,264680.5,1,2164.25,18.167099,125.3099976,204.6499939,0.245
rear,OC,3-MS,Mid-South Coast,18,Floras,21569,3,4096,23920746,Willow Cr,Mouth,Headwaters,Floras Cr,2014,507,Snorkeled,4,0.03543184,0.011,5.249300003,51,7.3836198,1,197.1430054,353537,2,1639.350952,21.44202614,85.41000366,172.9499969,0.9515
rear,OC,3-MS,Mid-South Coast,18,Floras,21570,2,4102,23920750,Floras Cr,"Floras Cr, Trib A","Floras Cr, Trib B",New R,2007,27,Snorkeled,6,0.00498282,0.035,10.03929996,39,6.3326402,1,124.1270752,353537,2,1480.694946,24.96677208,137.9700012,130.9199982,0.9367
rear,OC,3-MS,Mid-South Coast,18,Floras,21570.59961,4,4107,23920750,Floras Cr,"Floras Cr, Trib B","Floras Cr, W Fk",New R,1998,12,Snorkeled,6,0.00498282,0.035,9.765099525,30,13.0452003,1,124.1270752,353537,2,1480.694946,24.54426956,151.8899994,431.9700012,0.63
rear,OC,3-MS,Mid-South Coast,18,Floras,21570.59961,4,4107,23920750,Floras Cr,"Floras Cr, Trib B","Floras Cr, W Fk",New R,2001,34,Snorkeled,6,0.00498282,0.035,9.765099525,76,13.0452003,1,124.1270752,353537,2,1480.694946,22.9709568,92.12999725,376.5299988,0.63
rear,OC,3-MS,Mid-South Coast,18,Floras,21570.59961,4,4107,23920750,Floras Cr,"Floras Cr, Trib B","Floras Cr, W Fk",New R,2004,0,Snorkeled,6,0.00498282,0.035,9.765099525,67,13.0452003,1,124.1270752,353537,2,1480.694946,24.65932465,265.7200012,382.4500122,0.63
rear,OC,3-MS,Mid-South Coast,18,Floras,21570.59961,4,4107,23920750,Floras Cr,"Floras Cr, Trib B","Floras Cr, W Fk",New R,2007,145,Snorkeled,6,0.00498282,0.035,9.765099525,39,13.0452003,1,124.1270752,353537,2,1480.694946,24.96677208,130.8300018,219.4799957,0.63
rear,OC,3-MS,Mid-South Coast,18,Floras,21570.59961,4,4107,23920750,Floras Cr,"Floras Cr, Trib B","Floras Cr, W Fk",New R,2010,257,Snorkeled,6,0.00498282,0.035,9.765099525,49,13.0452003,1,124.1270752,353537,2,1480.694946,22.01392555,128.1100006,740.710022,0.63
rear,OC,3-MS,Mid-South Coast,18,Floras,21570.59961,4,4107,23920750,Floras Cr,"Floras Cr, Trib B","Floras Cr, W Fk",New R,2013,546,Snorkeled,6,0.00498282,0.035,9.765099525,50,13.0452003,1,124.1270752,353537,2,1480.694946,21.57151413,110.7799988,397.480011,0.63
rear,OC,3-MS,Mid-South Coast,18,Floras,21583,1,45200,23920738,Boulder Cr,Floras Lake,"Boulder Cr, Trib A",Pacific Ocean,2008,67,Snorkeled,3,0.0042158,0.022,4.010499954,19,4.8983998,7,416.2210083,331320,4,1410.661011,20.53066254,95.05999756,145.8500061,0.4796
rear,OC,3-MS,Mid-South Coast,18,Floras,21583,1,45200,23920738,Boulder Cr,Floras Lake,"Boulder Cr, Trib A",Pacific Ocean,2011,1245,Snorkeled,3,0.0042158,0.022,4.010499954,41,4.8983998,7,416.2210083,331320,4,1410.661011,21.8589077,105.6800003,377.7000122,0.4796
rear,OC,3-MS,Mid-South Coast,18,Floras,21583,1,45200,23920738,Boulder Cr,Floras Lake,"Boulder Cr, Trib A",Pacific Ocean,2014,211,Snorkeled,3,0.0042158,0.022,4.010499954,51,4.8983998,7,416.2210083,331320,4,1410.661011,22.89436722,116.1399994,233.9400024,0.4796
rear,OC,3-MS,Mid-South Coast,18,Floras,21583,3,3928,23920740,Boulder Cr,Floras Lake,"Boulder Cr, Trib A",Pacific Ocean,2008,67,Snorkeled,3,0.05866237,0.022,3.189800024,19,5.7154398,7,303.9830017,331320,5,1432.76001,19.16247368,95.05999756,145.8500061,0.4131
rear,OC,3-MS,Mid-South Coast,18,Floras,21583,3,3928,23920740,Boulder Cr,Floras Lake,"Boulder Cr, Trib A",Pacific Ocean,2010,510,Snorkeled,3,0.05866237,0.022,3.189800024,49,5.7154398,7,303.9830017,331320,5,1432.76001,19.42843819,93.66000366,510.8500061,0.4131
rear,OC,3-MS,Mid-South Coast,18,Floras,21583,3,3928,23920740,Boulder Cr,Floras Lake,"Boulder Cr, Trib A",Pacific Ocean,2011,307,Snorkeled,3,0.05866237,0.022,3.189800024,41,5.7154398,7,303.9830017,331320,5,1432.76001,19.81765747,105.6800003,377.7000122,0.4131
rear,OC,3-MS,Mid-South Coast,18,Floras,21583,3,3928,23920740,Boulder Cr,Floras Lake,"Boulder Cr, Trib A",Pacific Ocean,2012,265,Snorkeled,3,0.05866237,0.022,3.189800024,53,5.7154398,7,303.9830017,331320,5,1432.76001,19.82414436,224.0099945,360.4899902,0.4131
rear,OC,3-MS,Mid-South Coast,18,Floras,21583,3,3928,23920740,Boulder Cr,Floras Lake,"Boulder Cr, Trib A",Pacific Ocean,2013,136,Snorkeled,3,0.05866237,0.022,3.189800024,50,5.7154398,7,303.9830017,331320,5,1432.76001,18.7732563,91.62000275,254.2299957,0.4131
rear,OC,3-MS,Mid-South Coast,18,Floras,21583,3,3928,23920740,Boulder Cr,Floras Lake,"Boulder Cr, Trib A",Pacific Ocean,2014,261,Snorkeled,3,0.05866237,0.022,3.189800024,51,5.7154398,7,303.9830017,331320,5,1432.76001,21.03720474,116.1399994,233.9400024,0.4131
rear,OC,3-MS,Mid-South Coast,19,Sixes,0,0,45018,23920998,,,,,2007,44,Snorkeled,6,1E-05,0.006,12.27950001,39,7.4302802,1,1869.828125,382928,1,1535.703003,24.65176964,137.1399994,148.0700073,1
rear,OC,3-MS,Mid-South Coast,19,Sixes,0,0,45018,23920998,,,,,2008,6,Snorkeled,6,1E-05,0.006,12.27950001,19,7.4302802,1,1869.828125,382928,1,1535.703003,22.17156029,94.55000305,120.8300018,1
rear,OC,3-MS,Mid-South Coast,19,Sixes,21536,3,3986,23920682,Crystal Cr,"Crystal Cr, N Fk",Headwaters,Sixes R,2010,0,Snorkeled,3,0.074692301,0.122000001,3.290600061,49,17.4694996,1,9426.605469,382928,1,1547.230957,15.076828,136.3800049,686.1099854,0.3387
rear,OC,3-MS,Mid-South Coast,19,Sixes,21538,2,3988,23920602,Beaver Cr,Mouth,"Beaver Cr, Trib A",Sixes R,2006,84,Snorkeled,4,0.041992482,0.056000002,3.972300053,35,13.2581997,1,571.9730225,382928,1,1290.906006,18.8706131,109.2799988,240.9499969,0.479
rear,OC,3-MS,Mid-South Coast,19,Sixes,21539,0,3989,23920604,Sixes R,Beaver Cr,Edson Cr,Pacific Ocean,2003,0,Snorkeled,6,0.00109318,0.006,11.82069969,74,12.5211,1,1869.828125,382928,1,1519.469971,23.80145645,134.6399994,415.3699951,1
rear,OC,3-MS,Mid-South Coast,19,Sixes,21541,1,3993,23920606,Sixes R,Edson Cr,Dry Cr,Pacific Ocean,2000,0,Snorkeled,6,0.00375216,0.016000001,11.41289997,41,17.1299992,1,210.5525208,473807,2,1493.512939,21.08518219,125.3099976,204.6499939,0.9721
rear,OC,3-MS,Mid-South Coast,19,Sixes,21541,1,3993,23920606,Sixes R,Edson Cr,Dry Cr,Pacific Ocean,2006,0,Snorkeled,6,0.00375216,0.016000001,11.41289997,35,17.1299992,1,210.5525208,473807,2,1493.512939,23.11373901,109.2799988,240.9499969,0.9721
rear,OC,3-MS,Mid-South Coast,19,Sixes,21541,1,3993,23920606,Sixes R,Edson Cr,Dry Cr,Pacific Ocean,2012,3,Snorkeled,6,0.00375216,0.016000001,11.41289997,53,17.1299992,1,210.5525208,473807,2,1493.512939,21.82855797,219.2400055,352,0.9721
rear,OC,3-MS,Mid-South Coast,19,Sixes,21542,1,49974,23920608,Dry Cr,Mouth,"Dry Cr, N Fk",Sixes R,2010,78,Snorkeled,5,0.00520227,0.064999998,6.79640007,49,20.9906998,1,355.473999,473807,1,1430.42395,18.22891426,108,596.25,0.8834
rear,OC,3-MS,Mid-South Coast,19,Sixes,21542,2,3994,23920608,Dry Cr,Mouth,"Dry Cr, N Fk",Sixes R,1999,32,Snorkeled,5,0.00520227,0.064999998,6.49630022,51,23.8973007,1,355.473999,473807,1,1430.42395,17.17764473,178.4400024,374.2999878,0.63
rear,OC,3-MS,Mid-South Coast,19,Sixes,21542,2,3994,23920608,Dry Cr,Mouth,"Dry Cr, N Fk",Sixes R,2002,0,Snorkeled,5,0.00520227,0.064999998,6.49630022,53,23.8973007,1,355.473999,473807,1,1430.42395,19.52996826,209.3999939,343.2099915,0.63
rear,OC,3-MS,Mid-South Coast,19,Sixes,21542,2,3994,23920608,Dry Cr,Mouth,"Dry Cr, N Fk",Sixes R,2005,230,Snorkeled,5,0.00520227,0.064999998,6.49630022,69,23.8973007,1,355.473999,473807,1,1430.42395,19.48614311,123.0999985,559.960022,0.63
rear,OC,3-MS,Mid-South Coast,19,Sixes,21542,2,3994,23920608,Dry Cr,Mouth,"Dry Cr, N Fk",Sixes R,2011,100,Snorkeled,5,0.00520227,0.064999998,6.49630022,41,23.8973007,1,355.473999,473807,1,1430.42395,18.20285416,143,487.3099976,0.63
rear,OC,3-MS,Mid-South Coast,19,Sixes,21542,2,3994,23920608,Dry Cr,Mouth,"Dry Cr, N Fk",Sixes R,2014,93,Snorkeled,5,0.00520227,0.064999998,6.49630022,51,23.8973007,1,355.473999,473807,1,1430.42395,19.51120377,150,307.6499939,0.63
rear,OC,3-MS,Mid-South Coast,19,Sixes,21542,2,46400,23920608,Dry Cr,Mouth,"Dry Cr, N Fk",Sixes R,2012,321,Snorkeled,5,0.00520227,0.064999998,6.614600182,53,22.9064999,1,355.473999,473807,1,1430.42395,18.10265541,271.7399902,452.6499939,0.763
rear,OC,3-MS,Mid-South Coast,19,Sixes,21545,1,4003,23920618,Sixes R,Dry Cr,Little Dry Cr,Pacific Ocean,2001,0,Snorkeled,6,0.00070624,0.016000001,10.81410027,76,20.3598003,1,210.5525208,473807,1,1496.237061,22.02421188,84.87000275,324.7099915,0.63
rear,OC,3-MS,Mid-South Coast,19,Sixes,21545,1,4004,23920618,Sixes R,Dry Cr,Little Dry Cr,Pacific Ocean,2010,1,Snorkeled,6,0.00070624,0.016000001,10.83670044,49,19.1506996,1,210.5525208,473807,1,1496.237061,21.50914574,136.3800049,686.1099854,0.63
rear,OC,3-MS,Mid-South Coast,19,Sixes,21545.69922,1,4001,23920620,Sixes R,Little Dry Cr,Elephant Rock Cr,Pacific Ocean,2002,0,Snorkeled,6,0.00121982,0.016000001,10.73980045,53,22.0834007,1,140.1809998,473807,1,1495.662964,23.03051949,209.3999939,343.2099915,0.7835
rear,OC,3-MS,Mid-South Coast,19,Sixes,21545.69922,1,4001,23920620,Sixes R,Little Dry Cr,Elephant Rock Cr,Pacific Ocean,2011,2,Snorkeled,6,0.00121982,0.016000001,10.73980045,41,22.0834007,1,140.1809998,473807,1,1495.662964,21.29717636,143,487.3099976,0.7835
rear,OC,3-MS,Mid-South Coast,19,Sixes,21545.69922,1,4002,23920620,Sixes R,Little Dry Cr,Elephant Rock Cr,Pacific Ocean,2003,0,Snorkeled,6,0.00121982,0.016000001,10.75300026,74,21.1548004,1,140.1809998,473807,1,1495.662964,23.23444366,133.2599945,573.3599854,0.7388
rear,OC,3-MS,Mid-South Coast,19,Sixes,21547,1,4006,23920626,Sixes R,Elephant Rock Cr,"Sixes R, S Fk",Pacific Ocean,1998,2,Snorkeled,6,0.00588483,0.016000001,10.19810009,30,29.8278999,1,122.9570007,473807,1,1481.508057,21.97577858,140.9400024,433.2000122,0.6304
rear,OC,3-MS,Mid-South Coast,19,Sixes,21547,1,4006,23920626,Sixes R,Elephant Rock Cr,"Sixes R, S Fk",Pacific Ocean,2000,0,Snorkeled,6,0.00588483,0.016000001,10.19810009,41,29.8278999,1,122.9570007,473807,1,1481.508057,19.50748634,125.3099976,204.6499939,0.6304
rear,OC,3-MS,Mid-South Coast,19,Sixes,21547,1,4006,23920626,Sixes R,Elephant Rock Cr,"Sixes R, S Fk",Pacific Ocean,2001,0,Snorkeled,6,0.00588483,0.016000001,10.19810009,76,29.8278999,1,122.9570007,473807,1,1481.508057,20.82431793,92.44999695,371.6099854,0.6304
rear,OC,3-MS,Mid-South Coast,19,Sixes,21547,1,4006,23920626,Sixes R,Elephant Rock Cr,"Sixes R, S Fk",Pacific Ocean,2002,0,Snorkeled,6,0.00588483,0.016000001,10.19810009,53,29.8278999,1,122.9570007,473807,1,1481.508057,22.21464729,233.9299927,407.3699951,0.6304
rear,OC,3-MS,Mid-South Coast,19,Sixes,21547,1,4006,23920626,Sixes R,Elephant Rock Cr,"Sixes R, S Fk",Pacific Ocean,2003,0,Snorkeled,6,0.00588483,0.016000001,10.19810009,74,29.8278999,1,122.9570007,473807,1,1481.508057,22.26364517,133.1000061,573.7700195,0.6304
rear,OC,3-MS,Mid-South Coast,19,Sixes,21547,1,4006,23920626,Sixes R,Elephant Rock Cr,"Sixes R, S Fk",Pacific Ocean,2004,0,Snorkeled,6,0.00588483,0.016000001,10.19810009,67,29.8278999,1,122.9570007,473807,1,1481.508057,22.31264305,261.9500122,387.25,0.6304
rear,OC,3-MS,Mid-South Coast,19,Sixes,21547,1,4006,23920626,Sixes R,Elephant Rock Cr,"Sixes R, S Fk",Pacific Ocean,2005,0,Snorkeled,6,0.00588483,0.016000001,10.19810009,69,29.8278999,1,122.9570007,473807,1,1481.508057,22.22689629,141.1699982,630.8099976,0.6304
rear,OC,3-MS,Mid-South Coast,19,Sixes,21547,1,4006,23920626,Sixes R,Elephant Rock Cr,"Sixes R, S Fk",Pacific Ocean,2006,1,Snorkeled,6,0.00588483,0.016000001,10.19810009,35,29.8278999,1,122.9570007,473807,1,1481.508057,22.04315186,136.3300018,381.4200134,0.6304
rear,OC,3-MS,Mid-South Coast,19,Sixes,21547,1,4006,23920626,Sixes R,Elephant Rock Cr,"Sixes R, S Fk",Pacific Ocean,2007,0,Snorkeled,6,0.00588483,0.016000001,10.19810009,39,29.8278999,1,122.9570007,473807,1,1481.508057,22.54538536,121.5299988,227.3699951,0.6304
rear,OC,3-MS,Mid-South Coast,19,Sixes,21547,1,4006,23920626,Sixes R,Elephant Rock Cr,"Sixes R, S Fk",Pacific Ocean,2008,0,Snorkeled,6,0.00588483,0.016000001,10.19810009,19,29.8278999,1,122.9570007,473807,1,1481.508057,20.97131157,124.0199966,213.1199951,0.6304
rear,OC,3-MS,Mid-South Coast,19,Sixes,21547,1,4006,23920626,Sixes R,Elephant Rock Cr,"Sixes R, S Fk",Pacific Ocean,2009,3,Snorkeled,6,0.00588483,0.016000001,10.19810009,84,29.8278999,1,122.9570007,473807,1,1481.508057,21.1611805,307.6900024,427.2900085,0.6304
rear,OC,3-MS,Mid-South Coast,19,Sixes,21547,1,4006,23920626,Sixes R,Elephant Rock Cr,"Sixes R, S Fk",Pacific Ocean,2010,5,Snorkeled,6,0.00588483,0.016000001,10.19810009,49,29.8278999,1,122.9570007,473807,1,1481.508057,20.85494041,139.5299988,703.5499878,0.6304
rear,OC,3-MS,Mid-South Coast,19,Sixes,21547,1,4006,23920626,Sixes R,Elephant Rock Cr,"Sixes R, S Fk",Pacific Ocean,2011,4,Snorkeled,6,0.00588483,0.016000001,10.19810009,41,29.8278999,1,122.9570007,473807,1,1481.508057,20.53645134,162.9600067,563.1400146,0.6304
rear,OC,3-MS,Mid-South Coast,19,Sixes,21547,1,4006,23920626,Sixes R,Elephant Rock Cr,"Sixes R, S Fk",Pacific Ocean,2012,6,Snorkeled,6,0.00588483,0.016000001,10.19810009,53,29.8278999,1,122.9570007,473807,1,1481.508057,20.19346237,320.1499939,545.7800293,0.6304
rear,OC,3-MS,Mid-South Coast,19,Sixes,21547,1,4006,23920626,Sixes R,Elephant Rock Cr,"Sixes R, S Fk",Pacific Ocean,2013,0,Snorkeled,6,0.00588483,0.016000001,10.19810009,50,29.8278999,1,122.9570007,473807,1,1481.508057,21.63279152,119.6100006,424.9599915,0.6304
rear,OC,3-MS,Mid-South Coast,19,Sixes,21547,1,4006,23920626,Sixes R,Elephant Rock Cr,"Sixes R, S Fk",Pacific Ocean,2014,14,Snorkeled,6,0.00588483,0.016000001,10.19810009,51,29.8278999,1,122.9570007,473807,1,1481.508057,22.37389183,172.8000031,354.75,0.6304
rear,OC,3-MS,Mid-South Coast,19,Sixes,21551,2,49210,23920648,Sixes R,Otter Cr,"Sixes R, M Fk",Pacific Ocean,2007,7,Snorkeled,6,0.00450416,0.066,9.055999756,39,35.1133995,1,1166.918945,273752,1,1502.427979,22.3670063,129.9199982,215.4600067,0.7078
rear,OC,3-MS,Mid-South Coast,19,Sixes,21553,0,4017,23920656,Sixes R,"Sixes R, M Fk",Sugar Cr,Pacific Ocean,1999,0,Snorkeled,5,0.00340009,0.066,8.251600266,51,39.9856987,1,575.5200195,273752,1,1504.218018,20.08466721,169.6999969,352.2799988,0.9729
rear,OC,3-MS,Mid-South Coast,19,Sixes,21555,1,4020,23920658,Sixes R,Sugar Cr,"Sixes R, N Fk",Pacific Ocean,1998,49,Snorkeled,5,0.00246289,0.066,8.044599533,30,42.6920013,1,1166.918945,273752,1,1504.756958,23.08088875,116.2699966,399.25,1
rear,OC,3-MS,Mid-South Coast,19,Sixes,21555,1,4020,23920658,Sixes R,Sugar Cr,"Sixes R, N Fk",Pacific Ocean,2001,64,Snorkeled,5,0.00246289,0.066,8.044599533,76,42.6920013,1,1166.918945,273752,1,1504.756958,21.02524757,82.22000122,322.4700012,1
rear,OC,3-MS,Mid-South Coast,19,Sixes,21555,1,4020,23920658,Sixes R,Sugar Cr,"Sixes R, N Fk",Pacific Ocean,2004,0,Snorkeled,5,0.00246289,0.066,8.044599533,67,42.6920013,1,1166.918945,273752,1,1504.756958,22.66014481,240.4700012,298.0400085,1
rear,OC,3-MS,Mid-South Coast,19,Sixes,21555,1,4020,23920658,Sixes R,Sugar Cr,"Sixes R, N Fk",Pacific Ocean,2007,634,Snorkeled,5,0.00246289,0.066,8.044599533,39,42.6920013,1,1166.918945,273752,1,1504.756958,22.71423912,126.0599976,185.4700012,1
rear,OC,3-MS,Mid-South Coast,19,Sixes,21555,1,4020,23920658,Sixes R,Sugar Cr,"Sixes R, N Fk",Pacific Ocean,2010,735,Snorkeled,5,0.00246289,0.066,8.044599533,49,42.6920013,1,1166.918945,273752,1,1504.756958,21.35583305,119.6100006,583.3099976,1
rear,OC,3-MS,Mid-South Coast,19,Sixes,21555,1,4020,23920658,Sixes R,Sugar Cr,"Sixes R, N Fk",Pacific Ocean,2013,354,Snorkeled,5,0.00246289,0.066,8.044599533,50,42.6920013,1,1166.918945,273752,1,1504.756958,22.62408066,108.3199997,317.1700134,1
rear,OC,3-MS,Mid-South Coast,19,Sixes,21555,1,49735,23920658,Sixes R,Sugar Cr,"Sixes R, N Fk",Pacific Ocean,2009,239,Snorkeled,5,0.00246289,0.066,7.940000057,84,43.8917999,1,1166.918945,273752,1,1504.756958,22.13721848,261.8099976,329.6400146,0.63
rear,OC,3-MS,Mid-South Coast,19,Sixes,21556,1,4021,23920664,"Sixes R, N Fk",Mouth,Crafton Cr,Sixes R,2004,0,Snorkeled,5,0.00652951,0.066,7.205299854,67,45.5015984,1,1166.918945,273752,1,1516.672974,22.26054192,240.4700012,298.0400085,1
rear,OC,3-MS,Mid-South Coast,19,Sixes,21558,1,4027,23920666,"Sixes R, N Fk",Crafton Cr,"Sixes R, N Fk, Trib A",Sixes R,2005,506,Snorkeled,4,0.01315706,0.066,5.472000122,69,49.8426018,1,804.0800171,273752,1,1519.015991,20.9708271,125.4199982,468.8500061,0.5853
rear,OC,3-MS,Mid-South Coast,19,Sixes,21558.19922,2,4025,23920668,"Sixes R, N Fk","Sixes R, N Fk, Trib A",Headwaters,Sixes R,2006,0,Snorkeled,4,0.02668838,0.071999997,3.943000078,35,52.9901009,1,4648.551758,273752,1,1631.209961,20.3818264,115.9700012,259.4100037,0.1237
rear,OC,3-MS,Mid-South Coast,20,MSDependent,21588,2,4135,23920822,S Twomile Cr,Little Twomile Cr,Headwaters,Twomile Cr,1998,154,Snorkeled,3,0.01848422,0.008,4.089799881,30,4.9191198,1,0.778999984,198917,3,3268.456055,21.13329887,68.83000183,286.2000122,0.8317
rear,OC,3-MS,Mid-South Coast,20,MSDependent,21591,3,4140,23920830,Twomile Cr,Redibaugh Cr,Headwaters,Pacific Ocean,1999,28,Snorkeled,4,0.01890968,0.048999999,4.382900238,51,10.7194004,1,458.4349976,198917,1,1259.60498,17.39293098,115,256.4400024,0.8635
rear,OC,4-UMP,Umpqua,21,Lower Umpqua,0,0,6380,24527836,,,,,2007,0,Snorkeled,3,0.069011882,0.123999998,2.659699917,40,57.6310997,1,2718.452881,382756,3,1315.317017,19.48640633,105.6999969,180.1999969,0.512217143
rear,OC,4-UMP,Umpqua,21,Lower Umpqua,0,0,55327,24527430,,,,,2008,0,Snorkeled,6,0.00345597,0.046999998,10.68879986,20,112.7689972,2,391.7019958,382756,3,1541.16394,19.51202583,82.26000214,130.1100006,0.8825
rear,OC,4-UMP,Umpqua,21,Lower Umpqua,0,0,55332,24526650,,,,,2008,16,Snorkeled,6,0.00247456,0.024,12.4314003,20,38.1605988,1,1917.35791,225937,1,1500.666992,19.63363075,102.3799973,268.4500122,0.687
rear,OC,4-UMP,Umpqua,21,Lower Umpqua,0,0,55539,24527460,,,,,2008,2,Snorkeled,6,0.00166608,0.046999998,8.798800468,20,137.1580048,2,439.75,139707,3,1580.207031,19.37299919,80.33999634,143.9299927,0.6172
rear,OC,4-UMP,Umpqua,21,Lower Umpqua,0,0,55656,24527448,,,,,2008,0,Snorkeled,6,0.00199358,0.046999998,9.840100288,20,124.2180023,2,1380.96875,139707,3,1571.712036,19.41387558,76.69999695,132.3099976,0.7998
rear,OC,4-UMP,Umpqua,21,Lower Umpqua,0,0,55658,24527358,,,,,2008,0,Snorkeled,7,0.00322714,0.013,14.02400017,20,59.3490982,1,2203.092041,382756,3,1512.30896,20.6442318,101.3300018,237.2700043,0.8226
rear,OC,4-UMP,Umpqua,21,Lower Umpqua,0,0,55965,24527446,,,,,2008,11,Snorkeled,6,0.00016772,0.046999998,10.14509964,20,120.2050018,2,343.2160034,139707,3,1552.892944,19.50045586,82.26000214,130.1100006,0.6215
rear,OC,4-UMP,Umpqua,21,Lower Umpqua,0,0,57295,24527950,,,,,2012,164,Snorkeled,3,0.03833086,0.046999998,2.970999956,54,146.6519928,2,221.598999,89254,6,1265.430054,16.98999977,133.5599976,199,0.0653
rear,OC,4-UMP,Umpqua,21,Lower Umpqua,0,0,61917,24527250,,,,,2007,282,Snorkeled,4,0.00957546,0.035,4.989900112,40,66.1177979,2,3417.204102,282848,1,1528.682007,20.62314606,85,126.0800018,0.6459
rear,OC,4-UMP,Umpqua,21,Lower Umpqua,0,0,61920,24527400,,,,,2007,21,Snorkeled,7,0.00064847,0.033,12.48849964,40,82.8401031,1,580.8140259,152164,3,1491.41394,21.53640175,86.40000153,141.9299927,0.7179
rear,OC,4-UMP,Umpqua,21,Lower Umpqua,0,0,61924,24528906,,,,,2007,24,Snorkeled,3,0.063571721,0.144999996,3.111500025,40,57.3061981,2,3642.718994,158183,1,1501.546997,20.77519226,88.88999939,134.4900055,0.634862687
rear,OC,4-UMP,Umpqua,21,Lower Umpqua,0,0,62376,24527440,,,,,2008,0,Snorkeled,6,0.00695488,0.046999998,10.37779999,20,113.6719971,2,128.529007,139707,3,1546.112061,19.61727524,79.79000092,168.4499969,0.6366
rear,OC,4-UMP,Umpqua,21,Lower Umpqua,0,0,62439,24527448,,,,,2008,0,Snorkeled,6,0.00199358,0.046999998,9.858099937,20,123.3089981,2,1380.96875,139707,3,1571.712036,19.41387558,82.26000214,130.1100006,0.63
rear,OC,4-UMP,Umpqua,21,Lower Umpqua,0,0,62566,24527448,,,,,2008,0,Snorkeled,6,0.00199358,0.046999998,9.826999664,20,125.5220032,2,1380.96875,139707,3,1571.712036,19.41387558,82.26000214,130.1100006,0.63
rear,OC,4-UMP,Umpqua,21,Lower Umpqua,0,0,62680,24527854,,,,,2009,53,Snorkeled,3,0.057761289,0.104999997,2.46600008,39,65.7789001,1,3872.950928,382756,3,1460.057983,19.66256905,82.12000275,249.0299988,0.512217143
rear,OC,4-UMP,Umpqua,21,Lower Umpqua,0,0,63445,24526598,,,,,2011,151,Snorkeled,5,0.00250278,0.022,5.842100143,26,28.1420002,1,1406.66394,312283,2,1596.994019,21.44000053,113.5299988,365.9100037,0.9056
rear,OC,4-UMP,Umpqua,21,Lower Umpqua,22401,1,6419,24528276,Dry Cr,Mouth,Headwaters,Scholfield Cr,2000,6,Snorkeled,3,0.05120473,0.048,2.445499897,53,31.4451008,1,1066.32605,312283,2,1474.073975,17.99967766,125.3099976,204.6499939,0.088872727
rear,OC,4-UMP,Umpqua,21,Lower Umpqua,22401,1,6419,24528276,Dry Cr,Mouth,Headwaters,Scholfield Cr,2002,0,Snorkeled,3,0.05120473,0.048,2.445499897,53,31.4451008,1,1066.32605,312283,2,1474.073975,18.9368248,102.1699982,214.7100067,0.088872727
rear,OC,4-UMP,Umpqua,21,Lower Umpqua,22401,1,6419,24528276,Dry Cr,Mouth,Headwaters,Scholfield Cr,2007,0,Snorkeled,3,0.05120473,0.048,2.445499897,40,31.4451008,1,1066.32605,312283,2,1474.073975,19.57236099,97.12000275,161.1100006,0.088872727
rear,OC,4-UMP,Umpqua,21,Lower Umpqua,22401,1,6419,24528276,Dry Cr,Mouth,Headwaters,Scholfield Cr,2008,0,Snorkeled,3,0.05120473,0.048,2.445499897,20,31.4451008,1,1066.32605,312283,2,1474.073975,17.6118927,85.44000244,234.9900055,0.088872727
rear,OC,4-UMP,Umpqua,21,Lower Umpqua,22401,1,6419,24528276,Dry Cr,Mouth,Headwaters,Scholfield Cr,2009,0,Snorkeled,3,0.05120473,0.048,2.445499897,39,31.4451008,1,1066.32605,312283,2,1474.073975,18.19357109,76.51000214,244.1699982,0.088872727
rear,OC,4-UMP,Umpqua,21,Lower Umpqua,22401,1,6419,24528276,Dry Cr,Mouth,Headwaters,Scholfield Cr,2010,0,Snorkeled,3,0.05120473,0.048,2.445499897,50,31.4451008,1,1066.32605,312283,2,1474.073975,16.82016563,72.01999664,419.2999878,0.088872727
rear,OC,4-UMP,Umpqua,21,Lower Umpqua,22403,2,6424,24528236,Miller Cr,Mouth,Headwaters,Scholfield Cr,2000,0,Snorkeled,3,0.054494482,0.079000004,2.550899982,53,34.389801,1,1974.383057,312283,2,1244.916016,18.1568222,85.93000031,253.8000031,0.088872727
rear,OC,4-UMP,Umpqua,21,Lower Umpqua,22403,2,6424,24528236,Miller Cr,Mouth,Headwaters,Scholfield Cr,2006,0,Snorkeled,3,0.054494482,0.079000004,2.550899982,37,34.389801,1,1974.383057,312283,2,1244.916016,18.52579689,100.7799988,206.8200073,0.088872727
rear,OC,4-UMP,Umpqua,21,Lower Umpqua,22403,2,6424,24528236,Miller Cr,Mouth,Headwaters,Scholfield Cr,2009,0,Snorkeled,3,0.054494482,0.079000004,2.550899982,39,34.389801,1,1974.383057,312283,2,1244.916016,18.07421684,94.83000183,343.1300049,0.088872727
rear,OC,4-UMP,Umpqua,21,Lower Umpqua,22406,3,6430,24526604,Scholfield Cr,Alder Cr,"Scholfield Cr, Trib A",Umpqua R,2001,0,Snorkeled,4,0.02612341,0.057,3.878499985,77,36.6348,1,3105.041016,312283,2,1635.901978,19.17000008,77.87000275,363.6900024,0.246
rear,OC,4-UMP,Umpqua,21,Lower Umpqua,22428,2,6456,24527892,"Joyce Cr, W Fk",Mouth,Headwaters,Joyce Cr,2009,27,Snorkeled,3,0.02482825,0.067000002,2.103800058,39,29.1805,1,353.131012,293464,1,1078.401001,19.36000061,64.83999634,192.3399963,0.478885714
rear,OC,4-UMP,Umpqua,21,Lower Umpqua,22428,2,6456,24527892,"Joyce Cr, W Fk",Mouth,Headwaters,Joyce Cr,2012,0,Snorkeled,3,0.02482825,0.067000002,2.103800058,54,29.1805,1,353.131012,293464,1,1078.401001,19.18000031,122.7699966,313.1300049,0.478885714
rear,OC,4-UMP,Umpqua,21,Lower Umpqua,22436.30078,1,6465,24528994,Cassady Cr,Mouth,Trib A,Smith R,2003,83,Snorkeled,5,1E-05,0.013,4.210499763,76,27.3805008,1,13.10000038,293464,2,1537.083984,22.20189857,141.4199982,297.8099976,0.8946
rear,OC,4-UMP,Umpqua,21,Lower Umpqua,22442,1.1,6469,24527852,Railroad Cr,Mouth,"Railroad Cr, Trib A","Smith R, N Fk",2003,707,Snorkeled,4,0.05312087,0.013,3.931099892,76,43.5886002,1,249.0679932,6024912,2,1212.786987,19.85000038,130.5399933,306.1099854,0.6496
rear,OC,4-UMP,Umpqua,21,Lower Umpqua,22442,1.1,6469,24527852,Railroad Cr,Mouth,"Railroad Cr, Trib A","Smith R, N Fk",2006,711,Snorkeled,4,0.05312087,0.013,3.931099892,37,43.5886002,1,249.0679932,6024912,2,1212.786987,19.45000076,96.54000092,192.0599976,0.6496
rear,OC,4-UMP,Umpqua,21,Lower Umpqua,22442,1.1,6469,24527852,Railroad Cr,Mouth,"Railroad Cr, Trib A","Smith R, N Fk",2009,933,Snorkeled,4,0.05312087,0.013,3.931099892,39,43.5886002,1,249.0679932,6024912,2,1212.786987,19.04999924,75.97000122,231.0899963,0.6496
rear,OC,4-UMP,Umpqua,21,Lower Umpqua,22442,1.1,6469,24527852,Railroad Cr,Mouth,"Railroad Cr, Trib A","Smith R, N Fk",2012,696,Snorkeled,4,0.05312087,0.013,3.931099892,54,43.5886002,1,249.0679932,6024912,2,1212.786987,18.11000061,134.3800049,363.230011,0.6496
rear,OC,4-UMP,Umpqua,21,Lower Umpqua,22442.5,1,56971,24527852,Railroad Cr,Trib A,Headwaters,"Smith R, N Fk",2009,0,Snorkeled,3,0.05312087,0.013,2.818399906,39,46.0634003,1,249.0679932,6024912,2,1212.786987,19.04999924,75.97000122,231.0899963,0.5098
rear,OC,4-UMP,Umpqua,21,Lower Umpqua,22446,2,6474,24527792,Johnson Cr,Mouth,Headwaters,"Smith R, N Fk",2003,907,Snorkeled,5,0.016533069,0.059999999,3.907799959,76,49.1908989,1,10.84300041,6024912,2,1640.583984,20.16592979,140.6100006,319.8399963,0.4911
rear,OC,4-UMP,Umpqua,21,Lower Umpqua,22452,1,6481,24527766,Sulphur Cr,Mouth,Headwaters,"Smith R, N Fk",2011,1102,Snorkeled,4,0.049101431,0.088,3.641000032,26,50.7635994,1,474.8670044,6024912,2,1769.900024,17.04602814,129.8500061,393.4299927,0.5801
rear,OC,4-UMP,Umpqua,21,Lower Umpqua,22452,1,6481,24527766,Sulphur Cr,Mouth,Headwaters,"Smith R, N Fk",2014,338,Snorkeled,4,0.049101431,0.088,3.641000032,51,50.7635994,1,474.8670044,6024912,2,1769.900024,19.2411747,71.83999634,307.6600037,0.5801
rear,OC,4-UMP,Umpqua,21,Lower Umpqua,22466,1,6501,24527762,Cedar Cr,"Cedar Cr, Trib B","Cedar Cr, Trib C","Smith R, N Fk",2008,355,Snorkeled,4,0.043556131,0.085000001,3.895900011,20,69.9926987,1,2598.978027,435539,2,1818.935059,18.15772057,107.7300034,237.8500061,0.5776
rear,OC,4-UMP,Umpqua,21,Lower Umpqua,22466,1,6501,24527762,Cedar Cr,"Cedar Cr, Trib B","Cedar Cr, Trib C","Smith R, N Fk",2011,546,Snorkeled,4,0.043556131,0.085000001,3.895900011,26,69.9926987,1,2598.978027,435539,2,1818.935059,17.57822609,133.5700073,430.6000061,0.5776
rear,OC,4-UMP,Umpqua,21,Lower Umpqua,22466,1,6501,24527762,Cedar Cr,"Cedar Cr, Trib B","Cedar Cr, Trib C","Smith R, N Fk",2014,69,Snorkeled,4,0.043556131,0.085000001,3.895900011,51,69.9926987,1,2598.978027,435539,2,1818.935059,20.27427101,76.77999878,333.3200073,0.5776
rear,OC,4-UMP,Umpqua,21,Lower Umpqua,22468,1,6506,24527578,"Smith R, N Fk, M Fk",Mouth,"Smith R, N Fk, M Fk, Trib C","Smith R, N Fk",2000,1695,Snorkeled,5,0.01352328,0.085000001,5.995900154,53,73.5203018,1,32.05400085,435539,2,1955.57605,20.09214211,77.90000153,266.8500061,0.7654
rear,OC,4-UMP,Umpqua,21,Lower Umpqua,22469,0,6512,24527586,"Smith R, N Fk","Smith R, N Fk, M Fk","Smith R, N Fk, Trib D",Smith R,2000,2983,Snorkeled,5,0.0079661,0.085000001,7.388199806,53,74.0028992,1,607.9500122,435539,2,1855.232056,20.341259,77.90000153,266.8500061,0.7857
rear,OC,4-UMP,Umpqua,21,Lower Umpqua,22470,2,6513,24527592,"Smith R, N Fk","Smith R, N Fk, Trib G",Kentucky Cr,Smith R,2011,1182,Snorkeled,5,0.026090341,0.085000001,6.872300148,26,78.9205017,1,8194.950195,435539,2,1810.176025,18.33919334,149.4700012,500.5499878,0.4508
rear,OC,4-UMP,Umpqua,21,Lower Umpqua,22481,3,6522,24527324,Wassen Cr,Mouth,Perkins Cr,Smith R,2005,149,Snorkeled,6,1E-05,0.014,7.982299805,70,51.1105003,1,1496.457031,225143,3,1838.927002,19.74529076,86.18000031,403.0400085,0.5948
rear,OC,4-UMP,Umpqua,21,Lower Umpqua,22486.30078,1,6539,24527810,"Spencer Cr, W Fk, Trib A",Mouth,Headwaters,"Spencer Cr, W Fk",2004,17,Snorkeled,3,0.0861402,0.083999999,2.637300014,61,58.2327003,1,2654.522949,382756,3,1319.852051,18.73252106,114.3300018,218.0399933,0.512217143
rear,OC,4-UMP,Umpqua,21,Lower Umpqua,22486.30078,1,6539,24527810,"Spencer Cr, W Fk, Trib A",Mouth,Headwaters,"Spencer Cr, W Fk",2013,7,Snorkeled,3,0.0861402,0.083999999,2.637300014,52,58.2327003,1,2654.522949,382756,3,1319.852051,18.73252106,94.52999878,270.6400146,0.512217143
rear,OC,4-UMP,Umpqua,21,Lower Umpqua,22487,1,6541,24527666,Spencer Cr,"Spencer Cr, W Fk","Spencer Cr, Trib C",Smith R,2000,463,Snorkeled,4,0.018158549,0.083999999,4.390299797,53,58.1190987,1,2274.029053,382756,3,1525.697021,18.78683472,77.94999695,293.6600037,0.4669
rear,OC,4-UMP,Umpqua,21,Lower Umpqua,22487.30078,1,6543,24527668,Spencer Cr,"Spencer Cr, Trib C","Spencer Cr, Trib D",Smith R,2013,797,Snorkeled,4,0.03642473,0.083999999,3.691800117,52,60.3368988,1,658.0319824,382756,3,1522.093994,19.56880569,94.52999878,270.6400146,0.4835
rear,OC,4-UMP,Umpqua,21,Lower Umpqua,22495,3,6557,24527634,Johnson Cr,Mouth,"Johnson Cr,  Trib A",Smith R,2005,826,Snorkeled,4,0.01377835,0.041000001,4.681399822,70,68.689003,1,19.92200089,382756,3,1529.38501,21.42000008,88.48000336,382.25,0.7173
rear,OC,4-UMP,Umpqua,21,Lower Umpqua,22502,1,6578,24527790,Crane Cr,Mouth,"Crane Cr, Trib A","Smith R, W Fk",2005,260,Snorkeled,4,0.036573458,0.090000004,3.665699959,70,78.7854004,1,647.5910034,376416,3,1519.432983,17.85407829,85.62999725,346.0700073,0.4783
rear,OC,4-UMP,Umpqua,21,Lower Umpqua,22502,2,6577,24527790,Crane Cr,Mouth,"Crane Cr, Trib A","Smith R, W Fk",2005,352,Snorkeled,4,0.036573458,0.090000004,3.434499979,70,79.7954025,1,647.5910034,376416,3,1519.432983,17.85407829,85.62999725,346.0700073,0.5
rear,OC,4-UMP,Umpqua,21,Lower Umpqua,22502.5,1,6579,24527528,"Smith R, W Fk","Smith R, W Fk, Trib C",Moore Cr,Smith R,2005,285,Snorkeled,5,0.00690476,0.090000004,7.276899815,70,79.2145996,1,148.0180054,376416,4,1647.910034,22.9231739,85.62999725,346.0700073,0.7165
rear,OC,4-UMP,Umpqua,21,Lower Umpqua,22502.5,1,6580,24527528,"Smith R, W Fk","Smith R, W Fk, Trib C",Moore Cr,Smith R,2005,285,Snorkeled,5,0.00690476,0.090000004,7.272099972,70,79.4219971,1,148.0180054,376416,4,1647.910034,22.9231739,85.62999725,346.0700073,0.9515
rear,OC,4-UMP,Umpqua,21,Lower Umpqua,22502.69922,4,6582,24527778,Moore Cr,Mouth,Headwaters,"Smith R, W Fk",2005,0,Snorkeled,2,0.02491069,0.090000004,2.196899891,70,83.6080017,1,945.3950195,376416,3,1446.287964,16.55948639,93.12999725,389.5899963,0.542088889
rear,OC,4-UMP,Umpqua,21,Lower Umpqua,22504,2.0999999,6594,24527768,Beaver Cr,Mouth,"Beaver Cr, Trib A","Smith R, W Fk",2000,364,Snorkeled,3,0.036356091,0.090000004,3.121900082,53,90.364502,1,248.9579926,376416,4,1580.077026,15.85999966,82.30000305,250.9100037,0.542088889
rear,OC,4-UMP,Umpqua,21,Lower Umpqua,22504.69922,1,6592,24527768,Beaver Cr,"Beaver Cr, Trib A",Headwaters,"Smith R, W Fk",2008,112,Snorkeled,3,0.036356091,0.090000004,2.89289999,20,90.7485962,1,248.9579926,376416,4,1580.077026,16.63999939,107.4199982,242.7899933,0.542088889
rear,OC,4-UMP,Umpqua,21,Lower Umpqua,22504.69922,1,6592,24527768,Beaver Cr,"Beaver Cr, Trib A",Headwaters,"Smith R, W Fk",2011,113,Snorkeled,3,0.036356091,0.090000004,2.89289999,26,90.7485962,1,248.9579926,376416,4,1580.077026,15.35000038,127.7799988,422.3999939,0.542088889
rear,OC,4-UMP,Umpqua,21,Lower Umpqua,22504.69922,1,6592,24527768,Beaver Cr,"Beaver Cr, Trib A",Headwaters,"Smith R, W Fk",2014,268,Snorkeled,3,0.036356091,0.090000004,2.89289999,51,90.7485962,1,248.9579926,376416,4,1580.077026,18.03000069,72.19999695,327.6300049,0.542088889
rear,OC,4-UMP,Umpqua,21,Lower Umpqua,22506,1,6598,24527620,Gold Cr,Mouth,Headwaters,"Smith R, W Fk",2012,499,Snorkeled,3,0.051719461,0.090000004,4.457099915,54,87.8815994,1,222.3560028,376416,4,1657.801025,15.68761349,139.1300049,340.9500122,0.7204
rear,OC,4-UMP,Umpqua,21,Lower Umpqua,22506,2,6600,24527620,Gold Cr,Mouth,Headwaters,"Smith R, W Fk",2005,272,Snorkeled,3,0.051719461,0.090000004,4.17869997,70,89.0871964,1,222.3560028,376416,4,1657.801025,17.43401909,93.12999725,389.5899963,0.5974
rear,OC,4-UMP,Umpqua,21,Lower Umpqua,22506,3,6601,24527620,Gold Cr,Mouth,Headwaters,"Smith R, W Fk",2003,216,Snorkeled,3,0.051719461,0.090000004,3.570100069,76,91.0714035,1,222.3560028,376416,4,1657.801025,17.9493885,121.3899994,350.5299988,0.1392
rear,OC,4-UMP,Umpqua,21,Lower Umpqua,22507,3,63830,24527536,"Smith R, W Fk",Gold Cr,"Smith R, W Fk, Trib F",Smith R,2012,1004,Snorkeled,4,0.00281034,0.090000004,5.216599941,54,91.2048035,1,592.5197754,376416,4,1822.849976,18.48999977,148.6699982,351.3200073,1
rear,OC,4-UMP,Umpqua,21,Lower Umpqua,22507.40039,1,6603,24527538,"Smith R, W Fk","Smith R, W Fk, Trib F","Smith R, W Fk, Trib G",Smith R,2009,1768,Snorkeled,4,0.0094863,0.090000004,4.94299984,39,91.9067001,1,1356.031006,376416,4,1790.675049,20.62000084,85.56999969,240.1600037,0.8272
rear,OC,4-UMP,Umpqua,21,Lower Umpqua,22507.40039,1,6603,24527538,"Smith R, W Fk","Smith R, W Fk, Trib F","Smith R, W Fk, Trib G",Smith R,2012,722,Snorkeled,4,0.0094863,0.090000004,4.94299984,54,91.9067001,1,1356.031006,376416,4,1790.675049,18.45000076,148.6699982,351.3200073,0.8272
rear,OC,4-UMP,Umpqua,21,Lower Umpqua,22509,2,6611,24527386,Scare Cr,Mouth,Scare Cr Trib B,Smith R,2005,521,Snorkeled,4,0.01804558,0.112999998,4.997799873,70,77.0667038,1,1674.244019,382756,3,1400.198975,20.67856789,84.19999695,366.1300049,0.554
rear,OC,4-UMP,Umpqua,21,Lower Umpqua,22509,3,6610,24527386,Scare Cr,Mouth,Scare Cr Trib B,Smith R,2000,840,Snorkeled,4,0.01804558,0.112999998,4.801300049,53,78.085701,1,1674.244019,382756,3,1400.198975,18.85552025,78.73000336,261.6099854,0.9214
rear,OC,4-UMP,Umpqua,21,Lower Umpqua,22509.59961,1,405245,24527388,Scare Cr,Scare Cr Trib C,Scare Cr Trib D,Smith R,2009,36,Snorkeled,3,0.02129533,0.112999998,4.04640007,39,79.5951996,1,904.526001,152164,3,1351.61499,20.98266411,78.86000061,263.1000061,0.7239
rear,OC,4-UMP,Umpqua,21,Lower Umpqua,22511,1,6614,24527868,Blackwell Cr,Mouth,Headwaters,Smith R,2001,0,Snorkeled,3,0.061669879,0.097999997,2.894000053,77,76.2567978,1,944.8129883,152164,3,1488.863037,18.12999916,63.22000122,273.9899902,0.336448718
rear,OC,4-UMP,Umpqua,21,Lower Umpqua,22511,1,6614,24527868,Blackwell Cr,Mouth,Headwaters,Smith R,2004,15,Snorkeled,3,0.061669879,0.097999997,2.894000053,61,76.2567978,1,944.8129883,152164,3,1488.863037,20.37999916,115.8899994,209.3999939,0.336448718
rear,OC,4-UMP,Umpqua,21,Lower Umpqua,22511,1,6614,24527868,Blackwell Cr,Mouth,Headwaters,Smith R,2007,0,Snorkeled,3,0.061669879,0.097999997,2.894000053,40,76.2567978,1,944.8129883,152164,3,1488.863037,20.09000015,103.6900024,171.6799927,0.336448718
rear,OC,4-UMP,Umpqua,21,Lower Umpqua,22511,1,6614,24527868,Blackwell Cr,Mouth,Headwaters,Smith R,2010,2,Snorkeled,3,0.061669879,0.097999997,2.894000053,50,76.2567978,1,944.8129883,152164,3,1488.863037,18.63999939,89.19999695,424.0400085,0.336448718
rear,OC,4-UMP,Umpqua,21,Lower Umpqua,22511,1,6614,24527868,Blackwell Cr,Mouth,Headwaters,Smith R,2013,0,Snorkeled,3,0.061669879,0.097999997,2.894000053,52,76.2567978,1,944.8129883,152164,3,1488.863037,20.40999985,89.37000275,255.0200043,0.336448718
rear,OC,4-UMP,Umpqua,21,Lower Umpqua,22521,1,62293,24527514,S Sister Cr,Mouth,Jeff Cr,N Sister Cr,2008,284,Snorkeled,5,0.00813623,0.033,6.377699852,20,87.1063995,2,681.8449707,152164,3,1322.152954,20.78000069,77.44000244,140.1399994,0.8283
rear,OC,4-UMP,Umpqua,21,Lower Umpqua,22521,1,64193,24527514,S Sister Cr,Mouth,Jeff Cr,N Sister Cr,2013,322,Snorkeled,5,0.00813623,0.033,6.359200001,52,87.5904999,2,681.8449707,152164,3,1322.152954,21.88999939,68.56999969,178.4799957,0.9367
rear,OC,4-UMP,Umpqua,21,Lower Umpqua,22521,2,6628,24527514,S Sister Cr,Mouth,Jeff Cr,N Sister Cr,2004,650,Snorkeled,5,0.00813623,0.033,6.333099842,61,88.686203,2,681.8449707,152164,3,1322.152954,22.27000046,119.4700012,158.0800018,0.9515
rear,OC,4-UMP,Umpqua,21,Lower Umpqua,22521,2,6628,24527514,S Sister Cr,Mouth,Jeff Cr,N Sister Cr,2010,476,Snorkeled,5,0.00813623,0.033,6.333099842,50,88.686203,2,681.8449707,152164,3,1322.152954,20.38999939,65.45999908,269.3999939,0.9515
rear,OC,4-UMP,Umpqua,21,Lower Umpqua,22521,2,6628,24527514,S Sister Cr,Mouth,Jeff Cr,N Sister Cr,2013,237,Snorkeled,5,0.00813623,0.033,6.333099842,52,88.686203,2,681.8449707,152164,3,1322.152954,21.88999939,68.56999969,178.4799957,0.9515
rear,OC,4-UMP,Umpqua,21,Lower Umpqua,22523.40039,1,62700,24527888,Bum Cr,"Burn Cr, Trib A","Burn Cr, Trib B",S Sister Cr,2009,305,Snorkeled,4,0.060208172,0.054000001,3.85710001,39,97.1345978,2,83.9260025,126968,3,1267.891968,18.04999924,69.62000275,230.9100037,0.6692
rear,OC,4-UMP,Umpqua,21,Lower Umpqua,22523.80078,1,6639,24527520,S Sister Cr,Bum Cr,"S Sister Cr, Trib A",Smith R,1999,28,Snorkeled,4,0.032170732,0.054000001,3.648000002,52,97.9026031,2,477.1589966,126968,5,1267.78894,16.65262985,122.3399963,182.7799988,0.61
rear,OC,4-UMP,Umpqua,21,Lower Umpqua,22526,2,6647,24527828,N Sister Cr,Russell Cr,Herb Cr,S Sister Cr,2012,974,Snorkeled,5,0.00816159,0.033,6.161200047,54,89.0178986,2,178.427002,126968,3,1416.592041,17.77000046,134.3899994,220,0.9798
rear,OC,4-UMP,Umpqua,21,Lower Umpqua,22526,2,6647,24527828,N Sister Cr,Russell Cr,Herb Cr,S Sister Cr,2013,567,Snorkeled,5,0.00816159,0.033,6.161200047,52,89.0178986,2,178.427002,126968,3,1416.592041,19.39999962,68.56999969,178.4799957,0.9798
rear,OC,4-UMP,Umpqua,21,Lower Umpqua,22526,2,6647,24527828,N Sister Cr,Russell Cr,Herb Cr,S Sister Cr,2014,1091,Snorkeled,5,0.00816159,0.033,6.161200047,51,89.0178986,2,178.427002,126968,3,1416.592041,19.87999916,58.11999893,195.9400024,0.9798
rear,OC,4-UMP,Umpqua,21,Lower Umpqua,22537.5,1,6673,24527922,Marsh Cr,"Marsh Cr, Trib A",Headwaters,Smith R,2011,162,Snorkeled,3,0.059683818,0.046999998,3.208800077,26,98.836998,2,473.3240051,152164,3,1248.597046,16.03000069,76.65000153,251.4400024,0.4197
rear,OC,4-UMP,Umpqua,21,Lower Umpqua,22537.5,1,6673,24527922,Marsh Cr,"Marsh Cr, Trib A",Headwaters,Smith R,2012,174,Snorkeled,3,0.059683818,0.046999998,3.208800077,54,98.836998,2,473.3240051,152164,3,1248.597046,16.86000061,132.3399963,227.0299988,0.4197
rear,OC,4-UMP,Umpqua,21,Lower Umpqua,22537.5,1,6673,24527922,Marsh Cr,"Marsh Cr, Trib A",Headwaters,Smith R,2013,213,Snorkeled,3,0.059683818,0.046999998,3.208800077,52,98.836998,2,473.3240051,152164,3,1248.597046,18.65999985,73.01000214,186.9199982,0.4197
rear,OC,4-UMP,Umpqua,21,Lower Umpqua,22537.5,1,6673,24527922,Marsh Cr,"Marsh Cr, Trib A",Headwaters,Smith R,2014,108,Snorkeled,3,0.059683818,0.046999998,3.208800077,51,98.836998,2,473.3240051,152164,3,1248.597046,18.95999908,60.06999969,193.2899933,0.4197
rear,OC,4-UMP,Umpqua,21,Lower Umpqua,22539.30078,1,6680,24527946,"Big Cr, Trib A",Mouth,Headwaters,Big Cr,2005,423,Snorkeled,4,0.040152282,0.046999998,3.652499914,70,104.5179977,2,1334.458984,152164,3,1321.682983,19.11000061,77.48000336,350.3099976,0.3989
rear,OC,4-UMP,Umpqua,21,Lower Umpqua,22541.19922,1,6690,24527420,Big Cr,"Big Cr, Trib C","Big Cr, Trib D",Smith R,2008,873,Snorkeled,5,0.00741786,0.046999998,4.573500156,20,107.1080017,2,435.9779968,152164,3,1436.655029,18.95761871,87.25,200.7400055,0.7582
rear,OC,4-UMP,Umpqua,21,Lower Umpqua,22543,1,6695,24528000,Blind Cr,Mouth,Headwaters,Smith R,2005,50,Snorkeled,3,0.031318732,0.046999998,3.263299942,70,102.8079987,2,1243.791016,152164,3,1280.823975,19.25,68.98999786,274.6600037,0.3569
rear,OC,4-UMP,Umpqua,21,Lower Umpqua,22545,1,64201,24528006,Mosetown Cr,Mouth,"Mosetown Cr, E Fk",Smith R,2013,474,Snorkeled,5,0.01102443,0.046999998,5.056000233,52,107.185997,2,920.8306885,152164,3,1325.251953,19.54999924,71.23999786,190.2700043,0.6084
rear,OC,4-UMP,Umpqua,21,Lower Umpqua,22549.30078,1,6385,24528084,"Halfway Cr, Trib A",Mouth,Headwaters,Halfway Cr,2008,95,Snorkeled,4,0.051287498,0.046999998,3.030699968,20,116.6989975,2,755.4299927,139707,3,1631.328003,17.59000015,82.26000214,130.1100006,0.2657
rear,OC,4-UMP,Umpqua,21,Lower Umpqua,22549.30078,1,6385,24528084,"Halfway Cr, Trib A",Mouth,Headwaters,Halfway Cr,2011,78,Snorkeled,4,0.051287498,0.046999998,3.030699968,26,116.6989975,2,755.4299927,139707,3,1631.328003,15.86229801,69.88999939,246.3899994,0.2657
rear,OC,4-UMP,Umpqua,21,Lower Umpqua,22549.30078,1,6385,24528084,"Halfway Cr, Trib A",Mouth,Headwaters,Halfway Cr,2014,101,Snorkeled,4,0.051287498,0.046999998,3.030699968,51,116.6989975,2,755.4299927,139707,3,1631.328003,18.77000046,59.06999969,183.3200073,0.2657
rear,OC,4-UMP,Umpqua,21,Lower Umpqua,22551,1,6712,24527960,Clabber Cr,Mouth,"Clabber Cr, Trib A",Smith R,2010,61,Snorkeled,3,0.069440581,0.193000004,3.258300066,50,115.6070023,2,3865.031006,139707,4,1366.796997,16.40999985,70.26000214,308.5899963,0.3945
rear,OC,4-UMP,Umpqua,21,Lower Umpqua,22573,2,6732,24527910,Haney Cr,Mouth,Pearl Cr,Smith R,2004,1303,Snorkeled,4,0.01003942,0.046999998,4.843100071,61,135.848999,2,422.4549866,139707,3,1678.332031,20.75,130.3699951,169.8300018,0.8119
rear,OC,4-UMP,Umpqua,21,Lower Umpqua,22574,2.0999999,63070,24527878,Pearl Cr,Mouth,Pearl Cr Trib A,Haney Cr,2010,182,Snorkeled,3,0.02454883,0.067000002,3.084800005,50,138.0709991,2,279.3139954,139707,3,1322.69104,16.86000061,66.33000183,291.9200134,0.2192
rear,OC,4-UMP,Umpqua,21,Lower Umpqua,22575.19922,1,63417,24527876,Haney Cr,"Haney Cr, Trib A","Haney Cr, Trib B",Smith R,2011,433,Snorkeled,4,0.016628601,0.046999998,3.88319993,26,137.1470032,2,683.0839844,139707,3,1697.996948,16.02000046,69.58000183,262.4500122,0.43
rear,OC,4-UMP,Umpqua,21,Lower Umpqua,22577,2.2,6741,24527508,Panther Cr,Mouth,"Panther Cr, Trib 1",Smith R,2002,644,Snorkeled,4,0.00969434,0.046999998,4.958099842,53,136.7039948,2,390.9960022,139707,3,1490.051025,18.58212662,57.02999878,155.7899933,0.9934
rear,OC,4-UMP,Umpqua,21,Lower Umpqua,22577,2.2,6741,24527508,Panther Cr,Mouth,"Panther Cr, Trib 1",Smith R,2011,409,Snorkeled,4,0.00969434,0.046999998,4.958099842,26,136.7039948,2,390.9960022,139707,3,1490.051025,16.12424088,70.62000275,240.4600067,0.9934
rear,OC,4-UMP,Umpqua,21,Lower Umpqua,22577.69922,1,6744,24527508,Panther Cr,"Panther Cr, Trib 4","Panther Cr, Trib 5",Smith R,2002,269,Snorkeled,4,0.00969434,0.046999998,4.218299866,53,139.2429962,2,390.9960022,139707,3,1490.051025,18.58212662,57.02999878,155.7899933,0.9038
rear,OC,4-UMP,Umpqua,21,Lower Umpqua,22581,1,63433,24527914,Salmonberry Cr,Mouth,Headwaters,Smith R,2011,372,Snorkeled,4,0.02797552,0.046999998,3.67930007,26,139.7460022,2,1149.589966,139707,3,1364.024048,16.01000023,70.62000275,240.4600067,0.5921
rear,OC,4-UMP,Umpqua,21,Lower Umpqua,22584.09961,1,6391,24527996,"Smith R, Little S Fk, Trib 1",Mouth,"Smith R, Little S Fk,Trib 1, Trib A","Smith R, Little South Fork",2013,85,Snorkeled,3,0.063010849,0.046999998,2.824100018,52,144.6580048,2,706.0289917,89254,4,1773.764038,17.39999962,67.04000092,165.4499969,0.505106897
rear,OC,4-UMP,Umpqua,21,Lower Umpqua,22585,1,6757,24527466,"Smith R, S Fk","Smith R, Little S Fk","Smith R, S Fk, Trib 2",Smith R,1999,329,Snorkeled,4,0.00650537,0.046999998,5.82460022,52,143.1300049,2,393.8037109,89254,3,1735.944946,19.367733,114.4800034,163.9499969,1
rear,OC,4-UMP,Umpqua,21,Lower Umpqua,22585.90039,1,6762,24527474,"Smith R, S Fk","Smith R, S Fk, Trib 5","Smith R, S Fk, Trib 6",Smith R,2007,200,Snorkeled,4,0.01184454,0.046999998,4.168700218,40,150.154007,2,187.6809998,89254,4,1709.532959,20.20986938,83.08999634,173.1499939,0.7556
rear,OC,4-UMP,Umpqua,21,Lower Umpqua,22585.90039,1,6763,24527474,"Smith R, S Fk","Smith R, S Fk, Trib 5","Smith R, S Fk, Trib 6",Smith R,2006,502,Snorkeled,4,0.01184454,0.046999998,4.458300114,37,149.1640015,2,187.6809998,89254,4,1709.532959,20.35887146,92.55999756,175.0299988,0.7076
rear,OC,4-UMP,Umpqua,21,Lower Umpqua,22587,1,6764,24527950,Elk Cr,Mouth,"Elk Cr, Trib A",Smith R,2006,187,Snorkeled,3,0.03833086,0.046999998,3.5006001,37,145.4230042,2,221.598999,89254,6,1265.430054,18.35000038,91.15000153,183.5399933,0.4268
rear,OC,4-UMP,Umpqua,21,Lower Umpqua,22587.40039,1,6765,24527950,Elk Cr,"Elk Cr, Trib A","Elk Cr, Trib B",Smith R,2008,144,Snorkeled,3,0.03833086,0.046999998,3.179199934,20,146.0440063,2,221.598999,89254,6,1265.430054,17.43000031,74.76999664,125.0100021,0.3956
rear,OC,4-UMP,Umpqua,21,Lower Umpqua,22600,1,6781,24527494,Smith R,Hall Cr,Redford Cr,Umpqua R,1999,0,Snorkeled,5,4.987E-05,0.046999998,6.087200165,52,152.2429962,2,173.0469971,89254,4,1515.485962,16.71396828,113.6600037,163.7700043,0.9798
rear,OC,4-UMP,Umpqua,21,Lower Umpqua,22603,1,6785,24528050,Peterson Cr,Mouth,Headwaters,Smith R,2009,113,Snorkeled,3,0.029055141,0.063000001,3.230900049,39,154.4250031,2,246.0800018,89254,4,1269.300049,19.06999969,76.02999878,171.4400024,0.418
rear,OC,4-UMP,Umpqua,21,Lower Umpqua,22603,2,6786,24528050,Peterson Cr,Mouth,Headwaters,Smith R,2004,109,Snorkeled,3,0.029055141,0.063000001,2.41989994,61,155.9219971,2,246.0800018,89254,4,1269.300049,18.93000031,110.3199997,180.9199982,0.505106897
rear,OC,4-UMP,Umpqua,21,Lower Umpqua,22606,1,6791,24527500,Smith R,Tip Davis Cr,Sleezer Cr,Umpqua R,2009,678,Snorkeled,4,0.00803398,0.046999998,4.817599773,39,156.2120056,2,211.7389984,89254,5,1517.208008,19.25135994,76.55000305,152.8399963,0.7405
rear,OC,4-UMP,Umpqua,21,Lower Umpqua,22606,1,6791,24527500,Smith R,Tip Davis Cr,Sleezer Cr,Umpqua R,2012,132,Snorkeled,4,0.00803398,0.046999998,4.817599773,54,156.2120056,2,211.7389984,89254,5,1517.208008,16.9823494,124.0299988,204.6600037,0.7405
rear,OC,4-UMP,Umpqua,21,Lower Umpqua,22606,1,64185,24527500,Smith R,Tip Davis Cr,Sleezer Cr,Umpqua R,2013,237,Snorkeled,4,0.00803398,0.046999998,4.870800018,52,155.8090057,2,211.7389984,89254,5,1517.208008,19.17619705,69.30000305,177.9900055,0.9658
rear,OC,4-UMP,Umpqua,21,Lower Umpqua,22624,2,6810,24526624,Dean Cr,Sheps Cr,"Dean Cr, Trib D",Umpqua R,2006,1025,Snorkeled,4,0.0021635,0.017999999,5.079500198,37,29.2481995,1,1409.940186,225937,1,1678.20105,20.77000046,100.7799988,206.8200073,1
rear,OC,4-UMP,Umpqua,21,Lower Umpqua,22642,1,6831,24528904,Charlotte Cr,Mouth,"Charlotte Cr, Trib A",Umpqua R,2000,1428,Snorkeled,4,0.01923863,0.016000001,4.618899822,53,32.1908989,1,447.0119934,225937,1,1853.994995,17.12570763,75.20999908,210.25,0.7092
rear,OC,4-UMP,Umpqua,21,Lower Umpqua,22642,1,6831,24528904,Charlotte Cr,Mouth,"Charlotte Cr, Trib A",Umpqua R,2003,2168,Snorkeled,4,0.01923863,0.016000001,4.618899822,76,32.1908989,1,447.0119934,225937,1,1853.994995,18.63081741,154.5099945,326.2000122,0.7092
rear,OC,4-UMP,Umpqua,21,Lower Umpqua,22642,1,6831,24528904,Charlotte Cr,Mouth,"Charlotte Cr, Trib A",Umpqua R,2006,1205,Snorkeled,4,0.01923863,0.016000001,4.618899822,37,32.1908989,1,447.0119934,225937,1,1853.994995,17.68503952,100.0500031,196.3800049,0.7092
rear,OC,4-UMP,Umpqua,21,Lower Umpqua,22642,1,6831,24528904,Charlotte Cr,Mouth,"Charlotte Cr, Trib A",Umpqua R,2012,482,Snorkeled,4,0.01923863,0.016000001,4.618899822,54,32.1908989,1,447.0119934,225937,1,1853.994995,16.88672066,151.5599976,428.6900024,0.7092
rear,OC,4-UMP,Umpqua,21,Lower Umpqua,22653,0,6846,24526732,Camp Cr,Mouth,Buck Cr,Mill Cr,2007,24,Snorkeled,5,0.00973041,0.030999999,8.462900162,40,50.8888016,2,5106.221191,192547,1,1547.040039,22.38348579,114.7399979,181.9100037,0.5948
rear,OC,4-UMP,Umpqua,21,Lower Umpqua,22653,1,6841,24526732,Camp Cr,Mouth,Buck Cr,Mill Cr,2010,663,Snorkeled,5,0.00973041,0.030999999,8.596400261,50,47.7947998,2,5106.221191,192547,1,1547.040039,20.9218998,82.55999756,452.3399963,0.5548
rear,OC,4-UMP,Umpqua,21,Lower Umpqua,22655,2,6857,24526736,Camp Cr,Buck Cr,"Camp Cr, Trib A",Mill Cr,2000,160,Snorkeled,5,0.00289782,0.046999998,7.847000122,53,58.0125008,2,1189.280029,192547,1,1572.071045,19.85000038,85.27999878,217.7799988,0.9078
rear,OC,4-UMP,Umpqua,21,Lower Umpqua,22655,2,6857,24526736,Camp Cr,Buck Cr,"Camp Cr, Trib A",Mill Cr,2006,0,Snorkeled,5,0.00289782,0.046999998,7.847000122,37,58.0125008,2,1189.280029,192547,1,1572.071045,22.40999985,100.4199982,168.6600037,0.9078
rear,OC,4-UMP,Umpqua,21,Lower Umpqua,22655,2,6857,24526736,Camp Cr,Buck Cr,"Camp Cr, Trib A",Mill Cr,2012,2,Snorkeled,5,0.00289782,0.046999998,7.847000122,54,58.0125008,2,1189.280029,192547,1,1572.071045,20.35000038,117.5899963,277.480011,0.9078
rear,OC,4-UMP,Umpqua,21,Lower Umpqua,22663,1,63842,24528410,Sock Cr,Mouth,Headwaters,Mill Cr,2012,0,Snorkeled,3,0.07359083,0.202999994,3.249799967,54,48.3199005,2,3563.00708,336715,1,1367.463013,16.86233521,123.6500015,398.4899902,0.0849
rear,OC,4-UMP,Umpqua,21,Lower Umpqua,22664,0,6870,24526662,Mill Cr,Sock Cr,Kelly Cr,Umpqua R,2005,0,Snorkeled,6,0.01293269,0.045000002,11.15289974,70,48.1530991,2,1917.35791,89254,2,1471.409058,20.36167717,101.2399979,575.9099731,0.64
rear,OC,4-UMP,Umpqua,21,Lower Umpqua,22678,1,6887,24528898,Wells Cr,Mouth,"Wells Cr, Trib A",Umpqua R,2001,40,Snorkeled,4,0.033422589,0.041000001,4.329199791,77,45.0979996,1,995.3500977,352630,1,1603.58606,19.21406555,60.59000015,269.1499939,0.945
rear,OC,4-UMP,Umpqua,21,Lower Umpqua,22678,1,6887,24528898,Wells Cr,Mouth,"Wells Cr, Trib A",Umpqua R,2004,365,Snorkeled,4,0.033422589,0.041000001,4.329199791,61,45.0979996,1,995.3500977,352630,1,1603.58606,21.05202675,125.5100021,184.6999969,0.945
rear,OC,4-UMP,Umpqua,21,Lower Umpqua,22678,1,6887,24528898,Wells Cr,Mouth,"Wells Cr, Trib A",Umpqua R,2007,325,Snorkeled,4,0.033422589,0.041000001,4.329199791,40,45.0979996,1,995.3500977,352630,1,1603.58606,20.83387184,99.69000244,156.25,0.945
rear,OC,4-UMP,Umpqua,21,Lower Umpqua,22678.69922,1,6886,24528196,Wells Cr,"Wells Cr, Trib A",Headwaters,Umpqua R,2005,50,Snorkeled,3,0.130081698,0.050000001,3.728499889,70,46.0671005,1,2344.621094,352630,1,1613.041992,19.59000015,94.41999817,478.730011,0.388
rear,OC,4-UMP,Umpqua,21,Lower Umpqua,22683,1,6890,24528272,Purdy Cr,Mouth,Burchard Lake,Burchard Cr,2006,83,Snorkeled,3,0.084521048,0.046,3.465199947,37,50.3736992,2,560.5529785,352630,1,1581.28894,19.1168766,99.11000061,177.3500061,0.394
rear,OC,4-UMP,Umpqua,21,Lower Umpqua,22686,2,6894,24527268,Weatherly Cr,Mouth,"Weatherly Cr, Trib C",Umpqua R,2001,1256,Snorkeled,5,0.00462522,0.034000002,6.326099873,77,54.1776009,2,36.70999908,352630,1,1722.109985,20.40999985,53.38000107,186.6100006,0.9934
rear,OC,4-UMP,Umpqua,21,Lower Umpqua,22686,2,6894,24527268,Weatherly Cr,Mouth,"Weatherly Cr, Trib C",Umpqua R,2004,1055,Snorkeled,5,0.00462522,0.034000002,6.326099873,61,54.1776009,2,36.70999908,352630,1,1722.109985,22.54999924,129.3099976,170.25,0.9934
rear,OC,4-UMP,Umpqua,21,Lower Umpqua,22686,2,6894,24527268,Weatherly Cr,Mouth,"Weatherly Cr, Trib C",Umpqua R,2010,676,Snorkeled,5,0.00462522,0.034000002,6.326099873,50,54.1776009,2,36.70999908,352630,1,1722.109985,20.92000008,68.27999878,289.6099854,0.9934
rear,OC,4-UMP,Umpqua,21,Lower Umpqua,22686,2,6894,24527268,Weatherly Cr,Mouth,"Weatherly Cr, Trib C",Umpqua R,2013,448,Snorkeled,5,0.00462522,0.034000002,6.326099873,52,54.1776009,2,36.70999908,352630,1,1722.109985,21.99488831,71.31999969,191.3000031,0.9934
rear,OC,4-UMP,Umpqua,21,Lower Umpqua,22686.90039,4,6903,24527274,Weatherly Cr,Patterson Cr,Headwaters,Umpqua R,2005,0,Snorkeled,4,0.032258868,0.059,3.389400005,70,63.9562988,2,40.23099899,352630,1,1569.675049,19.7596817,71.29000092,260.6499939,0.384
rear,OC,4-UMP,Umpqua,21,Lower Umpqua,22686.90039,4,6903,24527274,Weatherly Cr,Patterson Cr,Headwaters,Umpqua R,2014,0,Snorkeled,4,0.032258868,0.059,3.389400005,51,63.9562988,2,40.23099899,352630,1,1569.675049,20.50315094,61.38000107,170.8999939,0.384
rear,OC,4-UMP,Umpqua,21,Lower Umpqua,22688,1,6910,24526776,Lutsinger Cr,Mouth,"Lutsinger Cr, Trib A",Umpqua R,2012,192,Snorkeled,5,0.01265163,0.032000002,5.885200024,54,53.0425987,2,2321.85791,158183,4,1351.771973,19.29999924,111.3399963,212.1600037,0.8974
rear,OC,4-UMP,Umpqua,21,Lower Umpqua,22688,3.0999999,6912,24526776,Lutsinger Cr,Mouth,"Lutsinger Cr, Trib A",Umpqua R,2001,302,Snorkeled,5,0.01265163,0.032000002,5.516600132,77,55.6847,2,2321.85791,158183,4,1351.771973,19.34000015,52.41999817,167.6699982,0.8453
rear,OC,4-UMP,Umpqua,21,Lower Umpqua,22688,3.0999999,6915,24526776,Lutsinger Cr,Mouth,"Lutsinger Cr, Trib A",Umpqua R,1999,566,Snorkeled,5,0.01265163,0.032000002,5.451399803,52,56.3795013,2,2321.85791,158183,4,1351.771973,18.45000076,111.0299988,194.3600006,0.5804
rear,OC,4-UMP,Umpqua,21,Lower Umpqua,22688,3.0999999,6915,24526776,Lutsinger Cr,Mouth,"Lutsinger Cr, Trib A",Umpqua R,2000,996,Snorkeled,5,0.01265163,0.032000002,5.451399803,53,56.3795013,2,2321.85791,158183,4,1351.771973,18.98835754,76.65000153,182.7599945,0.5804
rear,OC,4-UMP,Umpqua,21,Lower Umpqua,22688,3.0999999,6915,24526776,Lutsinger Cr,Mouth,"Lutsinger Cr, Trib A",Umpqua R,2001,1068,Snorkeled,5,0.01265163,0.032000002,5.451399803,77,56.3795013,2,2321.85791,158183,4,1351.771973,19.34000015,52.41999817,167.6699982,0.5804
rear,OC,4-UMP,Umpqua,21,Lower Umpqua,22688,3.0999999,6915,24526776,Lutsinger Cr,Mouth,"Lutsinger Cr, Trib A",Umpqua R,2002,824,Snorkeled,5,0.01265163,0.032000002,5.451399803,53,56.3795013,2,2321.85791,158183,4,1351.771973,20.34000015,58.63999939,146.4700012,0.5804
rear,OC,4-UMP,Umpqua,21,Lower Umpqua,22688,3.0999999,6915,24526776,Lutsinger Cr,Mouth,"Lutsinger Cr, Trib A",Umpqua R,2003,921,Snorkeled,5,0.01265163,0.032000002,5.451399803,76,56.3795013,2,2321.85791,158183,4,1351.771973,21.45999908,123.9199982,274.5700073,0.5804
rear,OC,4-UMP,Umpqua,21,Lower Umpqua,22688,3.0999999,6915,24526776,Lutsinger Cr,Mouth,"Lutsinger Cr, Trib A",Umpqua R,2004,1078,Snorkeled,5,0.01265163,0.032000002,5.451399803,61,56.3795013,2,2321.85791,158183,4,1351.771973,21.45000076,129.8600006,171.8699951,0.5804
rear,OC,4-UMP,Umpqua,21,Lower Umpqua,22688,3.0999999,6915,24526776,Lutsinger Cr,Mouth,"Lutsinger Cr, Trib A",Umpqua R,2005,531,Snorkeled,5,0.01265163,0.032000002,5.451399803,70,56.3795013,2,2321.85791,158183,4,1351.771973,20.95000076,72.90000153,282.8399963,0.5804
rear,OC,4-UMP,Umpqua,21,Lower Umpqua,22688,3.0999999,6915,24526776,Lutsinger Cr,Mouth,"Lutsinger Cr, Trib A",Umpqua R,2006,463,Snorkeled,5,0.01265163,0.032000002,5.451399803,37,56.3795013,2,2321.85791,158183,4,1351.771973,21.11000061,101.0599976,165.6499939,0.5804
rear,OC,4-UMP,Umpqua,21,Lower Umpqua,22688,3.0999999,6915,24526776,Lutsinger Cr,Mouth,"Lutsinger Cr, Trib A",Umpqua R,2007,480,Snorkeled,5,0.01265163,0.032000002,5.451399803,40,56.3795013,2,2321.85791,158183,4,1351.771973,20.95999908,87.61000061,130.8600006,0.5804
rear,OC,4-UMP,Umpqua,21,Lower Umpqua,22688,3.0999999,6915,24526776,Lutsinger Cr,Mouth,"Lutsinger Cr, Trib A",Umpqua R,2008,628,Snorkeled,5,0.01265163,0.032000002,5.451399803,20,56.3795013,2,2321.85791,158183,4,1351.771973,19.92000008,85.93000031,142.5299988,0.5804
rear,OC,4-UMP,Umpqua,21,Lower Umpqua,22688,3.0999999,6915,24526776,Lutsinger Cr,Mouth,"Lutsinger Cr, Trib A",Umpqua R,2009,1282,Snorkeled,5,0.01265163,0.032000002,5.451399803,39,56.3795013,2,2321.85791,158183,4,1351.771973,21.45999908,70.02999878,193.2200012,0.5804
rear,OC,4-UMP,Umpqua,21,Lower Umpqua,22688,3.0999999,6915,24526776,Lutsinger Cr,Mouth,"Lutsinger Cr, Trib A",Umpqua R,2010,616,Snorkeled,5,0.01265163,0.032000002,5.451399803,50,56.3795013,2,2321.85791,158183,4,1351.771973,20.03000069,63.52999878,287.4200134,0.5804
rear,OC,4-UMP,Umpqua,21,Lower Umpqua,22688,3.0999999,6915,24526776,Lutsinger Cr,Mouth,"Lutsinger Cr, Trib A",Umpqua R,2011,861,Snorkeled,5,0.01265163,0.032000002,5.451399803,26,56.3795013,2,2321.85791,158183,4,1351.771973,18.25,73.01000214,246.6799927,0.5804
rear,OC,4-UMP,Umpqua,21,Lower Umpqua,22688,3.0999999,6915,24526776,Lutsinger Cr,Mouth,"Lutsinger Cr, Trib A",Umpqua R,2012,383,Snorkeled,5,0.01265163,0.032000002,5.451399803,54,56.3795013,2,2321.85791,158183,4,1351.771973,19.29999924,111.3399963,212.1600037,0.5804
rear,OC,4-UMP,Umpqua,21,Lower Umpqua,22688,3.0999999,6915,24526776,Lutsinger Cr,Mouth,"Lutsinger Cr, Trib A",Umpqua R,2013,422,Snorkeled,5,0.01265163,0.032000002,5.451399803,52,56.3795013,2,2321.85791,158183,4,1351.771973,20.95999908,70.16000366,176.8200073,0.5804
rear,OC,4-UMP,Umpqua,21,Lower Umpqua,22688,3.0999999,6915,24526776,Lutsinger Cr,Mouth,"Lutsinger Cr, Trib A",Umpqua R,2014,774,Snorkeled,5,0.01265163,0.032000002,5.451399803,51,56.3795013,2,2321.85791,158183,4,1351.771973,21.62000084,62.25,182.3200073,0.5804
rear,OC,4-UMP,Umpqua,21,Lower Umpqua,22690,1.1,6919,24528924,Butler Cr,Mouth,Headwaters,Umpqua R,2008,0,Snorkeled,4,0.05110069,0.064999998,3.776400089,20,54.1980019,2,5616.178223,158183,1,1360.109009,19.53941345,85.93000031,142.5299988,0.4584
rear,OC,4-UMP,Umpqua,21,Lower Umpqua,22690,1.1,6919,24528924,Butler Cr,Mouth,Headwaters,Umpqua R,2011,75,Snorkeled,4,0.05110069,0.064999998,3.776400089,26,54.1980019,2,5616.178223,158183,1,1360.109009,17.88328552,73.01000214,246.6799927,0.4584
rear,OC,4-UMP,Umpqua,21,Lower Umpqua,22690,1.1,6919,24528924,Butler Cr,Mouth,Headwaters,Umpqua R,2014,100,Snorkeled,4,0.05110069,0.064999998,3.776400089,51,54.1980019,2,5616.178223,158183,1,1360.109009,21.17405319,62.25,182.3200073,0.4584
rear,OC,4-UMP,Umpqua,21,Lower Umpqua,22695,1,6929,24527250,Little Paradise Cr,Mouth,"Little Paradise Cr, Trib D",Paradise Cr,2002,464,Snorkeled,4,0.00957546,0.035,5.284900188,53,64.1945038,2,3417.204102,282848,1,1528.682007,19.73436165,55.25,115.0199966,0.8017
rear,OC,4-UMP,Umpqua,21,Lower Umpqua,22697,1,6938,24528242,Cedar Cr,Mouth,Headwaters,Paradise Cr,2005,22,Snorkeled,3,0.05129179,0.07,3.397599936,70,64.9660034,2,3974.141113,282848,1,1298.104004,19.74542618,69.91000366,246.9199982,0.2648
rear,OC,4-UMP,Umpqua,21,Lower Umpqua,22699,2,6942,24528230,House Cr,Mouth,Headwaters,Paradise Cr,2000,256,Snorkeled,4,0.045658331,0.055,3.072799921,53,67.7712021,2,1962.378052,282848,1,1488.149048,16.66030693,76.65000153,182.7599945,0.1377
rear,OC,4-UMP,Umpqua,22,Middle Umpqua,0,0,57958,24527112,,,,,2007,0,Snorkeled,7,0.00107,0.046,14.41460037,45,95.1651993,2,819.3262939,339420,1,1857.91394,22.5278492,82.87999725,121.8000031,0.6767
rear,OC,4-UMP,Umpqua,22,Middle Umpqua,0,0,58942,24527206,,,,,2007,0,Snorkeled,6,0.00318475,0.046,9.946499825,45,116.7440033,2,599.75,241976,3,1670.234985,21.93541336,82.93000031,125.9899979,0.9798
rear,OC,4-UMP,Umpqua,22,Middle Umpqua,0,0,63422,24528804,,,,,2011,9,Snorkeled,3,0.122755811,0.061999999,3.408299923,42,159.8430023,2,2958.858887,71752,4,1452.849976,16.75107002,74.38999939,215.9700012,0.1243
rear,OC,4-UMP,Umpqua,22,Middle Umpqua,0,0,63449,24528396,,,,,2011,0,Snorkeled,4,0.026326749,0.046,3.633300066,42,135.401001,2,2029.380981,210556,5,1451.512939,18.33908463,58.83000183,248.3099976,0.4339
rear,OC,4-UMP,Umpqua,22,Middle Umpqua,22709,0,6964,24528308,Big Tom Folley Cr,Mouth,Saddle Butte Cr,Elk Cr,1999,86,Snorkeled,6,0.00188915,0.024,7.480700016,52,89.7500992,2,53.93600082,148380,3,1457.04895,18.41273117,109.2699966,131.8999939,0.7626
rear,OC,4-UMP,Umpqua,22,Middle Umpqua,22711,1,6963,24528308,Big Tom Folley Cr,Saddle Butte Cr,"Big Tom Folley Cr, N Fk",Elk Cr,2004,1359,Snorkeled,6,0.00188915,0.024,7.364200115,62,91.3856964,2,53.93600082,148380,3,1457.04895,21.52211571,119.6100006,165.4700012,0.8875
rear,OC,4-UMP,Umpqua,22,Middle Umpqua,22715,2,6987,24527104,Brush Cr,Mouth,Thistleburn Cr,Elk Cr,2012,651,Snorkeled,5,0.00670006,0.046,7.440700054,55,96.0014038,2,796.4780273,265098,1,1504.333984,21.89341354,116.1299973,175.4100037,0.6215
rear,OC,4-UMP,Umpqua,22,Middle Umpqua,22720,1,7005,24528454,Squaw Cr,Mouth,"Squaw Cr, Trib A",Brush Cr,2004,866,Snorkeled,4,0.044330001,0.054000001,4.276899815,62,104.8539963,2,423.1860046,258528,8,1593.697998,21.6702919,117.8399963,168.4700012,0.5962
rear,OC,4-UMP,Umpqua,22,Middle Umpqua,22729,1,7026,24528338,Parker Cr,Mouth,Headwaters,Elk Cr,2002,346,Snorkeled,4,0.021170439,0.046,4.867400169,53,100.2440033,2,1098.26001,339420,4,1391.239014,21.56395721,57.45000076,142.6399994,0.7911
rear,OC,4-UMP,Umpqua,22,Middle Umpqua,22738.69922,1,62688,24527132,Bear Cr,Allen,Lost Cabin,Billy Cr,2009,75,Snorkeled,4,0.035967741,0.052999999,5.055500031,45,115.9420013,2,2147.750977,81807,5,1387.655029,20.5499382,97.38999939,146.5800018,0.8264
rear,OC,4-UMP,Umpqua,22,Middle Umpqua,22746,1,63047,24528530,Flagler Cr,Mouth,Headwaters,"Billy Cr, S Fk",2010,55,Snorkeled,4,0.039237209,0.046,3.707099915,78,120.7740021,2,978.9920044,81807,9,1302.437012,19.99288177,62.36999893,249.5,0.4879
rear,OC,4-UMP,Umpqua,22,Middle Umpqua,22756,1,7063,24527232,Sand Cr,Mouth,Little Sand Cr,Pass Cr,2012,63,Snorkeled,5,0.00517361,0.046,6.675600052,55,120.3509979,2,779.0200195,241976,3,1498.91394,20.11004639,127.5999985,172.0200043,0.9515
rear,OC,4-UMP,Umpqua,22,Middle Umpqua,22756,1,7063,24527232,Sand Cr,Mouth,Little Sand Cr,Pass Cr,2013,4,Snorkeled,5,0.00517361,0.046,6.675600052,52,120.3509979,2,779.0200195,241976,3,1498.91394,22.20941734,71.79000092,143.9299927,0.9515
rear,OC,4-UMP,Umpqua,22,Middle Umpqua,22756,1,7063,24527232,Sand Cr,Mouth,Little Sand Cr,Pass Cr,2014,3,Snorkeled,5,0.00517361,0.046,6.675600052,51,120.3509979,2,779.0200195,241976,3,1498.91394,22.5682373,54.54999924,138.0099945,0.9515
rear,OC,4-UMP,Umpqua,22,Middle Umpqua,22757.69922,1,62316,24528200,Little Sand Cr,"Little Sand Cr, Trib A",Taylor Cr,Sand Cr,2008,134,Snorkeled,4,0.00924339,0.046,4.257599831,20,124.6709976,2,198.0010071,241976,3,1486.85498,18.87999916,58.18000031,98.80999756,0.64
rear,OC,4-UMP,Umpqua,22,Middle Umpqua,22760.30078,1,7077,24528222,Ellenburg Cr,Mouth,Headwaters,Sand Cr,2007,359,Snorkeled,4,0.01206434,0.046,4.359600067,45,123.9229965,2,323.7120056,241976,2,1408.119995,20.44159126,81.69999695,147.0700073,0.903
rear,OC,4-UMP,Umpqua,22,Middle Umpqua,22760.30078,1,7077,24528222,Ellenburg Cr,Mouth,Headwaters,Sand Cr,2008,29,Snorkeled,4,0.01206434,0.046,4.359600067,20,123.9229965,2,323.7120056,241976,2,1408.119995,19.5284481,70.12999725,103.5800018,0.903
rear,OC,4-UMP,Umpqua,22,Middle Umpqua,22760.30078,3,7075,24528188,Ellenburg Cr,Mouth,Headwaters,Sand Cr,1999,16,Snorkeled,2,0.04611909,0.133000001,2.017800093,52,127.2450027,2,593.565979,241976,3,1223.782959,16.51000023,108.6200027,132.6399994,0.741509804
rear,OC,4-UMP,Umpqua,22,Middle Umpqua,22762,4,7096,24527230,Rock Cr,Mouth,"Rock Cr, Trib B",Pass Cr,1999,22,Snorkeled,4,0.022843691,0.086999997,4.400000095,52,125.7549973,2,874.6359863,241976,4,1436.722046,18.22759819,100.3700027,125.4800034,0.6862
rear,OC,4-UMP,Umpqua,22,Middle Umpqua,22766,2,7104,24527652,Pheasant Cr,Mouth,"Pheasant Cr, Trib A",Pass Cr,2006,153,Snorkeled,4,0.00727504,0.046,4.722599983,37,130.6150055,2,195.822998,110777,5,1383.875,21.92158318,89.02999878,191.1100006,0.9658
rear,OC,4-UMP,Umpqua,22,Middle Umpqua,22773,1,7124,24527152,Yoncalla Cr,Mouth,Hanlon Cr,Elk Cr,1999,0,Snorkeled,5,0.00176579,0.046,8.057200432,52,118.0429993,2,351.8829956,145002,3,2534.100098,20.17091179,101.9000015,115.2399979,0.9798
rear,OC,4-UMP,Umpqua,22,Middle Umpqua,22793.5,1,7146,24528440,Dodge Canyon,"Dodge Canyon, Trib A",Headwaters,Elk Cr,2005,40,Snorkeled,3,0.066824697,0.064999998,3.047600031,70,122.0800018,2,2486.89209,210556,3,1817.208008,20.40345764,69.77999878,244.1499939,0.057
rear,OC,4-UMP,Umpqua,22,Middle Umpqua,22793.5,1,7146,24528440,Dodge Canyon,"Dodge Canyon, Trib A",Headwaters,Elk Cr,2014,0,Snorkeled,3,0.066824697,0.064999998,3.047600031,51,122.0800018,2,2486.89209,210556,3,1817.208008,20.98148727,52.18000031,137.7400055,0.057
rear,OC,4-UMP,Umpqua,22,Middle Umpqua,22797,1,7147,24528382,Wehmeyer Cr,Simpson Cr,"Wehmeyer Cr, Trib A",Elk Cr,2006,26,Snorkeled,4,0.00769628,0.046,3.809999943,37,124.5920029,2,555.6613159,210556,6,1566.782959,21.53533554,82.11000061,173.0099945,0.746
rear,OC,4-UMP,Umpqua,22,Middle Umpqua,22809,4,7172,24529002,Bennet Cr,Mouth,Headwaters,Elk Cr,2005,95,Snorkeled,3,0.022359891,0.046,3.748800039,70,135.3439941,2,457.5230103,210556,8,1458.229004,22.81803322,68.68000031,269.3599854,0.4455
rear,OC,4-UMP,Umpqua,22,Middle Umpqua,22810,2,7178,24527182,Elk Cr,Bennet Cr,Adams Cr,Umpqua R,2007,92,Snorkeled,6,0.00648338,0.046,8.624699593,45,132.6950073,2,555.6613159,210556,8,1751.489014,24.82687378,74.47000122,152.6799927,1
rear,OC,4-UMP,Umpqua,22,Middle Umpqua,22810,2,7178,24527182,Elk Cr,Bennet Cr,Adams Cr,Umpqua R,2008,3,Snorkeled,6,0.00648338,0.046,8.624699593,20,132.6950073,2,555.6613159,210556,8,1751.489014,23.73344612,53.20000076,113.6800003,1
rear,OC,4-UMP,Umpqua,22,Middle Umpqua,22810,2,7178,24527182,Elk Cr,Bennet Cr,Adams Cr,Umpqua R,2009,118,Snorkeled,6,0.00648338,0.046,8.624699593,45,132.6950073,2,555.6613159,210556,8,1751.489014,25.3006916,90.93000031,147.7599945,1
rear,OC,4-UMP,Umpqua,22,Middle Umpqua,22810,2,7178,24527182,Elk Cr,Bennet Cr,Adams Cr,Umpqua R,2010,172,Snorkeled,6,0.00648338,0.046,8.624699593,78,132.6950073,2,555.6613159,210556,8,1751.489014,23.19280624,51.09000015,257.7000122,1
rear,OC,4-UMP,Umpqua,22,Middle Umpqua,22810,2,7178,24527182,Elk Cr,Bennet Cr,Adams Cr,Umpqua R,2011,31,Snorkeled,6,0.00648338,0.046,8.624699593,42,132.6950073,2,555.6613159,210556,8,1751.489014,21.35220528,63.75999832,238.25,1
rear,OC,4-UMP,Umpqua,22,Middle Umpqua,22810,2,7178,24527182,Elk Cr,Bennet Cr,Adams Cr,Umpqua R,2012,46,Snorkeled,6,0.00648338,0.046,8.624699593,55,132.6950073,2,555.6613159,210556,8,1751.489014,22.51245308,114.3000031,201.4700012,1
rear,OC,4-UMP,Umpqua,22,Middle Umpqua,22810,2,7178,24527182,Elk Cr,Bennet Cr,Adams Cr,Umpqua R,2013,69,Snorkeled,6,0.00648338,0.046,8.624699593,52,132.6950073,2,555.6613159,210556,8,1751.489014,25.08808136,72.63999939,173.0200043,1
rear,OC,4-UMP,Umpqua,22,Middle Umpqua,22810,2,7178,24527182,Elk Cr,Bennet Cr,Adams Cr,Umpqua R,2014,39,Snorkeled,6,0.00648338,0.046,8.624699593,51,132.6950073,2,555.6613159,210556,8,1751.489014,25.28854179,55.72000122,185.1000061,1
rear,OC,4-UMP,Umpqua,22,Middle Umpqua,22811,3,7183,24528568,Adams Cr,Mouth,Headwaters,Elk Cr,2009,0,Snorkeled,4,0.046679672,0.075000003,4.601099968,45,136.3899994,2,4785.61084,194840,4,1647.916016,20.92238235,93.22000122,167.7299957,0.3181
rear,OC,4-UMP,Umpqua,22,Middle Umpqua,22811,3,7183,24528568,Adams Cr,Mouth,Headwaters,Elk Cr,2012,7,Snorkeled,4,0.046679672,0.075000003,4.601099968,55,136.3899994,2,4785.61084,194840,4,1647.916016,18.43903542,113.3700027,216.3899994,0.3181
rear,OC,4-UMP,Umpqua,22,Middle Umpqua,22816.30078,3,7190,24528578,Lane Cr,Mouth,Headwaters,Elk Cr,2011,231,Snorkeled,4,0.026936671,0.056000002,4.267700195,42,144.5379944,2,678.0319824,194840,4,1526.657959,18.87701035,65.55999756,252.9600067,0.7342
rear,OC,4-UMP,Umpqua,22,Middle Umpqua,22816.30078,3,7190,24528578,Lane Cr,Mouth,Headwaters,Elk Cr,2014,244,Snorkeled,4,0.026936671,0.056000002,4.267700195,51,144.5379944,2,678.0319824,194840,4,1526.657959,22.61674309,58.59000015,206.3899994,0.7342
rear,OC,4-UMP,Umpqua,22,Middle Umpqua,22816.40039,1,7195,24527188,Elk Cr,Lane Cr,"Elk Cr, Trib A",Umpqua R,2013,0,Snorkeled,5,0.00219733,0.056000002,6.204999924,52,144.1629944,2,172.0820007,194840,4,1644.237061,24.82644463,72.04000092,188.2700043,0.9798
rear,OC,4-UMP,Umpqua,22,Middle Umpqua,22820,1,7203,24527628,Heddin Cr,Mouth,Headwaters,Umpqua R,2009,201,Snorkeled,4,0.064939231,0.064000003,4.769299984,45,80.5264969,2,136.848999,414220,3,1535.248047,20.61080742,76.69999695,155.4400024,0.6885
rear,OC,4-UMP,Umpqua,22,Middle Umpqua,22824,1,61901,24526810,Mehl Cr,Mouth,Headwaters,Umpqua R,2007,552,Snorkeled,5,0.041084781,0.068000004,5.770299911,45,86.8391037,2,1184.994995,414220,4,1329.334961,20.40814781,90.08999634,134.7200012,0.816
rear,OC,4-UMP,Umpqua,22,Middle Umpqua,22828.80078,0,7225,24528488,Brads Cr,"Brads Cr, Trib A",Headwaters,Umpqua R,2004,304,Snorkeled,4,0.043267518,0.035,3.947999954,62,96.0376968,2,780.0499878,414220,3,1384.694946,21.16605186,121.3499985,168.7299957,0.6869
rear,OC,4-UMP,Umpqua,22,Middle Umpqua,22834,1,7230,24528584,McGee Cr,Mouth,Headwaters,Umpqua R,2001,18,Snorkeled,5,0.00973384,0.035999998,4.975399971,85,117.0479965,2,2062.170898,166773,1,1456.100952,20.70106506,48.41999817,111.3499985,0.6076
rear,OC,4-UMP,Umpqua,22,Middle Umpqua,22834,1,7230,24528584,McGee Cr,Mouth,Headwaters,Umpqua R,2010,110,Snorkeled,5,0.00973384,0.035999998,4.975399971,78,117.0479965,2,2062.170898,166773,1,1456.100952,21.36527061,59.81999969,245.3000031,0.6076
rear,OC,4-UMP,Umpqua,22,Middle Umpqua,22836.80078,1,7237,24527084,Yellow Cr,"Yellow Cr, Trib E",Bear Cr,Umpqua R,2006,303,Snorkeled,5,0.00929946,0.046999998,6.769199848,37,127.8479996,2,5123.23584,449626,4,1555.073975,22.25414848,89.20999908,158.3200073,0.5513
rear,OC,4-UMP,Umpqua,22,Middle Umpqua,22838,1,63043,24528586,Doe Cr,Mouth,Headwaters,Bear Cr,2010,34,Snorkeled,4,0.110491753,0.111000001,3.927200079,78,130.522995,2,5254.88623,449626,2,1723.723999,17.02249527,59.29000092,243.4600067,0.35195
rear,OC,4-UMP,Umpqua,22,Middle Umpqua,22839,1,7238,24528588,Bear Cr,Doe Cr,Headwaters,Yellow Cr,2004,86,Snorkeled,4,0.10282401,0.111000001,3.888499975,62,129.9250031,2,4977.416016,449626,2,1465.375,18.65306664,111.0400009,142.2700043,0.1127
rear,OC,4-UMP,Umpqua,22,Middle Umpqua,22839,1,7238,24528588,Bear Cr,Doe Cr,Headwaters,Yellow Cr,2013,42,Snorkeled,4,0.10282401,0.111000001,3.888499975,52,129.9250031,2,4977.416016,449626,2,1465.375,18.54253006,67.62000275,133.9600067,0.1127
rear,OC,4-UMP,Umpqua,22,Middle Umpqua,22840,1,7240,24527086,Yellow Cr,Bear Cr,"Yellow Cr, Trib I",Umpqua R,2002,950,Snorkeled,4,0.02115416,0.082000002,5.816899776,53,129.6049957,2,1171.823975,449626,4,1483.741943,21.42146683,46.20000076,104.1500015,0.3847
rear,OC,4-UMP,Umpqua,22,Middle Umpqua,22848,2,7251,24527072,Lost Cr,Mouth,Headwaters,Umpqua R,2002,480,Snorkeled,4,0.016767429,0.059,5.515900135,53,130.8179932,2,5840.128906,125621,1,1606.567017,23.3325119,47.95000076,96.08999634,0.4059
rear,OC,4-UMP,Umpqua,22,Middle Umpqua,22857,1,7261,24526862,Little Wolf Cr,Mouth,"Little Wolf Cr, Trib C",Wolf Cr,2007,1530,Snorkeled,4,0.01308602,0.050000001,5.942500114,45,143.7619934,2,31.33499908,104075,4,1733.365967,21.83827591,75.88999939,99.31999969,0.9934
rear,OC,4-UMP,Umpqua,22,Middle Umpqua,22857,2,7258,24526862,Little Wolf Cr,Mouth,"Little Wolf Cr, Trib C",Wolf Cr,1999,58,Snorkeled,4,0.01308602,0.050000001,5.661099911,52,146.2859955,2,31.33499908,104075,4,1733.365967,19.39902496,80.62999725,112.6399994,0.8161
rear,OC,4-UMP,Umpqua,22,Middle Umpqua,22857.90039,1,7263,24526864,Little Wolf Cr,"Little Wolf Cr, Trib D","Little Wolf Cr, Trib E",Wolf Cr,2000,1348,Snorkeled,4,0.01927877,0.050000001,4.547100067,57,148.0240021,2,924.5170288,104075,4,1707.442017,18.54453087,79.31999969,150.0899963,0.5601
rear,OC,4-UMP,Umpqua,22,Middle Umpqua,22857.90039,1,7263,24526864,Little Wolf Cr,"Little Wolf Cr, Trib D","Little Wolf Cr, Trib E",Wolf Cr,2003,1684,Snorkeled,4,0.01927877,0.050000001,4.547100067,76,148.0240021,2,924.5170288,104075,4,1707.442017,21.03460884,89.94000244,191.9100037,0.5601
rear,OC,4-UMP,Umpqua,22,Middle Umpqua,22857.90039,1,7263,24526864,Little Wolf Cr,"Little Wolf Cr, Trib D","Little Wolf Cr, Trib E",Wolf Cr,2006,759,Snorkeled,4,0.01927877,0.050000001,4.547100067,37,148.0240021,2,924.5170288,104075,4,1707.442017,20.67168236,93.26999664,150.5700073,0.5601
rear,OC,4-UMP,Umpqua,22,Middle Umpqua,22859,1,7274,24527644,Miner Cr,Mouth,Case Knife Cr,Wolf Cr,2006,85,Snorkeled,4,0.02169179,0.050000001,5.72660017,37,146.2250061,2,770.3099976,104075,3,1567.109985,20.8186264,93.26999664,150.5700073,0.6933
rear,OC,4-UMP,Umpqua,22,Middle Umpqua,22860,2,7277,24528690,Case Knife Cr,Mouth,Headwaters,Miner Cr,2001,35,Snorkeled,3,0.082665108,0.105999999,3.021399975,85,150.5700073,2,3700.944092,104075,2,1605.541992,17.17279816,49.09999847,140.1300049,0.626297531
rear,OC,4-UMP,Umpqua,22,Middle Umpqua,22862,1,7285,24526856,Wolf Cr,Miner Cr,Rader Cr,Umpqua R,1999,145,Snorkeled,5,0.00673904,0.050000001,7.011000156,52,147.2380066,2,134.7059937,104075,3,1627.703979,18.63999939,80.62999725,112.6399994,0.6215
rear,OC,4-UMP,Umpqua,22,Middle Umpqua,22862,1,7285,24526856,Wolf Cr,Miner Cr,Rader Cr,Umpqua R,2001,163,Snorkeled,5,0.00673904,0.050000001,7.011000156,85,147.2380066,2,134.7059937,104075,3,1627.703979,19.37999916,45.49000168,96.66000366,0.6215
rear,OC,4-UMP,Umpqua,22,Middle Umpqua,22862,1,7285,24526856,Wolf Cr,Miner Cr,Rader Cr,Umpqua R,2002,2643,Snorkeled,5,0.00673904,0.050000001,7.011000156,53,147.2380066,2,134.7059937,104075,3,1627.703979,20.97999954,47.02000046,96.19999695,0.6215
rear,OC,4-UMP,Umpqua,22,Middle Umpqua,22862,1,7285,24526856,Wolf Cr,Miner Cr,Rader Cr,Umpqua R,2003,1608,Snorkeled,5,0.00673904,0.050000001,7.011000156,76,147.2380066,2,134.7059937,104075,3,1627.703979,21.70999908,89.94000244,191.9100037,0.6215
rear,OC,4-UMP,Umpqua,22,Middle Umpqua,22862,1,7285,24526856,Wolf Cr,Miner Cr,Rader Cr,Umpqua R,2004,831,Snorkeled,5,0.00673904,0.050000001,7.011000156,62,147.2380066,2,134.7059937,104075,3,1627.703979,21.39999962,111.4599991,134.2200012,0.6215
rear,OC,4-UMP,Umpqua,22,Middle Umpqua,22862,1,7285,24526856,Wolf Cr,Miner Cr,Rader Cr,Umpqua R,2005,708,Snorkeled,5,0.00673904,0.050000001,7.011000156,70,147.2380066,2,134.7059937,104075,3,1627.703979,21.39999962,70.93000031,234.8399963,0.6215
rear,OC,4-UMP,Umpqua,22,Middle Umpqua,22862,1,7285,24526856,Wolf Cr,Miner Cr,Rader Cr,Umpqua R,2006,52,Snorkeled,5,0.00673904,0.050000001,7.011000156,37,147.2380066,2,134.7059937,104075,3,1627.703979,21.30999947,93.26999664,150.5700073,0.6215
rear,OC,4-UMP,Umpqua,22,Middle Umpqua,22862,1,7285,24526856,Wolf Cr,Miner Cr,Rader Cr,Umpqua R,2007,2473,Snorkeled,5,0.00673904,0.050000001,7.011000156,45,147.2380066,2,134.7059937,104075,3,1627.703979,21.20000076,81.44999695,109.3099976,0.6215
rear,OC,4-UMP,Umpqua,22,Middle Umpqua,22862,1,7285,24526856,Wolf Cr,Miner Cr,Rader Cr,Umpqua R,2008,417,Snorkeled,5,0.00673904,0.050000001,7.011000156,20,147.2380066,2,134.7059937,104075,3,1627.703979,20.29000092,64.15000153,101.3000031,0.6215
rear,OC,4-UMP,Umpqua,22,Middle Umpqua,22862,1,7285,24526856,Wolf Cr,Miner Cr,Rader Cr,Umpqua R,2009,1158,Snorkeled,5,0.00673904,0.050000001,7.011000156,45,147.2380066,2,134.7059937,104075,3,1627.703979,21.5,83.83999634,122.6100006,0.6215
rear,OC,4-UMP,Umpqua,22,Middle Umpqua,22862,1,7285,24526856,Wolf Cr,Miner Cr,Rader Cr,Umpqua R,2010,1049,Snorkeled,5,0.00673904,0.050000001,7.011000156,78,147.2380066,2,134.7059937,104075,3,1627.703979,20.04999924,56.79999924,255.6300049,0.6215
rear,OC,4-UMP,Umpqua,22,Middle Umpqua,22862,1,7285,24526856,Wolf Cr,Miner Cr,Rader Cr,Umpqua R,2011,1283,Snorkeled,5,0.00673904,0.050000001,7.011000156,42,147.2380066,2,134.7059937,104075,3,1627.703979,18.27000046,72.33999634,214.8600006,0.6215
rear,OC,4-UMP,Umpqua,22,Middle Umpqua,22862,1,7285,24526856,Wolf Cr,Miner Cr,Rader Cr,Umpqua R,2012,1121,Snorkeled,5,0.00673904,0.050000001,7.011000156,55,147.2380066,2,134.7059937,104075,3,1627.703979,19.22999954,108.0500031,150.8600006,0.6215
rear,OC,4-UMP,Umpqua,22,Middle Umpqua,22862,1,7285,24526856,Wolf Cr,Miner Cr,Rader Cr,Umpqua R,2013,325,Snorkeled,5,0.00673904,0.050000001,7.011000156,52,147.2380066,2,134.7059937,104075,3,1627.703979,21.59000015,65.84999847,126.1900024,0.6215
rear,OC,4-UMP,Umpqua,22,Middle Umpqua,22862,1,7285,24526856,Wolf Cr,Miner Cr,Rader Cr,Umpqua R,2014,476,Snorkeled,5,0.00673904,0.050000001,7.011000156,51,147.2380066,2,134.7059937,104075,3,1627.703979,21.52000046,62.66999817,129.9199982,0.6215
rear,OC,4-UMP,Umpqua,22,Middle Umpqua,22866.5,1,6268,24528748,"Cougar Cr, Trib B",Mouth,Headwaters,Cougar Cr,2014,994,Snorkeled,4,0.030339221,0.081,4.573800087,51,150.378006,2,1337.780029,87784,1,1285.043945,22.24067116,61.63000107,136.8300018,0.6959
rear,OC,4-UMP,Umpqua,22,Middle Umpqua,22866.59961,4,7308,24526882,Cougar Cr,"Cougar Cr, Trib B","Cougar Cr, Trib C",Umpqua R,2002,1,Snorkeled,3,0.086126022,0.081,3.0546,53,153.5590057,2,3865.60791,87784,1,1074.552002,19.26432228,48.22999954,91.23999786,0.440677778
rear,OC,4-UMP,Umpqua,22,Middle Umpqua,22879,1,7334,24528842,Camp Cr,Mouth,"Camp Cr, Trib A",Hubbard Cr,2006,0,Snorkeled,3,0.06552618,0.104000002,3.846899986,37,169.9109955,2,6073.920898,71752,6,1688.256958,19.35835838,100.2600021,154.7400055,0.1032
rear,OC,4-UMP,Umpqua,22,Middle Umpqua,22884,2,7352,24526924,Mill Cr,Mouth,"Mill Cr, Trib A",Umpqua R,2011,492,Snorkeled,4,0.00623715,0.037999999,5.963099957,42,160.2640076,2,765.9299927,159900,1,1937.526001,20.54042435,74.38999939,215.9700012,0.9866
rear,OC,4-UMP,Umpqua,22,Middle Umpqua,22884.19922,1,7351,24526924,Mill Cr,"Mill Cr, Trib A",Coles Valley Cr,Umpqua R,2013,0,Snorkeled,4,0.00623715,0.037999999,5.713300228,52,161.2619934,2,765.9299927,159900,1,1937.526001,24.75088692,60.83000183,122.8700027,0.9367
rear,OC,4-UMP,Umpqua,22,Middle Umpqua,22884.40039,1,63840,24528836,"Coles Valley Cr, Trib A",Mouth,Headwaters,Coles Valley Cr,2012,68,Snorkeled,3,0.084224507,0.037999999,3.954099894,55,166.1130066,2,1396.535034,159900,8,1285.686035,18.91225433,87.95999908,115.6299973,0.5779
rear,OC,4-UMP,Umpqua,22,Middle Umpqua,22889,2,7358,24527064,Coon Cr,Mouth,"Coon Cr, Trib A",Calapooya Cr,2010,688,Snorkeled,4,0.01001206,0.033,5.509500027,78,174.5350037,2,1355.366943,638732,2,1749.10498,23.39837837,51.34999847,223.5899963,0.8675
rear,OC,4-UMP,Umpqua,22,Middle Umpqua,22891,3,7360,24527060,Dodge Canyon Cr,Mouth,"Dodge Canyon Cr, Trib A",Calapooya Cr,2009,17,Snorkeled,2,0.00838798,0.033,2.364300013,45,177.6730042,2,212.9799957,638732,3,1390.453003,21.65733719,62.27000046,91.19999695,0.5742
rear,OC,4-UMP,Umpqua,22,Middle Umpqua,22899,2,7370,24527612,Cabin Cr,Wheeler Canyon,"Cabin Cr, Trib A",Calapooya Cr,2013,86,Snorkeled,5,0.00926403,0.033,6.457799911,52,193.2579956,2,1749.208008,415898,11,2013.343994,25.38594437,61.43000031,117.9499969,0.6733
rear,OC,4-UMP,Umpqua,22,Middle Umpqua,22899,3,7371,24527612,Cabin Cr,Wheeler Canyon,"Cabin Cr, Trib A",Calapooya Cr,1999,3,Snorkeled,5,0.00926403,0.033,6.367099762,52,194.3619995,2,1749.208008,415898,11,2013.343994,22.21346474,74.87000275,101.4400024,0.5705
rear,OC,4-UMP,Umpqua,22,Middle Umpqua,22913,5.0999999,7382,24527032,Oldham Cr,Bachelor Cr,"Oldham Cr, Trib A",Calapooya Cr,2008,0,Snorkeled,6,0.00634982,0.033,7.011400223,20,198.5980072,2,1066.180054,217640,1,1700.103027,24.72763443,44.59000015,87.18000031,0.9934
rear,OC,4-UMP,Umpqua,22,Middle Umpqua,22913,5.0999999,7382,24527032,Oldham Cr,Bachelor Cr,"Oldham Cr, Trib A",Calapooya Cr,2014,6,Snorkeled,6,0.00634982,0.033,7.011400223,51,198.5980072,2,1066.180054,217640,1,1700.103027,26.22476196,53.29000092,119.0800018,0.9934
rear,OC,4-UMP,Umpqua,22,Middle Umpqua,22913.19922,3,7379,24527032,Oldham Cr,"Oldham Cr, Trib A","Oldham Cr, Trib C",Calapooya Cr,2008,0,Snorkeled,6,0.00634982,0.033,6.912399769,20,200.1959991,2,1066.180054,217640,1,1700.103027,24.72763443,44.59000015,87.18000031,0.9729
rear,OC,4-UMP,Umpqua,22,Middle Umpqua,22914.19922,1,7384,24528696,Haney Cr,Hanous Cr,Headwaters,Oldham Cr,2004,0,Snorkeled,3,0.02211592,0.055,2.250200033,62,208.3619995,2,140.4019928,217640,2,1140.177979,22.91492462,127.8099976,192.1000061,0.6212375
rear,OC,4-UMP,Umpqua,22,Middle Umpqua,22916,0,7386,24528884,Gossett Cr,Mouth,Headwaters,Oldham Cr,2003,11,Snorkeled,4,0.04604787,0.079999998,3.285099983,76,210.1269989,2,2999.290039,217640,3,1537.241943,20.81671906,80.36000061,289.0700073,0.6212375
rear,OC,4-UMP,Umpqua,22,Middle Umpqua,22927,1,7397,24528788,Banks Cr,Mouth,Markam Cr,Calapooya Cr,2005,77,Snorkeled,5,0.01206085,0.033,5.013100147,70,203.4790039,2,644.1690063,158804,6,2086.090088,23.57115364,76.58999634,305.4899902,0.9291
rear,OC,4-UMP,Umpqua,22,Middle Umpqua,22927,1,7397,24528788,Banks Cr,Mouth,Markam Cr,Calapooya Cr,2011,839,Snorkeled,5,0.01206085,0.033,5.013100147,42,203.4790039,2,644.1690063,158804,6,2086.090088,20.67430305,75.75,310.2900085,0.9291
rear,OC,4-UMP,Umpqua,22,Middle Umpqua,22927,1,7397,24528788,Banks Cr,Mouth,Markam Cr,Calapooya Cr,2014,40,Snorkeled,5,0.01206085,0.033,5.013100147,51,203.4790039,2,644.1690063,158804,6,2086.090088,24.5736866,62.08000183,171.0899963,0.9291
rear,OC,4-UMP,Umpqua,22,Middle Umpqua,22941,0,7408,24526980,Gassy Cr,Norris Cr,Headwaters,Calapooya Cr,2002,0,Snorkeled,4,0.092553191,0.173999995,3.423599958,53,214.7619934,2,3604.689941,158804,6,1730.241943,18.59163857,52.40000153,155.3099976,0.1047
rear,OC,4-UMP,Umpqua,22,Middle Umpqua,22952,1,7416,24528792,Brome Cr,Mouth,Headwaters,Hinkle Cr,2004,0,Snorkeled,3,0.087608308,0.172000006,4.100599766,62,218.3119965,2,7641.101074,183923,5,1355.357056,17.52040291,133.8300018,196.0800018,0.44232
rear,OC,4-UMP,Umpqua,22,Middle Umpqua,22967.69922,1,7427,24527020,Coon Cr,"Coon Cr, Trib A","Coon Cr, Trib B",Calapooya Cr,2000,244,Snorkeled,5,0.016559031,0.033,5.43419981,57,221.4069977,1,1309.009033,183923,5,1589.630005,17.63586617,87.27999878,154.2299957,0.5654
rear,OC,4-UMP,Umpqua,22,Middle Umpqua,22968,1,7431,24527002,Calapooya Cr,Coon Cr,White Cr,Umpqua R,2000,1107,Snorkeled,6,0.015,0.033,8.236100197,57,218.4429932,1,2618.624023,130335,5,1337.659058,19.68613625,87.27999878,154.2299957,0.8339
rear,OC,4-UMP,Umpqua,22,Middle Umpqua,22970,1,55649,24527004,Calapooya Cr,White Cr,"Calapooya Cr, N Fk",Umpqua R,2008,530,Snorkeled,6,0.01519362,0.033,7.968299866,20,219.5460052,1,4214.041016,130335,5,1334.107056,20.61007881,70.77999878,175.4900055,0.8807
rear,OC,4-UMP,Umpqua,22,Middle Umpqua,22973.59961,1,7445,24528976,Turkey Cr,Gravy Cr,Headwaters,Umpqua R,2010,0,Snorkeled,3,0.026188361,0.037,3.700500011,78,174.4290009,2,823.302002,159900,1,1699.203979,23.1622448,48.81999969,237.8899994,0.6118
rear,OC,4-UMP,Umpqua,23,North Umpqua,0,0,55039,23894232,,,,,2007,57,Snorkeled,6,0.00763733,0.033,18.29389954,45,275.5690002,2,9994.081055,17229260,4,1581.16394,18.51317787,73.37999725,119.7799988,0.5994
rear,OC,4-UMP,Umpqua,23,North Umpqua,0,0,55039,23894232,,,,,2008,21,Snorkeled,6,0.00763733,0.033,18.29389954,20,275.5690002,2,9994.081055,17229260,4,1581.16394,18.20791817,42.59999847,150.1999969,0.5994
rear,OC,4-UMP,Umpqua,23,North Umpqua,0,0,57956,23894226,,,,,2010,0,Snorkeled,3,0.113275588,0.096000001,4.493199825,54,272.875,2,7517.384766,190668,4,1973.692993,18.10427666,51.09999847,223.0099945,0.30975625
rear,OC,4-UMP,Umpqua,23,North Umpqua,0,0,57956,23894226,,,,,2013,0,Snorkeled,3,0.113275588,0.096000001,4.493199825,52,272.875,2,7517.384766,190668,4,1973.692993,20.28588867,60.25,161.2899933,0.30975625
rear,OC,4-UMP,Umpqua,23,North Umpqua,0,0,58951,23894214,,,,,2007,795,Snorkeled,6,0.00684012,0.033,18.54710007,45,268.3529968,2,558.7199707,17229264,4,1597.609009,19.04896736,65.77999878,125.8899994,0.6253
rear,OC,4-UMP,Umpqua,23,North Umpqua,0,0,61930,23895228,,,,,2007,0,Snorkeled,3,0.138358638,0.130999997,3.044800043,45,243.1329956,1,5185.345215,93869,4,1337.161987,17.59241867,120.1999969,208.9199982,0.631371429
rear,OC,4-UMP,Umpqua,23,North Umpqua,0,0,61934,23895046,,,,,2007,0,Snorkeled,4,0.03947309,0.081,4.192900181,45,284.0960083,2,3402.0271,57746,4,1550.859985,18.22806549,66.80000305,146.0099945,0.5123
rear,OC,4-UMP,Umpqua,23,North Umpqua,0,0,62330,23895028,,,,,2008,0,Snorkeled,4,0.042352218,0.104000002,4.693799973,20,296.5610046,1,1902.244995,73484,4,1595.147949,18.43596077,50.02999878,158.6900024,0.5156
rear,OC,4-UMP,Umpqua,23,North Umpqua,0,0,63420,23895116,,,,,2011,0,Snorkeled,3,0.129966527,0.090999998,4.041999817,40,251.7689972,1,5950.687012,91177.5,3,1192.392944,14.0356226,121.4700012,323.8699951,0.414517391
rear,OC,4-UMP,Umpqua,23,North Umpqua,0,0,63424,23894718,,,,,2011,0,Snorkeled,3,0.01660734,0.081,3.960700035,40,282.9039917,2,1751.78894,57746,4,1540.753052,15.65598202,84.34999847,302.7600098,0.4787
rear,OC,4-UMP,Umpqua,23,North Umpqua,23622,2.0999999,8329,23894830,Sutherlin Cr,Cooper Cr,Platt I Reservoir,N Umpqua R,1999,0,Snorkeled,5,0.00421651,0.033,6.932199955,52,198.2579956,2,412.0974426,226103,6,2101.114014,25.09443283,64.91000366,111.1699982,0.9934
rear,OC,4-UMP,Umpqua,23,North Umpqua,23622,2.0999999,8329,23894830,Sutherlin Cr,Cooper Cr,Platt I Reservoir,N Umpqua R,2014,0,Snorkeled,5,0.00421651,0.033,6.932199955,51,198.2579956,2,412.0974426,226103,6,2101.114014,28.92405701,50.06000137,128.7599945,0.9934
rear,OC,4-UMP,Umpqua,23,North Umpqua,23627,0,55100,23893948,N Umpqua R,Sutherlin Cr,Dixon Cr,Umpqua R,2007,2,Snorkeled,8,0.00119452,0.033,23.15089989,45,202.098999,2,979.1870117,240281,2,1601.828979,24.62156868,66.34999847,92.26999664,0.7766
rear,OC,4-UMP,Umpqua,23,North Umpqua,23627,0,55100,23893948,N Umpqua R,Sutherlin Cr,Dixon Cr,Umpqua R,2008,0,Snorkeled,8,0.00119452,0.033,23.15089989,20,202.098999,2,979.1870117,240281,2,1601.828979,24.18117332,54.20999908,85.80999756,0.7766
rear,OC,4-UMP,Umpqua,23,North Umpqua,23627,0,55376,23893940,N Umpqua R,Sutherlin Cr,Dixon Cr,Umpqua R,2008,0,Snorkeled,8,0.00151022,0.033,23.25040054,20,186.1470032,5,989.9450073,226103,5,1609.178955,25.18808746,54.18000031,77.97000122,0.8803
rear,OC,4-UMP,Umpqua,23,North Umpqua,23628,3,8333,23896054,Dixon Cr,Mouth,Headwaters,N Umpqua R,2009,0,Snorkeled,4,0.018784329,0.033,3.722700119,44,206.6119995,2,857.8640137,240281,2,1282.43103,24.54939651,69.44999695,109.1200027,0.6009
rear,OC,4-UMP,Umpqua,23,North Umpqua,23628,3,8333,23896054,Dixon Cr,Mouth,Headwaters,N Umpqua R,2012,0,Snorkeled,4,0.018784329,0.033,3.722700119,54,206.6119995,2,857.8640137,240281,2,1282.43103,21.67622375,77.08999634,164.2799988,0.6009
rear,OC,4-UMP,Umpqua,23,North Umpqua,23638,2,8336,23894816,Huntley Cr,Mouth,Headwaters,N Umpqua R,2009,28,Snorkeled,4,0.017329181,0.033,5.343900204,44,218.4369965,2,73.78900146,240281,2,2312.585938,23.27085686,70.08000183,109.7099991,0.9515
rear,OC,4-UMP,Umpqua,23,North Umpqua,23653.19922,1,8342,23894012,Cavitt Cr,"Cavitt Cr, Trib A",Buckshot,Little R,2006,0,Snorkeled,5,0.018985501,0.074000001,9.381699562,37,242.1410065,2,2264.495117,70525,4,1504.61499,24.37258339,87.94999695,209.4700012,0.664
rear,OC,4-UMP,Umpqua,23,North Umpqua,23653.19922,1,61899,23894012,Cavitt Cr,"Cavitt Cr, Trib A",Buckshot,Little R,2007,0,Snorkeled,5,0.018985501,0.074000001,9.401499748,45,241.3399963,2,2264.495117,70525,4,1504.61499,23.73240471,55.45999908,110.4899979,0.6274
rear,OC,4-UMP,Umpqua,23,North Umpqua,23663,1,8344,23894024,Cavitt Cr,Springer Cr,Tuttle Cr,Little R,2001,0,Snorkeled,5,0.00988142,0.074000001,8.095600128,78,249.2389984,1,3590.211914,70525,2,1608.967041,19.91952896,49.49000168,215.2599945,0.5654
rear,OC,4-UMP,Umpqua,23,North Umpqua,23663,1,8344,23894024,Cavitt Cr,Springer Cr,Tuttle Cr,Little R,2010,78,Snorkeled,5,0.00988142,0.074000001,8.095600128,54,249.2389984,1,3590.211914,70525,2,1608.967041,20.72073936,60.56999969,404.769989,0.5654
rear,OC,4-UMP,Umpqua,23,North Umpqua,23665,1,8345,23894026,Cavitt Cr,Tuttle Cr,Plusfour Cr,Little R,2000,0,Snorkeled,5,0.0260936,0.074000001,7.856200218,56,251.2330017,1,15471.33594,70525,2,1631.583008,18.73114395,87.27999878,154.2299957,0.3847
rear,OC,4-UMP,Umpqua,23,North Umpqua,23665,1,8345,23894026,Cavitt Cr,Tuttle Cr,Plusfour Cr,Little R,2003,0,Snorkeled,5,0.0260936,0.074000001,7.856200218,76,251.2330017,1,15471.33594,70525,2,1631.583008,22.62913513,72.94999695,362.3399963,0.3847
rear,OC,4-UMP,Umpqua,23,North Umpqua,23665,1,8345,23894026,Cavitt Cr,Tuttle Cr,Plusfour Cr,Little R,2006,0,Snorkeled,5,0.0260936,0.074000001,7.856200218,37,251.2330017,1,15471.33594,70525,2,1631.583008,22.21334839,103.4199982,253.1499939,0.3847
rear,OC,4-UMP,Umpqua,23,North Umpqua,23665,1,8345,23894026,Cavitt Cr,Tuttle Cr,Plusfour Cr,Little R,2009,0,Snorkeled,5,0.0260936,0.074000001,7.856200218,44,251.2330017,1,15471.33594,70525,2,1631.583008,22.27051926,125.6699982,315.7200012,0.3847
rear,OC,4-UMP,Umpqua,23,North Umpqua,23665,1,8345,23894026,Cavitt Cr,Tuttle Cr,Plusfour Cr,Little R,2012,48,Snorkeled,5,0.0260936,0.074000001,7.856200218,54,251.2330017,1,15471.33594,70525,2,1631.583008,19.22488976,146.3699951,399.8299866,0.3847
rear,OC,4-UMP,Umpqua,23,North Umpqua,23682,1,405191,23894054,Little R,Greenman Cr,Wolf Cr,N Umpqua R,2007,1068,Snorkeled,6,0.01230686,0.074000001,11.57789993,45,240.7089996,2,4577.328125,150535.5,3,1567.334961,23.9113636,78.44999695,162.2200012,0.8236
rear,OC,4-UMP,Umpqua,23,North Umpqua,23743.69922,4,8366,23894780,"Rock Cr, E Fk","Rock Cr, E Fk, Trib A",Headwaters,Rock Cr,2000,0,Snorkeled,3,0.137648642,0.094999999,2.828999996,56,256.5629883,1,2617.38208,66427,5,1488.907959,14.75663376,87.27999878,154.2299957,0.360142308
rear,OC,4-UMP,Umpqua,23,North Umpqua,23743.69922,4,8366,23894780,"Rock Cr, E Fk","Rock Cr, E Fk, Trib A",Headwaters,Rock Cr,2003,0,Snorkeled,3,0.137648642,0.094999999,2.828999996,76,256.5629883,1,2617.38208,66427,5,1488.907959,17.9675293,78.31999969,340.1000061,0.360142308
rear,OC,4-UMP,Umpqua,23,North Umpqua,23743.69922,4,8366,23894780,"Rock Cr, E Fk","Rock Cr, E Fk, Trib A",Headwaters,Rock Cr,2006,119,Snorkeled,3,0.137648642,0.094999999,2.828999996,37,256.5629883,1,2617.38208,66427,5,1488.907959,17.47451782,114.0800018,212.5500031,0.360142308
rear,OC,4-UMP,Umpqua,23,North Umpqua,23744,1,8368,23894782,Rock Cr,"Rock Cr, E Fk",Stoney Cr,N Umpqua R,2003,73,Snorkeled,6,0.01007446,0.059999999,8.640999794,76,250.4889984,1,2949.437012,91177.5,3,1349.213989,23.16522026,92.12000275,377.0899963,0.5804
rear,OC,4-UMP,Umpqua,23,North Umpqua,23745,2,8369,23895084,"Rock Cr, NE Fk",Mouth,Zig Zag Cr,Rock Cr,2003,0,Snorkeled,6,0.029198561,0.072999999,6.663700104,76,256.5209961,1,9045.352539,91177.5,3,1408.447998,20.66338539,90.16000366,367.2399902,0.4156
rear,OC,4-UMP,Umpqua,23,North Umpqua,23746,3,8370,23894800,Rock Cr,"Rock Cr, NE Fk",Headwaters,N Umpqua R,2003,0,Snorkeled,4,0.0461151,0.120999999,5.328700066,76,259.1659851,1,6241.646973,91177.5,3,1298.936035,18.62498474,86.93000031,355.3200073,0.4678
rear,OC,4-UMP,Umpqua,23,North Umpqua,23747,1,55005,23894140,N Umpqua R,Rock Cr,Hill Cr,Umpqua R,2007,43,Snorkeled,7,0.00054308,0.033,20.9279995,45,234.3040009,2,5944.413086,123179,3,1611.194946,21.38641167,76.09999847,137.25,0.6017
rear,OC,4-UMP,Umpqua,23,North Umpqua,23747,1,55005,23894140,N Umpqua R,Rock Cr,Hill Cr,Umpqua R,2008,5,Snorkeled,7,0.00054308,0.033,20.9279995,20,234.3040009,2,5944.413086,123179,3,1611.194946,21.12161255,61.90000153,139.75,0.6017
rear,OC,4-UMP,Umpqua,23,North Umpqua,23748,1,8372,23895400,Honey Cr,Mouth,"Honey Cr, Trib A",N Umpqua R,2000,2,Snorkeled,4,0.03354577,0.075999998,4.980000019,56,240.3820038,2,3128.941895,123179,4,1569.812012,18.26182175,87.27999878,154.2299957,0.7523
rear,OC,4-UMP,Umpqua,23,North Umpqua,23748,1,8372,23895400,Honey Cr,Mouth,"Honey Cr, Trib A",N Umpqua R,2009,132,Snorkeled,4,0.03354577,0.075999998,4.980000019,44,240.3820038,2,3128.941895,123179,4,1569.812012,21.32872963,122.0100021,250.3399963,0.7523
rear,OC,4-UMP,Umpqua,23,North Umpqua,23783,0,8382,23894714,Canton Cr,Pass Cr,Chilcoot Cr,Steamboat Cr,2012,0,Snorkeled,5,0.01232539,0.081,7.237500191,54,280.07901,2,3617.780029,57746,3,1592.230957,16.83572769,137.4499969,254.8000031,0.6838
rear,OC,4-UMP,Umpqua,23,North Umpqua,23797,0,8384,23894676,Steelhead Cr,Mouth,"Steelhead Cr, S Fk",Steamboat Cr,2003,0,Snorkeled,5,0.032563839,0.123000003,6.756000042,76,272.3789978,2,7483.351074,76599,3,1765.334961,22.53168678,62.04999924,211.4299927,0.4588
rear,OC,4-UMP,Umpqua,23,North Umpqua,23797,0,8384,23894676,Steelhead Cr,Mouth,"Steelhead Cr, S Fk",Steamboat Cr,2012,0,Snorkeled,5,0.032563839,0.123000003,6.756000042,54,272.3789978,2,7483.351074,76599,3,1765.334961,18.8532486,128.9900055,217.6000061,0.4588
rear,OC,4-UMP,Umpqua,23,North Umpqua,23806,1,55331,23894590,Steamboat Cr,Singe Cr,Reynolds Cr,N Umpqua R,2008,13,Snorkeled,6,0.00905689,0.039000001,12.12419987,20,273.4609985,2,9979.405273,223958,3,1634.430054,23.54271317,44.66999817,150.3600006,0.5701
rear,OC,4-UMP,Umpqua,23,North Umpqua,23807,0,61907,23894594,Reynolds Cr,Mouth,Headwaters,Steamboat Cr,2007,0,Snorkeled,5,0.049439531,0.079999998,6.170100212,45,278.7999878,2,506.5069885,223958,3,1532.012939,19.79514694,76.61000061,127.9599991,0.8388
rear,OC,4-UMP,Umpqua,23,North Umpqua,23811,0,8389,23894606,Big Bend Cr,Mouth,Bulldog Cr,Steamboat Cr,2007,0,Snorkeled,5,0.028658001,0.103,7.992599964,45,283.0539856,2,187.6909943,88309,3,1704.119995,20.50629807,69.75,117.7799988,0.6215
rear,OC,4-UMP,Umpqua,23,North Umpqua,23816,0,8392,23894620,Steamboat Cr,Big Bend Cr,Little Bend Cr,N Umpqua R,2003,0,Snorkeled,6,0.00685195,0.061999999,10.59210014,76,281.6080017,2,382.8210144,93370,3,1609.886963,26.1597023,62.93999863,212.7599945,0.6215
rear,OC,4-UMP,Umpqua,23,North Umpqua,23820,0,8394,23895102,"Cedar Cr, N Fk",Mouth,Headwaters,Cedar Cr,2003,0,Snorkeled,4,0.042751741,0.096000001,4.150499821,76,290.5029907,2,1129.615967,93370,3,1534.650024,20.4003849,60.63000107,255.1100006,0.7081
rear,OC,4-UMP,Umpqua,23,North Umpqua,23822,0,63049,23894624,Steamboat Cr,Cedar Cr,Buster Cr,N Umpqua R,2010,0,Snorkeled,6,0.00725325,0.061999999,10.03499985,54,284.2839966,2,2186.167969,93370,3,1596.214966,22.00138283,55.15000153,231.2700043,0.9515
rear,OC,4-UMP,Umpqua,23,North Umpqua,23833,0,8401,23894644,Horse Heaven Cr,Mouth,Windy Cr,Steamboat Cr,2003,0,Snorkeled,4,0.021450579,0.075999998,6.248700142,76,294.5220032,1,380.4490051,73484,3,1541.838989,22.49907875,61.15000153,231.9799957,0.9291
rear,OC,4-UMP,Umpqua,23,North Umpqua,23833,0,8401,23894644,Horse Heaven Cr,Mouth,Windy Cr,Steamboat Cr,2012,0,Snorkeled,4,0.021450579,0.075999998,6.248700142,54,294.5220032,1,380.4490051,73484,3,1541.838989,18.33584213,129.9700012,222.7899933,0.9291
rear,OC,4-UMP,Umpqua,23,North Umpqua,23833,0,8402,23894644,Horse Heaven Cr,Mouth,Windy Cr,Steamboat Cr,1999,0,Snorkeled,4,0.021450579,0.075999998,6.314499855,52,293.5079956,1,380.4490051,73484,3,1541.838989,19.01418114,74.30999756,181.3099976,1
rear,OC,4-UMP,Umpqua,23,North Umpqua,23833,0,8402,23894644,Horse Heaven Cr,Mouth,Windy Cr,Steamboat Cr,2008,0,Snorkeled,4,0.021450579,0.075999998,6.314499855,20,293.5079956,1,380.4490051,73484,3,1541.838989,20.30354118,50.02999878,158.6900024,1
rear,OC,4-UMP,Umpqua,23,North Umpqua,23848,1,8407,23894224,Limpy Cr,Fairy Cr,Bachelor Cr,N Umpqua R,2001,0,Snorkeled,5,0.045448069,0.083999999,5.822800159,78,271.4679871,2,2883.275879,190668,4,1841.006958,21.3904171,41.88999939,123.1399994,0.1357
rear,OC,4-UMP,Umpqua,24,South Umpqua,0,0,8274,23902631,,,,,2001,0,Snorkeled,3,0.125624433,0.131999999,3.920200109,77,329.2940063,2,6400.790039,68615,1,1794.041016,16.59990311,42.97999954,116.5599976,0.1072
rear,OC,4-UMP,Umpqua,24,South Umpqua,0,0,57965,23901449,,,,,2007,0,Snorkeled,7,1E-05,0.044,19.49010086,45,265.1879883,5,4683.810059,54111,2,1744.557983,28.40655708,73.51000214,81.16000366,0.7224
rear,OC,4-UMP,Umpqua,24,South Umpqua,0,0,58287,23901195,,,,,2010,30,Snorkeled,5,0.0123688,0.048999999,6.15019989,49,324.0409851,2,1081.037964,77683,4,1427.151978,19.10923004,78.73000336,345.9500122,0.8513
rear,OC,4-UMP,Umpqua,24,South Umpqua,0,0,61904,23901993,,,,,2007,283,Snorkeled,4,0.041718598,0.048999999,4.096600056,45,261.1430054,2,1807.551025,73504,9,1522.207031,19.58197594,65.58000183,98.80999756,0.5479
rear,OC,4-UMP,Umpqua,24,South Umpqua,0,0,61916,23901235,,,,,2007,20,Snorkeled,7,0.0011307,0.046999998,14.06389999,45,308.57901,2,6276.441895,36984,3,1488.926025,22.88666153,83.16000366,84.26999664,0.5948
rear,OC,4-UMP,Umpqua,24,South Umpqua,0,0,61926,23902687,,,,,2007,612,Snorkeled,4,0.051666658,0.057,4.941899776,45,290.9349976,2,8454.633789,30080,1,1371.491943,22.08782959,76.70999908,85.81999969,0.1854
rear,OC,4-UMP,Umpqua,24,South Umpqua,0,0,62307,23902475,,,,,2008,119,Snorkeled,4,0.0668725,0.063000001,3.485899925,20,257.6759949,2,3222.486084,54423,3,1226.562988,19.9571743,81.95999908,111.0100021,0.1085
rear,OC,4-UMP,Umpqua,24,South Umpqua,0,0,62318,23901169,,,,,2008,0,Snorkeled,3,0.021561081,0.081,3.574899912,20,314.8519897,2,359.7919922,14370,5,1687.588989,19.34575272,75.27999878,89.55999756,0.5924
rear,OC,4-UMP,Umpqua,24,South Umpqua,0,0,62334,23901199,,,,,2008,0,Snorkeled,4,0.054124828,0.059,3.651400089,20,328.5589905,2,1141.307983,77683,4,1366.036011,15.68253803,76.66000366,122.8199997,0.5424
rear,OC,4-UMP,Umpqua,24,South Umpqua,0,0,64187,23902527,,,,,2013,0,Snorkeled,5,0.113465339,0.083999999,5.055900097,52,342.1910095,2,5665.87793,57147,2,1611.072021,18.89016724,72.58000183,204.9700012,0.3479
rear,OC,4-UMP,Umpqua,24,South Umpqua,0,0,64214,23902197,,,,,2013,0,Snorkeled,2,0.095243961,0.127000004,2.134399891,52,343.2820129,2,2013.594971,51882,4,1455.256958,17.9387207,110.6500015,180.4199982,0.4658
rear,OC,4-UMP,Umpqua,24,South Umpqua,22991.40039,1,7483,23902035,Deer Cr,Shick Cr,"Deer Cr, Trib A",S Umpqua R,2003,0,Snorkeled,6,0.006576,0.033,9.70320034,76,200.4759979,2,866.1359863,126116,1,1773.579956,26.53775024,68.25,191.0099945,0.9798
rear,OC,4-UMP,Umpqua,24,South Umpqua,22991.40039,1,7484,23902035,Deer Cr,Shick Cr,"Deer Cr, Trib A",S Umpqua R,2003,0,Snorkeled,6,0.006576,0.033,9.698200226,76,200.6829987,2,866.1359863,126116,1,1773.579956,26.53775024,68.25,191.0099945,0.9729
rear,OC,4-UMP,Umpqua,24,South Umpqua,22991.40039,1,7484,23902035,Deer Cr,Shick Cr,"Deer Cr, Trib A",S Umpqua R,2012,3,Snorkeled,6,0.006576,0.033,9.698200226,91,200.6829987,2,866.1359863,126116,1,1773.579956,23.62426949,74.66999817,151.0399933,0.9729
rear,OC,4-UMP,Umpqua,24,South Umpqua,22996.69922,1,7490,23902049,"Deer Cr, S Fk","Deer Cr, S Fk,  Trib 1","Deer Cr, S Fk,  Trib 2",Deer Cr,2011,238,Snorkeled,5,0.00645089,0.039000001,7.111199856,25,210.2949982,2,49.36600113,159099,6,1615.078003,22.89657784,73.26000214,228.9100037,0.9934
rear,OC,4-UMP,Umpqua,24,South Umpqua,22996.69922,1,7490,23902049,"Deer Cr, S Fk","Deer Cr, S Fk,  Trib 1","Deer Cr, S Fk,  Trib 2",Deer Cr,2014,417,Snorkeled,5,0.00645089,0.039000001,7.111199856,51,210.2949982,2,49.36600113,159099,6,1615.078003,27.47711182,47.29999924,97.04000092,0.9934
rear,OC,4-UMP,Umpqua,24,South Umpqua,23009,0,7533,23900963,Tenmile Cr,Porter Cr,Shields Cr,Olalla Cr,2006,0,Snorkeled,6,0.00357628,0.034000002,8.206800461,36,242.9160004,2,2446.14502,192056,4,1711.93396,26.19081688,89.66999817,107.4899979,1
rear,OC,4-UMP,Umpqua,24,South Umpqua,23010,2,63048,23900977,Shields Cr,Mouth,Muns Cr,Tenmile Cr,2010,976,Snorkeled,5,0.00678016,0.034000002,5.974299908,49,245.4299927,2,6198.548828,192056,4,1563.43103,23.63359451,55.68000031,241.4600067,0.8372
rear,OC,4-UMP,Umpqua,24,South Umpqua,23011,0,7535,23900981,Muns Cr,Mouth,Headwaters,Sheilds Cr,2008,75,Snorkeled,3,0.0404731,0.039000001,3.261399984,20,251.9219971,2,1670.51001,192056,7,1674.629028,19.88492966,68.51999664,92.16999817,0.2582
rear,OC,4-UMP,Umpqua,24,South Umpqua,23012,2,7537,23903021,Sheilds Cr,Muns Cr,Headwaters,Tenmile Cr,2000,69,Snorkeled,4,0.039329179,0.034000002,3.699599981,57,248.6029968,2,1629.527954,192056,5,1615.543945,19.46484756,77.33000183,136.7100067,0.4298
rear,OC,4-UMP,Umpqua,24,South Umpqua,23012,2,7537,23903021,Sheilds Cr,Muns Cr,Headwaters,Tenmile Cr,2003,210,Snorkeled,4,0.039329179,0.034000002,3.699599981,76,248.6029968,2,1629.527954,192056,5,1615.543945,22.36909294,89.18000031,168.2599945,0.4298
rear,OC,4-UMP,Umpqua,24,South Umpqua,23012,2,7537,23903021,Sheilds Cr,Muns Cr,Headwaters,Tenmile Cr,2006,72,Snorkeled,4,0.039329179,0.034000002,3.699599981,36,248.6029968,2,1629.527954,192056,5,1615.543945,21.7925148,89.12999725,117.2200012,0.4298
rear,OC,4-UMP,Umpqua,24,South Umpqua,23012,2,7537,23903021,Sheilds Cr,Muns Cr,Headwaters,Tenmile Cr,2009,722,Snorkeled,4,0.039329179,0.034000002,3.699599981,38,248.6029968,2,1629.527954,192056,5,1615.543945,22.3423996,83.26000214,115.0699997,0.4298
rear,OC,4-UMP,Umpqua,24,South Umpqua,23012,2,7537,23903021,Sheilds Cr,Muns Cr,Headwaters,Tenmile Cr,2012,45,Snorkeled,4,0.039329179,0.034000002,3.699599981,91,248.6029968,2,1629.527954,192056,5,1615.543945,19.97736168,100.5599976,131.2599945,0.4298
rear,OC,4-UMP,Umpqua,24,South Umpqua,23024,1,7545,23902367,Coarse Gold Cr,Mouth,Headwaters,Berry Cr,2012,11,Snorkeled,3,0.033345599,0.037,3.924900055,91,247.9669952,2,2467.614014,391617,4,1342.275024,20.2484169,93.62000275,103.5199966,0.4112
rear,OC,4-UMP,Umpqua,24,South Umpqua,23030,2,7551,23901039,"Byron Cr, N Fk",Mouth,Headwaters,Byron Cr,2006,0,Snorkeled,3,0.036226571,0.046,3.658400059,36,251.8439941,2,2245.237061,281744,3,1360.552002,19.55669594,88.98999786,136.2400055,0.1267
rear,OC,4-UMP,Umpqua,24,South Umpqua,23050,2,7610,23902305,Adams Cr,Mouth,Headwaters,Kent Cr,2011,0,Snorkeled,2,0.04023819,0.037,2.758699894,25,223.7030029,2,1010.768982,37060,3,1314.802979,19.12132645,69.72000122,200.1900024,0.322507143
rear,OC,4-UMP,Umpqua,24,South Umpqua,23061,3,7624,23901059,Rice Cr,Porter Cr,Barrett Cr,S Umpqua R,2004,634,Snorkeled,4,0.01452416,0.056000002,5.356599808,61,227.9609985,2,1096.072021,37060,2,1464.041992,22.08242035,102.9100037,133.3500061,0.7562
rear,OC,4-UMP,Umpqua,24,South Umpqua,23080,2,7668,23901945,S Myrtle Cr,Carson Cr,"S Myrtle Cr, Trib A",Myrtle Cr,2005,64,Snorkeled,5,0.00566159,0.048999999,9.450200081,70,249.6790009,2,1490.29895,20095,1,1586.447998,25.17430687,72.55000305,279.4599915,0.9587
rear,OC,4-UMP,Umpqua,24,South Umpqua,23094,2,7699,23901955,S Myrtle Cr,Letitia Cr,Weaver Cr,Myrtle Cr,2003,385,Snorkeled,5,0.01068692,0.048999999,7.454999924,76,263.5339966,2,445.0660095,124044.5,11,1584.474976,23.02799225,68.19000244,228.0899963,0.9729
rear,OC,4-UMP,Umpqua,24,South Umpqua,23094,2,7699,23901955,S Myrtle Cr,Letitia Cr,Weaver Cr,Myrtle Cr,2012,330,Snorkeled,5,0.01068692,0.048999999,7.454999924,91,263.5339966,2,445.0660095,124044.5,11,1584.474976,20.3488903,81.15000153,196.6600037,0.9729
rear,OC,4-UMP,Umpqua,24,South Umpqua,23095,1,7703,23901969,Weaver Cr,Mouth,"Weaver Cr, Trib A",S Myrtle Cr,2013,311,Snorkeled,4,0.027582331,0.048999999,5.243299961,52,265.0400085,2,1501.209961,124044.5,11,1507.220947,21.41625404,58.29999924,183.3999939,0.8974
rear,OC,4-UMP,Umpqua,24,South Umpqua,23097,1,7710,23903085,Lally Cr,Mouth,Headwaters,S Myrtle Cr,2003,0,Snorkeled,3,0.06239764,0.048999999,3.360399961,76,266.5679932,2,1871.906982,124044.5,9,1575.256958,19.49218178,67.5,263.6499939,0.3255
rear,OC,4-UMP,Umpqua,24,South Umpqua,23098,2,7718,23901963,S Myrtle Cr,Lally Cr,"S Myrtle Cr, Trib A",Myrtle Cr,2003,376,Snorkeled,4,0.027784809,0.048999999,5.91079998,76,268.5010071,2,6400.52002,124044.5,6,1657.832031,21.28288651,67.5,263.6499939,0.6471
rear,OC,4-UMP,Umpqua,24,South Umpqua,23103,2,63831,23901979,N Myrtle Cr,Mouth,Harrison Young Brook,Myrtle Cr,2012,73,Snorkeled,6,0.00458161,0.048999999,9.795200348,91,242.2680054,2,2056.448975,119638.5,1,1494.124023,23.88253593,63.77000046,130.9499969,0.9515
rear,OC,4-UMP,Umpqua,24,South Umpqua,23105,1,7725,23901981,N Myrtle Cr,Harrison Young Brook,Bilger Cr,Myrtle Cr,2002,318,Snorkeled,6,0.00356031,0.048999999,9.276100159,53,243.4149933,2,1081.578003,119638.5,5,1492.227051,25.84000397,37.61000061,81.06999969,0.9658
rear,OC,4-UMP,Umpqua,24,South Umpqua,23108,3,7731,23902121,Bilger Cr,Rock Cr,Headwaters,N Myrtle Cr,2000,0,Snorkeled,3,0.144611999,0.092,3.020200014,57,250.3919983,2,2624.547119,119638.5,9,1783.534058,17.18460846,68.41999817,173.8500061,0.0601
rear,OC,4-UMP,Umpqua,24,South Umpqua,23111,2,7739,23901985,N Myrtle Cr,Little Lick,Big Lick,Myrtle Cr,2001,685,Snorkeled,6,0.00591356,0.048999999,9.009599686,77,247.9490051,2,1664.217041,119638.5,9,1452.993042,23.00169945,26.30999947,110.5599976,0.9515
rear,OC,4-UMP,Umpqua,24,South Umpqua,23111,2,7739,23901985,N Myrtle Cr,Little Lick,Big Lick,Myrtle Cr,2004,185,Snorkeled,6,0.00591356,0.048999999,9.009599686,61,247.9490051,2,1664.217041,119638.5,9,1452.993042,25.15647888,87.55999756,131.1399994,0.9515
rear,OC,4-UMP,Umpqua,24,South Umpqua,23111,2,7739,23901985,N Myrtle Cr,Little Lick,Big Lick,Myrtle Cr,2007,214,Snorkeled,6,0.00591356,0.048999999,9.009599686,45,247.9490051,2,1664.217041,119638.5,9,1452.993042,25.04063034,66.54000092,88.19999695,0.9515
rear,OC,4-UMP,Umpqua,24,South Umpqua,23111,2,7739,23901985,N Myrtle Cr,Little Lick,Big Lick,Myrtle Cr,2010,287,Snorkeled,6,0.00591356,0.048999999,9.009599686,49,247.9490051,2,1664.217041,119638.5,9,1452.993042,23.91690063,44.66999817,259.519989,0.9515
rear,OC,4-UMP,Umpqua,24,South Umpqua,23111,2,7739,23901985,N Myrtle Cr,Little Lick,Big Lick,Myrtle Cr,2013,335,Snorkeled,6,0.00591356,0.048999999,9.009599686,52,247.9490051,2,1664.217041,119638.5,9,1452.993042,26.2512455,56.02000046,103.6299973,0.9515
rear,OC,4-UMP,Umpqua,24,South Umpqua,23118,2,7752,23902169,Frozen Cr,"Frozen Cr, Left Fk",Headwaters,N Myrtle Cr,2010,8,Snorkeled,4,0.059337799,0.048999999,4.208099842,49,255.4320068,2,2708.272949,119638.5,9,1377.357056,20.07605934,45.97999954,274.3500061,0.6069
rear,OC,4-UMP,Umpqua,24,South Umpqua,23122,1,7768,23903023,Slide Cr,Riser Cr,Headwaters,N Myrtle Cr,2012,0,Snorkeled,4,0.04571278,0.075999998,3.554699898,91,259.5650024,2,230.3379974,73504,10,1479.348999,16.61474991,85.75,228.0099945,0.5999
rear,OC,4-UMP,Umpqua,24,South Umpqua,23129,5,7778,23901997,N Myrtle Cr,Lee Cr,Buck Fork Cr,Myrtle Cr,1999,118,Snorkeled,5,0.01162998,0.057,6.36070013,49,261.2950134,2,16019.01855,73504,10,1436.391968,20.32364273,52.74000168,131.1999969,0.2154
rear,OC,4-UMP,Umpqua,24,South Umpqua,23129,5,7778,23901997,N Myrtle Cr,Lee Cr,Buck Fork Cr,Myrtle Cr,2008,355,Snorkeled,5,0.01162998,0.057,6.36070013,20,261.2950134,2,16019.01855,73504,10,1436.391968,21.98462296,61.88000107,106.6900024,0.2154
rear,OC,4-UMP,Umpqua,24,South Umpqua,23142,0,7813,23902537,Jerry Cr,Mouth,Headwaters,Cow Cr,2008,0,Snorkeled,3,0.087161452,0.231000006,3.171099901,20,262.3070068,5,2822.460938,54307,1,1482.758057,20.7961731,81.30999756,108.9300003,0.0958
rear,OC,4-UMP,Umpqua,24,South Umpqua,23142,0,7813,23902537,Jerry Cr,Mouth,Headwaters,Cow Cr,2009,0,Snorkeled,3,0.087161452,0.231000006,3.171099901,38,262.3070068,5,2822.460938,54307,1,1482.758057,22.16039276,73.75,123.4199982,0.0958
rear,OC,4-UMP,Umpqua,24,South Umpqua,23170,1,7844,23902585,Smith Cr,Mouth,Headwaters,Cow Cr,2000,2,Snorkeled,4,0.120687939,0.137999997,3.167399883,57,275.2569885,2,6195.331055,54265,2,1305.368042,16.81777954,68.41999817,173.8500061,0.581985714
rear,OC,4-UMP,Umpqua,24,South Umpqua,23170,1,7844,23902585,Smith Cr,Mouth,Headwaters,Cow Cr,2009,1,Snorkeled,4,0.120687939,0.137999997,3.167399883,38,275.2569885,2,6195.331055,54265,2,1305.368042,19.60728836,80.23999786,106.9400024,0.581985714
rear,OC,4-UMP,Umpqua,24,South Umpqua,23172,1,7845,23901389,Iron Mtn Cr,Mouth,Headwaters,Cow Cr,2002,372,Snorkeled,4,0.058926791,0.044,4.74630022,53,275.0090027,2,737.3469849,54265,2,1412.776978,19.25553322,47.38999939,97.80000305,0.6436
rear,OC,4-UMP,Umpqua,24,South Umpqua,23194,1,7869,23901153,"Cow Cr, W Fk",Goat Trail Cr,Honeysuckle Cr,Cow Cr,2011,329,Snorkeled,6,0.019721471,0.046,10.47189999,25,300.9639893,2,1932.395996,22757,4,1455.16394,19.17918777,81.62000275,213.6499939,0.9587
rear,OC,4-UMP,Umpqua,24,South Umpqua,23204,1,7881,23901161,"Cow Cr, W Fk",Sweat Cr,Bobby Cr,Cow Cr,2007,968,Snorkeled,6,0.026381871,0.048999999,10.12199974,45,306.098999,2,1346.171021,14370,6,1464.06897,22.56240082,89.40000153,108.8099976,0.9479
rear,OC,4-UMP,Umpqua,24,South Umpqua,23204,1,63060,23901161,"Cow Cr, W Fk",Sweat Cr,Bobby Cr,Cow Cr,2010,1351,Snorkeled,6,0.026381871,0.048999999,10.11359978,49,306.5960083,2,1346.171021,14370,6,1464.06897,22.20076942,58.75,284.0700073,0.7266
rear,OC,4-UMP,Umpqua,24,South Umpqua,23208,0,7883,23901165,"Cow Cr, W Fk",Bobby Cr,Elk Valley Cr,Cow Cr,2005,313,Snorkeled,6,1E-05,0.048999999,9.755399704,70,309.3200073,2,1615.19397,14370,4,1459.270996,22.03732109,73.76000214,209.9199982,0.604
rear,OC,4-UMP,Umpqua,24,South Umpqua,23209,2,7887,23901167,Elk Valley Cr,Mouth,"Elk Valley Cr, E Fk","Cow Cr, W Fk",1999,297,Snorkeled,5,0.02155252,0.081,6.308000088,49,311.2669983,2,8202.834961,14370,7,1339.973022,17.63293839,61.13000107,116.4100037,0.4059
rear,OC,4-UMP,Umpqua,24,South Umpqua,23209,2,7887,23901167,Elk Valley Cr,Mouth,"Elk Valley Cr, E Fk","Cow Cr, W Fk",2008,782,Snorkeled,5,0.02155252,0.081,6.308000088,20,311.2669983,2,8202.834961,14370,7,1339.973022,18.9390564,76.11000061,99.68000031,0.4059
rear,OC,4-UMP,Umpqua,24,South Umpqua,23209.30078,1,7891,23903303,"Elk Valley Cr, E Fk",Mouth,Headwaters,Elk Valley Cr,2013,691,Snorkeled,4,0.069929473,0.081,4.865799904,52,313.3410034,2,7706.370117,14370,7,1249.66394,17.57353401,54.70000076,106.5299988,0.1357
rear,OC,4-UMP,Umpqua,24,South Umpqua,23209.69922,1,7895,23901169,Elk Valley Cr,"Elk Valley Cr, E Fk",Headwaters,"Cow Cr, W Fk",2003,1453,Snorkeled,4,0.021561081,0.081,5.221700191,76,313.3160095,2,359.7919922,14370,5,1687.588989,21.0016861,91.58999634,201.8999939,0.1357
rear,OC,4-UMP,Umpqua,24,South Umpqua,23209.69922,1.1,7894,23901171,Elk Valley Cr,"Elk Valley Cr, E Fk",Headwaters,"Cow Cr, W Fk",1999,0,Snorkeled,4,0.028167089,0.081,4.370600224,49,316.2260132,2,74.79699707,14370,4,1282.901978,16.88934517,59,126.5699997,0.941
rear,OC,4-UMP,Umpqua,24,South Umpqua,23244,3,7926,23902075,Middle Cr,Mouth,Cedar Gulch,Cow Cr,2007,464,Snorkeled,5,0.01243836,0.052999999,8.682299614,45,300.4689941,2,2209.339111,40122,4,1409.328003,23.42469788,77.15000153,90.47000122,0.5901
rear,OC,4-UMP,Umpqua,24,South Umpqua,23252,2,7937,23903405,Martin Cr,Mouth,"Martin Cr, Trib A",Middle Cr,2010,104,Snorkeled,4,0.023136791,0.082999997,4.706600189,49,308.9649963,2,814.0020142,40122,4,1398.505005,19.77885056,56.02000046,278.8200073,0.9056
rear,OC,4-UMP,Umpqua,24,South Umpqua,23252.59961,1,7941,23903415,Martin Cr,"Martin Cr, Trib A",Headwaters,Middle Cr,2002,0,Snorkeled,4,0.060992151,0.083999999,3.683300018,53,310.07901,2,4312.555176,40122,6,1263.154053,19.18146515,45.97000122,91.12999725,0.707452727
rear,OC,4-UMP,Umpqua,24,South Umpqua,23258,1,7947,23902715,Gravel Cr,Mouth,Headwaters,Middle Cr,2004,0,Snorkeled,4,0.06168104,0.082999997,3.398400068,61,310.8080139,2,3363.168945,40122,5,1370.775024,20.11608696,88.58000183,128.5700073,0.0771
rear,OC,4-UMP,Umpqua,24,South Umpqua,23258,1,7947,23902715,Gravel Cr,Mouth,Headwaters,Middle Cr,2013,14,Snorkeled,4,0.06168104,0.082999997,3.398400068,52,310.8080139,2,3363.168945,40122,5,1370.775024,21.15845108,57.59999847,111.9599991,0.0771
rear,OC,4-UMP,Umpqua,24,South Umpqua,23263,1,7952,23902095,Middle Cr,Brush Cr,"Middle Cr, S Fk",Cow Cr,2012,270,Snorkeled,5,0.00836956,0.082999997,6.110300064,91,311.8540039,2,907.8519897,40122,5,1379.630005,20.7264061,93.44999695,161.9700012,0.9367
rear,OC,4-UMP,Umpqua,24,South Umpqua,23264,1,7954,23903381,"Middle Cr, S Fk",Mouth,Hunter Cr,Middle Cr,1999,0,Snorkeled,4,0.0442569,0.082999997,5.392799854,49,312.3630066,2,4084.195068,40122,6,1238.05896,18.99088287,64.23000336,118.7399979,0.8286
rear,OC,4-UMP,Umpqua,24,South Umpqua,23264,1,7954,23903381,"Middle Cr, S Fk",Mouth,Hunter Cr,Middle Cr,2002,35,Snorkeled,4,0.0442569,0.082999997,5.392799854,53,312.3630066,2,4084.195068,40122,6,1238.05896,21.40784836,44.15999985,94.18000031,0.8286
rear,OC,4-UMP,Umpqua,24,South Umpqua,23264,1,7954,23903381,"Middle Cr, S Fk",Mouth,Hunter Cr,Middle Cr,2005,0,Snorkeled,4,0.0442569,0.082999997,5.392799854,70,312.3630066,2,4084.195068,40122,6,1238.05896,21.31641769,81.19999695,274.8699951,0.8286
rear,OC,4-UMP,Umpqua,24,South Umpqua,23264,1,7954,23903381,"Middle Cr, S Fk",Mouth,Hunter Cr,Middle Cr,2011,74,Snorkeled,4,0.0442569,0.082999997,5.392799854,25,312.3630066,2,4084.195068,40122,6,1238.05896,17.87529373,83.30000305,243.9299927,0.8286
rear,OC,4-UMP,Umpqua,24,South Umpqua,23264,1,7954,23903381,"Middle Cr, S Fk",Mouth,Hunter Cr,Middle Cr,2014,82,Snorkeled,4,0.0442569,0.082999997,5.392799854,51,312.3630066,2,4084.195068,40122,6,1238.05896,22.70181465,57.02000046,107.5999985,0.8286
rear,OC,4-UMP,Umpqua,24,South Umpqua,23264.69922,1,63064,23903381,"Middle Cr, S Fk",Hunter Cr,Headwaters,Middle Cr,2010,0,Snorkeled,4,0.0442569,0.082999997,5.214000225,49,313.3599854,2,4084.195068,40122,6,1238.05896,20.6958065,53.56000137,268.4400024,0.4588
rear,OC,4-UMP,Umpqua,24,South Umpqua,23270,1,7965,23902863,Bonnie Cr,Mouth,Headwaters,Riffle Cr,2003,23,Snorkeled,4,0.045921709,0.094999999,5.020299911,76,303.0780029,2,11357.92773,24929,5,1266.967041,19.92684364,90.20999908,198.1900024,0.285108333
rear,OC,4-UMP,Umpqua,24,South Umpqua,23289,1,7976,23903517,Rattlesnake Cr,Stevens Cr,Headwaters,Cow Cr,2004,270,Snorkeled,3,0.04854954,0.061000001,3.901299953,61,312.1210022,2,894.1270142,23181,6,1236.366943,19.83181763,81.87999725,80.51999664,0.4216
rear,OC,4-UMP,Umpqua,24,South Umpqua,23289,1,7976,23903517,Rattlesnake Cr,Stevens Cr,Headwaters,Cow Cr,2013,180,Snorkeled,3,0.04854954,0.061000001,3.901299953,52,312.1210022,2,894.1270142,23181,6,1236.366943,20.7467289,59.02999878,80.87000275,0.4216
rear,OC,4-UMP,Umpqua,24,South Umpqua,23299,2,7999,23901381,Wood Cr,Mouth,Headwaters,Windy Cr,1999,486,Snorkeled,5,0.029435391,0.066,5.268400192,49,324.8500061,2,6192.855957,28111.5,5,1276.258057,17.13343811,55.20999908,53.45999908,0.9367
rear,OC,4-UMP,Umpqua,24,South Umpqua,23299,2,7999,23901381,Wood Cr,Mouth,Headwaters,Windy Cr,2000,520,Snorkeled,5,0.029435391,0.066,5.268400192,57,324.8500061,2,6192.855957,28111.5,5,1276.258057,16.86139297,64.97000122,135.3399963,0.9367
rear,OC,4-UMP,Umpqua,24,South Umpqua,23299,2,7999,23901381,Wood Cr,Mouth,Headwaters,Windy Cr,2001,683,Snorkeled,5,0.029435391,0.066,5.268400192,77,324.8500061,2,6192.855957,28111.5,5,1276.258057,17.42536545,21.94000053,70.88999939,0.9367
rear,OC,4-UMP,Umpqua,24,South Umpqua,23299,2,7999,23901381,Wood Cr,Mouth,Headwaters,Windy Cr,2002,864,Snorkeled,5,0.029435391,0.066,5.268400192,53,324.8500061,2,6192.855957,28111.5,5,1276.258057,19.43131065,36.52000046,64.19000244,0.9367
rear,OC,4-UMP,Umpqua,24,South Umpqua,23299,2,7999,23901381,Wood Cr,Mouth,Headwaters,Windy Cr,2003,426,Snorkeled,5,0.029435391,0.066,5.268400192,76,324.8500061,2,6192.855957,28111.5,5,1276.258057,20.05259132,80.05000305,159.6300049,0.9367
rear,OC,4-UMP,Umpqua,24,South Umpqua,23299,2,7999,23901381,Wood Cr,Mouth,Headwaters,Windy Cr,2004,141,Snorkeled,5,0.029435391,0.066,5.268400192,61,324.8500061,2,6192.855957,28111.5,5,1276.258057,19.51098633,75.47000122,76.58000183,0.9367
rear,OC,4-UMP,Umpqua,24,South Umpqua,23299,2,7999,23901381,Wood Cr,Mouth,Headwaters,Windy Cr,2005,276,Snorkeled,5,0.029435391,0.066,5.268400192,70,324.8500061,2,6192.855957,28111.5,5,1276.258057,19.37053299,73.33000183,216.3200073,0.9367
rear,OC,4-UMP,Umpqua,24,South Umpqua,23299,2,7999,23901381,Wood Cr,Mouth,Headwaters,Windy Cr,2006,779,Snorkeled,5,0.029435391,0.066,5.268400192,36,324.8500061,2,6192.855957,28111.5,5,1276.258057,19.75771332,72.75,128.8500061,0.9367
rear,OC,4-UMP,Umpqua,24,South Umpqua,23299,2,7999,23901381,Wood Cr,Mouth,Headwaters,Windy Cr,2009,637,Snorkeled,5,0.029435391,0.066,5.268400192,38,324.8500061,2,6192.855957,28111.5,5,1276.258057,20.09391022,57.70999908,77.48999786,0.9367
rear,OC,4-UMP,Umpqua,24,South Umpqua,23299,2,7999,23901381,Wood Cr,Mouth,Headwaters,Windy Cr,2011,316,Snorkeled,5,0.029435391,0.066,5.268400192,25,324.8500061,2,6192.855957,28111.5,5,1276.258057,16.11954308,76.70999908,161.5700073,0.9367
rear,OC,4-UMP,Umpqua,24,South Umpqua,23299,2,7999,23901381,Wood Cr,Mouth,Headwaters,Windy Cr,2012,277,Snorkeled,5,0.029435391,0.066,5.268400192,91,324.8500061,2,6192.855957,28111.5,5,1276.258057,17.59274483,66.37999725,101.1100006,0.9367
rear,OC,4-UMP,Umpqua,24,South Umpqua,23299,2,7999,23901381,Wood Cr,Mouth,Headwaters,Windy Cr,2013,532,Snorkeled,5,0.029435391,0.066,5.268400192,52,324.8500061,2,6192.855957,28111.5,5,1276.258057,20.37612915,58.31999969,76.61000061,0.9367
rear,OC,4-UMP,Umpqua,24,South Umpqua,23299,2,7999,23901381,Wood Cr,Mouth,Headwaters,Windy Cr,2014,193,Snorkeled,5,0.029435391,0.066,5.268400192,51,324.8500061,2,6192.855957,28111.5,5,1276.258057,20.68434143,59.22999954,58.45000076,0.9367
rear,OC,4-UMP,Umpqua,24,South Umpqua,23300,1.1,8003,23901375,Windy Cr,Wood Cr,Lawson Cr,Cow Cr,2002,269,Snorkeled,5,0.0065594,0.066,6.581299782,53,324.4570007,2,4729.936035,28111.5,4,1339.249023,21.31473732,36.52000046,64.19000244,1
rear,OC,4-UMP,Umpqua,24,South Umpqua,23303,1,8008,23903435,Lawson Cr,Bear Cr,"Lawson Cr, Trib A",Windy Cr,2009,42,Snorkeled,3,0.046123259,0.066,3.861799955,38,327.4320068,2,2967.614014,28111.5,4,1332.573975,19.8853054,60.65999985,92.91000366,0.4061
rear,OC,4-UMP,Umpqua,24,South Umpqua,23303,1,8008,23903435,Lawson Cr,Bear Cr,"Lawson Cr, Trib A",Windy Cr,2012,0,Snorkeled,3,0.046123259,0.066,3.861799955,91,327.4320068,2,2967.614014,28111.5,4,1332.573975,17.49263954,79.91999817,126.7699966,0.4061
rear,OC,4-UMP,Umpqua,24,South Umpqua,23304,1,8010,23901377,Windy Cr,Lawson Cr,"Windy Cr, Trib A",Cow Cr,2011,6,Snorkeled,5,0.017297151,0.066,5.7572999,25,325.7510071,2,2395.229004,28111.5,4,1316.229004,16.41246414,81.76000214,200.0899963,0.7345
rear,OC,4-UMP,Umpqua,24,South Umpqua,23308,1,8024,23901369,"Cow Cr, Fortune Br",Mouth,Headwaters,Cow Cr,2000,66,Snorkeled,4,0.05040215,0.046999998,4.91230011,57,330.6520081,2,284.4429932,2784164,6,1302.60498,16.38358498,81.47000122,145.25,0.9587
rear,OC,4-UMP,Umpqua,24,South Umpqua,23308,1,8024,23901369,"Cow Cr, Fortune Br",Mouth,Headwaters,Cow Cr,2003,121,Snorkeled,4,0.05040215,0.046999998,4.91230011,76,330.6520081,2,284.4429932,2784164,6,1302.60498,19.30717659,79.5,177.3899994,0.9587
rear,OC,4-UMP,Umpqua,24,South Umpqua,23308,1,8024,23901369,"Cow Cr, Fortune Br",Mouth,Headwaters,Cow Cr,2006,131,Snorkeled,4,0.05040215,0.046999998,4.91230011,36,330.6520081,2,284.4429932,2784164,6,1302.60498,19.08260345,77.77999878,125.6100006,0.9587
rear,OC,4-UMP,Umpqua,24,South Umpqua,23308,1,8024,23901369,"Cow Cr, Fortune Br",Mouth,Headwaters,Cow Cr,2009,289,Snorkeled,4,0.05040215,0.046999998,4.91230011,38,330.6520081,2,284.4429932,2784164,6,1302.60498,19.28946304,59.36999893,87.48000336,0.9587
rear,OC,4-UMP,Umpqua,24,South Umpqua,23308,1,8024,23901369,"Cow Cr, Fortune Br",Mouth,Headwaters,Cow Cr,2012,171,Snorkeled,4,0.05040215,0.046999998,4.91230011,91,330.6520081,2,284.4429932,2784164,6,1302.60498,17.04412651,78.97000122,117.9899979,0.9587
rear,OC,4-UMP,Umpqua,24,South Umpqua,23313,1,8033,23903561,Bull Run Cr,Little Bull Run Cr,Ramsey Cr,Quines Cr,1999,340,Snorkeled,3,0.057223711,0.064999998,3.937299967,49,339.0870056,2,3225.314941,51882,5,1379.733032,16.56743431,82.47000122,100.6999969,0.317
rear,OC,4-UMP,Umpqua,24,South Umpqua,23313,1,8033,23903561,Bull Run Cr,Little Bull Run Cr,Ramsey Cr,Quines Cr,2000,74,Snorkeled,3,0.057223711,0.064999998,3.937299967,57,339.0870056,2,3225.314941,51882,5,1379.733032,16.34477234,74.59999847,169.3200073,0.317
rear,OC,4-UMP,Umpqua,24,South Umpqua,23313,1,8033,23903561,Bull Run Cr,Little Bull Run Cr,Ramsey Cr,Quines Cr,2001,25,Snorkeled,3,0.057223711,0.064999998,3.937299967,77,339.0870056,2,3225.314941,51882,5,1379.733032,16.81452751,28.17000008,101.25,0.317
rear,OC,4-UMP,Umpqua,24,South Umpqua,23313,1,8033,23903561,Bull Run Cr,Little Bull Run Cr,Ramsey Cr,Quines Cr,2002,43,Snorkeled,3,0.057223711,0.064999998,3.937299967,53,339.0870056,2,3225.314941,51882,5,1379.733032,19.18014145,43.20000076,87.26999664,0.317
rear,OC,4-UMP,Umpqua,24,South Umpqua,23313,1,8033,23903561,Bull Run Cr,Little Bull Run Cr,Ramsey Cr,Quines Cr,2003,301,Snorkeled,3,0.057223711,0.064999998,3.937299967,76,339.0870056,2,3225.314941,51882,5,1379.733032,19.50546646,88.01000214,207.0899963,0.317
rear,OC,4-UMP,Umpqua,24,South Umpqua,23313,1,8033,23903561,Bull Run Cr,Little Bull Run Cr,Ramsey Cr,Quines Cr,2004,153,Snorkeled,3,0.057223711,0.064999998,3.937299967,61,339.0870056,2,3225.314941,51882,5,1379.733032,18.76438904,96.94999695,113.5899963,0.317
rear,OC,4-UMP,Umpqua,24,South Umpqua,23313,1,8033,23903561,Bull Run Cr,Little Bull Run Cr,Ramsey Cr,Quines Cr,2005,108,Snorkeled,3,0.057223711,0.064999998,3.937299967,70,339.0870056,2,3225.314941,51882,5,1379.733032,18.93082428,79.79000092,259.4599915,0.317
rear,OC,4-UMP,Umpqua,24,South Umpqua,23313,1,8033,23903561,Bull Run Cr,Little Bull Run Cr,Ramsey Cr,Quines Cr,2006,334,Snorkeled,3,0.057223711,0.064999998,3.937299967,36,339.0870056,2,3225.314941,51882,5,1379.733032,18.99412918,92.76999664,128.5800018,0.317
rear,OC,4-UMP,Umpqua,24,South Umpqua,23313,1,8033,23903561,Bull Run Cr,Little Bull Run Cr,Ramsey Cr,Quines Cr,2007,183,Snorkeled,3,0.057223711,0.064999998,3.937299967,45,339.0870056,2,3225.314941,51882,5,1379.733032,17.96963692,98.30999756,79.12000275,0.317
rear,OC,4-UMP,Umpqua,24,South Umpqua,23313,1,8033,23903561,Bull Run Cr,Little Bull Run Cr,Ramsey Cr,Quines Cr,2008,77,Snorkeled,3,0.057223711,0.064999998,3.937299967,20,339.0870056,2,3225.314941,51882,5,1379.733032,18.21248817,81.51999664,89.04000092,0.317
rear,OC,4-UMP,Umpqua,24,South Umpqua,23313,1,8033,23903561,Bull Run Cr,Little Bull Run Cr,Ramsey Cr,Quines Cr,2009,126,Snorkeled,3,0.057223711,0.064999998,3.937299967,38,339.0870056,2,3225.314941,51882,5,1379.733032,19.38443375,67.76000214,107.9599991,0.317
rear,OC,4-UMP,Umpqua,24,South Umpqua,23313,1,8033,23903561,Bull Run Cr,Little Bull Run Cr,Ramsey Cr,Quines Cr,2010,596,Snorkeled,3,0.057223711,0.064999998,3.937299967,49,339.0870056,2,3225.314941,51882,5,1379.733032,17.55974197,58.16999817,260.3999939,0.317
rear,OC,4-UMP,Umpqua,24,South Umpqua,23313,1,8033,23903561,Bull Run Cr,Little Bull Run Cr,Ramsey Cr,Quines Cr,2011,324,Snorkeled,3,0.057223711,0.064999998,3.937299967,25,339.0870056,2,3225.314941,51882,5,1379.733032,15.37893391,82.44000244,217.4600067,0.317
rear,OC,4-UMP,Umpqua,24,South Umpqua,23313,1,8033,23903561,Bull Run Cr,Little Bull Run Cr,Ramsey Cr,Quines Cr,2012,235,Snorkeled,3,0.057223711,0.064999998,3.937299967,91,339.0870056,2,3225.314941,51882,5,1379.733032,16.89062691,107.0999985,141.5099945,0.317
rear,OC,4-UMP,Umpqua,24,South Umpqua,23313,1,8033,23903561,Bull Run Cr,Little Bull Run Cr,Ramsey Cr,Quines Cr,2013,478,Snorkeled,3,0.057223711,0.064999998,3.937299967,52,339.0870056,2,3225.314941,51882,5,1379.733032,19.51403236,61.29999924,112.3300018,0.317
rear,OC,4-UMP,Umpqua,24,South Umpqua,23313,1,8033,23903561,Bull Run Cr,Little Bull Run Cr,Ramsey Cr,Quines Cr,2014,44,Snorkeled,3,0.057223711,0.064999998,3.937299967,51,339.0870056,2,3225.314941,51882,5,1379.733032,20.11240196,62.81000137,81.91000366,0.317
rear,OC,4-UMP,Umpqua,24,South Umpqua,23316,1,8037,23902193,Quines Cr,Bull Run Cr,Tennessee Gulch,Cow Cr,2001,520,Snorkeled,4,0.02929032,0.059,5.782899857,77,339.1400146,2,541.71698,51882,4,1361.634033,17.86096954,26.60000038,94.20999908,0.9515
rear,OC,4-UMP,Umpqua,24,South Umpqua,23332,2,8056,23902839,Clear Cr,Mouth,Headwaters,Cow Cr,1999,65,Snorkeled,4,0.02995339,0.046999998,4.453499794,49,338.3450012,2,1058.062012,51882,5,1748.214966,17.99137306,64.44999695,85.87999725,0.8644
rear,OC,4-UMP,Umpqua,24,South Umpqua,23332,2,8056,23902839,Clear Cr,Mouth,Headwaters,Cow Cr,2007,289,Snorkeled,4,0.02995339,0.046999998,4.453499794,45,338.3450012,2,1058.062012,51882,5,1748.214966,19.63335419,80.58000183,77.80999756,0.8644
rear,OC,4-UMP,Umpqua,24,South Umpqua,23332,2,8056,23902839,Clear Cr,Mouth,Headwaters,Cow Cr,2008,265,Snorkeled,4,0.02995339,0.046999998,4.453499794,20,338.3450012,2,1058.062012,51882,5,1748.214966,19.59281731,78.15000153,77.30999756,0.8644
rear,OC,4-UMP,Umpqua,24,South Umpqua,23332,2,8056,23902839,Clear Cr,Mouth,Headwaters,Cow Cr,2013,453,Snorkeled,4,0.02995339,0.046999998,4.453499794,52,338.3450012,2,1058.062012,51882,5,1748.214966,20.99352837,55.43999863,100.2600021,0.8644
rear,OC,4-UMP,Umpqua,24,South Umpqua,23332,2,8056,23902839,Clear Cr,Mouth,Headwaters,Cow Cr,2014,42,Snorkeled,4,0.02995339,0.046999998,4.453499794,51,338.3450012,2,1058.062012,51882,5,1748.214966,21.56830788,58.43999863,78.55000305,0.8644
rear,OC,4-UMP,Umpqua,24,South Umpqua,23342,2,8071,23901291,Whitehorse Cr,Mouth,"Whitehorse Cr, E Fk",Cow Cr,2001,0,Snorkeled,5,0.030338859,0.071000002,5.71239996,77,346.9200134,2,3658.318115,73996,5,1316.733032,16.33402824,31.01000023,119.8300018,0.8634
rear,OC,4-UMP,Umpqua,24,South Umpqua,23389,1,8093,23901407,Canyon Cr,Mouth,Comer Br,S Umpqua R,1999,358,Snorkeled,6,0.01056045,0.044,8.762599945,49,258.8840027,5,2648.544922,54111,2,1455.83606,21.34274864,64.31999969,113.25,0.9083
rear,OC,4-UMP,Umpqua,24,South Umpqua,23389,1,8093,23901407,Canyon Cr,Mouth,Comer Br,S Umpqua R,2002,184,Snorkeled,6,0.01056045,0.044,8.762599945,53,258.8840027,5,2648.544922,54111,2,1455.83606,23.6363945,41.49000168,98.87999725,0.9083
rear,OC,4-UMP,Umpqua,24,South Umpqua,23389,1,8093,23901407,Canyon Cr,Mouth,Comer Br,S Umpqua R,2005,68,Snorkeled,6,0.01056045,0.044,8.762599945,70,258.8840027,5,2648.544922,54111,2,1455.83606,23.40487671,77.56999969,277.3399963,0.9083
rear,OC,4-UMP,Umpqua,24,South Umpqua,23389,1,8093,23901407,Canyon Cr,Mouth,Comer Br,S Umpqua R,2008,0,Snorkeled,6,0.01056045,0.044,8.762599945,20,258.8840027,5,2648.544922,54111,2,1455.83606,22.93107033,80.81999969,108.6999969,0.9083
rear,OC,4-UMP,Umpqua,24,South Umpqua,23389,1,8093,23901407,Canyon Cr,Mouth,Comer Br,S Umpqua R,2011,911,Snorkeled,6,0.01056045,0.044,8.762599945,25,258.8840027,5,2648.544922,54111,2,1455.83606,20.60512161,86.36000061,261.6499939,0.9083
rear,OC,4-UMP,Umpqua,24,South Umpqua,23389,1,8093,23901407,Canyon Cr,Mouth,Comer Br,S Umpqua R,2014,49,Snorkeled,6,0.01056045,0.044,8.762599945,51,258.8840027,5,2648.544922,54111,2,1455.83606,25.09011269,55.18000031,102.2600021,0.9083
rear,OC,4-UMP,Umpqua,24,South Umpqua,23392.30078,1,8107,23902681,"Canyon Cr, W Fk, Trib A",Mouth,Headwaters,"Canyon Cr, W Fk",2002,345,Snorkeled,4,0.073576517,0.072999999,4.783299923,53,268.2940063,5,4071.131104,32322,17,1396.373047,20.65948105,43.34000015,115.1100006,0.4059
rear,OC,4-UMP,Umpqua,24,South Umpqua,23392.90039,1,64198,23901413,"Canyon Cr, W Fk","Canyon Cr, W Fk, Trib A",St John Cr,Canyon Cr,2013,0,Snorkeled,5,0.02313493,0.072999999,6.751100063,52,269.0159912,5,489.3349915,32322,17,1303.218994,21.71200371,60.81999969,128.1999969,0.5948
rear,OC,4-UMP,Umpqua,24,South Umpqua,23395,1,8115,23901425,Canyon Cr,"Canyon Cr, W Fk",Bear Gulch,S Umpqua R,2000,0,Snorkeled,5,0.01280199,0.072999999,6.41050005,57,264.8869934,5,997.2739868,32322,17,1460.666016,17.61579323,74.59999847,169.3200073,0.5601
rear,OC,4-UMP,Umpqua,24,South Umpqua,23395,1,8115,23901425,Canyon Cr,"Canyon Cr, W Fk",Bear Gulch,S Umpqua R,2009,386,Snorkeled,5,0.01280199,0.072999999,6.41050005,38,264.8869934,5,997.2739868,32322,17,1460.666016,20.36138153,65.30999756,147.7799988,0.5601
rear,OC,4-UMP,Umpqua,24,South Umpqua,23405,4,8124,23901439,O'Shea Cr,Mouth,Headwaters,S Umpqua R,1999,0,Snorkeled,5,0.025952309,0.044,5.680399895,49,263.3999939,5,5794.626953,54111,4,1329.171021,19.21489906,60.31000137,132.0500031,0.5494
rear,OC,4-UMP,Umpqua,24,South Umpqua,23405,4,8124,23901439,O'Shea Cr,Mouth,Headwaters,S Umpqua R,2002,505,Snorkeled,5,0.025952309,0.044,5.680399895,53,263.3999939,5,5794.626953,54111,4,1329.171021,21.40540504,42.54000092,107.2699966,0.5494
rear,OC,4-UMP,Umpqua,24,South Umpqua,23405,4,8124,23901439,O'Shea Cr,Mouth,Headwaters,S Umpqua R,2008,254,Snorkeled,5,0.025952309,0.044,5.680399895,20,263.3999939,5,5794.626953,54111,4,1329.171021,20.69732857,75.31999969,122.7399979,0.5494
rear,OC,4-UMP,Umpqua,24,South Umpqua,23405,4,8124,23901439,O'Shea Cr,Mouth,Headwaters,S Umpqua R,2011,650,Snorkeled,5,0.025952309,0.044,5.680399895,25,263.3999939,5,5794.626953,54111,4,1329.171021,18.50935364,91.08000183,268.8500061,0.5494
rear,OC,4-UMP,Umpqua,24,South Umpqua,23426,2,8142,23903199,Wood Cr,Mouth,Headwaters,Days Cr,1999,0,Snorkeled,5,0.019355239,0.050000001,5.224599838,49,272.6629944,2,825.1060181,105909,6,1372.839966,20.08909798,49.74000168,108.3000031,0.5804
rear,OC,4-UMP,Umpqua,24,South Umpqua,23426,2,8142,23903199,Wood Cr,Mouth,Headwaters,Days Cr,2002,0,Snorkeled,5,0.019355239,0.050000001,5.224599838,53,272.6629944,2,825.1060181,105909,6,1372.839966,22.58627701,38.77000046,97.62999725,0.5804
rear,OC,4-UMP,Umpqua,24,South Umpqua,23426,2,8142,23903199,Wood Cr,Mouth,Headwaters,Days Cr,2005,117,Snorkeled,5,0.019355239,0.050000001,5.224599838,70,272.6629944,2,825.1060181,105909,6,1372.839966,22.236063,71.45999908,281.8699951,0.5804
rear,OC,4-UMP,Umpqua,24,South Umpqua,23426,2,8142,23903199,Wood Cr,Mouth,Headwaters,Days Cr,2008,635,Snorkeled,5,0.019355239,0.050000001,5.224599838,20,272.6629944,2,825.1060181,105909,6,1372.839966,21.96198273,66.08000183,92.94999695,0.5804
rear,OC,4-UMP,Umpqua,24,South Umpqua,23426,2,8142,23903199,Wood Cr,Mouth,Headwaters,Days Cr,2011,416,Snorkeled,5,0.019355239,0.050000001,5.224599838,25,272.6629944,2,825.1060181,105909,6,1372.839966,19.34298897,77.54000092,264.8399963,0.5804
rear,OC,4-UMP,Umpqua,24,South Umpqua,23426,2,8142,23903199,Wood Cr,Mouth,Headwaters,Days Cr,2014,17,Snorkeled,5,0.019355239,0.050000001,5.224599838,51,272.6629944,2,825.1060181,105909,6,1372.839966,23.68767548,47.58000183,112.7399979,0.5804
rear,OC,4-UMP,Umpqua,24,South Umpqua,23427,4,8144,23901919,Days Cr,Wood Cr,Green Gulch,S Umpqua R,2013,556,Snorkeled,5,0.00724986,0.046,7.901100159,52,272.6419983,2,515.6450195,105909,1,1593.70105,25.66457367,56.75,121.9599991,0.9729
rear,OC,4-UMP,Umpqua,24,South Umpqua,23433,1,8149,23901923,Days Cr,Gilbeaugh Cr,Bailey Gulch,S Umpqua R,2000,105,Snorkeled,5,0.00828507,0.046,7.601099968,57,275.3460083,2,1847.987061,105909,3,1527.376953,20.72610664,74.59999847,169.3200073,0.8936
rear,OC,4-UMP,Umpqua,24,South Umpqua,23433,1,8149,23901923,Days Cr,Gilbeaugh Cr,Bailey Gulch,S Umpqua R,2009,1403,Snorkeled,5,0.00828507,0.046,7.601099968,38,275.3460083,2,1847.987061,105909,3,1527.376953,23.9936409,54.49000168,112.4899979,0.8936
rear,OC,4-UMP,Umpqua,24,South Umpqua,23436,1,8154,23903191,Fate Cr,Mouth,"Fate Cr, Trib A",Days Cr,2014,70,Snorkeled,4,0.02364878,0.046,4.310100079,51,276.8919983,2,1668.119995,105909,3,1337.003052,21.91200066,54.38999939,115.9499969,0.7068
rear,OC,4-UMP,Umpqua,24,South Umpqua,23436,2,8153,23903191,Fate Cr,Mouth,"Fate Cr, Trib A",Days Cr,2011,403,Snorkeled,4,0.02364878,0.046,4.14440012,25,277.5859985,2,1668.119995,105909,3,1337.003052,17.78005028,75.05999756,274.7600098,0.5257
rear,OC,4-UMP,Umpqua,24,South Umpqua,23439,1,8157,23901927,Days Cr,Doe Hollow,May Cr,S Umpqua R,1999,197,Snorkeled,5,0.00959097,0.046,6.993999958,49,277.8619995,2,876.5739746,105909,3,1549.420044,20.34470558,48.49000168,112.6399994,0.9515
rear,OC,4-UMP,Umpqua,24,South Umpqua,23457,1,8175,23901467,Shively Cr,Mouth,"Shively Cr, E Fk",S Umpqua R,2005,643,Snorkeled,5,0.02398482,0.048,6.458499908,70,279.2260132,2,3460.606934,32233,2,1226.854004,20.14302826,74.55000305,258.9400024,0.5325
rear,OC,4-UMP,Umpqua,24,South Umpqua,23457,1,63419,23901467,Shively Cr,Mouth,"Shively Cr, E Fk",S Umpqua R,2011,685,Snorkeled,5,0.02398482,0.048,6.515500069,25,278.3280029,2,3460.606934,32233,2,1226.854004,17.26449203,76.44999695,269.5599976,0.7601
rear,OC,4-UMP,Umpqua,24,South Umpqua,23458.30078,1,8177,23902699,"Shively Cr, E Fk","Shively Cr, E Fk, Trib A","Shively Cr, E Fk, Trib B",Shively Cr,2001,0,Snorkeled,4,0.051291659,0.252999991,4.047399998,77,285.4530029,2,1222.897949,32233,4,1202.661011,16.19552422,30.34000015,136.8300018,0.4367
rear,OC,4-UMP,Umpqua,24,South Umpqua,23458.30078,1,8177,23902699,"Shively Cr, E Fk","Shively Cr, E Fk, Trib A","Shively Cr, E Fk, Trib B",Shively Cr,2004,0,Snorkeled,4,0.051291659,0.252999991,4.047399998,61,285.4530029,2,1222.897949,32233,4,1202.661011,17.99220276,95.41000366,137.1900024,0.4367
rear,OC,4-UMP,Umpqua,24,South Umpqua,23458.30078,1,8177,23902699,"Shively Cr, E Fk","Shively Cr, E Fk, Trib A","Shively Cr, E Fk, Trib B",Shively Cr,2007,0,Snorkeled,4,0.051291659,0.252999991,4.047399998,45,285.4530029,2,1222.897949,32233,4,1202.661011,17.28454781,78.98999786,87.41000366,0.4367
rear,OC,4-UMP,Umpqua,24,South Umpqua,23459,1,8178,23901469,Shively Cr,"Shively Cr, E Fk",Headwaters,S Umpqua R,2005,6,Snorkeled,4,0.092089929,0.129999995,4.178599834,70,284.2869873,2,7686.924805,32233,2,1143.706055,17.20320892,78.69999695,256.7200012,0.393818182
rear,OC,4-UMP,Umpqua,24,South Umpqua,23459,1,8178,23901469,Shively Cr,"Shively Cr, E Fk",Headwaters,S Umpqua R,2014,0,Snorkeled,4,0.092089929,0.129999995,4.178599834,51,284.2869873,2,7686.924805,32233,2,1143.706055,18.31141281,62.88999939,112.5599976,0.393818182
rear,OC,4-UMP,Umpqua,24,South Umpqua,23462,0,8180,23903315,"Poole Cr, E Fk",Mouth,Headwaters,Poole Cr,2007,0,Snorkeled,4,0.087873943,0.083999999,3.82249999,45,281.8500061,2,2891.468994,29259,2,1142.401001,18.2130909,68.29000092,86.16999817,0.3112
rear,OC,4-UMP,Umpqua,24,South Umpqua,23475.69922,4,8205,23902755,"Stouts Cr, W Fk",Trib A,Headwaters,Stouts Cr,2010,0,Snorkeled,5,0.087599441,0.050999999,5.118000031,49,294.5280151,2,4445.846191,30080,1,1492.107056,18.62203979,52.38000107,304.75,0.5699
rear,OC,4-UMP,Umpqua,24,South Umpqua,23493,1,8227,23902173,Hatchet Cr,Mouth,Trib A,S Umpqua R,2003,122,Snorkeled,4,0.075818516,0.137999997,5.067200184,76,295.8940125,2,3269.339111,45464,1,1719.920044,19.95274734,65.16000366,205.7200012,0.4739
rear,OC,4-UMP,Umpqua,24,South Umpqua,23498,0,8229,23901523,Drew Cr,Mouth,Headwaters,Elk Cr,2000,33,Snorkeled,5,0.032513659,0.044,6.804399967,57,304.1000061,2,4555.756836,104177,1,1661.593994,20.0881691,75.26000214,184.2299957,0.5206
rear,OC,4-UMP,Umpqua,24,South Umpqua,23506,0,8235,23902807,Anderson Cr,Mouth,Headwaters,Elk Cr,2000,0,Snorkeled,3,0.080586597,0.056000002,3.784100056,57,309.4790039,2,3118.304932,39801,1,1486.136963,17.43242836,75.26000214,184.2299957,0.2537
rear,OC,4-UMP,Umpqua,24,South Umpqua,23508,1,8236,23902789,Brownie Cr,Mouth,Tom Cr,Elk Cr,2003,428,Snorkeled,4,0.033775508,0.067000002,5.377399921,76,310.6619873,2,5700.244141,39801,1,1768.967041,22.07839203,71.30000305,224.9100037,0.5194
rear,OC,4-UMP,Umpqua,24,South Umpqua,23508,1,8236,23902789,Brownie Cr,Mouth,Tom Cr,Elk Cr,2012,236,Snorkeled,4,0.033775508,0.067000002,5.377399921,91,310.6619873,2,5700.244141,39801,1,1768.967041,19.50978279,111.0999985,198.2700043,0.5194
rear,OC,4-UMP,Umpqua,24,South Umpqua,23513,0,8237,23901549,Elk Cr,Jacques Cr,Flat Cr,S Umpqua R,1999,72,Snorkeled,6,0.01013431,0.044,8.329500198,49,312.3370056,2,3859.041016,39801,1,1621.553955,20.38619614,52.99000168,104.6600037,0.5654
rear,OC,4-UMP,Umpqua,24,South Umpqua,23520.30078,1,8241,23903287,Salt Cr #2,Mouth,Headwaters,S Umpqua R,2007,0,Snorkeled,3,0.102787644,0.151999995,3.929899931,45,298.8420105,2,5112.501953,103103,2,1618.85498,18.96564865,59.22000122,91.77999878,0.1077
rear,OC,4-UMP,Umpqua,24,South Umpqua,23536,1,8254,23901601,Beaver Cr,Stampede Cr,Switchback Cr,Jackson Cr,2010,0,Snorkeled,5,0.02855289,0.097000003,7.62650013,49,317.7189941,2,3086.693115,71010,1,1611.151001,19.37350464,48.58000183,215.9199982,0.6608
rear,OC,4-UMP,Umpqua,24,South Umpqua,23550,1,8264,23903269,Deep Cut Cr,Mouth,Headwaters,Jackson Cr,2006,9,Snorkeled,4,0.072842218,0.215000004,5.083899975,36,322.8110046,2,6801.895996,59126,2,1879.328003,19.9888401,83.75,117.0999985,0.2589
rear,OC,4-UMP,Umpqua,24,South Umpqua,23552,1,64203,23901639,Black Canyon Cr,Mouth,"Black Canyon Cr, Trib A",Jackson Cr,2013,0,Snorkeled,4,0.041502099,0.064000003,5.955299854,52,323.901001,2,5972.250977,59126,2,1758.083984,21.95825958,60.02999878,138.1999969,0.4607
rear,OC,4-UMP,Umpqua,24,South Umpqua,23552.30078,2,8266,23901641,Black Canyon Cr,"Black Canyon Cr, Trib A",Headwaters,Jackson Cr,1999,0,Snorkeled,4,0.052558672,0.064000003,5.383299828,49,326.4110107,2,8368.530273,59126,1,1655.345947,17.70005989,62.38999939,131.3999939,0.1953
rear,OC,4-UMP,Umpqua,24,South Umpqua,23552.30078,2,8266,23901641,Black Canyon Cr,"Black Canyon Cr, Trib A",Headwaters,Jackson Cr,2000,0,Snorkeled,4,0.052558672,0.064000003,5.383299828,57,326.4110107,2,8368.530273,59126,1,1655.345947,17.60346413,62.90000153,179.1000061,0.1953
rear,OC,4-UMP,Umpqua,24,South Umpqua,23552.30078,2,8266,23901641,Black Canyon Cr,"Black Canyon Cr, Trib A",Headwaters,Jackson Cr,2001,0,Snorkeled,4,0.052558672,0.064000003,5.383299828,77,326.4110107,2,8368.530273,59126,1,1655.345947,18.23059654,55.31000137,125.6600037,0.1953
rear,OC,4-UMP,Umpqua,24,South Umpqua,23552.30078,2,8266,23901641,Black Canyon Cr,"Black Canyon Cr, Trib A",Headwaters,Jackson Cr,2002,0,Snorkeled,4,0.052558672,0.064000003,5.383299828,53,326.4110107,2,8368.530273,59126,1,1655.345947,20.1689949,53.63000107,105.1600037,0.1953
rear,OC,4-UMP,Umpqua,24,South Umpqua,23552.30078,2,8266,23901641,Black Canyon Cr,"Black Canyon Cr, Trib A",Headwaters,Jackson Cr,2003,0,Snorkeled,4,0.052558672,0.064000003,5.383299828,76,326.4110107,2,8368.530273,59126,1,1655.345947,20.87521362,79.08000183,212.6999969,0.1953
rear,OC,4-UMP,Umpqua,24,South Umpqua,23552.30078,2,8266,23901641,Black Canyon Cr,"Black Canyon Cr, Trib A",Headwaters,Jackson Cr,2004,0,Snorkeled,4,0.052558672,0.064000003,5.383299828,61,326.4110107,2,8368.530273,59126,1,1655.345947,20.02146339,95.12999725,170.8899994,0.1953
rear,OC,4-UMP,Umpqua,24,South Umpqua,23552.30078,2,8266,23901641,Black Canyon Cr,"Black Canyon Cr, Trib A",Headwaters,Jackson Cr,2005,0,Snorkeled,4,0.052558672,0.064000003,5.383299828,70,326.4110107,2,8368.530273,59126,1,1655.345947,20.01022148,105.7900009,285.2600098,0.1953
rear,OC,4-UMP,Umpqua,24,South Umpqua,23552.30078,2,8266,23901641,Black Canyon Cr,"Black Canyon Cr, Trib A",Headwaters,Jackson Cr,2006,0,Snorkeled,4,0.052558672,0.064000003,5.383299828,36,326.4110107,2,8368.530273,59126,1,1655.345947,20.71256065,101.1999969,144.6699982,0.1953
rear,OC,4-UMP,Umpqua,24,South Umpqua,23552.30078,2,8266,23901641,Black Canyon Cr,"Black Canyon Cr, Trib A",Headwaters,Jackson Cr,2007,0,Snorkeled,4,0.052558672,0.064000003,5.383299828,45,326.4110107,2,8368.530273,59126,1,1655.345947,19.75495148,81.69999695,114.7799988,0.1953
rear,OC,4-UMP,Umpqua,24,South Umpqua,23552.30078,2,8266,23901641,Black Canyon Cr,"Black Canyon Cr, Trib A",Headwaters,Jackson Cr,2008,0,Snorkeled,4,0.052558672,0.064000003,5.383299828,20,326.4110107,2,8368.530273,59126,1,1655.345947,19.60393906,60.68000031,132.7400055,0.1953
rear,OC,4-UMP,Umpqua,24,South Umpqua,23552.30078,2,8266,23901641,Black Canyon Cr,"Black Canyon Cr, Trib A",Headwaters,Jackson Cr,2009,0,Snorkeled,4,0.052558672,0.064000003,5.383299828,38,326.4110107,2,8368.530273,59126,1,1655.345947,20.70092201,85.04000092,158.4499969,0.1953
rear,OC,4-UMP,Umpqua,24,South Umpqua,23552.30078,2,8266,23901641,Black Canyon Cr,"Black Canyon Cr, Trib A",Headwaters,Jackson Cr,2010,0,Snorkeled,4,0.052558672,0.064000003,5.383299828,49,326.4110107,2,8368.530273,59126,1,1655.345947,18.90010643,58.97000122,234.2100067,0.1953
rear,OC,4-UMP,Umpqua,24,South Umpqua,23552.30078,2,8266,23901641,Black Canyon Cr,"Black Canyon Cr, Trib A",Headwaters,Jackson Cr,2011,0,Snorkeled,4,0.052558672,0.064000003,5.383299828,25,326.4110107,2,8368.530273,59126,1,1655.345947,16.87595558,69.20999908,308.9700012,0.1953
rear,OC,4-UMP,Umpqua,24,South Umpqua,23552.30078,2,8266,23901641,Black Canyon Cr,"Black Canyon Cr, Trib A",Headwaters,Jackson Cr,2012,0,Snorkeled,4,0.052558672,0.064000003,5.383299828,91,326.4110107,2,8368.530273,59126,1,1655.345947,18.33763885,117.5899963,211.0399933,0.1953
rear,OC,4-UMP,Umpqua,24,South Umpqua,23552.30078,2,8266,23901641,Black Canyon Cr,"Black Canyon Cr, Trib A",Headwaters,Jackson Cr,2013,0,Snorkeled,4,0.052558672,0.064000003,5.383299828,52,326.4110107,2,8368.530273,59126,1,1655.345947,21.15535355,67.87999725,166.8300018,0.1953
rear,OC,4-UMP,Umpqua,24,South Umpqua,23552.30078,2,8266,23901641,Black Canyon Cr,"Black Canyon Cr, Trib A",Headwaters,Jackson Cr,2014,0,Snorkeled,4,0.052558672,0.064000003,5.383299828,51,326.4110107,2,8368.530273,59126,1,1655.345947,21.28259087,75.98999786,184.7899933,0.1953
rear,OC,4-UMP,Umpqua,24,South Umpqua,23554,2,8270,23901649,Squaw Cr,Mouth,"Squaw Cr, Trib A",Jackson Cr,2001,0,Snorkeled,5,0.035333611,0.07,7.495800018,77,327.3590088,2,3953.829102,59126,1,1674.94397,17.77519226,38.90999985,108.4899979,0.5494
rear,OC,4-UMP,Umpqua,24,South Umpqua,23554,2,8270,23901649,Squaw Cr,Mouth,"Squaw Cr, Trib A",Jackson Cr,2010,0,Snorkeled,5,0.035333611,0.07,7.495800018,49,327.3590088,2,3953.829102,59126,1,1674.94397,18.2684021,43.74000168,196.1999969,0.5494
rear,OC,4-UMP,Umpqua,24,South Umpqua,23554.30078,0,6293,23902709,"Squaw Cr, Trib A",Mouth,Headwaters,Squaw Cr,2009,0,Snorkeled,3,0.16030249,0.081,4.089799881,38,329.4299927,2,6822.903809,53606,2,1669.897949,17.30455399,89.08000183,245.8300018,0.1842
rear,OC,4-UMP,Umpqua,24,South Umpqua,23555,0,8272,23902719,Donegan Cr,Mouth,Headwaters,Squaw Cr,2006,4,Snorkeled,4,0.099666581,0.131999999,5.403100014,36,330.868988,2,22410.89258,53606,1,1634.229004,17.88080215,106.6600037,204.3699951,0.323314286
rear,OC,4-UMP,Umpqua,24,South Umpqua,23561.40039,1,56314,23901671,Jackson Cr,"Jackson Cr, Trib F",Eden Cr,S Umpqua R,2014,0,Snorkeled,6,0.02230769,0.064000003,9.28069973,51,330.1350098,2,5073.871094,68615,2,1746.097046,24.51924515,65.59999847,172.5,0.5654
rear,OC,4-UMP,Umpqua,24,South Umpqua,23562,1,8275,23901683,Falcon Cr,Mouth,Abbott Cr,Jackson Cr,1999,0,Snorkeled,5,0.03082105,0.064000003,6.496799946,49,339.868988,2,9934.248047,57147,2,1711.994995,17.55124474,60.18000031,165.75,0.3733
rear,OC,4-UMP,Umpqua,24,South Umpqua,23562,1,8275,23901683,Falcon Cr,Mouth,Abbott Cr,Jackson Cr,2000,0,Snorkeled,5,0.03082105,0.064000003,6.496799946,57,339.868988,2,9934.248047,57147,2,1711.994995,17.43439865,62.90000153,179.1000061,0.3733
rear,OC,4-UMP,Umpqua,24,South Umpqua,23562,1,8275,23901683,Falcon Cr,Mouth,Abbott Cr,Jackson Cr,2001,0,Snorkeled,5,0.03082105,0.064000003,6.496799946,77,339.868988,2,9934.248047,57147,2,1711.994995,18.08678818,50.04999924,147.9799957,0.3733
rear,OC,4-UMP,Umpqua,24,South Umpqua,23562,1,8275,23901683,Falcon Cr,Mouth,Abbott Cr,Jackson Cr,2002,0,Snorkeled,5,0.03082105,0.064000003,6.496799946,53,339.868988,2,9934.248047,57147,2,1711.994995,20.30199432,54.34999847,117.4400024,0.3733
rear,OC,4-UMP,Umpqua,24,South Umpqua,23562,1,8275,23901683,Falcon Cr,Mouth,Abbott Cr,Jackson Cr,2003,0,Snorkeled,5,0.03082105,0.064000003,6.496799946,76,339.868988,2,9934.248047,57147,2,1711.994995,21.05662537,75.08000183,222.7200012,0.3733
rear,OC,4-UMP,Umpqua,24,South Umpqua,23562,1,8275,23901683,Falcon Cr,Mouth,Abbott Cr,Jackson Cr,2004,0,Snorkeled,5,0.03082105,0.064000003,6.496799946,61,339.868988,2,9934.248047,57147,2,1711.994995,19.94658852,95.70999908,229.6300049,0.3733
rear,OC,4-UMP,Umpqua,24,South Umpqua,23562,1,8275,23901683,Falcon Cr,Mouth,Abbott Cr,Jackson Cr,2005,0,Snorkeled,5,0.03082105,0.064000003,6.496799946,70,339.868988,2,9934.248047,57147,2,1711.994995,20.11698914,109.2300034,296.4599915,0.3733
rear,OC,4-UMP,Umpqua,24,South Umpqua,23562,1,8275,23901683,Falcon Cr,Mouth,Abbott Cr,Jackson Cr,2006,0,Snorkeled,5,0.03082105,0.064000003,6.496799946,36,339.868988,2,9934.248047,57147,2,1711.994995,21.08096886,97.91999817,169.6199951,0.3733
rear,OC,4-UMP,Umpqua,24,South Umpqua,23562,1,8275,23901683,Falcon Cr,Mouth,Abbott Cr,Jackson Cr,2007,0,Snorkeled,5,0.03082105,0.064000003,6.496799946,45,339.868988,2,9934.248047,57147,2,1711.994995,19.84921646,80.62999725,139.9499969,0.3733
rear,OC,4-UMP,Umpqua,24,South Umpqua,23562,1,8275,23901683,Falcon Cr,Mouth,Abbott Cr,Jackson Cr,2008,0,Snorkeled,5,0.03082105,0.064000003,6.496799946,20,339.868988,2,9934.248047,57147,2,1711.994995,19.5230217,52.74000168,167.0500031,0.3733
rear,OC,4-UMP,Umpqua,24,South Umpqua,23562,1,8275,23901683,Falcon Cr,Mouth,Abbott Cr,Jackson Cr,2009,0,Snorkeled,5,0.03082105,0.064000003,6.496799946,38,339.868988,2,9934.248047,57147,2,1711.994995,20.78398514,82.94999695,193.1699982,0.3733
rear,OC,4-UMP,Umpqua,24,South Umpqua,23562,1,8275,23901683,Falcon Cr,Mouth,Abbott Cr,Jackson Cr,2010,0,Snorkeled,5,0.03082105,0.064000003,6.496799946,49,339.868988,2,9934.248047,57147,2,1711.994995,18.66615105,61.56000137,273.5599976,0.3733
rear,OC,4-UMP,Umpqua,24,South Umpqua,23562,1,8275,23901683,Falcon Cr,Mouth,Abbott Cr,Jackson Cr,2011,0,Snorkeled,5,0.03082105,0.064000003,6.496799946,25,339.868988,2,9934.248047,57147,2,1711.994995,16.75766563,72.66999817,314.980011,0.3733
rear,OC,4-UMP,Umpqua,24,South Umpqua,23562,1,8275,23901683,Falcon Cr,Mouth,Abbott Cr,Jackson Cr,2012,0,Snorkeled,5,0.03082105,0.064000003,6.496799946,91,339.868988,2,9934.248047,57147,2,1711.994995,18.2231102,118.9000015,237.5500031,0.3733
rear,OC,4-UMP,Umpqua,24,South Umpqua,23562,1,8275,23901683,Falcon Cr,Mouth,Abbott Cr,Jackson Cr,2013,0,Snorkeled,5,0.03082105,0.064000003,6.496799946,52,339.868988,2,9934.248047,57147,2,1711.994995,21.34387207,72.58000183,204.9700012,0.3733
rear,OC,4-UMP,Umpqua,24,South Umpqua,23562,1,8275,23901683,Falcon Cr,Mouth,Abbott Cr,Jackson Cr,2014,0,Snorkeled,5,0.03082105,0.064000003,6.496799946,51,339.868988,2,9934.248047,57147,2,1711.994995,21.40716362,75.20999908,241.5700073,0.3733
rear,OC,4-UMP,Umpqua,24,South Umpqua,23562,1,61898,23901685,Falcon Cr,Mouth,Abbott Cr,Jackson Cr,2007,0,Snorkeled,5,0.050254151,0.064000003,6.489200115,45,340.0639954,2,5493.438965,57147,2,1709.839966,19.01421356,80.62999725,139.9499969,0.4882
rear,OC,4-UMP,Umpqua,24,South Umpqua,23564.40039,1,63845,23901685,Falcon Cr,"Falcon Cr, Trib A",Headwaters,Jackson Cr,2012,0,Snorkeled,4,0.050254151,0.064000003,5.232900143,91,342.3800049,2,5493.438965,57147,2,1709.839966,17.48247528,120.0199966,255.6699982,0.1357
rear,OC,4-UMP,Umpqua,24,South Umpqua,23569,4,64183,23901889,Deadman Cr,Mouth,Schultz Cr,S Umpqua R,2013,635,Snorkeled,5,0.01760461,0.048999999,7.75880003,52,311.243988,2,6351.937012,80043,1,1621.780029,23.15373993,59.75999832,160.0700073,0.5206
rear,OC,4-UMP,Umpqua,24,South Umpqua,23585,0,8304,23901871,Dumont Cr,Straight Cr,Headwaters,S Umpqua R,2008,0,Snorkeled,5,0.020513739,0.067000002,6.247099876,20,324.696991,2,3180.801025,136901,3,1861.439941,21.13893318,52.88999939,145.6600037,0.5325
rear,OC,4-UMP,Umpqua,24,South Umpqua,23585,0,8304,23901871,Dumont Cr,Straight Cr,Headwaters,S Umpqua R,2011,0,Snorkeled,5,0.020513739,0.067000002,6.247099876,25,324.696991,2,3180.801025,136901,3,1861.439941,18.18813133,65.72000122,328.2399902,0.5325
rear,OC,4-UMP,Umpqua,24,South Umpqua,23589,2,8306,23901841,Boulder Cr,Mouth,Slick Cr,S Umpqua R,1999,0,Snorkeled,6,0.0122417,0.067000002,8.491200447,49,323.5539856,2,9093.561523,758208,1,1941.218994,22.89527893,48.81999969,152.7100067,0.5081
rear,OC,4-UMP,Umpqua,24,South Umpqua,23589,2,8306,23901841,Boulder Cr,Mouth,Slick Cr,S Umpqua R,2000,271,Snorkeled,6,0.0122417,0.067000002,8.491200447,57,323.5539856,2,9093.561523,758208,1,1941.218994,22.828722,62.90000153,179.1000061,0.5081
rear,OC,4-UMP,Umpqua,24,South Umpqua,23589,2,8306,23901841,Boulder Cr,Mouth,Slick Cr,S Umpqua R,2001,205,Snorkeled,6,0.0122417,0.067000002,8.491200447,77,323.5539856,2,9093.561523,758208,1,1941.218994,23.53663635,36.36000061,147.0399933,0.5081
rear,OC,4-UMP,Umpqua,24,South Umpqua,23589,2,8306,23901841,Boulder Cr,Mouth,Slick Cr,S Umpqua R,2003,189,Snorkeled,6,0.0122417,0.067000002,8.491200447,76,323.5539856,2,9093.561523,758208,1,1941.218994,27.1185627,60.41999817,239.1300049,0.5081
rear,OC,4-UMP,Umpqua,24,South Umpqua,23589,2,8306,23901841,Boulder Cr,Mouth,Slick Cr,S Umpqua R,2004,0,Snorkeled,6,0.0122417,0.067000002,8.491200447,61,323.5539856,2,9093.561523,758208,1,1941.218994,25.84794617,93.26999664,191.6100006,0.5081
rear,OC,4-UMP,Umpqua,24,South Umpqua,23589,2,8306,23901841,Boulder Cr,Mouth,Slick Cr,S Umpqua R,2005,941,Snorkeled,6,0.0122417,0.067000002,8.491200447,70,323.5539856,2,9093.561523,758208,1,1941.218994,25.90240097,80.37000275,322.3900146,0.5081
rear,OC,4-UMP,Umpqua,24,South Umpqua,23589,2,8306,23901841,Boulder Cr,Mouth,Slick Cr,S Umpqua R,2006,36,Snorkeled,6,0.0122417,0.067000002,8.491200447,36,323.5539856,2,9093.561523,758208,1,1941.218994,26.7555294,80.40000153,193.6100006,0.5081
rear,OC,4-UMP,Umpqua,24,South Umpqua,23589,2,8306,23901841,Boulder Cr,Mouth,Slick Cr,S Umpqua R,2007,296,Snorkeled,6,0.0122417,0.067000002,8.491200447,45,323.5539856,2,9093.561523,758208,1,1941.218994,25.46676254,56.77000046,110.2399979,0.5081
rear,OC,4-UMP,Umpqua,24,South Umpqua,23589,2,8306,23901841,Boulder Cr,Mouth,Slick Cr,S Umpqua R,2008,93,Snorkeled,6,0.0122417,0.067000002,8.491200447,20,323.5539856,2,9093.561523,758208,1,1941.218994,25.27919388,52.88999939,145.6600037,0.5081
rear,OC,4-UMP,Umpqua,24,South Umpqua,23589,2,8306,23901841,Boulder Cr,Mouth,Slick Cr,S Umpqua R,2009,981,Snorkeled,6,0.0122417,0.067000002,8.491200447,38,323.5539856,2,9093.561523,758208,1,1941.218994,26.61031532,71.37999725,171.9799957,0.5081
rear,OC,4-UMP,Umpqua,24,South Umpqua,23589,2,8306,23901841,Boulder Cr,Mouth,Slick Cr,S Umpqua R,2010,418,Snorkeled,6,0.0122417,0.067000002,8.491200447,49,323.5539856,2,9093.561523,758208,1,1941.218994,24.11748886,44.33000183,288.519989,0.5081
rear,OC,4-UMP,Umpqua,24,South Umpqua,23589,2,8306,23901841,Boulder Cr,Mouth,Slick Cr,S Umpqua R,2011,602,Snorkeled,6,0.0122417,0.067000002,8.491200447,25,323.5539856,2,9093.561523,758208,1,1941.218994,21.82433128,65.72000122,328.2399902,0.5081
rear,OC,4-UMP,Umpqua,24,South Umpqua,23589,2,8306,23901841,Boulder Cr,Mouth,Slick Cr,S Umpqua R,2012,432,Snorkeled,6,0.0122417,0.067000002,8.491200447,91,323.5539856,2,9093.561523,758208,1,1941.218994,23.53663635,101.2799988,243.9600067,0.5081
rear,OC,4-UMP,Umpqua,24,South Umpqua,23589,2,8306,23901841,Boulder Cr,Mouth,Slick Cr,S Umpqua R,2013,14,Snorkeled,6,0.0122417,0.067000002,8.491200447,52,323.5539856,2,9093.561523,758208,1,1941.218994,27.14881516,58.68000031,183.1000061,0.5081
rear,OC,4-UMP,Umpqua,24,South Umpqua,23589,2,8306,23901841,Boulder Cr,Mouth,Slick Cr,S Umpqua R,2014,11,Snorkeled,6,0.0122417,0.067000002,8.491200447,51,323.5539856,2,9093.561523,758208,1,1941.218994,27.34243202,55.52000046,191.4100037,0.5081
rear,OC,4-UMP,Umpqua,24,South Umpqua,23601,1,63042,23901825,Quartz Cr,Mouth,Headwaters,S Umpqua R,2010,0,Snorkeled,5,0.023654871,0.067000002,7.198500156,49,336.1619873,2,4216.601074,917515,1,1949.088013,20.61839104,49.52999878,222.3000031,0.5383
rear,OC,4-UMP,Umpqua,24,South Umpqua,23602,1,62305,23901755,S Umpqua R,Quartz Cr,Skillet Cr,Umpqua R,2008,33,Snorkeled,6,0.01006834,0.067000002,10.78310013,20,338.6960144,2,2622.610107,106823,2,1882.911011,22.24886513,44,122.6200027,0.5994
rear,OC,4-UMP,Umpqua,24,South Umpqua,23606,2,55676,23901761,S Umpqua R,Emerson Cr,Black Rock Fk,Umpqua R,2008,0,Snorkeled,6,0.01323557,0.067000002,10.61229992,20,341.3259888,2,13086.78809,106823,2,1873.371948,21.56962395,44.40999985,144.9299927,0.5266
rear,,,,2,Nehalem,,,21570,,,,,,2015,0,,,,,,0,,,,,,,19,170,195,
rear,,,,5,NCDependent,25343.69922,1,130,23877013,,,,,2015,43,,3,0.092430927,0.05703,3.782000065,0,8.1350002,1,1067.755005,1179156,2,1683.102051,15.82991982,,,0.502
rear,,,,4,Nestucca,25358,1,140,23877167,,,,,2015,116,,4,0.045616511,0.165700004,5.625999928,0,13.1190004,2,3106.153076,501267,1,1195.223999,18.51578903,121.0999985,198.1799927,0.259
rear,,,,4,Nestucca,25409,2,215,23876867,,,,,2015,0,,3,0.027920119,0.020780001,5.347000122,0,15.8299999,6,982.8969727,1017837,5,1826.793945,20.10464668,116.9199982,179.2299957,0.836
rear,,,,7,Siletz,25188,3,3655,,,,,,2015,0,,4,0.098999999,0.107989997,7.65899992,0,117.75,1,6433.338867,,,1251.233032,,234.6999969,196.9700012,0.135748
rear,,,,7,Siletz,25208,1,36063,,,,,,2015,0,,4,0.007,0.063280001,9.354000092,0,126.013,1,263.7820129,,,1457.526001,,206.5,149.2700043,0.952945
rear,,,,6,Salmon,25266.69922,1,3766,23882360,,,,,2015,14,,3,0.120214038,0.093110003,5.118000031,0,2.4430001,2,4937.874023,287147,2,1767.322998,16.22231483,,,0.541900826
rear,,,,19,Sixes,21541,1,3993,23920606,,,,,2015,0,,6,0.00375216,0.016000001,11.41289997,0,17.1299992,1,210.5525208,473807,2,1493.512939,24.64105415,154.8999939,146.7299957,0.9721
rear,,,,19,Sixes,21547,1,4006,23920626,,,,,2015,0,,6,0.00588483,0.016000001,10.19810009,0,29.8278999,1,122.9570007,473807,1,1481.508057,23.36488342,242.6000061,172.6699982,0.6304
rear,,,,18,Floras,21560.75977,2,4054,23920814,,,,,2015,50,,4,0.01018801,0.314999998,4.927599907,0,15.6751003,1,767.3040161,474099,1,674.2399902,21.32128143,,,0.8393
rear,,,,18,Floras,21577.59961,0,51239,,,,,,2015,1276,,,,,,0,,,,,,,,,,
rear,,,,18,Floras,21583,3,3928,23920740,,,,,2015,90,,3,0.05866237,0.022,3.189800024,0,5.7154398,7,303.9830017,331320,5,1432.76001,22.02322197,156.4100037,145.6100006,0.4131
rear,,,,17,Coquille,21621.69922,1,51238,,,,,,2015,0,,,,,,0,,,,,,,,,,
rear,,,,17,Coquille,21699,5,51254,23915715,,,,,2015,0,,3,0.02013793,0.033,2.692699909,0,64.3662033,2,728.7620239,104461,4,1339.712036,22.99660301,81.81999969,106.6100006,0.326855263
rear,,,,17,Coquille,21710.19922,1,4362,23914509,,,,,2015,57,,3,0.0133738,0.028000001,2.657799959,0,78.5790024,2,450.7749939,104461,1,1132.802979,22.40393448,,,0.326855263
rear,,,,17,Coquille,21736,1,4421,23915783,,,,,2015,1124,,5,0.01793302,0.128000006,4.47660017,0,77.4618988,2,113.7149963,189903,2,1610.274048,20.77114487,80.77999878,117.5299988,0.5547
rear,,,,17,Coquille,21772.80078,2,51241,,,,,,2015,0,,,,,,0,,,,,,,,,,
rear,,,,17,Coquille,21775,3,45002,23914773,,,,,2015,0,,7,0.00266568,0.039999999,12.77499962,0,94.0755997,5,615.0709839,191896,1,1542.496948,24.84668159,74.52999878,107.6299973,0.6339
rear,,,,17,Coquille,21847,2,4676,23914693,,,,,2015,0,,5,0.028282641,0.033,4.815899849,0,103.7929993,5,3089.254883,249470,1,1500.055054,22.93122673,91.48000336,119.9899979,0.31
rear,,,,17,Coquille,21853.69922,1,4699,23914577,,,,,2015,556,,5,0.00980243,0.057999998,6.973700047,0,112.1080017,2,525.3449707,65010,1,1542.553955,22.28576469,,,0.6084
rear,,,,17,Coquille,21854,2,4702,,,,,,2015,0,,3,0.159999996,0.172000006,2.627000093,0,114.638,1,4818.074219,,,1538.828003,,106.2799988,130.4900055,0.131384
rear,,,,17,Coquille,21906,1,4758,23916151,,,,,2015,0,,2,0.186267525,0.122000001,2.22939992,0,136.901001,1,2117.006104,443889,1,1412.355957,15.92215443,140.6499939,151.3800049,0.325644444
rear,,,,17,Coquille,21946,1,4794,23915693,,,,,2015,204,,4,0.058365591,0.041000001,3.923799992,0,70.8414001,5,1054.155029,6956811,2,1430.082031,20.88612556,87.98999786,112.6900024,0.5618
rear,,,,17,Coquille,21953,2,51250,,,,,,2015,89,,4,0.008,0.027000001,4.655900002,0,81.6849,2,382.3320007,,,1436.495972,,81.26000214,104.5,0.95076
rear,,,,17,Coquille,21957,1,4851,23915183,,,,,2015,533,,4,0.052136991,0.041999999,4.799799919,0,94.2113037,2,2453.315918,342093.5,2,1715.547974,19.85996056,80.20999908,103.6200027,0.8485
rear,,,,17,Coquille,22012,3,4960,23915025,,,,,2015,2855,,5,0.00432521,0.021,7.574299812,0,111.9000015,2,1541.796021,193468,2,1692.871948,22.72391701,98.01999664,132.1000061,0.63
rear,,,,17,Coquille,22033,4,5051,23915085,,,,,2015,750,,4,0.022579011,0.030999999,4.70510006,0,107.1009979,1,2709.687012,132549,2,1377.124023,20.15857697,99.76999664,116,0.5374
rear,,,,17,Coquille,22036,4,5073,23915053,,,,,2015,832,,4,0.02356473,0.075000003,4.11950016,0,111.8809967,2,417.6270142,132549,2,1513.215942,20.30840683,102.3700027,132.2299957,0.5499
rear,,,,17,Coquille,22037,3,5091,23915059,,,,,2015,3594,,5,0.00272027,0.017000001,8.871600151,0,109.7799988,2,449.0220032,206276,4,1577.416016,21.73387337,101.5699997,107.5800018,0.7594
rear,,,,17,Coquille,22051.19922,1,5170,,,,,,2015,1592,,,,,,0,,,,,,,,,,
rear,,,,17,Coquille,22051.19922,4,5165,23915075,,,,,2015,1576,,4,0.01218658,0.032000002,4.99630022,0,138.2480011,2,2374.936035,206276,2,1688.128052,19.62083817,,,0.6777
rear,,,,16,Coos,22157,1,5323,23910755,,,,,2015,426,,4,0.075591236,0.011,3.587300062,0,42.9178009,5,11.72599983,1310616,5,1422.115967,19.05132103,103.1600037,130.3600006,0.4259
rear,,,,16,Coos,22196,1,5416,23909799,,,,,2015,1167,,5,0.00024979,0.037999999,7.237299919,0,91.0008011,2,1329.890991,247383,4,1558.395996,22.2647953,93.95999908,164.2599945,0.9515
rear,,,,16,Coos,22217.80078,1,5523,23909837,,,,,2015,779,,5,0.01968226,0.052000001,8.239999771,0,106.6729965,1,6897.89209,212975,4,1300.642944,21.67621231,,,0.5266
rear,,,,16,Coos,22237,2,5564,23910475,,,,,2015,11,,3,0.058814529,0.061999999,2.929399967,0,39.6171989,2,1630.769043,173352,1,1442.540039,19.6207695,105.6500015,132.0299988,0.0869
rear,,,,16,Coos,22273,4,5638,23909945,,,,,2015,2668,,5,0.02052726,0.033,6.99420023,0,71.0138016,1,2479.39502,155835.5,1,1409.907959,20.13172531,115.8700027,154.1600037,0.6065
rear,,,,16,Coos,22291,1,46607,23910257,,,,,2015,30,,3,0.04714812,0.052999999,1.902400017,0,90.6039963,2,41.33300018,390561,1,1495.115967,19.5175705,120.1900024,171.8099976,0.420509953
rear,,,,16,Coos,22293,2,45001,23910213,,,,,2015,2470,,4,0.01131486,0.052999999,4.367400169,0,91.5848007,2,1230.098022,390561,1,1487.027954,21.70920753,133.6799927,214.6199951,0.8946
rear,,,,16,Coos,22297.94922,2,51252,,,,,,2015,984,,,,,,0,,,,,,,,,,
rear,,,,16,Coos,22310,1.100000024,5776,23910445,,,,,2015,414,,4,0.00850877,0.008,4.692800045,0,22.8836994,6,253.3280029,165284,5,1392.51001,21.10491562,,,0.9587
rear,,,,15,Tenmile,22357.92969,0,51236,,,,,,2015,13,,,,,,0,,,,,,,,,,
rear,,,,14,Tahkenitch,23955,1,6033,23893323,,,,,2015,252,,5,0.00238065,0.01216,10.04699993,0,18.5769997,1,0.030999999,406760,2,1707.494995,20.49482918,106.1399994,146.1799927,0.63
rear,,,,14,Tahkenitch,23956,1,6035,23893497,,,,,2015,727,,4,0.026568851,0.09471,7.572000027,0,19.8880005,2,4299.40918,406760,2,1907.670044,19.37595749,106.1399994,146.1799927,0.622
rear,,,,13,Siltcoos,23973,2,6092,23893449,,,,,2015,40,,3,0.051551439,0.062169999,3.477999926,0,21.809,1,1154.104004,259607,3,1941.609985,17.91217995,115.3899994,152.5700073,0.469483516
rear,,,,23,North Umpqua,,,64950,,,,,,2015,0,,,,,,0,,,,,,,,,,
rear,,,,23,North Umpqua,,,64985,,,,,,2015,0,,,,,,0,,,,,,,,,,
rear,,,,21,Lower Umpqua,22442,1.100000024,6469,24527852,,,,,2015,515,,4,0.05312087,0.013,3.931099892,0,43.5886002,2,249.0679932,6024912,2,1212.786987,20.51846504,,,0.6496
rear,,,,21,Lower Umpqua,22465,1,64960,,,,,,2015,1075,,4,0.009,0.085000001,4.075600147,0,69.3755,1,325.6809998,,,1549.866943,,124.5800018,159.3899994,0.552173
rear,,,,21,Lower Umpqua,22507.40039,1,6603,24527538,,,,,2015,416,,4,0.0094863,0.090000004,4.94299984,0,91.9067001,2,1356.031006,376416,4,1790.675049,21.50199509,,,0.8272
rear,,,,21,Lower Umpqua,22525.19922,1,64992,,,,,,2015,55,,,,,,0,,,,,,,,,,
rear,,,,21,Lower Umpqua,22526,2,6647,24527828,,,,,2015,2057,,5,0.00816159,0.033,6.161200047,0,89.0178986,2,178.427002,126968,3,1416.592041,20.36593246,91.12999725,94.70999908,0.9798
rear,,,,21,Lower Umpqua,22537.5,1,6673,24527922,,,,,2015,51,,3,0.059683818,0.046999998,3.208800077,0,98.836998,2,473.3240051,152164,3,1248.597046,19.72487831,90.41999817,92.41999817,0.4197
rear,,,,21,Lower Umpqua,22540,2,64976,,,,,,2015,23,,3,0.050999999,0.067000002,2.37409997,0,106.002,2,1118.386963,,,1344.761963,,103.3000031,126.75,0.136125
rear,,,,21,Lower Umpqua,22585.90039,1,6763,24527474,,,,,2015,719,,4,0.01184454,0.046999998,4.458300114,0,149.1640015,5,187.6809998,89254,4,1709.532959,21.02938843,,,0.7076
rear,,,,21,Lower Umpqua,22587,1,6764,24527950,,,,,2015,53,,3,0.03833086,0.046999998,3.5006001,0,145.4230042,2,221.598999,89254,6,1265.430054,18.79878044,78.30000305,104.7799988,0.4268
rear,,,,21,Lower Umpqua,22642,1,6831,24528904,,,,,2015,236,,4,0.01923863,0.016000001,4.618899822,0,32.1908989,1,447.0119934,225937,1,1853.994995,19.17489433,108.4800034,154.9400024,0.7092
rear,,,,21,Lower Umpqua,22655,2,6857,24526736,,,,,2015,0,,5,0.00289782,0.046999998,7.847000122,0,58.0125008,5,1189.280029,192547,1,1572.071045,24.05718613,99.70999908,116.4499969,0.9078
rear,,,,2,Nehalem,,,21768,,,,,,2016,0,,,,,,0,,,,,,,,,,
rear,,,,2,Nehalem,0,,81,,,,,,2016,0,,,,,,0,,,,,,,,,,
rear,,,,2,Nehalem,0,,1273,23872445,,,,,2016,213,,4,0.02975505,0.160879999,8.767000198,0,96.5029984,1,446.1010132,571074,6,1498.177124,15.33844662,,,0.763999
rear,,,,4,Nestucca,0,,17740,23876781,,,,,2016,3,,3,0.095219001,0.089910001,3.319999933,0,40.9440002,1,940.8660278,799840,4,1629.215942,15.1381197,,,0.414
rear,,,,5,NCDependent,25343.69922,1,130,23877013,,,,,2016,72,,3,0.092430927,0.05703,3.782000065,0,8.1350002,1,1067.755005,1179156,2,1683.102051,14.69426823,,,0.502
rear,,,,4,Nestucca,25407,4,210,23876145,,,,,2016,0,,4,0.055219591,0.019990001,8.065999985,0,16.6310005,6,983.5339966,1017837,5,1693.624023,17.35885811,183.0500031,201.9700012,0.195
rear,,,,4,Nestucca,25427,1,234,23877163,,,,,2016,141,,4,0.077907979,0.04346,7.336999893,0,33.7229996,2,2870.919922,1741480,7,1902.293945,15.33462143,204.6100006,191.1150055,0.432
rear,,,,4,Nestucca,25469,3,304,23876783,,,,,2016,250,,4,0.089552492,0.044270001,6.758999825,0,41.9630013,2,2005.95105,799840,3,1551.475952,15.46171379,206.8099976,158.0599976,0.385
rear,,,,4,Nestucca,25502,3,21778,,,,,,2016,1053,,6,0.011,0.03582,24.26799965,0,61.905,1,3726.000977,,,1515.592041,,209.8699951,161.3320007,0.589625
rear,,,,4,Nestucca,25505,1,16010,23876155,,,,,2016,439,,5,0.02613168,0.036699999,14.23200035,0,66.1100006,2,8841.211914,827741,3,1532.18103,15.85783672,224.8200073,162.7839966,0.508
rear,,,,3,Tillamook Bay,25608.30078,1,545,23876715,,,,,2016,261,,4,0.016720081,0.068619996,10.18999958,0,64.4899979,2,2449.948975,575011,3,1423.795044,15.52432537,,,0.521
rear,,,,3,Tillamook Bay,25616,2,16017,23877137,,,,,2016,360,,3,0.080114149,0.101810001,6.031000137,0,59.9980011,1,2078.653076,902241,3,1385.167969,14.04424572,300.2000122,179.0890045,0.373
rear,,,,3,Tillamook Bay,25623.19922,1,21766,,,,,,2016,30,,,,,,0,,,,,,,,,,
rear,,,,3,Tillamook Bay,25675.5,4,664,23875961,,,,,2016,113,,5,0.026814731,0.063249998,14.08600044,0,62.6339989,1,5446.228027,938249,5,1254.531006,15.03218174,257.8699951,146.4669952,0.348
rear,,,,3,Tillamook Bay,25675.5,7,662,23875961,,,,,2016,0,,5,0.026814731,0.063249998,11.26900005,0,64.4369965,1,5446.228027,938249,5,1254.531006,15.03218174,249.5099945,134.923996,0.406
rear,,,,3,Tillamook Bay,25695,1,715,23876409,,,,,2016,369,,4,0.074643791,0.049029998,9.937999725,0,64.1589966,1,1970.885986,747258,5,1393.973022,14.65493679,255.1499939,147.4100037,0.508
rear,,,,3,Tillamook Bay,25742,1,21762,23876421,,,,,2016,325,,5,0.046426099,0.041609999,9.255999565,0,32.4440002,2,2370.253906,973670,2,1420.203979,14.33332348,267.2900085,161.1380005,0.459
rear,,,,3,Tillamook Bay,25798,1,870,23876091,,,,,2016,722,,5,0.0106874,0.019929999,18.80599976,0,18.0839996,2,1345.692017,766005,1,1513.136963,16.66057014,214,154.6410065,0.59
rear,,,,2,Nehalem,25849,3,929,23872711,,,,,2016,9,,3,0.060013901,0.29460001,4.137000084,0,21.1889992,1,2130.300049,1696875,2,1815.47644,18.74457359,275.8200073,174.5269928,0.2678125
rear,,,,2,Nehalem,25889,1,1033,23872359,,,,,2016,162,,5,0.010272,0.04462,14.42599964,0,22.0970001,1,969.1480103,1380594,6,1557.954712,17.9893837,238.5500031,166.9750061,0.596
rear,,,,2,Nehalem,25958,3,1120,23871947,,,,,2016,795,,4,0.031142181,0.160879999,11.16800022,0,50.1450005,1,1475.709961,1255831,6,1533.153076,16.34682083,301.6900024,172.4199982,0.441702
rear,,,,2,Nehalem,25976,1,17729,23872537,,,,,2016,0,,4,0.05092429,0.229550004,7.460999966,0,72.4069977,2,1495.100952,1367090,6,1317.196167,17.02959824,265.7399902,162.1349945,0.848995
rear,,,,2,Nehalem,26007.59961,,1237,,,,,,2016,5,,,,,,0,,,,,,,,,,
rear,,,,2,Nehalem,26015.30078,2,1264,,,,,,2016,17,,,,,,0,,,,,,,,,,
rear,,,,2,Nehalem,26021,1,21780,23872239,,,,,2016,0,,5,0.00710388,0.160879999,20.40399933,0,86.7679977,2,106.7060013,2066370,9,1669.312134,18.98462868,192.0599976,118.7639999,0.958005
rear,,,,2,Nehalem,26024.69922,1,1295,23872371,,,,,2016,431,,4,0.039579369,0.160879999,11.55500031,0,95.2259979,1,4586.577148,2066370,9,1507.623047,16.43767929,,,0.877149
rear,,,,21,Lower Umpqua,22688,3.099999905,6915,24526776,,,,,2015,769,,5,0.01265163,0.032000002,5.451399803,0,56.3795013,2,2321.85791,158183,4,1351.771973,22.40229225,,,0.5804
rear,,,,22,Middle Umpqua,22713.59961,1,64968,,,,,,2015,220,,,,,,0,,,,,,,,,,
rear,,,,22,Middle Umpqua,22721,1,64980,,,,,,2015,644,,4,0.009,0.046,5.586800098,0,105.447,2,723.6489868,,,1442.05896,,84.38999939,86.12999725,0.934419
rear,,,,22,Middle Umpqua,22735,4.099999905,7043,,,,,,2015,365,,,,,,0,,,,,,,,,,
rear,,,,22,Middle Umpqua,22756,1,7063,24527232,,,,,2015,25,,5,0.00517361,0.046,6.675600052,0,120.3509979,5,779.0200195,241976,3,1498.91394,23.14663506,66.73000336,82.75,0.9515
rear,,,,22,Middle Umpqua,22766,2,7104,24527652,,,,,2015,84,,4,0.00727504,0.046,4.722599983,0,130.6150055,5,195.822998,110777,5,1383.875,22.70287895,62.25,119.5500031,0.9658
rear,,,,22,Middle Umpqua,22811,3,7183,24528568,,,,,2015,189,,4,0.046679672,0.075000003,4.601099968,0,136.3899994,5,4785.61084,194840,4,1647.916016,21.45919037,65.63999939,121.4700012,0.3181
rear,,,,22,Middle Umpqua,22862,1,7285,24526856,,,,,2015,900,,5,0.00673904,0.050000001,7.011000156,0,147.2380066,2,134.7059937,104075,3,1627.703979,22.05090904,82.80000305,73.41000366,0.6215
rear,,,,22,Middle Umpqua,22879,1,7334,24528842,,,,,2015,0,,3,0.06552618,0.104000002,3.846899986,0,169.9109955,2,6073.920898,71752,6,1688.256958,20.24620056,95.87000275,76.23999786,0.1032
rear,,,,22,Middle Umpqua,22899,1,7369,,,,,,2015,37,,5,0.006,0.033,6.637199879,0,191.941,2,609.3179932,,,2031.850952,,59.90000153,66.44000244,0.974961
rear,,,,24,South Umpqua,23012,2,7537,23903021,,,,,2015,110,,4,0.039329179,0.034000002,3.699599981,0,248.6029968,2,1629.527954,192056,5,1615.543945,22.73105621,80.55000305,64.25,0.4298
rear,,,,24,South Umpqua,23122,1,7768,23903023,,,,,2015,2,,4,0.04571278,0.075999998,3.554699898,0,259.5650024,5,230.3379974,73504,10,1479.348999,19.04257584,72.36000061,99.18000031,0.5999
rear,,,,24,South Umpqua,23288,2,7974,23903507,,,,,2015,0,,3,0.076314531,0.071999997,2.899199963,0,312.7590027,5,2792.281982,23181,6,1154.390015,20.45734978,115.4300003,58.49000168,0.284566667
rear,,,,24,South Umpqua,23288,3,7973,,,,,,2015,0,,3,0.130999997,0.180000007,2.088799953,0,313.777,2,1996.94104,,,1110.078003,,115.4300003,58.49000168,0.131715
rear,,,,24,South Umpqua,23299,2,7999,23901381,,,,,2015,289,,5,0.029435391,0.066,5.268400192,0,324.8500061,2,6192.855957,28111.5,5,1276.258057,20.45046616,113.2799988,54.45999908,0.9367
rear,,,,24,South Umpqua,23303,1,8008,23903435,,,,,2015,7,,3,0.046123259,0.066,3.861799955,0,327.4320068,2,2967.614014,28111.5,4,1332.573975,20.31699562,114.3300018,70.08999634,0.4061
rear,,,,24,South Umpqua,23304,1,8009,23901377,,,,,2015,70,,5,0.017297151,0.066,5.633399963,0,326.756012,5,2395.229004,28111.5,4,1316.229004,20.7707901,114.3300018,70.08999634,0.8166
rear,,,,24,South Umpqua,23308,1,8024,23901369,,,,,2015,89,,4,0.05040215,0.046999998,4.91230011,0,330.6520081,2,284.4429932,2784164,6,1302.60498,19.73708916,113.9199982,66.23999786,0.9587
rear,,,,24,South Umpqua,23313,1,8033,23903561,,,,,2015,302,,3,0.057223711,0.064999998,3.937299967,0,339.0870056,2,3225.314941,51882,5,1379.733032,19.74651337,113.8000031,92.70999908,0.317
rear,,,,24,South Umpqua,23332,2,8056,23902839,,,,,2015,139,,4,0.02995339,0.046999998,4.453499794,0,338.3450012,5,1058.062012,51882,5,1748.214966,21.27022934,113.5500031,76.08000183,0.8644
rear,,,,24,South Umpqua,23552.30078,2,8266,23901641,,,,,2015,0,,4,0.052558672,0.064000003,5.383299828,0,326.4110107,2,8368.530273,59126,1,1655.345947,20.63373184,,,0.1953
rear,,,,24,South Umpqua,23562,1,8275,23901683,,,,,2015,0,,5,0.03082105,0.064000003,6.496799946,0,339.868988,5,9934.248047,57147,2,1711.994995,20.55516052,120.9599991,151.5299988,0.3733
rear,,,,24,South Umpqua,23589,2,8306,23901841,,,,,2015,4,,6,0.0122417,0.067000002,8.491200447,0,323.5539856,2,9093.561523,758208,1,1941.218994,26.56191063,65.38999939,147.7599945,0.5081
rear,,,,23,North Umpqua,23665,1,8345,23894026,,,,,2015,0,,5,0.0260936,0.074000001,7.856200218,0,251.2330017,2,15471.33594,70525,2,1631.583008,22.29546738,80.72000122,253.1999969,0.3847
rear,,,,4,Nestucca,25438.80078,3,248,23876807,,,,,2015,0,,4,0.038952861,0.045370001,7.186999798,0,29.3250008,1,877.7069702,524706,2,1362.342041,17.85969734,,,0.906
rear,,,,4,Nestucca,25505,1,16010,23876155,,,,,2015,215,,5,0.02613168,0.036699999,14.23200035,0,66.1100006,2,8841.211914,827741,3,1532.18103,18.86804771,168.5500031,146.0599976,0.508
rear,,,,4,Nestucca,25512.69922,3,21576,23875725,,,,,2015,496,,5,0.017836031,0.03582,14.38500023,0,79.0709991,2,3607.202881,355665,5,1401.593018,19.71335411,,,0.538
rear,,,,3,Tillamook Bay,25603.5,1,530,23876599,,,,,2015,0,,4,0.114966288,0.068619996,6.489999771,0,47.368,2,2821.495117,1034057,3,1304.272949,17.76827431,169.8099976,216.8899994,0.318
rear,,,,3,Tillamook Bay,25608.30078,1,545,23876715,,,,,2015,484,,4,0.016720081,0.068619996,10.18999958,0,64.4899979,2,2449.948975,575011,3,1423.795044,18.14229202,,,0.521
rear,,,,3,Tillamook Bay,25616,2,16017,23877137,,,,,2015,0,,3,0.080114149,0.101810001,6.031000137,0,59.9980011,1,2078.653076,902241,3,1385.167969,16.45359612,175.9499969,214.0700073,0.373
rear,,,,3,Tillamook Bay,25617.19922,1,17557,,,,,,2015,592,,,,,,0,,,,,,,,,,
rear,,,,3,Tillamook Bay,25623,1,608,23876147,,,,,2015,2089,,5,0.024561111,0.165889993,13.2670002,0,66.9990005,1,6381.929199,1410525,3,1483.14502,19.76164055,162.1999969,177.5200043,0.301
rear,,,,3,Tillamook Bay,25675.5,4,664,23875961,,,,,2015,463,,5,0.026814731,0.063249998,14.08600044,0,62.6339989,1,5446.228027,938249,5,1254.531006,17.59320068,168.2899933,182.0200043,0.348
rear,,,,3,Tillamook Bay,25675.5293,1,21588,23876485,,,,,2015,0,,4,0.08620818,0.08726,8.461999893,0,62.1860008,2,5594.605957,938249,5,1242.83606,17.25530052,,,0.136
rear,,,,3,Tillamook Bay,25679,1.100000024,679,23876139,,,,,2015,978,,5,0.01487146,0.03009,14.98900032,0,60.8279991,1,2545.945068,747258,5,1421.199951,19.02713013,,,0.56
rear,,,,3,Tillamook Bay,25679.5,3,16021,23876361,,,,,2015,0,,3,0.0563499,0.068510003,5.160999775,0,64.961998,1,5102.403809,747258,5,1347.54895,17.10108185,231.5599976,202.5299988,0.381827957
rear,,,,3,Tillamook Bay,25695,1,715,23876409,,,,,2015,193,,4,0.074643791,0.049029998,9.937999725,0,64.1589966,1,1970.885986,747258,5,1393.973022,16.87954521,163.8200073,181.3399963,0.508
rear,,,,3,Tillamook Bay,25695.90039,1,716,23876409,,,,,2015,193,,4,0.074643791,0.049029998,7.769000053,0,64.9680023,1,1970.885986,747258,5,1393.973022,16.87954521,,,0.136
rear,,,,3,Tillamook Bay,25703,1,723,23876347,,,,,2015,578,,5,0.04095412,0.040380001,11.31900024,0,72.4629974,1,5553.645996,747258,8,1349.801025,18.57938766,157.5,186.7899933,0.396
rear,,,,3,Tillamook Bay,25737,1,778,23876201,,,,,2015,901,,6,0.01586109,0.041609999,15.04199982,0,30.1690006,2,2311.352051,973670,2,1460.572998,17.79966545,144.2599945,192.0399933,0.57
rear,,,,3,Tillamook Bay,25802.69922,2,21575,,,,,,2015,35,,,,,,0,,,,,,,,,,
rear,,,,2,Nehalem,26024.69922,1,1295,23872371,,,,,2015,251,,4,0.039579369,0.160879999,11.55500031,0,95.2259979,1,4586.577148,2066370,9,1507.623047,18.84022713,73.73999786,149.9900055,0.877149
rear,,,,2,Nehalem,26057,2,1410,23872363,,,,,2015,36,,4,0.01448005,0.160879999,8.199000359,0,125.0049973,2,275.0539856,131365,7,1473.504028,21.63703156,73.73999786,149.9900055,0.935174
rear,,,,2,Nehalem,26093.69922,1,1536,23872689,,,,,2015,41,,4,0.019652041,0.160879999,8.125,0,156.5440063,5,1616.505005,148046,9,1371.609985,20.6196785,,,0.882453
rear,,,,2,Nehalem,26117,2,1616,23872125,,,,,2015,116,,3,0.042268131,0.160879999,4.747000217,0,199.3179932,2,3692.917969,265994,11,1465.643188,14.26181602,126.1200027,124.9800034,0.364806
rear,,,,2,Nehalem,26152.80078,1,16978,23872165,,,,,2015,278,,3,0.065465651,0.475849986,4.914000034,0,196.2100067,1,4015.891113,145784,7,1732.967041,15.64729595,,,0.268411
rear,,,,1,Necanicum,26196,2,1805,23871243,,,,,2015,0,,3,0.05763486,0.122759998,3.983999968,0,7.8649998,7,4580.935059,542948,1,1135.783936,16.29040909,125.9400024,181.6399994,0.586915385
rear,,,,1,Necanicum,26220,1,1844,23871209,,,,,2015,104,,5,0.018410889,0.09268,15.93400002,0,21.2950001,2,1368.237061,1025498,2,1615.265015,19.58548927,169.4299927,229.9600067,0.174195402
rear,,,,12,MCDependent,,,41494,,,,,,2015,0,,,,,,0,,,,,,,,,,
rear,,,,11,Siuslaw,,,41512,,,,,,2015,521,,,,,,0,,,,,,,,,,
rear,,,,11,Siuslaw,24019.40039,1,1984,23889904,,,,,2015,900,,4,0.045124792,0.084349997,6.18599987,0,36.4710007,1,1956.805054,4174368,2,2048.602051,21.89364433,,,0.517
rear,,,,11,Siuslaw,24025,3,1998,23889976,,,,,2015,843,,5,0.01355906,0.036189999,8.109999657,0,41.855999,2,916.3549805,928534,2,1811.156982,21.73828316,132.7799988,143.5899963,0.576
rear,,,,11,Siuslaw,24084.09961,3,2087,23889940,,,,,2015,678,,5,0.0093068,0.01774,8.786999702,0,35.9700012,1,1285.396973,926823,3,1462.796021,23.62844658,,,0.659
rear,,,,11,Siuslaw,24100.90039,1,35003,23889504,,,,,2015,646,,3,0.053068612,0.054219998,6.629000187,0,50.368,1,27.03300095,926823,4,2013.687988,18.42882156,,,0.796
rear,,,,11,Siuslaw,24135,1,2161,23889870,,,,,2015,729,,3,0.02608984,0.02248,7.537000179,0,77.0749969,1,373.303009,678120,2,1886.416016,19.93651772,126.6299973,146.7200012,0.597
rear,,,,11,Siuslaw,24170,1,2246,23890050,,,,,2015,262,,3,0.079350643,0.053789999,5.735000134,0,77.7220001,2,1565.491943,707605,3,1791.057983,19.07250214,140.5700073,144.6999969,0.803
rear,,,,11,Siuslaw,24172,2,2248,23890036,,,,,2015,55,,2,0.064504787,0.034910001,4.453000069,0,80.788002,1,1528.618042,707605,2,1647.244995,18.55480957,125.3099976,140.0299988,0.66
rear,,,,11,Siuslaw,24197,3,41493,23889754,,,,,2015,451,,4,0.01168693,0.037659999,5.941999912,0,72.6149979,2,723.5770264,1011123,15,1571.360962,18.94417572,99.15000153,92.43000031,0.575
rear,,,,11,Siuslaw,24253,2,35002,23890202,,,,,2015,0,,3,0.038400002,0.090690002,4.820000172,0,63.144001,1,1257.53894,506742,2,1496.557007,20.53705597,129.8300018,138.1199951,0.529
rear,,,,11,Siuslaw,24325.40039,1,2478,23889682,,,,,2015,318,,5,1E-05,0.048909999,15.30599976,0,107.237999,2,760.3389893,160676,3,1551.563965,19.87342262,,,0.615
rear,,,,11,Siuslaw,24373,1,2556,23889608,,,,,2015,175,,4,0.00165723,0.048909999,4.850999832,0,107.3099976,2,471.9190063,109750,3,1600.473999,24.75318718,90.48000336,99.80000305,0.822
rear,,,,11,Siuslaw,24391,1,2574,23890504,,,,,2015,121,,4,0.01409985,0.048909999,4.640999794,0,126.9469986,5,676.322998,109750,3,1201.805054,17.3200779,87.69000244,91.08000183,0.659
rear,,,,11,Siuslaw,24425,1,2630,23890518,,,,,2015,181,,4,0.01405015,0.048909999,4.813000202,0,159.2630005,5,423.7420044,145348,4,1697.131958,19.20186615,70.26999664,92.18000031,0.87
rear,,,,12,MCDependent,24510,2,2738,23886144,,,,,2015,215,,4,0.00560139,0.01252,14.50699997,0,1.107,8,632.6539917,182943,1,2045.793945,20.83235359,112.2300034,146.9100037,0.616
rear,,,,12,MCDependent,24510,2,41508,23886144,,,,,2015,376,,4,0.00560139,0.01252,14.45400047,0,1.617,8,632.6539917,182943,1,2045.793945,20.83235359,112.2300034,146.9100037,0.949
rear,,,,12,MCDependent,24527,3,2762,,,,,,2015,0,,2,0.075999998,0.115359999,4.211999893,0,4.423,3,3962.858887,,,2561.292969,,122.0400009,159.2799988,0.135748
rear,,,,12,MCDependent,24544,1,41500,23886182,,,,,2015,229,,4,0.01781391,0.021469999,11.72900009,0,0.407,8,631.0529785,260717,1,2292.712891,19.30140686,122.7600021,160.1000061,0.527
rear,,,,12,MCDependent,24544,2,2796,23886182,,,,,2015,255,,4,0.01781391,0.021469999,11.02700043,0,4.0469999,3,631.0529785,260717,1,2292.712891,19.30140686,122.7600021,160.1000061,0.585
rear,,,,10,Alsea,24651.5,1,2908,,,,,,2015,196,,3,0.054000001,0.063830003,3.621999979,0,53.927,1,1936.780029,,,1929.55603,,134.7200012,146.0399933,0.561304
rear,,,,10,Alsea,24769,1,3074,23886332,,,,,2015,842,,5,0.00144429,0.035080001,15.34799957,0,60.6669998,1,220.8480072,628773,3,1892.890991,22.0047226,118.3099976,141.2799988,0.63
rear,,,,10,Alsea,24776.19922,1,3090,23887142,,,,,2015,330,,3,0.02360929,0.035080001,4.888000011,0,73.7779999,2,182.4720001,396247,3,1867.494995,19.14890099,,,0.555
rear,,,,10,Alsea,24797,2,36062,23886452,,,,,2015,904,,5,0.00905109,0.035080001,19.97900009,0,54.9059982,2,1645.962036,945543,2,1824.120972,19.10587692,116.4199982,112.1900024,0.595
rear,,,,10,Alsea,24850,2,3157,23886566,,,,,2015,1624,,4,0.017736919,0.035080001,13.06000042,0,87.4710007,1,2280.677002,816046,4,1609.676025,22.55755234,119.2399979,88.51000214,0.75
rear,,,,10,Alsea,24887,2,3194,23886980,,,,,2015,498,,3,0.066983417,0.037390001,6.131999969,0,84.5339966,5,3550.540039,544253,4,1781.234985,20.06823158,138.6000061,146.8200073,0.348
rear,,,,9,Beaver,24924.80078,2,3249,23886608,,,,,2015,8,,2,0.047235232,0.112520002,3.563999891,0,21.3840008,1,1474.741943,441905,2,1858.115967,15.81024361,,,0.281
rear,,,,9,Beaver,24924.90039,2,1949,23886628,,,,,2015,24,,3,0.086630881,0.092969999,3.805999994,0,20.9220009,1,3191.251953,441905,2,2065.566895,17.82728195,,,0.54294
rear,,,,8,Yaquina,24938.40039,2,1955,23882324,,,,,2015,298,,3,0.033866599,0.02224,3.642999887,0,17.7089996,4,414.4779968,290548,1,1118.235962,17.45634651,,,0.881
rear,,,,8,Yaquina,24958,1,3296,23881098,,,,,2015,735,,4,0.030355221,0.02599,8.013999939,0,43.9449997,1,926.7999878,293513.5,2,1515.329956,21.12398911,129.3099976,147.2100067,0.58
rear,,,,8,Yaquina,24976.40039,1,3336,23882154,,,,,2015,836,,5,0.01049648,0.041990001,11.06400013,0,73.7080002,2,574.0319824,139790.5,3,1688.927002,21.37484169,,,0.56
rear,,,,8,Yaquina,25046,2,3429,23880768,,,,,2015,1052,,4,0.00479092,0.046890002,12.35900021,0,78.3359985,5,73.34999847,142057,6,1679.805054,21.95893288,131.4299927,115.7900009,0.993
rear,,,,7,Siletz,25083,1,41513,23881506,,,,,2015,160,,3,0.033729319,0.036060002,4.421999931,0,21.6380005,4,1173.365967,378756,1,1591.307007,19.26294136,122.4199982,155.5700073,0.858
rear,,,,7,Siletz,25091,1,3471,,,,,,2015,252,,3,0.007,0.01547,4.772999763,0,26.285,6,154.5330048,,,1139.167969,,122.4199982,155.5700073,0.958005
rear,,,,7,Siletz,25107,1,41517,,,,,,2015,159,,3,0.034000002,0.081689999,3.898000002,0,49.728,1,932.2030029,,,1100.07605,,130.4600067,146.6000061,0.518807
rear,,,,7,Siletz,25151,1,3597,23881720,,,,,2015,1330,,4,0.059375901,0.05091,9.664999962,0,84.6409988,1,1379.996948,327393,1,1593.526978,17.66670036,141.1999969,130.7700043,0.822
rear,,,,7,Siletz,25176.80078,1,41501,,,,,,2015,0,,,,,,0,,,,,,,,,,
rear,,,,7,Siletz,25181,1,3646,,,,,,2015,0,,6,0.006,0.063280001,23.39900017,0,109.769,1,871.4689941,,,1511.973999,,234.6999969,196.9700012,0.591989
rear,,,,2,Nehalem,26043,7,16027,23872017,,,,,2016,57,,5,0.00352717,0.160879999,10.09500027,0,126.1760025,2,81.71700287,400433,7,1571.430664,18.00096703,166.6499939,88.1269989,0.967968
rear,,,,2,Nehalem,26065.30078,1,85,,,,,,2016,42,,,,,,0,,,,,,,,,,
rear,,,,2,Nehalem,26093.69922,1,1536,23872689,,,,,2016,171,,4,0.019652041,0.160879999,8.125,0,156.5440063,5,1616.505005,148046,9,1371.609985,17.75239944,,,0.882453
rear,,,,2,Nehalem,26117,2,1616,23872125,,,,,2016,7,,3,0.042268131,0.160879999,4.747000217,0,199.3179932,2,3692.917969,265994,11,1465.643188,12.00337601,209.0899963,97.48899841,0.364806
rear,,,,2,Nehalem,26139.30078,1,17731,23872935,,,,,2016,53,,3,0.02105223,0.160879999,4.912000179,0,179.5299988,2,804.6550293,120263,7,1652.574951,17.67683792,,,0.580465
rear,,,,2,Nehalem,26143,1,1704,23872145,,,,,2016,592,,4,0.025945229,0.160879999,8.579999924,0,185.7680054,2,1390.239014,296753,7,1802.53186,16.60531235,195.9799957,87.63999939,0.649944
rear,,,,2,Nehalem,26147,1,1716,23872819,,,,,2016,330,,4,0.01146122,0.160879999,9.30300045,0,182.4649963,1,1150.944946,145784,7,1830.966919,18.14735985,157.8899994,77.8030014,0.917485
rear,,,,2,Nehalem,26152.59961,,50,23872829,,,,,2016,0,,3,0.079084963,0.160879999,4.603000164,0,195.5279999,1,2390.729004,145784,7,1732.967041,13.78365803,,,0.268411
rear,,,,5,NCDependent,26182,4,1771,23871127,,,,,2016,57,,5,0.00714011,0.110529996,14.36699963,0,7.4299998,8,45.20600128,2394596,1,1647.756714,18.91924667,-9999,-9999,0.388307692
rear,,,,1,Necanicum,26196,2,1805,23871243,,,,,2016,36,,3,0.05763486,0.122759998,3.983999968,0,7.8649998,7,4580.935059,542948,1,1135.783936,15.20281124,152.6699982,130.7050018,0.586915385
rear,,,,1,Necanicum,26240,1,1884,23871291,,,,,2016,480,,4,0.02239215,0.09268,8.31799984,0,29.8869991,1,194.9629974,698935.5,5,1315.503174,18.37602425,234.5399933,174.7830048,0.933662
rear,,,,12,MCDependent,,,41761,,,,,,2016,232,,,,,,0,,,,,,,,,,
rear,,,,11,Siuslaw,24033.74023,1,2016,23889996,,,,,2016,304,,3,0.0328364,0.067110002,4.453999996,0,50.3370018,1,784.8859863,928534,2,2156.101074,18.67850685,,,0.824
rear,,,,11,Siuslaw,24094,1,2103,23889494,,,,,2016,925,,5,0.00259094,0.017000001,12.54599953,0,43.6660004,2,61.10300064,926823,4,1693.56604,21.39997482,162.25,142.0859985,0.701
rear,,,,11,Siuslaw,24100.90039,1,35003,23889504,,,,,2016,9,,3,0.053068612,0.054219998,6.629000187,0,50.368,1,27.03300095,926823,4,2013.687988,16.42395401,,,0.796
rear,,,,11,Siuslaw,24135,1,2161,23889870,,,,,2016,909,,3,0.02608984,0.02248,7.537000179,0,77.0749969,1,373.303009,678120,2,1886.416016,17.91140747,144.2700043,133.602005,0.597
rear,,,,11,Siuslaw,24164,,2233,23890084,,,,,2016,1649,,4,0.06213383,0.085139997,5.163000107,0,70.3619995,1,4890.598145,410987,2,1886.633057,18.75412941,,,0.15
rear,,,,11,Siuslaw,24185,1,2275,23890106,,,,,2016,547,,3,0.05464476,0.08501,5.781000137,0,58.3930016,1,1770.401001,1011123,7,1660.25,18.85861969,159.0800018,132.4889984,0.496
rear,,,,11,Siuslaw,24209.90039,1,2320,23889768,,,,,2016,16,,3,0.100334369,0.057459999,4.285999775,0,81.9420013,2,1168.605957,265180,24,1528.239014,15.40346432,,,0.185
rear,,,,11,Siuslaw,24253,2,35002,23890202,,,,,2016,0,,3,0.038400002,0.090690002,4.820000172,0,63.144001,1,1257.53894,506742,2,1496.557007,18.28234673,150.6199951,130.7519989,0.529
rear,,,,11,Siuslaw,24261.30078,1,1907,23890270,,,,,2016,12,,3,0.082350507,0.056170002,3.542999983,0,67.9729996,5,960.7470093,506742,2,1735.81897,17.81012154,,,0.748
rear,,,,11,Siuslaw,24288.80078,1,41760,,,,,,2016,194,,,,,,0,,,,,,,,,,
rear,,,,11,Siuslaw,24355.5,1,41757,,,,,,2016,311,,4,0.003,0.048909999,9.647999763,0,96.214,2,277.1099854,,,1474.572998,,139.1600037,130.4349976,0.883299
rear,,,,11,Siuslaw,24373,1,2556,23889608,,,,,2016,7,,4,0.00165723,0.048909999,4.850999832,0,107.3099976,2,471.9190063,109750,3,1600.473999,21.00610542,115.0800018,132.5160065,0.822
rear,,,,11,Siuslaw,24395.69922,1,2580,23890530,,,,,2016,132,,4,0.01870802,0.048909999,5.190000057,0,129.7380066,2,339.9289856,188573,5,1773.425049,15.89648342,,,0.79
rear,,,,11,Siuslaw,24425,1,2630,23890518,,,,,2016,140,,4,0.01405015,0.048909999,4.813000202,0,159.2630005,5,423.7420044,145348,4,1697.131958,16.60339546,76.29000092,138.0859985,0.87
rear,,,,11,Siuslaw,24425,1,2631,23890518,,,,,2016,140,,4,0.01405015,0.048909999,4.916999817,0,158.8699951,5,423.7420044,145348,4,1697.131958,16.60339546,76.29000092,138.0859985,0.76
rear,,,,11,Siuslaw,24427,,2634,23890514,,,,,2016,27,,3,0.042932458,0.048909999,3.667000055,0,160.3509979,2,740.8839722,145348,4,1599.998047,16.0354023,,,0.198
rear,,,,12,MCDependent,24510,2,2738,23886144,,,,,2016,194,,4,0.00560139,0.01252,14.50699997,0,1.107,8,632.6539917,182943,1,2045.793945,19.35081482,132.9400024,127.7979965,0.616
rear,,,,12,MCDependent,24527,3,2762,,,,,,2016,0,,2,0.075999998,0.115359999,4.211999893,0,4.423,3,3962.858887,,,2561.292969,,143.1699982,142.7910004,0.135748
rear,,,,12,MCDependent,24544,2,2796,23886182,,,,,2016,71,,4,0.01781391,0.021469999,11.02700043,0,4.0469999,3,631.0529785,260717,1,2292.712891,17.48530197,142.1999969,141.1289978,0.585
rear,,,,12,MCDependent,24596,1,36917,23886224,,,,,2016,692,,4,0.06368617,0.046870001,7.498000145,0,21.8880005,2,3287.135986,319350,3,2064.969971,16.69478226,137,131.897995,0.57
rear,,,,10,Alsea,24630,3,2880,23886650,,,,,2016,432,,4,0.036417309,0.062430002,7.454999924,0,28.2730007,1,909.9899902,577373,2,2234.530029,17.96822929,131.6499939,137.4720001,0.56
rear,,,,10,Alsea,24745,2,3030,23887140,,,,,2016,312,,4,0.077863529,0.195979998,7.422999859,0,78.1429977,2,84.19400024,698428,3,1488.128052,14.83189011,134.3699951,133.8320007,0.626
rear,,,,10,Alsea,24751,1,3036,23886880,,,,,2016,425,,4,0.071708001,0.043280002,6.287000179,0,54.2360001,1,102.5070038,4025313.5,2,1684.116943,16.00935173,135.7700043,130.2940063,0.98
rear,,,,10,Alsea,24776.19922,1,3090,23887142,,,,,2016,470,,3,0.02360929,0.035080001,4.888000011,0,73.7779999,2,182.4720001,396247,3,1867.494995,17.87842941,,,0.555
rear,,,,10,Alsea,24813,1,3117,23886850,,,,,2016,114,,3,0.073485933,0.131180003,3.757999897,0,60.4379997,2,1034.935059,745921,3,1821.411987,18.26953125,123.9800034,126.6800003,0.602
rear,,,,10,Alsea,24850,2,3157,23886566,,,,,2016,659,,4,0.017736919,0.035080001,13.06000042,0,87.4710007,1,2280.677002,816046,4,1609.676025,20.37981033,114.6699982,140.4669952,0.75
rear,,,,9,Beaver,24924.80078,2,3249,23886608,,,,,2016,0,,2,0.047235232,0.112520002,3.563999891,0,21.3840008,1,1474.741943,441905,2,1858.115967,14.57474232,,,0.281
rear,,,,8,Yaquina,24938.40039,2,1955,23882324,,,,,2016,47,,3,0.033866599,0.02224,3.642999887,0,17.7089996,4,414.4779968,290548,1,1118.235962,16.42692375,,,0.881
rear,,,,8,Yaquina,24944.19922,1,41759,,,,,,2016,22,,,,,,0,,,,,,,,,,
rear,,,,8,Yaquina,24964,1.100000024,3311,23882110,,,,,2016,83,,4,0.016081629,0.02679,7.282000065,0,59.2039986,2,1304.238037,348892,3,1350.916016,19.65372086,,,0.549
rear,,,,8,Yaquina,24971,3,35006,23882172,,,,,2016,1032,,3,0.066819012,0.05421,7.122000217,0,75.9059982,2,4827.105957,348892,3,1585.796021,16.96152115,155.1100006,137.3130035,0.231
rear,,,,8,Yaquina,24976.40039,1,3336,23882154,,,,,2016,393,,5,0.01049648,0.041990001,11.06400013,0,73.7080002,2,574.0319824,139790.5,3,1688.927002,20.61847115,,,0.56
rear,,,,8,Yaquina,25035.69922,2,3406,23881106,,,,,2016,179,,3,0.03203956,0.046890002,3.660000086,0,69.1529999,5,652.1920166,129870,5,1117.696045,18.81747246,,,0.854
rear,,,,7,Siletz,25101,2,36916,23881120,,,,,2016,125,,5,0.00636498,0.018270001,8.362999916,0,38.4370003,2,134.8609924,236563,1,984.0969849,19.10658264,130.0399933,136.9730072,0.604
rear,,,,7,Siletz,25131,1,41747,,,,,,2016,397,,4,0.004,0.05091,7.614999771,0,80.429,1,301.2739868,,,1411.322998,,130.2299957,143.6929932,0.606239
rear,,,,7,Siletz,25151,1,3597,23881720,,,,,2016,1319,,4,0.059375901,0.05091,9.664999962,0,84.6409988,1,1379.996948,327393,1,1593.526978,15.8403244,124.4499969,152.2200012,0.822
rear,,,,7,Siletz,25166,1,36915,23881626,,,,,2016,424,,4,0.037593748,0.065090001,10.41300011,0,98.9810028,1,38.51499939,703336,1,1674.113037,14.29664993,190.1100006,186.8820038,0.733
rear,,,,17,Coquille,,,47415,23916153,,,,,2016,0,,1,0.160313994,0.398999989,1.184700012,0,137.7409973,1,2525.160889,443889,1,1112.58606,13.68246365,,,0.325644444
rear,,,,19,Sixes,21547,1,4006,23920626,,,,,2016,0,,6,0.00588483,0.016000001,10.19810009,0,29.8278999,1,122.9570007,473807,1,1481.508057,21.49192047,240.1699982,210.1309967,0.6304
rear,,,,19,Sixes,21550,,4009,,,,,,2016,0,,,,,,0,,,,,,,,,,
rear,,,,19,Sixes,21555,1,4020,23920658,,,,,2016,282,,5,0.00246289,0.066,8.044599533,0,42.6920013,1,1166.918945,273752,1,1504.756958,22.14082336,192.1999969,186.951004,1
rear,,,,18,Floras,21560.75977,2,4054,23920814,,,,,2016,552,,4,0.01018801,0.314999998,4.927599907,0,15.6751003,1,767.3040161,474099,1,674.2399902,19.7414093,,,0.8393
rear,,,,18,Floras,21570.59961,4,4107,23920750,,,,,2016,2,,6,0.00498282,0.035,9.765099525,0,13.0452003,2,124.1270752,353537,2,1480.694946,24.00150871,,,0.63
rear,,,,18,Floras,21583,3,3928,23920740,,,,,2016,243,,3,0.05866237,0.022,3.189800024,0,5.7154398,7,303.9830017,331320,5,1432.76001,20.84648895,164.7299957,157.1840057,0.4131
rear,,,,17,Coquille,21775,3,45002,23914773,,,,,2016,145,,7,0.00266568,0.039999999,12.77499962,0,94.0755997,5,615.0709839,191896,1,1542.496948,21.97536278,96.73000336,110.8280029,0.6339
rear,,,,17,Coquille,21946,1,4794,23915693,,,,,2016,231,,4,0.058365591,0.041000001,3.923799992,0,70.8414001,5,1054.155029,6956811,2,1430.082031,18.91220474,105.3600006,124.4950027,0.5618
rear,,,,17,Coquille,21949,2,4797,23915609,,,,,2016,257,,4,0.00582037,0.015,4.7645998,0,76.3888016,5,566.427002,342093.5,1,1671.886963,21.30521774,94.44000244,106.8639984,0.7762
rear,,,,17,Coquille,21957,1,4851,23915183,,,,,2016,750,,4,0.052136991,0.041999999,4.799799919,0,94.2113037,2,2453.315918,342093.5,2,1715.547974,17.68753624,94.11000061,109.0940018,0.8485
rear,,,,17,Coquille,22024,2,5008,23915035,,,,,2016,422,,4,0.098569937,0.089000002,4.026899815,0,124.276001,2,2117.706055,193468,6,1673.708008,15.94411087,113.7699966,125.802002,0.4151
rear,,,,17,Coquille,22036,4,5073,23915053,,,,,2016,529,,4,0.02356473,0.075000003,4.11950016,0,111.8809967,2,417.6270142,132549,2,1513.215942,18.29437637,113.9499969,114.5879974,0.5499
rear,,,,17,Coquille,22037,2,5096,23915059,,,,,2016,606,,5,0.00272027,0.017000001,8.880000114,0,109.2809982,1,449.0220032,206276,4,1577.416016,19.80148506,108.8199997,109.2990036,0.7789
rear,,,,17,Coquille,22037,3,5091,23915059,,,,,2016,241,,5,0.00272027,0.017000001,8.871600151,0,109.7799988,2,449.0220032,206276,4,1577.416016,19.80148506,108.8199997,109.2990036,0.7594
rear,,,,17,Coquille,22047.69922,3,51523,,,,,,2016,448,,,,,,0,,,,,,,,,,
rear,,,,16,Coos,22127,2,51514,,,,,,2016,24,,3,0.011,0.017999999,3.83010006,0,43.0454,4,376.0230103,,,1306.672974,,88.55999756,90.6190033,0.822789
rear,,,,16,Coos,22157,1,5323,23910755,,,,,2016,272,,4,0.075591236,0.011,3.587300062,0,42.9178009,5,11.72599983,1310616,5,1422.115967,17.49571419,108.6399994,121.9000015,0.4259
rear,,,,16,Coos,22197.30078,2,51538,23909803,,,,,2016,840,,5,0.01412981,0.039000001,6.110499859,0,97.7042999,2,2164.899902,247383,5,1516.494995,17.88893127,,,0.5383
rear,,,,16,Coos,22198,2,51495,,,,,,2016,301,,5,0.009,0.037999999,7.071000099,0,86.7216,1,1313.776001,,,1394.636963,,98.31999969,115.1090012,0.585322
rear,,,,16,Coos,22199,1,5460,23910699,,,,,2016,1108,,5,0.034101568,0.037999999,5.289700031,0,94.9964981,1,2096.589111,541063,4,1172.657959,16.94262886,90.05000305,130.0839996,0.8634
rear,,,,16,Coos,22206,1,5483,23909863,,,,,2016,178,,6,0.00400908,0.050000001,8.25399971,0,97.8942032,2,374.0480042,189232.5,4,1327.938965,18.11885071,96.45999908,126.762001,0.9798
rear,,,,16,Coos,22217.80078,1,5523,23909837,,,,,2016,1072,,5,0.01968226,0.052000001,8.239999771,0,106.6729965,1,6897.89209,212975,4,1300.642944,18.44126701,,,0.5266
rear,,,,16,Coos,22237,2,5564,23910475,,,,,2016,0,,3,0.058814529,0.061999999,2.929399967,0,39.6171989,2,1630.769043,173352,1,1442.540039,17.91252708,107.0400009,120.8990021,0.0869
rear,,,,16,Coos,22240,2,5570,23909923,,,,,2016,0,,4,0.045195319,0.046999998,3.615999937,0,47.3058014,2,2606.556885,173352,3,1230.008057,17.59036827,114.4199982,112.4570007,0.1866
rear,,,,16,Coos,22273,4,5634,23909941,,,,,2016,772,,5,0.01114264,0.033,7.155900002,0,70.4203033,2,4628.312012,155835.5,1,1392.359985,18.09307289,130.6399994,107.6019974,0.6862
rear,,,,16,Coos,22273,4,5638,23909945,,,,,2016,1022,,5,0.02052726,0.033,6.99420023,0,71.0138016,1,2479.39502,155835.5,1,1409.907959,17.79981232,130.6399994,107.6019974,0.6065
rear,,,,16,Coos,22293,2,45001,23910213,,,,,2016,1941,,4,0.01131486,0.052999999,4.367400169,0,91.5848007,2,1230.098022,390561,1,1487.027954,18.89805412,147.8000031,123.4720001,0.8946
rear,,,,16,Coos,22300,1,51531,23910047,,,,,2016,1055,,5,0.020381941,0.052999999,5.708199978,0,94.7247009,2,415.973999,390561,1,1535.572021,18.12651253,147.8000031,123.4720001,0.604
rear,,,,15,Tenmile,22334,,5885,23911003,,,,,2016,1,,4,0.00363157,0.030999999,5.574299812,0,7.7625599,1,509.0403137,323191,11,1017.690979,17.77378845,,,1
rear,,,,14,Tahkenitch,23955,1,6033,23893323,,,,,2016,331,,5,0.00238065,0.01216,10.04699993,0,18.5769997,1,0.030999999,406760,2,1707.494995,18.81240845,126.1900024,120.4550018,0.63
rear,,,,14,Tahkenitch,23957,1.100000024,6042,23893325,,,,,2016,156,,5,0.01392253,0.03342,6.723999977,0,19.5949993,2,2835.810059,406760,2,1703.279053,17.99894142,,,0.443
rear,,,,22,Middle Umpqua,,,58942,24527206,,,,,2016,0,,6,0.00318475,0.046,9.946499825,0,116.7440033,2,599.75,241976,3,1670.234985,20.3448391,,,0.9798
rear,,,,22,Middle Umpqua,,,65328,,,,,,2016,83,,,,,,0,,,,,,,,,,
rear,,,,23,North Umpqua,,,65381,,,,,,2016,0,,,,,,0,,,,,,,,,,
rear,,,,23,North Umpqua,0,,57956,23894226,,,,,2016,0,,3,0.113275588,0.096000001,4.493199825,0,272.875,2,7517.384766,190668,4,1973.692993,17.35874748,,,0.30975625
rear,,,,21,Lower Umpqua,22511,1,6614,24527868,,,,,2016,2,,3,0.061669879,0.097999997,2.894000053,0,76.2567978,1,944.8129883,152164,3,1488.863037,18.27853966,134.2899933,125.6080017,0.336448718
rear,,,,21,Lower Umpqua,22521,2,6628,24527514,,,,,2016,163,,5,0.00813623,0.033,6.333099842,0,88.686203,2,681.8449707,152164,3,1322.152954,20.07051659,101.6600037,116.4100037,0.9515
rear,,,,21,Lower Umpqua,22526,2,6647,24527828,,,,,2016,923,,5,0.00816159,0.033,6.161200047,0,89.0178986,2,178.427002,126968,3,1416.592041,18.02236366,101.6600037,116.4100037,0.9798
rear,,,,21,Lower Umpqua,22537.5,1,6673,24527922,,,,,2016,43,,3,0.059683818,0.046999998,3.208800077,0,98.836998,2,473.3240051,152164,3,1248.597046,17.27456093,102.3600006,117.125,0.4197
rear,,,,21,Lower Umpqua,22585.90039,1,6762,24527474,,,,,2016,175,,4,0.01184454,0.046999998,4.168700218,0,150.154007,5,187.6809998,89254,4,1709.532959,18.13275719,,,0.7556
rear,,,,21,Lower Umpqua,22653,,6846,24526732,,,,,2016,1,,5,0.00973041,0.030999999,8.462900162,0,50.8888016,2,5106.221191,192547,1,1547.040039,20.9018631,,,0.5948
rear,,,,21,Lower Umpqua,22686,2,6894,24527268,,,,,2016,250,,5,0.00462522,0.034000002,6.326099873,0,54.1776009,2,36.70999908,352630,1,1722.109985,21.00906944,97.18000031,115.2340012,0.9934
rear,,,,21,Lower Umpqua,22688,3.099999905,6915,24526776,,,,,2016,263,,5,0.01265163,0.032000002,5.451399803,0,56.3795013,2,2321.85791,158183,4,1351.771973,20.12355995,,,0.5804
rear,,,,22,Middle Umpqua,22756,1,7063,24527232,,,,,2016,2,,5,0.00517361,0.046,6.675600052,0,120.3509979,5,779.0200195,241976,3,1498.91394,20.36068535,71.37999725,123.5879974,0.9515
rear,,,,22,Middle Umpqua,22810,2,7178,24527182,,,,,2016,30,,6,0.00648338,0.046,8.624699593,0,132.6950073,2,555.6613159,210556,8,1751.489014,22.80767822,64.02999878,153.2440033,1
rear,,,,22,Middle Umpqua,22816.40039,1,7195,24527188,,,,,2016,15,,5,0.00219733,0.056000002,6.204999924,0,144.1629944,5,172.0820007,194840,4,1644.237061,22.07593346,,,0.9798
rear,,,,22,Middle Umpqua,22857,1,7261,24526862,,,,,2016,447,,4,0.01308602,0.050000001,5.942500114,0,143.7619934,2,31.33499908,104075,4,1733.365967,19.94577217,88.27999878,107.3389969,0.9934
rear,,,,22,Middle Umpqua,22862,1,7285,24526856,,,,,2016,617,,5,0.00673904,0.050000001,7.011000156,0,147.2380066,2,134.7059937,104075,3,1627.703979,19.28716087,86.22000122,107.9260025,0.6215
rear,,,,22,Middle Umpqua,22891.40039,2,65329,,,,,,2016,713,,,,,,0,,,,,,,,,,
rear,,,,22,Middle Umpqua,22899,1,7369,,,,,,2016,36,,5,0.006,0.033,6.637199879,0,191.941,2,609.3179932,,,2031.850952,,81.63999939,100.9440002,0.974961
rear,,,,24,South Umpqua,23096,,7708,,,,,,2016,45,,,,,,0,,,,,,,,,,
rear,,,,24,South Umpqua,23111,2,7739,23901985,,,,,2016,72,,6,0.00591356,0.048999999,9.009599686,0,247.9490051,2,1664.217041,119638.5,9,1452.993042,23.48015213,94.22000122,118.0559998,0.9515
rear,,,,24,South Umpqua,23111,4,65380,,,,,,2016,226,,6,0.002,0.048999999,8.969400406,0,249.154,2,251.2799988,,,1452.937988,,94.22000122,118.0559998,0.956565
rear,,,,24,South Umpqua,23204,1,7881,23901161,,,,,2016,258,,6,0.026381871,0.048999999,10.12199974,0,306.098999,2,1346.171021,14370,6,1464.06897,20.03889275,95.91999817,127.6299973,0.9479
rear,,,,24,South Umpqua,23244,3,7926,23902075,,,,,2016,590,,5,0.01243836,0.052999999,8.682299614,0,300.4689941,2,2209.339111,40122,4,1409.328003,21.70722198,96.30999756,113.4929962,0.5901
rear,,,,24,South Umpqua,23288,3,7973,,,,,,2016,0,,3,0.130999997,0.180000007,2.088799953,0,313.777,2,1996.94104,,,1110.078003,,90.37000275,85.92099762,0.131715
rear,,,,24,South Umpqua,23299,2,7999,23901381,,,,,2016,452,,5,0.029435391,0.066,5.268400192,0,324.8500061,2,6192.855957,28111.5,5,1276.258057,17.53766823,90.91999817,86.45400238,0.9367
rear,,,,24,South Umpqua,23313,1,8033,23903561,,,,,2016,391,,3,0.057223711,0.064999998,3.937299967,0,339.0870056,2,3225.314941,51882,5,1379.733032,16.74453354,102.6200027,110.6100006,0.317
rear,,,,24,South Umpqua,23332,2,8056,23902839,,,,,2016,162,,4,0.02995339,0.046999998,4.453499794,0,338.3450012,5,1058.062012,51882,5,1748.214966,18.45905495,96.23999786,107.0930023,0.8644
rear,,,,24,South Umpqua,23392.59961,1,65376,,,,,,2016,0,,,,,,0,,,,,,,,,,
rear,,,,24,South Umpqua,23462,,8180,23903315,,,,,2016,0,,4,0.087873943,0.083999999,3.82249999,0,281.8500061,2,2891.468994,29259,2,1142.401001,17.13184166,,,0.3112
rear,,,,24,South Umpqua,23552.30078,2,8266,23901641,,,,,2016,0,,4,0.052558672,0.064000003,5.383299828,0,326.4110107,2,8368.530273,59126,1,1655.345947,18.22217941,,,0.1953
rear,,,,24,South Umpqua,23562,1,8275,23901683,,,,,2016,0,,5,0.03082105,0.064000003,6.496799946,0,339.868988,5,9934.248047,57147,2,1711.994995,18.15202904,92.75,123.3440018,0.3733
rear,,,,24,South Umpqua,23585,1,65370,,,,,,2016,0,,5,0.014,0.067000002,6.53910017,0,322.659,2,2091.055908,,,1876.182983,,87.98000336,144.8699951,0.557002
rear,,,,24,South Umpqua,23589,2,8306,23901841,,,,,2016,162,,6,0.0122417,0.067000002,8.491200447,0,323.5539856,2,9093.561523,758208,1,1941.218994,23.49791336,87.98000336,144.8699951,0.5081
rear,,,,23,North Umpqua,23744.69922,2,8367,,,,,,2016,1065,,,,,,0,,,,,,,,,,
rear,,,,4,Nestucca,,,21956,,,,,,2017,234,,,,,,0,,,,,,,,,,
rear,,,,3,Tillamook Bay,,,21970,,,,,,2017,41,,,,,,0,,,,,,,,,,
rear,,,,5,NCDependent,25343.69922,1,130,23877013,,,,,2017,33,,3,0.092430927,0.05703,3.782000065,0,8.1350002,1,1067.755005,1179156,2,1683.102051,14.30465794,,,0.502
rear,,,,4,Nestucca,25354,1,16221,23877165,,,,,2017,115,,3,0.054000549,0.01523,4.472000122,0,10.4870005,2,407.2369995,501267,6,1969.348022,17.39835739,121.2779999,473.4989929,0.863
rear,,,,4,Nestucca,25356,2,134,23876945,,,,,2017,124,,5,0.032760888,0.01523,9.828000069,0,12.908,1,134.6840057,501267,1,1427.937988,16.22876549,121.2779999,473.4989929,0.495
rear,,,,4,Nestucca,25407,3,208,23876145,,,,,2017,0,,4,0.055219591,0.019990001,8.631999969,0,16.4179993,6,983.5339966,1017837,5,1693.624023,16.41770935,128.4100037,510.4379883,0.538
rear,,,,4,Nestucca,25428.69922,2,237,,,,,,2017,0,,,,,,0,,,,,,,,,,
rear,,,,4,Nestucca,25441,1,256,23875741,,,,,2017,650,,6,0.00646198,0.0188,20.59499931,0,29.2409992,1,5019.37793,588607,1,1475.463989,18.62557411,119.0759964,440.7929993,0.63
rear,,,,4,Nestucca,25481,1,327,23876235,,,,,2017,698,,5,0.018366899,0.02716,10.53499985,0,50.2260017,1,2507.274902,799840,4,1936.682007,17.89953232,144.595993,464.6530151,0.527
rear,,,,4,Nestucca,25505,1,16010,23876155,,,,,2017,661,,5,0.02613168,0.036699999,14.23200035,0,66.1100006,2,8841.211914,827741,3,1532.18103,16.71074677,169.0429993,442.2929993,0.508
rear,,,,3,Tillamook Bay,25608.30078,1,545,23876715,,,,,2017,643,,4,0.016720081,0.068619996,10.18999958,0,64.4899979,2,2449.948975,575011,3,1423.795044,16.54759598,,,0.521
rear,,,,3,Tillamook Bay,25616,2,16017,23877137,,,,,2017,243,,3,0.080114149,0.101810001,6.031000137,0,59.9980011,1,2078.653076,902241,3,1385.167969,14.96177864,196.5610046,528.9359741,0.373
rear,,,,3,Tillamook Bay,25617.40039,1,588,23876737,,,,,2017,0,,3,0.101827241,0.230969995,5.931000233,0,61.0060005,2,3545.108887,902241,3,1408.608032,13.84095478,,,0.372527778
rear,,,,3,Tillamook Bay,25630.69922,1,105014,23876175,,,,,2017,849,,5,0.02237777,0.19393,10.40400028,0,80.7829971,2,51.66500092,374490,3,1535.96106,17.05657578,,,0.56
rear,,,,3,Tillamook Bay,25675,3,21967,23875953,,,,,2017,489,,6,0.01313266,0.063249998,21.33600044,0,55.7490005,2,3682.11792,938249,5,1381.921997,17.23200798,174.4689941,503.3450012,0.575
rear,,,,3,Tillamook Bay,25675.5,4,664,23875961,,,,,2017,65,,5,0.026814731,0.063249998,14.08600044,0,62.6339989,1,5446.228027,938249,5,1254.531006,16.79196167,173.1999969,491.3940125,0.348
rear,,,,3,Tillamook Bay,25679.30078,2,683,23876361,,,,,2017,570,,4,0.0563499,0.068510003,9.581999779,0,63.4109993,1,5102.403809,747258,5,1347.54895,15.73345566,,,0.481
rear,,,,3,Tillamook Bay,25695,1,715,23876409,,,,,2017,271,,4,0.074643791,0.049029998,9.937999725,0,64.1589966,1,1970.885986,747258,5,1393.973022,16.15189362,171.1629944,484.7969971,0.508
rear,,,,3,Tillamook Bay,25701,1,718,23876363,,,,,2017,389,,5,0.030022331,0.036120001,13.40200043,0,69.887001,2,3820.299072,747258,8,1343.462036,18.77451515,159.4369965,493.2059937,0.514
rear,,,,3,Tillamook Bay,25749,1,795,,,,,,2017,0,,3,0.163000003,0.163379997,3.59100008,0,31.647,1,4489.693848,,,1365.755005,,171.427002,519.7750244,0.135748
rear,,,,3,Tillamook Bay,25762.33984,1,813,23876049,,,,,2017,1660,,1,0.01327379,0.0491,1.399000049,0,40.5079994,2,1305.311035,700957,2,1474.847046,17.56325912,,,0.503644068
rear,,,,2,Nehalem,25871.65039,1,21978,,,,,,2017,54,,,,,,0,,,,,,,,,,
rear,,,,2,Nehalem,25874,2,978,23872709,,,,,2017,0,,4,0.050514329,0.126969993,6.738999844,0,38.4070015,2,1900.36499,2497450,3,1320.174561,17.12530136,204.7120056,681.5939941,0.764386
rear,,,,2,Nehalem,25915,1,21981,23871895,,,,,2017,71,,5,0.02686288,0.10311,16.62899971,0,37.3320007,2,4393.293945,685558,7,1520.865723,16.0982132,255.9290009,613.492981,0.516343
rear,,,,2,Nehalem,25951,1,1113,23871933,,,,,2017,218,,6,0.01405068,0.272060007,15.98099995,0,60.9339981,1,228.8220062,306706,6,1651.18811,18.21689987,138.6430054,429.4899902,0.545601
rear,,,,2,Nehalem,26024.69922,1,1295,23872371,,,,,2017,390,,4,0.039579369,0.160879999,11.55500031,0,95.2259979,1,4586.577148,2066370,9,1507.623047,16.60354424,,,0.877149
rear,,,,2,Nehalem,26043,2,1345,23872017,,,,,2017,39,,5,0.00352717,0.160879999,11.41399956,0,120.2419968,1,81.71700287,400433,7,1503.715088,18.03482628,75.34700012,272.3479919,0.983904
rear,,,,2,Nehalem,26043,7,16027,23872017,,,,,2017,501,,5,0.00352717,0.160879999,10.09500027,0,126.1760025,2,81.71700287,400433,7,1571.430664,18.03482628,98.2990036,259.6799927,0.967968
rear,,,,2,Nehalem,26065.30078,1,85,,,,,,2017,14,,,,,,0,,,,,,,,,,
rear,,,,2,Nehalem,26081,2,1488,23872067,,,,,2017,24,,4,0.00406011,0.160879999,9.06799984,0,142.3890076,5,311.6229858,467414.5,9,1323.78772,19.03181267,57.79899979,195.2510071,0.970777
rear,,,,2,Nehalem,26093,2,21953,23872205,,,,,2017,765,,5,0.0098499,0.160879999,9.696000099,0,155.6230011,5,135,148046,7,1158.776489,18.72782898,69.19300079,214.5630035,0.882453
rear,,,,2,Nehalem,26093.69922,1,1536,23872689,,,,,2017,426,,4,0.019652041,0.160879999,8.125,0,156.5440063,5,1616.505005,148046,9,1371.609985,17.74372482,,,0.882453
rear,,,,2,Nehalem,26113,2,1601,23872117,,,,,2017,453,,5,0.01657957,0.160879999,14.43900013,0,193.1589966,2,1792.94104,265994,10,1689.098267,17.18710709,141.0540009,389.45401,0.588674
rear,,,,2,Nehalem,26117,2,1616,23872125,,,,,2017,0,,3,0.042268131,0.160879999,4.747000217,0,199.3179932,2,3692.917969,265994,11,1465.643188,12.74560261,122.7450027,335.144989,0.364806
rear,,,,2,Nehalem,26119,2,16220,23872703,,,,,2017,376,,4,0.01428633,0.160879999,4.749000072,0,155.4570007,5,388.9719849,607922,7,1010.538818,18.83374596,59.9679985,190.3240051,0.908743
rear,,,,2,Nehalem,26150,1,1735,23872153,,,,,2017,859,,4,0.01075801,0.160879999,12.41499996,0,183.576004,1,1379.790039,145784,7,1734.575928,18.2182045,93.93000031,215.4869995,0.926798
rear,,,,5,NCDependent,26189,1,16222,,,,,,2017,0,,4,0.035089999,0.083350003,6.899000168,0,0.109,1,2964.915039,,,1139.983398,,-9999,-9999,0.473231
rear,,,,1,Necanicum,26196,2,1805,23871243,,,,,2017,6,,3,0.05763486,0.122759998,3.983999968,0,7.8649998,7,4580.935059,542948,1,1135.783936,13.86980343,101.4209976,479.3070068,0.586915385
rear,,,,1,Necanicum,26234,,1874,,,,,,2017,0,,,,,,0,,,,,,,,,,
rear,,,,11,Siuslaw,24029,1,2008,23890090,,,,,2017,300,,4,0.039102148,0.0274,7.228000164,0,42.4259987,1,325.269989,928534,2,1870.765015,18.03455162,101.6729965,408.9429932,0.599
rear,,,,11,Siuslaw,24060.69922,1,2068,23889460,,,,,2017,104,,5,0.00401766,0.01667,15.66800022,0,34.0460014,1,2809.409912,226989,2,1684.364014,20.7632103,,,0.643
rear,,,,11,Siuslaw,24084.19922,1,2089,23890246,,,,,2017,184,,4,0.052135829,0.028209999,5.751999855,0,37.5660019,2,734.3460083,926823,2,1563.390015,18.25131035,,,0.708
rear,,,,11,Siuslaw,24084.90039,2,2091,23889944,,,,,2017,56,,3,0.069044441,0.03545,4.643000126,0,38.6720009,2,1552.282959,926823,2,1191.222046,18.53834915,,,0.588
rear,,,,11,Siuslaw,24100.90039,1,35003,23889504,,,,,2017,2578,,3,0.053068612,0.054219998,6.629000187,0,50.368,1,27.03300095,926823,4,2013.687988,17.02718735,,,0.796
rear,,,,11,Siuslaw,24135,1,2161,23889870,,,,,2017,845,,3,0.02608984,0.02248,7.537000179,0,77.0749969,1,373.303009,678120,2,1886.416016,17.68921471,116.026001,387.0180054,0.597
rear,,,,11,Siuslaw,24149.59961,1,2195,23889980,,,,,2017,31,,2,0.03441903,0.064099997,2.992000103,0,85.9629974,2,1986.437012,678120,4,2553.243896,17.70754814,,,0.184
rear,,,,11,Siuslaw,24153,4,2208,23889810,,,,,2017,74,,6,0.00260424,0.01911,22.25,0,61.632,1,1488.463013,410987,2,1932.511963,24.11121941,115.2170029,404.9920044,0.612
rear,,,,11,Siuslaw,24164,1,42009,,,,,,2017,1141,,4,0.063000001,0.085139997,4.870999813,0,70.675,1,4756.640137,,,1876.417969,,123.3290024,423.5599976,0.550121
rear,,,,11,Siuslaw,24168,3,2237,23889908,,,,,2017,751,,3,0.048349489,0.02667,5.751999855,0,74.0630035,1,585.9229736,707605,2,1829.967041,19.01568794,128.8450012,365.0769958,0.876
rear,,,,11,Siuslaw,24195.40039,1,2283,23889752,,,,,2017,193,,5,0.00525071,0.023329999,10.05000019,0,65.8909988,1,434.9819946,1011123,12,1655.255981,18.92423439,,,0.964
rear,,,,11,Siuslaw,24228.30078,1,35211,23890632,,,,,2017,132,,4,0.0283144,0.096110001,3.79399991,0,97.1640015,5,1397.477051,265180,18,1306.311035,18.52970886,,,0.73
rear,,,,11,Siuslaw,24253,2,35002,23890202,,,,,2017,0,,3,0.038400002,0.090690002,4.820000172,0,63.144001,1,1257.53894,506742,2,1496.557007,19.01137161,90.25700378,373.026001,0.529
rear,,,,11,Siuslaw,24303.69922,1.100000024,2451,23889562,,,,,2017,343,,4,0.023496499,0.048909999,8.210000038,0,80.3420029,1,3203.705078,217656,3,1685.621948,18.15649796,,,0.489
rear,,,,11,Siuslaw,24323,1,2476,23889680,,,,,2017,7,,5,0.00675046,0.048909999,15.75599957,0,102.9089966,2,109.447998,160676,3,1564.259033,18.95705605,74.83699799,240.6419983,0.626
rear,,,,11,Siuslaw,24333,2,2492,23889694,,,,,2017,36,,5,0.0109333,0.048909999,12.36800003,0,117.2929993,5,404.6180115,154194,7,1504.125,17.87529373,65.9489975,206.9940033,0.618
rear,,,,11,Siuslaw,24333,2,42024,23889694,,,,,2017,250,,5,0.0109333,0.048909999,12.27000046,0,117.9820023,5,404.6180115,154194,7,1504.125,17.87529373,77.81900024,216.6909943,0.609
rear,,,,11,Siuslaw,24373,1,2556,23889608,,,,,2017,145,,4,0.00165723,0.048909999,4.850999832,0,107.3099976,2,471.9190063,109750,3,1600.473999,23.5351429,69.86599731,284.7919922,0.822
rear,,,,11,Siuslaw,24405.80078,1,2597,23889922,,,,,2017,72,,3,0.05142349,0.048909999,4.111000061,0,139.1139984,2,265.6619873,188573,4,1481.555054,16.98734474,,,0.941
rear,,,,11,Siuslaw,24425,1,2630,23890518,,,,,2017,151,,4,0.01405015,0.048909999,4.813000202,0,159.2630005,5,423.7420044,145348,4,1697.131958,17.88043785,70.53399658,203.4790039,0.87
rear,,,,12,MCDependent,24499,1,2724,23886130,,,,,2017,0,,3,0.078244522,0.04228,7.335000038,0,4.362,8,1045.769043,182943,1,1989.209961,14.97376442,106.3339996,421.5769958,0.555
rear,,,,12,MCDependent,24510,2,2738,23886144,,,,,2017,123,,4,0.00560139,0.01252,14.50699997,0,1.107,8,632.6539917,182943,1,2045.793945,18.10648537,94.08499908,355.3340149,0.616
rear,,,,12,MCDependent,24527,3,2762,,,,,,2017,0,,2,0.075999998,0.115359999,4.211999893,0,4.423,3,3962.858887,,,2561.292969,,119.4599991,394.6960144,0.135748
rear,,,,12,MCDependent,24544,2,2796,23886182,,,,,2017,198,,4,0.01781391,0.021469999,11.02700043,0,4.0469999,3,631.0529785,260717,1,2292.712891,17.13222504,119.3570023,403.7049866,0.585
rear,,,,10,Alsea,24661,2,42018,,,,,,2017,470,,5,0.005,0.037250001,8.392000198,0,15.118,1,464.4750061,,,2121.419922,,135.322998,358.1900024,0.588198
rear,,,,10,Alsea,24727,2,2989,23886580,,,,,2017,676,,4,0.00620965,0.040959999,8.942000389,0,60.8470001,2,432.9559937,344300,3,1758.18396,18.9428463,101.9899979,290.7730103,0.604
rear,,,,10,Alsea,24745,4,42017,,,,,,2017,0,,4,0.052000001,0.195979998,5.757999897,0,79.657,1,4131.112793,,,1492.006958,,124.3519974,349.2290039,0.349273
rear,,,,10,Alsea,24761,2,41998,,,,,,2017,517,,4,0.01,0.03805,5.214000225,0,63.907,1,268.947998,,,1716.560059,,118.6080017,377.9419861,0.579975
rear,,,,10,Alsea,24776.19922,1,3090,23887142,,,,,2017,453,,3,0.02360929,0.035080001,4.888000011,0,73.7779999,2,182.4720001,396247,3,1867.494995,17.55785561,,,0.555
rear,,,,10,Alsea,24793,1,3104,23886842,,,,,2017,64,,2,0.082581051,0.051089998,4.589000225,0,49.5810013,1,515.1619873,745921,2,1610.407959,16.80301094,109.5159988,313.928009,0.777
rear,,,,10,Alsea,24850,2,3157,23886566,,,,,2017,924,,4,0.017736919,0.035080001,13.06000042,0,87.4710007,1,2280.677002,816046,4,1609.676025,20.95523071,116.6579971,247.1369934,0.75
rear,,,,9,Beaver,24919.19922,3,3231,23887088,,,,,2017,289,,4,0.01653569,0.05861,7.28000021,0,12.5439997,2,4152.787109,441905,2,1824.917969,16.30953789,,,0.81
rear,,,,9,Beaver,24924.80078,2,3249,23886608,,,,,2017,49,,2,0.047235232,0.112520002,3.563999891,0,21.3840008,1,1474.741943,441905,2,1858.115967,14.15111637,,,0.281
rear,,,,8,Yaquina,24938.40039,2,1955,23882324,,,,,2017,211,,3,0.033866599,0.02224,3.642999887,0,17.7089996,4,414.4779968,290548,1,1118.235962,15.75456238,,,0.881
rear,,,,8,Yaquina,24951.30078,1,3285,23881892,,,,,2017,142,,3,0.0150272,0.047710001,3.644999981,0,29.4729996,1,5.795000076,251594,4,1144.463013,18.69193459,,,0.945
rear,,,,8,Yaquina,24971,3,35006,23882172,,,,,2017,326,,3,0.066819012,0.05421,7.122000217,0,75.9059982,2,4827.105957,348892,3,1585.796021,17.12358475,145.5610046,427.256012,0.231
rear,,,,8,Yaquina,24976.40039,1,3336,23882154,,,,,2017,833,,5,0.01049648,0.041990001,11.06400013,0,73.7080002,2,574.0319824,139790.5,3,1688.927002,20.33624268,,,0.56
rear,,,,8,Yaquina,24981.19922,5,42011,,,,,,2017,203,,,,,,0,,,,,,,,,,
rear,,,,7,Siletz,25085,2,3467,,,,,,2017,0,,2,0.021,0.032930002,2.647000074,0,21.135,6,303.8729858,,,1538.360962,,123.3759995,377.401001,0.606803
rear,,,,7,Siletz,25151,1,3597,23881720,,,,,2017,639,,4,0.059375901,0.05091,9.664999962,0,84.6409988,1,1379.996948,327393,1,1593.526978,16.19796753,135.0379944,333.1130066,0.822
rear,,,,7,Siletz,25170,1,3622,23881680,,,,,2017,1115,,3,0.035260089,0.065090001,5.501999855,0,103.5759964,1,25.33300018,703336,1,1380.745972,14.98900318,209.7489929,438.071991,0.708
rear,,,,7,Siletz,25236,1,3724,23881380,,,,,2017,151,,4,0.027636981,0.072619997,8.48900032,0,22.2730007,2,2022.171021,4572944,1,1667.417969,16.07784653,147.1109924,414.9840088,0.502
rear,,,,7,Siletz,25254,1,42007,,,,,,2017,66,,3,0.059999999,0.0605,8.197999954,0,9.14,1,8052.78418,,,1507.5,,155.302002,455.5849915,0.566644
rear,,,,6,Salmon,25325,1,3831,23881204,,,,,2017,1037,,4,0.02289862,0.066650003,13.28199959,0,27.427,2,3388.194092,557465,3,1543.670044,17.87182426,247.6300049,559.34198,0.777
rear,,,,18,Floras,,,51767,,,,,,2017,0,,,,,,0,,,,,,,,,,
rear,,,,15,Tenmile,,,51774,,,,,,2017,656,,,,,,0,,,,,,,,,,
rear,,,,17,Coquille,0,,3967,23915305,,,,,2017,0,,2,0.08054579,0.052999999,2.270100117,0,16.0846004,8,1027.579956,283924.5,3,1212.771973,16.52780914,,,0.56435
rear,,,,19,Sixes,21542,2,3994,23920608,,,,,2017,4,,5,0.00520227,0.064999998,6.49630022,0,23.8973007,1,355.473999,473807,1,1430.42395,18.25967216,166.2819977,610.992981,0.63
rear,,,,19,Sixes,21547,1,4006,23920626,,,,,2017,0,,6,0.00588483,0.016000001,10.19810009,0,29.8278999,1,122.9570007,473807,1,1481.508057,21.20650482,188.8580017,677.7039795,0.6304
rear,,,,18,Floras,21583,1,45200,23920738,,,,,2017,53,,3,0.0042158,0.022,4.010499954,0,4.8983998,7,416.2210083,331320,4,1410.661011,21.76321602,137.3869934,508.2179871,0.4796
rear,,,,18,Floras,21583,3,3928,23920740,,,,,2017,465,,3,0.05866237,0.022,3.189800024,0,5.7154398,7,303.9830017,331320,5,1432.76001,19.83192825,137.3869934,508.2179871,0.4131
rear,,,,17,Coquille,21628,2,51771,23914419,,,,,2017,35,,4,0.01552137,0.037,4.929699898,0,21.9652996,2,36.00299835,364148,2,1089.651978,16.32141304,82.85199738,350.6220093,0.7037
rear,,,,17,Coquille,21718.40039,1,4395,,,,,,2017,142,,,,,,0,,,,,,,,,,
rear,,,,17,Coquille,21772.69922,3,4546,23914885,,,,,2017,700,,5,0.01046666,0.077,6.732600212,0,97.4794998,2,1359.04895,171545,1,1800.119995,21.5648365,,,0.9291
rear,,,,17,Coquille,21775,3,45002,23914773,,,,,2017,92,,7,0.00266568,0.039999999,12.77499962,0,94.0755997,5,615.0709839,191896,1,1542.496948,23.70043945,73.37000275,287.1910095,0.6339
rear,,,,17,Coquille,21853.69922,1,4699,23914577,,,,,2017,496,,5,0.00980243,0.057999998,6.973700047,0,112.1080017,2,525.3449707,65010,1,1542.553955,20.41778183,,,0.6084
rear,,,,17,Coquille,21879,2,4732,23916093,,,,,2017,0,,4,0.100743622,0.153999999,3.620399952,0,116.0849991,1,5201.648926,247856,1,1564.772949,18.24993515,112.7220001,377.7149963,0.30645
rear,,,,17,Coquille,21951.09961,1,3897,23915645,,,,,2017,0,,3,0.092818879,0.143999994,3.254800081,0,81.0578995,5,7077.021973,124819,1,1583.968018,17.31973648,,,0.533505263
rear,,,,17,Coquille,21957,1,4851,23915183,,,,,2017,1139,,4,0.052136991,0.041999999,4.799799919,0,94.2113037,2,2453.315918,342093.5,2,1715.547974,17.93289185,69.98600006,260.4259949,0.8485
rear,,,,17,Coquille,22023,1,5003,23915259,,,,,2017,180,,4,0.104990691,0.068000004,3.702399969,0,124.2649994,1,1326.975952,193468,7,1613.537964,17.12081337,81.69100189,393.769989,0.5112
rear,,,,17,Coquille,22033,3,5050,23915085,,,,,2017,639,,4,0.022579011,0.030999999,4.486199856,0,107.7949982,1,2709.687012,132549,2,1377.124023,18.03906822,74.65100098,315.8380127,0.8935
rear,,,,17,Coquille,22036,4,5073,23915053,,,,,2017,672,,4,0.02356473,0.075000003,4.11950016,0,111.8809967,2,417.6270142,132549,2,1513.215942,18.36415291,75.63999939,338.9729919,0.5499
rear,,,,17,Coquille,22037,3,5091,23915059,,,,,2017,581,,5,0.00272027,0.017000001,8.871600151,0,109.7799988,2,449.0220032,206276,4,1577.416016,19.53743172,68.51899719,272.276001,0.7594
rear,,,,17,Coquille,22045.69922,1,51757,,,,,,2017,1796,,,,,,0,,,,,,,,,,
rear,,,,16,Coos,22157,1,5323,23910755,,,,,2017,245,,4,0.075591236,0.011,3.587300062,0,42.9178009,5,11.72599983,1310616,5,1422.115967,16.86495209,77.93299866,316.7820129,0.4259
rear,,,,16,Coos,22172,1,51785,,,,,,2017,0,,4,0.059999999,0.059999999,4.605400085,0,52.9835,1,7638.700195,,,1346.519043,,83.31800079,339.5239868,0.135748
rear,,,,16,Coos,22178,1,5360,23910719,,,,,2017,107,,4,0.048675042,0.104000002,4.566400051,0,71.0537033,2,5018.208984,438387,4,1801.077026,17.73450661,87.1760025,380.9460144,0.2815
rear,,,,16,Coos,22192,2,5402,23909795,,,,,2017,1680,,5,0.00555817,0.037999999,7.789700031,0,89.1950989,2,326.0150146,247383,4,1641.581055,21.29202843,77.60900116,391.5480042,0.9291
rear,,,,16,Coos,22198.30078,2,51781,,,,,,2017,706,,,,,,0,,,,,,,,,,
rear,,,,16,Coos,22217.80078,1,5523,23909837,,,,,2017,699,,5,0.01968226,0.052000001,8.239999771,0,106.6729965,1,6897.89209,212975,4,1300.642944,19.75358582,,,0.5266
rear,,,,16,Coos,22219,1,45199,23909839,,,,,2017,4,,5,0.018496631,0.052000001,7.779900074,0,108.3600006,2,7747.369141,212975,4,1294.619019,19.13546753,79.78900146,282.5549927,0.5017
rear,,,,16,Coos,22237,2,5564,23910475,,,,,2017,5,,3,0.058814529,0.061999999,2.929399967,0,39.6171989,2,1630.769043,173352,1,1442.540039,17.20323944,78.59700012,316.1430054,0.0869
rear,,,,16,Coos,22240,1,5566,23909923,,,,,2017,511,,4,0.045195319,0.046999998,4.170899868,0,45.2655983,2,2606.556885,173352,3,1230.008057,17.12267876,80.55400085,314.2940063,0.6814
rear,,,,16,Coos,22270,1,5629,23909967,,,,,2017,814,,4,0.03704197,0.052000001,6.690999985,0,66.5382996,2,1276.491943,639465,1,1590.156006,17.30364418,92.22000122,373.4710083,0.63
rear,,,,16,Coos,22273,2,5645,23909939,,,,,2017,631,,5,0.01449455,0.027000001,7.573999882,0,66.6092987,2,5975.824219,155835.5,1,1379.969971,17.9960022,92.22000122,373.4710083,0.5206
rear,,,,16,Coos,22273,4,5638,23909945,,,,,2017,1024,,5,0.02052726,0.033,6.99420023,0,71.0138016,1,2479.39502,155835.5,1,1409.907959,18.05707741,96.35500336,383.1010132,0.6065
rear,,,,16,Coos,22293,2,45001,23910213,,,,,2017,2293,,4,0.01131486,0.052999999,4.367400169,0,91.5848007,2,1230.098022,390561,1,1487.027954,19.07778931,129.8390045,483.8460083,0.8946
rear,,,,16,Coos,22297,2,5731,23910037,,,,,2017,2043,,4,0.0145145,0.052999999,5.314499855,0,95.3058014,2,1237.060059,390561,1,1656.642944,18.41695595,129.8390045,483.8460083,0.6492
rear,,,,16,Coos,22316.90039,1,5806,23910075,,,,,2017,396,,3,0.08569932,0.027000001,3.805799961,0,28.5258007,4,975.8040161,165284,6,1407.223999,17.72115898,,,0.6223
rear,,,,14,Tahkenitch,23955,1,6033,23893323,,,,,2017,1099,,5,0.00238065,0.01216,10.04699993,0,18.5769997,1,0.030999999,406760,2,1707.494995,17.97233582,108.8710022,396.1229858,0.63
rear,,,,14,Tahkenitch,23957,1,6041,23893325,,,,,2017,1131,,5,0.01392253,0.03342,6.681000233,0,19.8969994,1,2835.810059,406760,2,1703.279053,17.30732536,108.8710022,396.1229858,0.565
rear,,,,23,North Umpqua,,,65746,,,,,,2017,41,,,,,,0,,,,,,,,,,
rear,,,,21,Lower Umpqua,22444,2,6472,24527804,,,,,2017,0,,3,0.070989333,0.041999999,2.880399942,0,46.0886993,2,382.5299988,6024912,2,1465.860962,17.61002541,101.1009979,378.368988,0.5098
rear,,,,21,Lower Umpqua,22469.19922,1,6383,24527722,,,,,2017,121,,3,0.077799141,0.085000001,2.98239994,0,75.3993988,2,2735.092041,435539,2,2091.520996,17.96767044,,,0.0437
rear,,,,21,Lower Umpqua,22504.69922,1,6592,24527768,,,,,2017,211,,3,0.036356091,0.090000004,2.89289999,0,90.7485962,1,248.9579926,376416,4,1580.077026,17.08342171,,,0.542088889
rear,,,,21,Lower Umpqua,22526,2,6647,24527828,,,,,2017,825,,5,0.00816159,0.033,6.161200047,0,89.0178986,2,178.427002,126968,3,1416.592041,19.02579117,71.09799957,245.1829987,0.9798
rear,,,,21,Lower Umpqua,22537.5,1,6673,24527922,,,,,2017,98,,3,0.059683818,0.046999998,3.208800077,0,98.836998,2,473.3240051,152164,3,1248.597046,18.17535782,70.15799713,247.2779999,0.4197
rear,,,,21,Lower Umpqua,22541.19922,1,6690,24527420,,,,,2017,1113,,5,0.00741786,0.046999998,4.573500156,0,107.1080017,5,435.9779968,152164,3,1436.655029,19.67580223,,,0.7582
rear,,,,21,Lower Umpqua,22549.30078,1,6385,24528084,,,,,2017,83,,4,0.051287498,0.046999998,3.030699968,0,116.6989975,2,755.4299927,139707,3,1631.328003,18.16903687,,,0.2657
rear,,,,21,Lower Umpqua,22587.40039,1,6765,24527950,,,,,2017,6,,3,0.03833086,0.046999998,3.179199934,0,146.0440063,2,221.598999,89254,6,1265.430054,17.4601841,,,0.3956
rear,,,,21,Lower Umpqua,22688,3.099999905,6915,24526776,,,,,2017,327,,5,0.01265163,0.032000002,5.451399803,0,56.3795013,2,2321.85791,158183,4,1351.771973,20.81266594,,,0.5804
rear,,,,21,Lower Umpqua,22690,1.100000024,6919,24528924,,,,,2017,54,,4,0.05110069,0.064999998,3.776400089,0,54.1980019,2,5616.178223,158183,1,1360.109009,20.43558502,,,0.4584
rear,,,,22,Middle Umpqua,22750,2,7057,24528332,,,,,2017,0,,3,0.040820751,0.067000002,3.536299944,0,117.9000015,5,1936.452026,241976,5,1326.067993,20.03155899,51.16699982,170.1609955,0.4671
rear,,,,22,Middle Umpqua,22756,1,7063,24527232,,,,,2017,53,,5,0.00517361,0.046,6.675600052,0,120.3509979,5,779.0200195,241976,3,1498.91394,21.26041412,51.16699982,170.1609955,0.9515
rear,,,,22,Middle Umpqua,22810,2,7178,24527182,,,,,2017,56,,6,0.00648338,0.046,8.624699593,0,132.6950073,2,555.6613159,210556,8,1751.489014,24.04446602,54.32899857,213.4320068,1
rear,,,,22,Middle Umpqua,22816.30078,3,7190,24528578,,,,,2017,83,,4,0.026936671,0.056000002,4.267700195,0,144.5379944,5,678.0319824,194840,4,1526.657959,21.453022,,,0.7342
rear,,,,22,Middle Umpqua,22836,3,65716,,,,,,2017,135,,5,0.030999999,0.046999998,6.97840023,0,126.835,2,8123.681152,,,1556.85498,,61.39400101,156.1499939,0.579484
rear,,,,22,Middle Umpqua,22862,1,7285,24526856,,,,,2017,143,,5,0.00673904,0.050000001,7.011000156,0,147.2380066,2,134.7059937,104075,3,1627.703979,20.68924332,68.60700226,162.3040009,0.6215
rear,,,,22,Middle Umpqua,22899,1,7369,,,,,,2017,45,,5,0.006,0.033,6.637199879,0,191.941,2,609.3179932,,,2031.850952,,65.72399902,147.3609924,0.974961
rear,,,,22,Middle Umpqua,22899,3,7371,24527612,,,,,2017,0,,5,0.00926403,0.033,6.367099762,0,194.3619995,5,1749.208008,415898,11,2013.343994,24.06805038,62.97800064,159.5740051,0.5705
rear,,,,22,Middle Umpqua,22969,1,65734,,,,,,2017,71,,3,0.059999999,0.123000003,4.127099991,0,219.588,1,5786.327148,,,1267.234985,,67.13899994,296.7640076,0.177094
rear,,,,22,Middle Umpqua,22970,1,55649,24527004,,,,,2017,733,,6,0.01519362,0.033,7.968299866,0,219.5460052,2,4214.041016,130335,5,1334.107056,21.10442734,67.13899994,296.7640076,0.8807
rear,,,,24,South Umpqua,22996.69922,1,7490,23902049,,,,,2017,136,,5,0.00645089,0.039000001,7.111199856,0,210.2949982,5,49.36600113,159099,6,1615.078003,26.30761337,,,0.9934
rear,,,,24,South Umpqua,23011,,7535,23900981,,,,,2017,10,,3,0.0404731,0.039000001,3.261399984,0,251.9219971,2,1670.51001,192056,7,1674.629028,20.33371544,,,0.2582
rear,,,,24,South Umpqua,23182,1,65740,,,,,,2017,102,,5,0.046999998,0.046999998,6.487100124,0,285.005,2,12607.21875,,,1378.812012,,80.55699921,158.7590027,0.615182
rear,,,,24,South Umpqua,23209,2,7887,23901167,,,,,2017,323,,5,0.02155252,0.081,6.308000088,0,311.2669983,2,8202.834961,14370,7,1339.973022,19.37338257,80.7519989,190.8860016,0.4059
rear,,,,24,South Umpqua,23209.30078,1,7891,23903303,,,,,2017,301,,4,0.069929473,0.081,4.865799904,0,313.3410034,5,7706.370117,14370,7,1249.66394,16.06376839,,,0.1357
rear,,,,24,South Umpqua,23209.30078,3,65751,,,,,,2017,0,,,,,,0,,,,,,,,,,
rear,,,,24,South Umpqua,23264,1,7954,23903381,,,,,2017,0,,4,0.0442569,0.082999997,5.392799854,0,312.3630066,5,4084.195068,40122,6,1238.05896,21.50655556,84.29499817,168.5,0.8286
rear,,,,24,South Umpqua,23299,2,7999,23901381,,,,,2017,79,,5,0.029435391,0.066,5.268400192,0,324.8500061,2,6192.855957,28111.5,5,1276.258057,19.64366341,88.44200134,112.064003,0.9367
rear,,,,24,South Umpqua,23313,1,8033,23903561,,,,,2017,138,,3,0.057223711,0.064999998,3.937299967,0,339.0870056,2,3225.314941,51882,5,1379.733032,19.44329453,95.90799713,147.1459961,0.317
rear,,,,24,South Umpqua,23332,2,8056,23902839,,,,,2017,339,,4,0.02995339,0.046999998,4.453499794,0,338.3450012,5,1058.062012,51882,5,1748.214966,20.95047379,84.88600159,132.3659973,0.8644
rear,,,,24,South Umpqua,23389,1,8093,23901407,,,,,2017,0,,6,0.01056045,0.044,8.762599945,0,258.8840027,7,2648.544922,54111,2,1455.83606,23.78284264,78.63500214,157.6909943,0.9083
rear,,,,24,South Umpqua,23405,4,8124,23901439,,,,,2017,0,,5,0.025952309,0.044,5.680399895,0,263.3999939,5,5794.626953,54111,4,1329.171021,21.55776978,79.63899994,163.0709991,0.5494
rear,,,,24,South Umpqua,23552.30078,2,8266,23901641,,,,,2017,0,,4,0.052558672,0.064000003,5.383299828,0,326.4110107,2,8368.530273,59126,1,1655.345947,20.86745453,,,0.1953
rear,,,,24,South Umpqua,23562,1,8275,23901683,,,,,2017,0,,5,0.03082105,0.064000003,6.496799946,0,339.868988,5,9934.248047,57147,2,1711.994995,21.14426041,72.96600342,240.5780029,0.3733
rear,,,,24,South Umpqua,23589,2,8306,23901841,,,,,2017,0,,6,0.0122417,0.067000002,8.491200447,0,323.5539856,2,9093.561523,758208,1,1941.218994,26.93341446,75.02100372,220.2859955,0.5081
rear,,,,23,North Umpqua,23833,,8402,23894644,,,,,2017,0,,4,0.021450579,0.075999998,6.314499855,0,293.5079956,1,380.4490051,73484,3,1541.838989,21.18382645,,,1
rear,,,,4,Nestucca,,,22168,,,,,,2018,0,,,,,,0,,,,,,,,,,
rear,,,,5,NCDependent,25336,1,22156,23876991,,,,,2018,153,,5,0.01207231,0.01365,14.22500038,0,4.6170001,2,526.6489868,1179156,2,1683.027954,17.00357056,122.8880005,330.7250061,0.575
rear,,,,5,NCDependent,25343.69922,1,130,23877013,,,,,2018,0,,3,0.092430927,0.05703,3.782000065,0,8.1350002,1,1067.755005,1179156,2,1683.102051,15.29811668,,,0.502
rear,,,,5,NCDependent,25350,2,16984,,,,,,2018,0,,3,0.068999998,0.109760001,5.039999962,0,11.574,1,3620.044922,,,1558.223999,,156.4100037,367.0780029,0.626083
rear,,,,4,Nestucca,25373.30078,2,16009,,,,,,2018,0,,,,,,0,,,,,,,,,,
rear,,,,4,Nestucca,25475.69922,1,22172,,,,,,2018,1343,,,,,,0,,,,,,,,,,
rear,,,,4,Nestucca,25505,1,16010,23876155,,,,,2018,410,,5,0.02613168,0.036699999,14.23200035,0,66.1100006,2,8841.211914,827741,3,1532.18103,18.71199226,169.0429993,343.0610046,0.508
rear,,,,4,Nestucca,25507,1,378,23876159,,,,,2018,1320,,5,0.023534041,0.049479999,12.45100021,0,68.6780014,2,2951.76709,827741,3,1441.119995,18.32444191,169.0429993,401.9429932,0.544
rear,,,,3,Tillamook Bay,25603.5,1,530,23876599,,,,,2018,0,,4,0.114966288,0.068619996,6.489999771,0,47.368,2,2821.495117,1034057,3,1304.272949,17.36945152,210.8939972,357.4349976,0.318
rear,,,,3,Tillamook Bay,25608.30078,1,545,23876715,,,,,2018,728,,4,0.016720081,0.068619996,10.18999958,0,64.4899979,2,2449.948975,575011,3,1423.795044,18.04188347,,,0.521
rear,,,,3,Tillamook Bay,25616,2,16017,23877137,,,,,2018,203,,3,0.080114149,0.101810001,6.031000137,0,59.9980011,1,2078.653076,902241,3,1385.167969,16.35373878,196.5610046,402.0669861,0.373
rear,,,,3,Tillamook Bay,25617.5,2,22175,,,,,,2018,0,,3,0.127000004,0.158600003,5.396999836,0,62.092,1,6084.833984,,,1349.935059,,196.5610046,394.4760132,0.135748
rear,,,,3,Tillamook Bay,25621,3,17158,23876125,,,,,2018,770,,5,0.034781571,0.09251,13.57600021,0,61.1769981,1,1904.626953,1410525,3,1480.678955,17.61737061,190.9049988,389.1489868,0.56
rear,,,,3,Tillamook Bay,25623,1,608,23876147,,,,,2018,1182,,5,0.024561111,0.165889993,13.2670002,0,66.9990005,1,6381.929199,1410525,3,1483.14502,19.50845528,160.0829926,371.348999,0.301
rear,,,,3,Tillamook Bay,25675.5,4,664,23875961,,,,,2018,0,,5,0.026814731,0.063249998,14.08600044,0,62.6339989,1,5446.228027,938249,5,1254.531006,17.51408768,173.1999969,430.2869873,0.348
rear,,,,3,Tillamook Bay,25695,1,715,23876409,,,,,2018,304,,4,0.074643791,0.049029998,9.937999725,0,64.1589966,1,1970.885986,747258,5,1393.973022,16.76786995,171.1629944,396.5090027,0.508
rear,,,,3,Tillamook Bay,25695.90039,1,716,23876409,,,,,2018,304,,4,0.074643791,0.049029998,7.769000053,0,64.9680023,1,1970.885986,747258,5,1393.973022,16.76786995,,,0.136
rear,,,,3,Tillamook Bay,25715,1,754,23876393,,,,,2018,507,,4,0.03140679,0.076200001,6.047999859,0,80.1259995,2,1812.130981,345054,10,1454.713989,18.29508018,117.7829971,235.1900024,0.495
rear,,,,3,Tillamook Bay,25737,1,778,23876201,,,,,2018,972,,6,0.01586109,0.041609999,15.04199982,0,30.1690006,2,2311.352051,973670,2,1460.572998,17.11155701,171.427002,358.1520081,0.57
rear,,,,3,Tillamook Bay,25791,1,856,23876357,,,,,2018,244,,3,0.101560809,0.079130001,6.84100008,0,13.5979996,2,2109.843018,660958,1,1177.796997,15.72775459,199.9160004,393.9710083,0.425
rear,,,,2,Nehalem,25833.5,2,895,,,,,,2018,364,,4,0.032900002,0.105789997,5.548999786,0,1.596,6,1319.766968,,,1344.65271,,126.9489975,273.1730042,0.459577
rear,,,,2,Nehalem,25889,1,1033,23872359,,,,,2018,189,,5,0.010272,0.04462,14.42599964,0,22.0970001,1,969.1480103,1380594,6,1557.954712,18.72186852,172.3379974,444.1040039,0.596
rear,,,,2,Nehalem,25982.69922,2,22178,,,,,,2018,282,,,,,,0,,,,,,,,,,
rear,,,,2,Nehalem,26011,3,1241,23872909,,,,,2018,59,,3,0.04496919,0.160879999,3.78399992,0,88.814003,1,1010.612976,571074,7,1591.195801,18.17089462,125.0579987,332.42099,0.145942
rear,,,,2,Nehalem,26016,3,1271,23872231,,,,,2018,755,,5,0.02305592,0.160879999,11.38799953,0,95.6419983,1,2404.233887,571074,6,1603.937378,18.592556,163.1799927,538.8859863,0.433076
rear,,,,2,Nehalem,26024.69922,1,1295,23872371,,,,,2018,542,,4,0.039579369,0.160879999,11.55500031,0,95.2259979,1,4586.577148,2066370,9,1507.623047,18.1409111,,,0.877149
rear,,,,2,Nehalem,26033.19922,1,22154,,,,,,2018,19,,,,,,0,,,,,,,,,,
rear,,,,2,Nehalem,26037.40039,1,1328,23872387,,,,,2018,810,,3,0.0328614,0.160879999,5.741000175,0,106.0960007,1,743.7050171,366738,7,1592.709961,19.75378036,,,0.869804
rear,,,,2,Nehalem,26043,7,16027,23872017,,,,,2018,365,,5,0.00352717,0.160879999,10.09500027,0,126.1760025,2,81.71700287,400433,7,1571.430664,19.70269585,98.2990036,194.6230011,0.967968
rear,,,,2,Nehalem,26065.30078,1,85,,,,,,2018,36,,,,,,0,,,,,,,,,,
rear,,,,2,Nehalem,26077,2,1468,23872219,,,,,2018,327,,4,0.017814539,0.160879999,8.817000389,0,143.7660065,5,1290.241943,265066.5,10,1544.661621,19.79643631,71.51200104,180.7680054,0.578992
rear,,,,2,Nehalem,26077,3,1474,23872219,,,,,2018,42,,4,0.017814539,0.160879999,8.281000137,0,145.2709961,2,1290.241943,265066.5,10,1473.03186,19.79643631,73.43499756,180.7680054,0.920611
rear,,,,2,Nehalem,26093.69922,1,1536,23872689,,,,,2018,586,,4,0.019652041,0.160879999,8.125,0,156.5440063,5,1616.505005,148046,9,1371.609985,19.40834999,,,0.882453
rear,,,,2,Nehalem,26093.69922,2,22177,,,,,,2018,124,,,,,,0,,,,,,,,,,
rear,,,,2,Nehalem,26109,1,22150,23872103,,,,,2018,607,,6,0.00616586,0.160879999,20.01300049,0,183.4649963,2,652.9050293,303862,8,1653.560181,20.48043442,120.1900024,245.0599976,0.590573
rear,,,,2,Nehalem,26117,2,1616,23872125,,,,,2018,88,,3,0.042268131,0.160879999,4.747000217,0,199.3179932,2,3692.917969,265994,11,1465.643188,13.92580414,122.7450027,292.1690063,0.364806
rear,,,,2,Nehalem,26152.80078,1,16978,23872165,,,,,2018,298,,3,0.065465651,0.475849986,4.914000034,0,196.2100067,1,4015.891113,145784,7,1732.967041,15.47839355,,,0.268411
rear,,,,1,Necanicum,26196,2,1805,23871243,,,,,2018,0,,3,0.05763486,0.122759998,3.983999968,0,7.8649998,7,4580.935059,542948,1,1135.783936,14.92389393,101.4209976,-9999,0.586915385
rear,,,,1,Necanicum,26214,2,1833,23871255,,,,,2018,197,,5,0.063312963,0.14091,8.736000061,0,21.4029999,2,3576.158936,1025498,2,2290.549561,17.04134178,121.2109985,352.5490112,0.174195402
rear,,,,1,Necanicum,26220,1,1844,23871209,,,,,2018,376,,5,0.018410889,0.09268,15.93400002,0,21.2950001,2,1368.237061,1025498,2,1615.265015,18.05108452,151.2039948,352.5490112,0.174195402
rear,,,,1,Necanicum,26236,1,22158,23871271,,,,,2018,0,,3,0.051313508,0.09268,4.385000229,0,28.7609997,2,480.052002,698935.5,2,1213.310669,18.485672,159.8560028,575.9379883,0.643731
rear,,,,11,Siuslaw,24018,1,1981,23890100,,,,,2018,423,,4,0.0569833,0.040709998,6.981999874,0,35.6430016,2,685.5670166,4174368,2,2002.901978,16.99389648,102.461998,229.9060059,0.585
rear,,,,11,Siuslaw,24019.40039,1,1984,23889904,,,,,2018,431,,4,0.045124792,0.084349997,6.18599987,0,36.4710007,1,1956.805054,4174368,2,2048.602051,19.96632957,,,0.517
rear,,,,11,Siuslaw,24058,,36277,23889456,,,,,2018,7,,5,6.145E-05,0.01667,16.43799973,0,30.3530006,1,1410.75,226989,1,1732.510986,22.42825317,,,0.753
rear,,,,11,Siuslaw,24128,1.100000024,2144,23890088,,,,,2018,717,,4,0.036753971,0.03032,5.162000179,0,64.5469971,2,940.9019775,4861356,2,1762.704956,19.56676483,,,0.759
rear,,,,11,Siuslaw,24135,1,2161,23889870,,,,,2018,1091,,3,0.02608984,0.02248,7.537000179,0,77.0749969,1,373.303009,678120,2,1886.416016,18.72894859,116.026001,235.7319946,0.597
rear,,,,11,Siuslaw,24149.59961,1,2195,23889980,,,,,2018,18,,2,0.03441903,0.064099997,2.992000103,0,85.9629974,2,1986.437012,678120,4,2553.243896,18.83025169,,,0.184
rear,,,,11,Siuslaw,24172,2,2248,23890036,,,,,2018,133,,2,0.064504787,0.034910001,4.453000069,0,80.788002,1,1528.618042,707605,2,1647.244995,18.24578857,117.5270004,234.2460022,0.66
rear,,,,11,Siuslaw,24189,2,2278,23890108,,,,,2018,24,,3,0.062879652,0.09939,3.732000113,0,62.8289986,2,2314.094971,1011123,13,1669.477051,20.14025688,123.3290024,223.0980072,0.21
rear,,,,11,Siuslaw,24197,5.099999905,2287,23889756,,,,,2018,438,,4,0.040406529,0.037659999,4.501999855,0,74.9469986,1,408.6889954,1011123,15,1538.832031,17.25875092,,,0.809
rear,,,,11,Siuslaw,24268,1,2374,,,,,,2018,697,,4,0.007,0.050220001,7.679999828,0,80.217,2,608.7479858,,,1547.084961,,78.12000275,179.0890045,0.947095
rear,,,,11,Siuslaw,24325.40039,1,2478,23889682,,,,,2018,0,,5,1E-05,0.048909999,15.30599976,0,107.237999,2,760.3389893,160676,3,1551.563965,19.75517464,,,0.615
rear,,,,11,Siuslaw,24359.40039,1,42265,,,,,,2018,615,,,,,,0,,,,,,,,,,
rear,,,,11,Siuslaw,24373,1,2556,23889608,,,,,2018,39,,4,0.00165723,0.048909999,4.850999832,0,107.3099976,2,471.9190063,109750,3,1600.473999,24.65299034,69.86599731,166.5570068,0.822
rear,,,,11,Siuslaw,24391,1,2574,23890504,,,,,2018,118,,4,0.01409985,0.048909999,4.640999794,0,126.9469986,5,676.322998,109750,3,1201.805054,17.28544426,67.51899719,171.9600067,0.659
rear,,,,11,Siuslaw,24425,1,2630,23890518,,,,,2018,4,,4,0.01405015,0.048909999,4.813000202,0,159.2630005,5,423.7420044,145348,4,1697.131958,18.7311821,70.53399658,182.5570068,0.87
rear,,,,11,Siuslaw,24425,1,2631,23890518,,,,,2018,4,,4,0.01405015,0.048909999,4.916999817,0,158.8699951,5,423.7420044,145348,4,1697.131958,18.7311821,70.53399658,182.5570068,0.76
rear,,,,12,MCDependent,24510,2,2738,23886144,,,,,2018,330,,4,0.00560139,0.01252,14.50699997,0,1.107,8,632.6539917,182943,1,2045.793945,18.79777908,94.08499908,217.2859955,0.616
rear,,,,12,MCDependent,24527,3,2762,,,,,,2018,0,,2,0.075999998,0.115359999,4.211999893,0,4.423,3,3962.858887,,,2561.292969,,119.4599991,264.071991,0.135748
rear,,,,12,MCDependent,24535,1,2782,23887022,,,,,2018,58,,4,0.091617338,0.064790003,7.638999939,0,14.9790001,3,7016.560059,393967,2,2117.400879,16.79611015,125.5240021,268.6650085,0.136
rear,,,,12,MCDependent,24544,2,2796,23886182,,,,,2018,306,,4,0.01781391,0.021469999,11.02700043,0,4.0469999,3,631.0529785,260717,1,2292.712891,18.33867073,119.3570023,280.993988,0.585
rear,,,,12,MCDependent,24581,1,2830,23886854,,,,,2018,788,,4,0.01402985,0.082780004,8.618000031,0,20.0279999,2,806.0549927,319350,1,1656.511963,17.80237198,118.6520004,256.0379944,0.59
rear,,,,10,Alsea,24645,1,2891,23887124,,,,,2018,315,,4,0.020234991,0.060649998,6.239999771,0,45.6069984,2,60.44200134,407883,2,2126.839111,19.05613136,140.6840057,285.803009,0.945
rear,,,,10,Alsea,24659,4,42253,,,,,,2018,80,,3,0.046999998,0.06013,5.81799984,0,13.204,1,3626.185059,,,1489.998047,,117.6589966,250.7949982,0.542554
rear,,,,10,Alsea,24776.19922,1,3090,23887142,,,,,2018,377,,3,0.02360929,0.035080001,4.888000011,0,73.7779999,2,182.4720001,396247,3,1867.494995,18.51569748,,,0.555
rear,,,,10,Alsea,24797,2,36062,23886452,,,,,2018,151,,5,0.00905109,0.035080001,19.97900009,0,54.9059982,2,1645.962036,945543,2,1824.120972,18.81523132,114.4160004,292.3710022,0.595
rear,,,,10,Alsea,24850,2,3157,23886566,,,,,2018,747,,4,0.017736919,0.035080001,13.06000042,0,87.4710007,1,2280.677002,816046,4,1609.676025,21.92901802,116.6579971,332.1929932,0.75
rear,,,,10,Alsea,24887,2,3194,23886980,,,,,2018,413,,3,0.066983417,0.037390001,6.131999969,0,84.5339966,5,3550.540039,544253,4,1781.234985,19.90821838,138.2630005,219.9519958,0.348
rear,,,,9,Beaver,24924.80078,2,3249,23886608,,,,,2018,14,,2,0.047235232,0.112520002,3.563999891,0,21.3840008,1,1474.741943,441905,2,1858.115967,15.02195454,,,0.281
rear,,,,9,Beaver,24924.90039,2,1949,23886628,,,,,2018,2,,3,0.086630881,0.092969999,3.805999994,0,20.9220009,1,3191.251953,441905,2,2065.566895,17.10135651,,,0.54294
rear,,,,8,Yaquina,24958,1,3296,23881098,,,,,2018,534,,4,0.030355221,0.02599,8.013999939,0,43.9449997,1,926.7999878,293513.5,2,1515.329956,20.24985695,132.0209961,256.3940125,0.58
rear,,,,8,Yaquina,24964.09961,3,42259,,,,,,2018,214,,,,,,0,,,,,,,,,,
rear,,,,8,Yaquina,24970,1,42255,,,,,,2018,496,,4,0.001,0.03022,11.83699989,0,70.119,1,60.98500061,,,1799.237061,,115.9110031,238.8410034,0.676424
rear,,,,8,Yaquina,24971,3,35006,23882172,,,,,2018,545,,3,0.066819012,0.05421,7.122000217,0,75.9059982,2,4827.105957,348892,3,1585.796021,18.25310707,145.5610046,304.20401,0.231
rear,,,,8,Yaquina,24976.40039,1,3336,23882154,,,,,2018,900,,5,0.01049648,0.041990001,11.06400013,0,73.7080002,2,574.0319824,139790.5,3,1688.927002,21.4572525,,,0.56
rear,,,,8,Yaquina,24981,1,3346,23880702,,,,,2018,36,,4,0.00292329,0.041990001,13.32900047,0,72.3509979,1,391.7669983,139790.5,3,1747.295044,21.34096718,144.8639984,238.8410034,0.891
rear,,,,8,Yaquina,25005,1,3370,23881912,,,,,2018,75,,1,0.00741775,0.088950001,0.808000028,0,46.0480003,1,199.6170044,191327,4,964.8619995,20.91353035,120.072998,238.9080048,0.581277778
rear,,,,7,Siletz,25103,2,42250,23881646,,,,,2018,139,,3,0.077798843,0.094230004,3.490999937,0,43.1720009,2,2169.850098,378756,3,1303.05603,18.52160072,129.5939941,251.3240051,0.585236842
rear,,,,7,Siletz,25151,1,3597,23881720,,,,,2018,775,,4,0.059375901,0.05091,9.664999962,0,84.6409988,1,1379.996948,327393,1,1593.526978,17.34347916,135.0379944,257.9609985,0.822
rear,,,,7,Siletz,25208,1,36063,,,,,,2018,0,,4,0.007,0.063280001,9.354000092,0,126.013,1,263.7820129,,,1457.526001,,206.25,369.9450073,0.952945
rear,,,,6,Salmon,25266.69922,1,3766,23882360,,,,,2018,0,,3,0.120214038,0.093110003,5.118000031,0,2.4430001,2,4937.874023,287147,2,1767.322998,15.06386662,,,0.541900826
rear,,,,16,Coos,,,46002,23910789,,,,,2018,0,,3,0.031747568,0.037999999,3.015399933,0,13.8991003,4,1317.363037,240255,1,1185.359009,17.72716331,,,0.1985
rear,,,,16,Coos,,,52021,,,,,,2018,0,,,,,,0,,,,,,,,,,
rear,,,,17,Coquille,0,,3862,23915855,,,,,2018,0,,3,0.135302082,0.202000007,2.465300083,0,73.3133011,2,5818.450195,189903,2,1388.378052,18.78403282,,,0.257564706
rear,,,,18,Floras,21560.75977,2,4054,23920814,,,,,2018,896,,4,0.01018801,0.314999998,4.927599907,0,15.6751003,1,767.3040161,474099,1,674.2399902,19.72718239,,,0.8393
rear,,,,18,Floras,21583,3,3928,23920740,,,,,2018,386,,3,0.05866237,0.022,3.189800024,0,5.7154398,7,303.9830017,331320,5,1432.76001,20.67912483,137.3869934,186.8569946,0.4131
rear,,,,17,Coquille,21615,2,52031,,,,,,2018,0,,4,0.017000001,0.022,3.491899967,0,21.5024,1,571.7009888,,,1673.901978,,82.30799866,185.5019989,0.759935
rear,,,,17,Coquille,21628,2,4215,23914419,,,,,2018,120,,4,0.01552137,0.037,4.309599876,0,23.2777004,2,36.00299835,364148,2,1089.651978,17.05208969,74.44400024,189.4019928,0.9391
rear,,,,17,Coquille,21827,2,4628,23916183,,,,,2018,0,,4,0.057052631,0.078000002,3.688899994,0,72.3473969,2,715.6019897,115451,1,1596.860962,20.31188965,71.49700165,150.7420044,0.5899
rear,,,,17,Coquille,21853.69922,1,4699,23914577,,,,,2018,600,,5,0.00980243,0.057999998,6.973700047,0,112.1080017,2,525.3449707,65010,1,1542.553955,21.26244545,,,0.6084
rear,,,,17,Coquille,21854,2,4702,,,,,,2018,0,,3,0.159999996,0.172000006,2.627000093,0,114.638,1,4818.074219,,,1538.828003,,106.5820007,178.2160034,0.131384
rear,,,,17,Coquille,21884,2,52008,,,,,,2018,0,,6,0.014,0.035,11.44229984,0,120.901,1,8619.551758,,,1518.21106,,138.4960022,182.6459961,0.563312
rear,,,,17,Coquille,21946,1,4794,23915693,,,,,2018,111,,4,0.058365591,0.041000001,3.923799992,0,70.8414001,5,1054.155029,6956811,2,1430.082031,19.56488228,73.8769989,159.5209961,0.5618
rear,,,,17,Coquille,21951.19922,1,4811,23914933,,,,,2018,966,,5,0.00515251,0.024,6.478099823,0,81.1377029,2,38.99100113,124819,1,1729.737061,18.9443531,,,0.8081
rear,,,,17,Coquille,21957,1,4851,23915183,,,,,2018,1313,,4,0.052136991,0.041999999,4.799799919,0,94.2113037,2,2453.315918,342093.5,2,1715.547974,19.07331467,69.98600006,134.0240021,0.8485
rear,,,,17,Coquille,22007,1,52023,23915349,,,,,2018,75,,3,0.03405777,0.039000001,3.48239994,0,105.3479996,2,356.2569885,193468,1,1858.667969,19.95735931,67.86499786,133.3399963,0.3709
rear,,,,17,Coquille,22033,4,5051,23915085,,,,,2018,522,,4,0.022579011,0.030999999,4.70510006,0,107.1009979,1,2709.687012,132549,2,1377.124023,19.10304832,74.65100098,151.7409973,0.5374
rear,,,,17,Coquille,22036,3,5072,23915053,,,,,2018,63,,4,0.02356473,0.075000003,4.625199795,0,109.6579971,2,417.6270142,132549,2,1513.215942,19.30389023,68.35099792,156.6260071,0.5994
rear,,,,17,Coquille,22036,4,5073,23915053,,,,,2018,50,,4,0.02356473,0.075000003,4.11950016,0,111.8809967,2,417.6270142,132549,2,1513.215942,19.30389023,75.63999939,156.6260071,0.5499
rear,,,,17,Coquille,22037,3,5091,23915059,,,,,2018,1329,,5,0.00272027,0.017000001,8.871600151,0,109.7799988,2,449.0220032,206276,4,1577.416016,20.60369873,68.35099792,143.9360046,0.7594
rear,,,,17,Coquille,22046,,5139,,,,,,2018,0,,,,,,0,,,,,,,,,,
rear,,,,17,Coquille,22051.19922,4,5165,23915075,,,,,2018,1502,,4,0.01218658,0.032000002,4.99630022,0,138.2480011,2,2374.936035,206276,2,1688.128052,18.94338799,,,0.6777
rear,,,,16,Coos,22157,1,5323,23910755,,,,,2018,52,,4,0.075591236,0.011,3.587300062,0,42.9178009,5,11.72599983,1310616,5,1422.115967,17.8494072,77.93299866,157.2910004,0.4259
rear,,,,16,Coos,22157,1,52013,23910755,,,,,2018,352,,4,0.075591236,0.011,4.030499935,0,41.5233994,5,11.72599983,1310616,5,1422.115967,17.8494072,84.00499725,157.2910004,0.8267
rear,,,,16,Coos,22196,1,5416,23909799,,,,,2018,781,,5,0.00024979,0.037999999,7.237299919,0,91.0008011,2,1329.890991,247383,4,1558.395996,22.05637741,79.29699707,189.6660004,0.9515
rear,,,,16,Coos,22217.80078,1,5523,23909837,,,,,2018,1218,,5,0.01968226,0.052000001,8.239999771,0,106.6729965,1,6897.89209,212975,4,1300.642944,21.76464653,,,0.5266
rear,,,,16,Coos,22221,3,5533,23909851,,,,,2018,878,,4,0.016563701,0.052000001,6.301799774,0,114.1740036,1,1011.888,212975,4,1264.81897,20.12114334,76.85800171,114.0240021,0.5705
rear,,,,16,Coos,22237,2,5564,23910475,,,,,2018,0,,3,0.058814529,0.061999999,2.929399967,0,39.6171989,2,1630.769043,173352,1,1442.540039,18.2585392,78.59700012,164.7749939,0.0869
rear,,,,16,Coos,22240,3,46004,23909923,,,,,2018,0,,3,0.045195319,0.046999998,3.082700014,0,47.9864006,2,2606.556885,173352,3,1230.008057,18.18693352,84.8710022,173.779007,0.2923
rear,,,,16,Coos,22273,4,5638,23909945,,,,,2018,1342,,5,0.02052726,0.033,6.99420023,0,71.0138016,1,2479.39502,155835.5,1,1409.907959,19.14606094,96.35500336,197.0110016,0.6065
rear,,,,16,Coos,22291,1,52009,23910257,,,,,2018,326,,3,0.04714812,0.052999999,2.915899992,0,88.915802,2,41.33300018,390561,1,1495.115967,18.22062302,119.012001,225.0410004,0.0932
rear,,,,16,Coos,22293,2,45001,23910213,,,,,2018,2005,,4,0.01131486,0.052999999,4.367400169,0,91.5848007,2,1230.098022,390561,1,1487.027954,20.26662636,129.8390045,235.4889984,0.8946
rear,,,,16,Coos,22305.69922,2,5768,23910271,,,,,2018,2,,3,0.02957277,0.066,2.548500061,0,101.2600021,1,1.947999954,390561,1,1570.286011,19.09231949,,,0.420509953
rear,,,,16,Coos,22310,1.100000024,5776,23910445,,,,,2018,276,,4,0.00850877,0.008,4.692800045,0,22.8836994,6,253.3280029,165284,5,1392.51001,19.35121727,,,0.9587
rear,,,,16,Coos,22320.69922,1,46199,23910099,,,,,2018,0,,3,0.034426641,0.059999999,2.604599953,0,30.0762997,6,4118.325195,549504,9,1572.324951,18.25670052,,,0.665426667
rear,,,,14,Tahkenitch,23955,1,6033,23893323,,,,,2018,228,,5,0.00238065,0.01216,10.04699993,0,18.5769997,1,0.030999999,406760,2,1707.494995,18.77944183,108.8710022,216.5690002,0.63
rear,,,,13,Siltcoos,23973,2,6092,23893449,,,,,2018,32,,3,0.051551439,0.062169999,3.477999926,0,21.809,1,1154.104004,259607,3,1941.609985,16.49938011,99.16999817,229.3789978,0.469483516
rear,,,,21,Lower Umpqua,22428,2,6456,24527892,,,,,2018,6,,3,0.02482825,0.067000002,2.103800058,0,29.1805,1,353.131012,293464,1,1078.401001,19.80337715,113.3700027,195.651001,0.478885714
rear,,,,21,Lower Umpqua,22442,1.100000024,6469,24527852,,,,,2018,334,,4,0.05312087,0.013,3.931099892,0,43.5886002,2,249.0679932,6024912,2,1212.786987,19.41620255,,,0.6496
rear,,,,21,Lower Umpqua,22507.40039,1,6603,24527538,,,,,2018,780,,4,0.0094863,0.090000004,4.94299984,0,91.9067001,2,1356.031006,376416,4,1790.675049,20.70716286,,,0.8272
rear,,,,21,Lower Umpqua,22526,2,6647,24527828,,,,,2018,482,,5,0.00816159,0.033,6.161200047,0,89.0178986,2,178.427002,126968,3,1416.592041,19.86517906,71.09799957,166.3800049,0.9798
rear,,,,21,Lower Umpqua,22537.5,1,6673,24527922,,,,,2018,216,,3,0.059683818,0.046999998,3.208800077,0,98.836998,2,473.3240051,152164,3,1248.597046,19.03908539,70.15799713,160.7489929,0.4197
rear,,,,21,Lower Umpqua,22603,1,6785,24528050,,,,,2018,32,,3,0.029055141,0.063000001,3.230900049,0,154.4250031,2,246.0800018,89254,4,1269.300049,18.94645882,57.37400055,170.7429962,0.418
rear,,,,21,Lower Umpqua,22606,1,6791,24527500,,,,,2018,616,,4,0.00803398,0.046999998,4.817599773,0,156.2120056,2,211.7389984,89254,5,1517.208008,19.05123711,56.99200058,175.951004,0.7405
rear,,,,21,Lower Umpqua,22642,1,6831,24528904,,,,,2018,584,,4,0.01923863,0.016000001,4.618899822,0,32.1908989,1,447.0119934,225937,1,1853.994995,17.83758354,104.3079987,202.3639984,0.7092
rear,,,,21,Lower Umpqua,22647,1,66121,24528366,,,,,2018,507,,4,0.072442427,0.158999994,3.713999987,0,39.5425987,2,3011.891113,336715,2,1489.949951,18.04534531,105.9789963,210.7619934,0.313
rear,,,,21,Lower Umpqua,22655,2,6857,24526736,,,,,2018,0,,5,0.00289782,0.046999998,7.847000122,0,58.0125008,5,1189.280029,192547,1,1572.071045,23.02749443,79.81900024,165.8899994,0.9078
rear,,,,21,Lower Umpqua,22688,3.099999905,6915,24526776,,,,,2018,518,,5,0.01265163,0.032000002,5.451399803,0,56.3795013,2,2321.85791,158183,4,1351.771973,21.74627876,,,0.5804
rear,,,,22,Middle Umpqua,22710,2,66110,24528258,,,,,2018,12,,3,0.04033206,0.056000002,3.814500093,0,93.3371964,5,2849.980957,148380,2,1394.832031,19.81108665,56.45899963,143.3999939,0.3544
rear,,,,22,Middle Umpqua,22810,2,7178,24527182,,,,,2018,0,,6,0.00648338,0.046,8.624699593,0,132.6950073,2,555.6613159,210556,8,1751.489014,25.32741928,44.37799835,152.822998,1
rear,,,,22,Middle Umpqua,22811,3,7183,24528568,,,,,2018,50,,4,0.046679672,0.075000003,4.601099968,0,136.3899994,5,4785.61084,194840,4,1647.916016,20.84305191,45.59899902,152.822998,0.3181
rear,,,,22,Middle Umpqua,22820,1,7203,24527628,,,,,2018,155,,4,0.064939231,0.064000003,4.769299984,0,80.5264969,2,136.848999,414220,3,1535.248047,20.78811836,61.25299835,138.4799957,0.6885
rear,,,,22,Middle Umpqua,22832.69922,1,66098,,,,,,2018,159,,,,,,0,,,,,,,,,,
rear,,,,22,Middle Umpqua,22862,1,7285,24526856,,,,,2018,396,,5,0.00673904,0.050000001,7.011000156,0,147.2380066,2,134.7059937,104075,3,1627.703979,21.67473984,60.66500092,124.237999,0.6215
rear,,,,22,Middle Umpqua,22891,3,7360,24527060,,,,,2018,3,,2,0.00838798,0.033,2.364300013,0,177.6730042,5,212.9799957,638732,3,1390.453003,21.70313644,49.36399841,113.4250031,0.5742
rear,,,,22,Middle Umpqua,22899,1,7369,,,,,,2018,50,,5,0.006,0.033,6.637199879,0,191.941,2,609.3179932,,,2031.850952,,50.9640007,116.8769989,0.974961
rear,,,,22,Middle Umpqua,22911.5,1,66104,,,,,,2018,4,,5,0.005,0.033,6.037499905,0,198.587,2,364.6629944,,,1765.39502,,52.13600159,121.2969971,0.960157
rear,,,,22,Middle Umpqua,22946,2,7411,,,,,,2018,0,,3,0.046999998,0.118000001,3.461999893,0,216.003,2,2571.549072,,,1329.72998,,48.75500107,137.1340027,0.686034
rear,,,,24,South Umpqua,23012,2,7537,23903021,,,,,2018,2,,4,0.039329179,0.034000002,3.699599981,0,248.6029968,2,1629.527954,192056,5,1615.543945,22.48440933,66.96800232,98.18299866,0.4298
rear,,,,24,South Umpqua,23122,1,7768,23903023,,,,,2018,0,,4,0.04571278,0.075999998,3.554699898,0,259.5650024,5,230.3379974,73504,10,1479.348999,18.96432495,54.06600189,111.7360001,0.5999
rear,,,,24,South Umpqua,23170,1,7844,23902585,,,,,2018,0,,4,0.120687939,0.137999997,3.167399883,0,275.2569885,2,6195.331055,54265,2,1305.368042,19.83421516,67.16799927,96.9940033,0.581985714
rear,,,,24,South Umpqua,23209.30078,1,7891,23903303,,,,,2018,240,,4,0.069929473,0.081,4.865799904,0,313.3410034,5,7706.370117,14370,7,1249.66394,17.82033348,,,0.1357
rear,,,,24,South Umpqua,23271,1,66108,23901219,,,,,2018,168,,4,0.039619751,0.052999999,5.201300144,0,303.3720093,5,6842.859863,24929,4,1268.246948,20.50542068,72.29699707,97.17900085,0.4739
rear,,,,24,South Umpqua,23298,2,66093,23901371,,,,,2018,1294,,6,0.00650602,0.046999998,7.732900143,0,320.0220032,5,483.8649902,28111.5,3,1363.264038,21.41982269,78.34700012,88.54299927,0.9292
rear,,,,24,South Umpqua,23299,2,7999,23901381,,,,,2018,23,,5,0.029435391,0.066,5.268400192,0,324.8500061,2,6192.855957,28111.5,5,1276.258057,20.41500282,74.57800293,88.54299927,0.9367
rear,,,,24,South Umpqua,23303,1,8008,23903435,,,,,2018,0,,3,0.046123259,0.066,3.861799955,0,327.4320068,2,2967.614014,28111.5,4,1332.573975,20.03226471,68.77600098,97.33100128,0.4061
rear,,,,24,South Umpqua,23313,1,8033,23903561,,,,,2018,140,,3,0.057223711,0.064999998,3.937299967,0,339.0870056,2,3225.314941,51882,5,1379.733032,20.05949402,72.6780014,107.1100006,0.317
rear,,,,24,South Umpqua,23332,2,8056,23902839,,,,,2018,488,,4,0.02995339,0.046999998,4.453499794,0,338.3450012,5,1058.062012,51882,5,1748.214966,21.25580215,69.83799744,98.78900146,0.8644
rear,,,,24,South Umpqua,23395,1,8115,23901425,,,,,2018,48,,5,0.01280199,0.072999999,6.41050005,0,264.8869934,5,997.2739868,32322,17,1460.666016,20.6992569,56.82799911,117.6520004,0.5601
rear,,,,24,South Umpqua,23433,1,8149,23901923,,,,,2018,597,,5,0.00828507,0.046,7.601099968,0,275.3460083,5,1847.987061,105909,3,1527.376953,24.12688065,47.25699997,98.03399658,0.8936
rear,,,,24,South Umpqua,23589,2,8306,23901841,,,,,2018,7,,6,0.0122417,0.067000002,8.491200447,0,323.5539856,2,9093.561523,758208,1,1941.218994,26.92615509,50.01599884,130.927002,0.5081
rear,,,,23,North Umpqua,23618.69922,2,66112,23894824,,,,,2018,0,,5,0.00429349,0.033,9.163299561,0,185.4140015,7,1361.531006,226103,5,2081.618896,27.98642731,,,0.8338
rear,,,,23,North Umpqua,23622,1,8330,23894830,,,,,2018,0,,5,0.00149253,0.033,7.097099781,0,196.3419952,5,412.0974426,226103,6,2101.114014,29.05373001,51.87799835,120.3349991,1
rear,,,,23,North Umpqua,23665,1,8345,23894026,,,,,2018,0,,5,0.0260936,0.074000001,7.856200218,0,251.2330017,2,15471.33594,70525,2,1631.583008,22.74867249,55.11899948,186.1119995,0.3847
rear,,,,4,Nestucca,0,,17740,23876781,,,,,2019,0,,3,0.095219001,0.089910001,3.319999933,0,40.9440002,1,940.8660278,799840,4,1629.215942,15.75849533,,,0.414
rear,,,,5,NCDependent,25343.69922,,130,23877013,,,,,2019,61,,3,0.092430927,0.05703,3.782000065,0,8.1350002,1,1067.755005,1179156,2,1683.102051,15.50135803,,,0.502
rear,,,,4,Nestucca,25356.30078,,22368,23876947,,,,,2019,0,,4,0.120422043,0.068300001,5.902999878,0,13.6079998,2,2238.623047,501267,1,1470.593018,15.76021862,,,0.334
rear,,,,4,Nestucca,25373.30078,,16009,,,,,,2019,0,,,,,,0,,,,,,,,,,
rear,,,,4,Nestucca,25407,,210,23876145,,,,,2019,0,,4,0.055219591,0.019990001,8.065999985,0,16.6310005,6,983.5339966,1017837,5,1693.624023,17.55522346,,,0.195
rear,,,,4,Nestucca,25427,,234,23877163,,,,,2019,207,,4,0.077907979,0.04346,7.336999893,0,33.7229996,2,2870.919922,1741480,7,1902.293945,15.7097683,,,0.432
rear,,,,4,Nestucca,25457,,290,23877151,,,,,2019,24,,3,0.077372931,0.046950001,4.72300005,0,31.5510006,1,2469.909912,524706,1,1379.686035,16.52136803,,,0.136
rear,,,,4,Nestucca,25501,,362,23876267,,,,,2019,306,,4,0.054420698,0.046489999,9.739999771,0,60.0789986,2,8005.280762,994158,4,1447.925049,15.39008236,,,0.508
rear,,,,4,Nestucca,25505,,16010,23876155,,,,,2019,443,,5,0.02613168,0.036699999,14.23200035,0,66.1100006,2,8841.211914,827741,3,1532.18103,16.47558403,,,0.508
rear,,,,3,Tillamook Bay,25565,,476,23876241,,,,,2019,230,,3,0.061576098,0.04501,9.798999786,0,37.6259995,1,3086.884033,568934,5,1609.187988,16.59848785,,,0.466
rear,,,,3,Tillamook Bay,25569.90039,,22356,,,,,,2019,30,,,,,,0,,,,,,,,,,
rear,,,,3,Tillamook Bay,25608.30078,,545,23876715,,,,,2019,1240,,4,0.016720081,0.068619996,10.18999958,0,64.4899979,2,2449.948975,575011,3,1423.795044,15.85476685,,,0.521
rear,,,,3,Tillamook Bay,25616,,16017,23877137,,,,,2019,449,,3,0.080114149,0.101810001,6.031000137,0,59.9980011,1,2078.653076,902241,3,1385.167969,14.42757607,,,0.373
rear,,,,3,Tillamook Bay,25630.69922,,17930,23876175,,,,,2019,693,,5,0.02237777,0.19393,10.63799953,0,80.2750015,2,51.66500092,374490,3,1535.96106,15.9503231,,,0.622
rear,,,,3,Tillamook Bay,25675.5,,664,23875961,,,,,2019,31,,5,0.026814731,0.063249998,14.08600044,0,62.6339989,1,5446.228027,938249,5,1254.531006,15.71705151,,,0.348
rear,,,,3,Tillamook Bay,25679.19922,,22361,,,,,,2019,950,,,,,,0,,,,,,,,,,
rear,,,,3,Tillamook Bay,25695,,715,23876409,,,,,2019,359,,4,0.074643791,0.049029998,9.937999725,0,64.1589966,1,1970.885986,747258,5,1393.973022,15.30317497,,,0.508
rear,,,,3,Tillamook Bay,25798,,870,23876091,,,,,2019,238,,5,0.0106874,0.019929999,18.80599976,0,18.0839996,2,1345.692017,766005,1,1513.136963,17.17801094,,,0.59
rear,,,,2,Nehalem,25838.69922,,22346,,,,,,2019,0,,,,,,0,,,,,,,,,,
rear,,,,2,Nehalem,25849,,929,23872711,,,,,2019,0,,3,0.060013901,0.29460001,4.137000084,0,21.1889992,1,2130.300049,1696875,2,1815.47644,19.03747177,,,0.2678125
rear,,,,2,Nehalem,25889,,1033,23872359,,,,,2019,31,,5,0.010272,0.04462,14.42599964,0,22.0970001,1,969.1480103,1380594,6,1557.954712,18.34278488,,,0.596
rear,,,,2,Nehalem,25980,,1165,23872257,,,,,2019,899,,4,0.02100225,0.160879999,13.41699982,0,78.0230026,2,3517.249023,1367090,6,1458.464111,17.30108452,,,0.821292
rear,,,,2,Nehalem,26024.69922,,1295,23872371,,,,,2019,357,,4,0.039579369,0.160879999,11.55500031,0,95.2259979,1,4586.577148,2066370,9,1507.623047,16.68678284,,,0.877149
rear,,,,2,Nehalem,26033.80078,,1313,23872223,,,,,2019,614,,4,0.027269891,0.160879999,8.303999901,0,104.6340027,1,1196.531006,366738,6,1592.709961,17.05945396,,,0.869804
rear,,,,2,Nehalem,26035.69922,,22345,,,,,,2019,0,,,,,,0,,,,,,,,,,
rear,,,,2,Nehalem,26043,,16027,23872017,,,,,2019,179,,5,0.00352717,0.160879999,10.09500027,0,126.1760025,2,81.71700287,400433,7,1571.430664,17.96717453,,,0.967968
rear,,,,2,Nehalem,26069,,1449,23872047,,,,,2019,110,,4,0.00829265,0.160879999,7.748000145,0,136.3059998,5,5295.790039,265066.5,9,1349.174927,18.44331932,,,0.97842
rear,,,,2,Nehalem,26093.69922,,1536,23872689,,,,,2019,62,,4,0.019652041,0.160879999,8.125,0,156.5440063,5,1616.505005,148046,9,1371.609985,17.70674515,,,0.882453
rear,,,,2,Nehalem,26102.59961,,1559,23872559,,,,,2019,25,,4,0.02353036,0.160879999,3.256999969,0,178.5809937,2,148.1260071,221987,9,1356.885986,18.90718842,,,0.553196
rear,,,,2,Nehalem,26102.69922,,17733,,,,,,2019,25,,,,,,0,,,,,,,,,,
rear,,,,2,Nehalem,26117,,1616,23872125,,,,,2019,0,,3,0.042268131,0.160879999,4.747000217,0,199.3179932,2,3692.917969,265994,11,1465.643188,12.2902956,,,0.364806
rear,,,,2,Nehalem,26124,,1640,23872187,,,,,2019,1,,4,0.00855906,0.160879999,7.765999794,0,158.9230042,2,1698.250977,187203,8,1360.277832,18.61138916,,,0.933629
rear,,,,2,Nehalem,26126,,1649,23872755,,,,,2019,296,,3,0.03061866,0.160879999,3.992000103,0,161.3470001,5,309.4460144,187203,7,1138.211304,17.9986515,,,0.55433
rear,,,,2,Nehalem,26135.69922,,1678,23872639,,,,,2019,32,,3,0.02395889,0.160879999,3.157999992,0,164.8650055,5,1084.350952,607922,7,1793.014038,18.1206398,,,0.91998
rear,,,,2,Nehalem,26139.30078,,17731,23872935,,,,,2019,51,,3,0.02105223,0.160879999,4.912000179,0,179.5299988,2,804.6550293,120263,7,1652.574951,18.0030632,,,0.580465
rear,,,,2,Nehalem,26143,,1704,23872145,,,,,2019,1908,,4,0.025945229,0.160879999,8.579999924,0,185.7680054,2,1390.239014,296753,7,1802.53186,16.83220291,,,0.649944
rear,,,,1,Necanicum,26196,,1805,23871243,,,,,2019,0,,3,0.05763486,0.122759998,3.983999968,0,7.8649998,7,4580.935059,542948,1,1135.783936,14.94915962,,,0.586915385
rear,,,,1,Necanicum,26220,,1845,23871209,,,,,2019,346,,5,0.018410889,0.09268,15.95800018,0,20.9009991,2,1368.237061,1025498,2,1620.948608,17.6518898,,,0.174195402
rear,,,,1,Necanicum,26228.69922,,22342,23871259,,,,,2019,185,,4,0.047142152,0.09268,9.319000244,0,26.8850002,2,2393.903076,698935.5,3,1437.858032,16.50544739,,,0.71293
rear,,,,1,Necanicum,26241,,1887,23871287,,,,,2019,100,,3,0.060856629,0.095629998,5.843999863,0,31.3040009,2,1246.32605,698935.5,4,1235.604248,16.90925789,,,0.135748
rear,,,,12,MCDependent,,,42523,,,,,,2019,0,,,,,,0,,,,,,,,,,
rear,,,,11,Siuslaw,24033.74023,,2016,23889996,,,,,2019,272,,3,0.0328364,0.067110002,4.453999996,0,50.3370018,1,784.8859863,928534,2,2156.101074,18.78859711,,,0.824
rear,,,,11,Siuslaw,24084.09961,,42521,23889940,,,,,2019,288,,5,0.0093068,0.01774,9.223999977,0,35.2599983,2,1285.396973,926823,3,1462.796021,21.44087219,,,0.666
rear,,,,11,Siuslaw,24094,,2103,23889494,,,,,2019,879,,5,0.00259094,0.017000001,12.54599953,0,43.6660004,2,61.10300064,926823,4,1693.56604,21.19635582,,,0.701
rear,,,,11,Siuslaw,24100.90039,,35003,23889504,,,,,2019,216,,3,0.053068612,0.054219998,6.629000187,0,50.368,1,27.03300095,926823,4,2013.687988,16.23677254,,,0.796
rear,,,,11,Siuslaw,24100.93945,,2117,23889504,,,,,2019,122,,3,0.053068612,0.054219998,5.210999966,0,52.2830009,1,27.03300095,926823,4,2013.687988,16.23677254,,,0.703
rear,,,,11,Siuslaw,24135,,2161,23889870,,,,,2019,376,,3,0.02608984,0.02248,7.537000179,0,77.0749969,1,373.303009,678120,2,1886.416016,17.9926548,,,0.597
rear,,,,11,Siuslaw,24149.59961,,2195,23889980,,,,,2019,31,,2,0.03441903,0.064099997,2.992000103,0,85.9629974,2,1986.437012,678120,4,2553.243896,17.46016502,,,0.184
rear,,,,11,Siuslaw,24149.80078,,42522,,,,,,2019,34,,,,,,0,,,,,,,,,,
rear,,,,11,Siuslaw,24185,,2275,23890106,,,,,2019,623,,3,0.05464476,0.08501,5.781000137,0,58.3930016,1,1770.401001,1011123,7,1660.25,18.10819435,,,0.496
rear,,,,11,Siuslaw,24199.69922,,2295,23890094,,,,,2019,2,,2,0.097127281,0.121349998,3.326999903,0,65.8980026,2,2290.531006,1304628,15,1493.001953,17.1485424,,,0.206
rear,,,,11,Siuslaw,24230,,42517,,,,,,2019,1017,,,,,,0,,,,,,,,,,
rear,,,,11,Siuslaw,24261.30078,,1907,23890270,,,,,2019,0,,3,0.082350507,0.056170002,3.542999983,0,67.9729996,5,960.7470093,506742,2,1735.81897,17.41987801,,,0.748
rear,,,,11,Siuslaw,24321.40039,,36920,23890346,,,,,2019,53,,3,0.040767878,0.100560002,2.74000001,0,106.2050018,5,1579.657959,160676,4,1601.130981,17.24084854,,,0.327
rear,,,,11,Siuslaw,24373,,2556,23889608,,,,,2019,217,,4,0.00165723,0.048909999,4.850999832,0,107.3099976,2,471.9190063,109750,3,1600.473999,22.74069977,,,0.822
rear,,,,11,Siuslaw,24393.59961,,42513,,,,,,2019,0,,,,,,0,,,,,,,,,,
rear,,,,11,Siuslaw,24395.69922,,2580,23890530,,,,,2019,277,,4,0.01870802,0.048909999,5.190000057,0,129.7380066,2,339.9289856,188573,5,1773.425049,16.92897606,,,0.79
rear,,,,11,Siuslaw,24425,,2630,23890518,,,,,2019,172,,4,0.01405015,0.048909999,4.813000202,0,159.2630005,5,423.7420044,145348,4,1697.131958,17.07176781,,,0.87
rear,,,,11,Siuslaw,24425,,2631,23890518,,,,,2019,172,,4,0.01405015,0.048909999,4.916999817,0,158.8699951,5,423.7420044,145348,4,1697.131958,17.07176781,,,0.76
rear,,,,12,MCDependent,24510,,2738,23886144,,,,,2019,463,,4,0.00560139,0.01252,14.50699997,0,1.107,8,632.6539917,182943,1,2045.793945,20.14851379,,,0.616
rear,,,,12,MCDependent,24511,,2740,23887034,,,,,2019,0,,2,0.145661786,0.122510001,4.480999947,0,7.3470001,8,5130.140137,182943,1,2654.900879,14.752635,,,0.533755245
rear,,,,12,MCDependent,24527,,2762,,,,,,2019,0,,,,,,0,,,,,,,,,,
rear,,,,12,MCDependent,24544,,2796,23886182,,,,,2019,206,,4,0.01781391,0.021469999,11.02700043,0,4.0469999,3,631.0529785,260717,1,2292.712891,17.71426964,,,0.585
rear,,,,12,MCDependent,24596,,36917,23886224,,,,,2019,823,,4,0.06368617,0.046870001,7.498000145,0,21.8880005,2,3287.135986,319350,3,2064.969971,17.16982079,,,0.57
rear,,,,10,Alsea,24669.69922,,42526,,,,,,2019,686,,,,,,0,,,,,,,,,,
rear,,,,10,Alsea,24745,,3030,23887140,,,,,2019,0,,4,0.077863529,0.195979998,7.422999859,0,78.1429977,2,84.19400024,698428,3,1488.128052,14.19827938,,,0.626
rear,,,,10,Alsea,24776.19922,,3090,23887142,,,,,2019,460,,3,0.02360929,0.035080001,4.888000011,0,73.7779999,2,182.4720001,396247,3,1867.494995,17.01256943,,,0.555
rear,,,,10,Alsea,24813,,3117,23886850,,,,,2019,81,,3,0.073485933,0.131180003,3.757999897,0,60.4379997,2,1034.935059,745921,3,1821.411987,16.32747078,,,0.602
rear,,,,10,Alsea,24850,,3157,23886566,,,,,2019,1435,,4,0.017736919,0.035080001,13.06000042,0,87.4710007,1,2280.677002,816046,4,1609.676025,19.74629593,,,0.75
rear,,,,9,Beaver,24924.80078,,3249,23886608,,,,,2019,38,,2,0.047235232,0.112520002,3.563999891,0,21.3840008,1,1474.741943,441905,2,1858.115967,14.87808418,,,0.281
rear,,,,8,Yaquina,24938.40039,,1955,23882324,,,,,2019,194,,3,0.033866599,0.02224,3.642999887,0,17.7089996,4,414.4779968,290548,1,1118.235962,17.10335732,,,0.881
rear,,,,8,Yaquina,24964,,3311,23882110,,,,,2019,338,,4,0.016081629,0.02679,7.282000065,0,59.2039986,2,1304.238037,348892,3,1350.916016,20.03627777,,,0.549
rear,,,,8,Yaquina,24971,,35006,23882172,,,,,2019,723,,3,0.066819012,0.05421,7.122000217,0,75.9059982,2,4827.105957,348892,3,1585.796021,16.62502098,,,0.231
rear,,,,8,Yaquina,24976.40039,,3336,23882154,,,,,2019,1144,,5,0.01049648,0.041990001,11.06400013,0,73.7080002,2,574.0319824,139790.5,3,1688.927002,19.69953537,,,0.56
rear,,,,8,Yaquina,25005,,37128,23881912,,,,,2019,624,,5,0.00741775,0.088950001,7.543000221,0,46.0439987,2,199.6170044,191327,4,964.8619995,20.86388969,,,0.66
rear,,,,8,Yaquina,25044.30078,,42524,23881958,,,,,2019,128,,3,0.054226711,0.071010001,3.361000061,0,78.4339981,5,904.4559937,142057,5,1337.612061,18.44732475,,,0.469
rear,,,,7,Siletz,25101,,36916,23881120,,,,,2019,33,,5,0.00636498,0.018270001,8.362999916,0,38.4370003,2,134.8609924,236563,1,984.0969849,19.68950653,,,0.604
rear,,,,7,Siletz,25107,,42503,,,,,,2019,147,,,,,,0,,,,,,,,,,
rear,,,,7,Siletz,25131.90039,,3542,23881140,,,,,2019,631,,3,0.038922928,0.05091,4.673999786,0,84.9029999,2,1780.629028,237531,1,1298.249023,17.55512619,,,0.569
rear,,,,7,Siletz,25151,,3597,23881720,,,,,2019,1417,,4,0.059375901,0.05091,9.664999962,0,84.6409988,1,1379.996948,327393,1,1593.526978,16.11130142,,,0.822
rear,,,,7,Siletz,25166,,36915,23881626,,,,,2019,1187,,4,0.037593748,0.065090001,10.41300011,0,98.9810028,1,38.51499939,703336,1,1674.113037,14.54400063,,,0.733
rear,,,,7,Siletz,25171,,3623,23881170,,,,,2019,197,,3,0.01275944,0.065090001,4.868999958,0,103.0810013,2,84.73000336,703336,1,1513.115967,14.8253727,,,0.951
rear,,,,7,Siletz,25226,,3704,,,,,,2019,0,,,,,,0,,,,,,,,,,
rear,,,,6,Salmon,25282,,42527,23881216,,,,,2019,432,,4,0.018851049,0.01677,8.390000343,0,6.6950002,2,1018.833984,287147,2,1969.198975,19.30994415,,,0.63
rear,,,,18,Floras,21560.75977,,4054,23920814,,,,,2019,115,,4,0.01018801,0.314999998,4.927599907,0,15.6751003,1,767.3040161,474099,1,674.2399902,20.7371254,,,0.8393
rear,,,,18,Floras,21570.59961,,4107,23920750,,,,,2019,20,,6,0.00498282,0.035,9.765099525,0,13.0452003,2,124.1270752,353537,2,1480.694946,25.37641907,,,0.63
rear,,,,18,Floras,21570.59961,,4115,,,,,,2019,0,,,,,,0,,,,,,,,,,
rear,,,,18,Floras,21583,,3928,23920740,,,,,2019,367,,3,0.05866237,0.022,3.189800024,0,5.7154398,7,303.9830017,331320,5,1432.76001,21.69744682,,,0.4131
rear,,,,17,Coquille,21699,,4341,23915715,,,,,2019,0,,3,0.02013793,0.033,2.692699909,0,64.3662033,2,728.7620239,104461,4,1339.712036,21.73839378,,,0.326855263
rear,,,,17,Coquille,21710.19922,,4362,23914509,,,,,2019,0,,3,0.0133738,0.028000001,2.657799959,0,78.5790024,2,450.7749939,104461,1,1132.802979,21.06027794,,,0.326855263
rear,,,,17,Coquille,21738,,4426,,,,,,2019,1,,,,,,0,,,,,,,,,,
rear,,,,17,Coquille,21742.16016,,52274,23915697,,,,,2019,128,,4,0.093968458,0.039999999,3.304800034,0,89.5021973,2,56.75600052,141754,2,1776.261963,17.58593178,,,0.5069
rear,,,,17,Coquille,21775,,45002,23914773,,,,,2019,68,,7,0.00266568,0.039999999,12.77499962,0,94.0755997,5,615.0709839,191896,1,1542.496948,23.55433464,,,0.6339
rear,,,,17,Coquille,21827,,4629,23916183,,,,,2019,4,,4,0.057052631,0.078000002,3.688899994,0,72.3473969,2,715.6019897,115451,1,1596.860962,20.49747276,,,0.5899
rear,,,,17,Coquille,21853.69922,,4699,23914577,,,,,2019,399,,5,0.00980243,0.057999998,6.973700047,0,112.1080017,2,525.3449707,65010,1,1542.553955,20.23957634,,,0.6084
rear,,,,17,Coquille,21903,,47011,23915169,,,,,2019,27,,5,0.0266548,0.059999999,6.349999905,0,135.7960052,1,1513.137939,443889,1,1365.457031,16.49071312,,,0.5948
rear,,,,17,Coquille,21910,,46814,23915173,,,,,2019,0,,3,0.026027041,0.256000012,3.138900042,0,137.5970001,1,15303.38184,443889,1,1289.506958,15.80083466,,,0.325644444
rear,,,,17,Coquille,21946,,4794,23915693,,,,,2019,83,,4,0.058365591,0.041000001,3.923799992,0,70.8414001,5,1054.155029,6956811,2,1430.082031,19.50422478,,,0.5618
rear,,,,17,Coquille,21949,,4797,23915609,,,,,2019,636,,4,0.00582037,0.015,4.7645998,0,76.3888016,5,566.427002,342093.5,1,1671.886963,21.95424652,,,0.7762
rear,,,,17,Coquille,21957,,4851,23915183,,,,,2019,628,,4,0.052136991,0.041999999,4.799799919,0,94.2113037,2,2453.315918,342093.5,2,1715.547974,18.06846046,,,0.8485
rear,,,,17,Coquille,22012,,52262,23915025,,,,,2019,484,,5,0.00432521,0.021,7.59280014,0,111.387001,2,1541.796021,193468,2,1692.871948,21.20063972,,,0.6129
rear,,,,17,Coquille,22024,,5008,23915035,,,,,2019,86,,4,0.098569937,0.089000002,4.026899815,0,124.276001,2,2117.706055,193468,6,1673.708008,16.71364594,,,0.4151
rear,,,,17,Coquille,22036,,5073,23915053,,,,,2019,0,,4,0.02356473,0.075000003,4.11950016,0,111.8809967,2,417.6270142,132549,2,1513.215942,18.82598305,,,0.5499
rear,,,,17,Coquille,22036,,52278,23915053,,,,,2019,1104,,5,0.02356473,0.075000003,4.950200081,0,108.1439972,2,417.6270142,132549,2,1513.215942,18.82598305,,,0.9515
rear,,,,17,Coquille,22037,,5091,23915059,,,,,2019,424,,5,0.00272027,0.017000001,8.871600151,0,109.7799988,2,449.0220032,206276,4,1577.416016,20.38735199,,,0.7594
rear,,,,17,Coquille,22047.69922,,5150,23915073,,,,,2019,653,,5,0.01051787,0.028000001,6.728000164,0,127.5839996,1,479.6629944,206276,2,1657.776001,18.16691399,,,0.6084
rear,,,,16,Coos,22144,,5289,23910211,,,,,2019,1,,3,0.021304211,0.046,3.088500023,0,38.723999,5,649.6569824,146449.5,4,1396.921997,22.17930603,,,0.312
rear,,,,16,Coos,22157,,5323,23910755,,,,,2019,103,,4,0.075591236,0.011,3.587300062,0,42.9178009,5,11.72599983,1310616,5,1422.115967,18.11065483,,,0.4259
rear,,,,16,Coos,22162,,5342,23910593,,,,,2019,0,,3,0.079992838,0.083999999,2.945800066,0,41.2111015,5,2449.294922,1310616,5,1283.53894,17.54450035,,,0.418816304
rear,,,,16,Coos,22189,,52282,,,,,,2019,0,,,,,,0,,,,,,,,,,
rear,,,,16,Coos,22198,,5447,23909887,,,,,2019,659,,5,0.00985422,0.037999999,7.053999901,0,87.2333984,2,1764.680054,541063,4,1386.244995,18.81895638,,,0.7659
rear,,,,16,Coos,22199,,5460,23910699,,,,,2019,906,,5,0.034101568,0.037999999,5.289700031,0,94.9964981,1,2096.589111,541063,4,1172.657959,17.46163177,,,0.8634
rear,,,,16,Coos,22206,,5483,23909863,,,,,2019,627,,6,0.00400908,0.050000001,8.25399971,0,97.8942032,2,374.0480042,189232.5,4,1327.938965,18.80515289,,,0.9798
rear,,,,16,Coos,22217.80078,,5523,23909837,,,,,2019,1052,,5,0.01968226,0.052000001,8.239999771,0,106.6729965,1,6897.89209,212975,4,1300.642944,18.45808029,,,0.5266
rear,,,,16,Coos,22237,,5564,23910475,,,,,2019,1,,3,0.058814529,0.061999999,2.929399967,0,39.6171989,2,1630.769043,173352,1,1442.540039,18.4709034,,,0.0869
rear,,,,16,Coos,22240,,5570,23909923,,,,,2019,15,,4,0.045195319,0.046999998,3.615999937,0,47.3058014,2,2606.556885,173352,3,1230.008057,17.88553429,,,0.1866
rear,,,,16,Coos,22267,,5619,23909937,,,,,2019,291,,6,1E-05,0.027000001,9.051799774,0,63.1758995,2,1321.807007,155835.5,1,1488.04895,18.68350983,,,0.63
rear,,,,16,Coos,22269,,5624,23909965,,,,,2019,437,,4,0.063043699,0.061000001,4.582900047,0,67.0451965,1,3318.878906,639465,1,1844.062012,16.36233902,,,0.5548
rear,,,,16,Coos,22273,,5634,23909941,,,,,2019,376,,5,0.01114264,0.033,7.155900002,0,70.4203033,2,4628.312012,155835.5,1,1392.359985,18.38240051,,,0.6862
rear,,,,16,Coos,22273,,5638,23909945,,,,,2019,564,,5,0.02052726,0.033,6.99420023,0,71.0138016,1,2479.39502,155835.5,1,1409.907959,18.03940964,,,0.6065
rear,,,,16,Coos,22293,,45001,23910213,,,,,2019,2419,,4,0.01131486,0.052999999,4.367400169,0,91.5848007,2,1230.098022,390561,1,1487.027954,19.43831635,,,0.8946
rear,,,,16,Coos,22293.40039,,5701,23910215,,,,,2019,1082,,4,0.00938028,0.052999999,3.958899975,0,92.4832001,2,164.6750031,390561,1,1533.991943,18.41310692,,,0.486
rear,,,,16,Coos,22296,,52267,,,,,,2019,1139,,,,,,0,,,,,,,,,,
rear,,,,23,North Umpqua,,,66473,,,,,,2019,0,,,,,,0,,,,,,,,,,
rear,,,,24,South Umpqua,,,66482,,,,,,2019,0,,,,,,0,,,,,,,,,,
rear,,,,24,South Umpqua,0,,58287,23901195,,,,,2019,0,,5,0.0123688,0.048999999,6.15019989,0,324.0409851,2,1081.037964,77683,4,1427.151978,17.26623726,,,0.8513
rear,,,,21,Lower Umpqua,22511,,6614,24527868,,,,,2019,0,,3,0.061669879,0.097999997,2.894000053,0,76.2567978,1,944.8129883,152164,3,1488.863037,18.43664551,,,0.336448718
rear,,,,21,Lower Umpqua,22521,,6628,24527514,,,,,2019,90,,5,0.00813623,0.033,6.333099842,0,88.686203,2,681.8449707,152164,3,1322.152954,20.41588783,,,0.9515
rear,,,,21,Lower Umpqua,22521,,66492,24527514,,,,,2019,256,,5,0.00813623,0.033,6.379700184,0,87.0093994,5,681.8449707,152164,3,1322.152954,20.41588783,,,0.8939
rear,,,,21,Lower Umpqua,22526,,6647,24527828,,,,,2019,1130,,5,0.00816159,0.033,6.161200047,0,89.0178986,2,178.427002,126968,3,1416.592041,18.24530602,,,0.9798
rear,,,,21,Lower Umpqua,22537.5,,6673,24527922,,,,,2019,173,,3,0.059683818,0.046999998,3.208800077,0,98.836998,2,473.3240051,152164,3,1248.597046,17.30412292,,,0.4197
rear,,,,21,Lower Umpqua,22551,,6712,24527960,,,,,2019,128,,3,0.069440581,0.193000004,3.258300066,0,115.6070023,5,3865.031006,139707,4,1366.796997,16.27881813,,,0.3945
rear,,,,21,Lower Umpqua,22628,,6817,,,,,,2019,920,,,,,,0,,,,,,,,,,
rear,,,,21,Lower Umpqua,22653,,6841,24526732,,,,,2019,6,,5,0.00973041,0.030999999,8.596400261,0,47.7947998,2,5106.221191,192547,1,1547.040039,21.25535393,,,0.5548
rear,,,,21,Lower Umpqua,22678,,6887,24528898,,,,,2019,95,,4,0.033422589,0.041000001,4.329199791,0,45.0979996,2,995.3500977,352630,1,1603.58606,19.81061172,,,0.945
rear,,,,21,Lower Umpqua,22686,,6894,24527268,,,,,2019,863,,5,0.00462522,0.034000002,6.326099873,0,54.1776009,2,36.70999908,352630,1,1722.109985,21.20817947,,,0.9934
rear,,,,21,Lower Umpqua,22688,,6915,24526776,,,,,2019,523,,5,0.01265163,0.032000002,5.451399803,0,56.3795013,2,2321.85791,158183,4,1351.771973,20.147089,,,0.5804
rear,,,,22,Middle Umpqua,22731,,66516,,,,,,2019,47,,,,,,0,,,,,,,,,,
rear,,,,22,Middle Umpqua,22809,,66524,24529002,,,,,2019,0,,3,0.022359891,0.046,4.197199821,0,134.1660004,5,457.5230103,210556,8,1458.229004,21.68950653,,,0.8182
rear,,,,22,Middle Umpqua,22810,,7178,24527182,,,,,2019,111,,6,0.00648338,0.046,8.624699593,0,132.6950073,2,555.6613159,210556,8,1751.489014,23.59239388,,,1
rear,,,,22,Middle Umpqua,22816.40039,,7195,24527188,,,,,2019,18,,5,0.00219733,0.056000002,6.204999924,0,144.1629944,5,172.0820007,194840,4,1644.237061,22.68776703,,,0.9798
rear,,,,22,Middle Umpqua,22834,,7230,24528584,,,,,2019,46,,5,0.00973384,0.035999998,4.975399971,0,117.0479965,5,2062.170898,166773,1,1456.100952,21.34534264,,,0.6076
rear,,,,22,Middle Umpqua,22862,,7285,24526856,,,,,2019,926,,5,0.00673904,0.050000001,7.011000156,0,147.2380066,2,134.7059937,104075,3,1627.703979,19.91929054,,,0.6215
rear,,,,22,Middle Umpqua,22866.40039,,66477,24526874,,,,,2019,135,,5,0.00971693,0.081,6.015900135,0,148.2440033,5,718.2089844,87784,1,1327.281006,20.48166656,,,0.5948
rear,,,,22,Middle Umpqua,22884.15039,,7351,24526924,,,,,2019,114,,4,0.00623715,0.037999999,5.713300228,0,161.2619934,2,765.9299927,159900,1,1937.526001,22.36497116,,,0.9367
rear,,,,22,Middle Umpqua,22899,,7369,,,,,,2019,72,,,,,,0,,,,,,,,,,
rear,,,,22,Middle Umpqua,22973.59961,,7445,24528976,,,,,2019,0,,3,0.026188361,0.037,3.700500011,0,174.4290009,2,823.302002,159900,1,1699.203979,22.76132202,,,0.6118
rear,,,,24,South Umpqua,22989.69922,,66509,,,,,,2019,18,,,,,,0,,,,,,,,,,
rear,,,,24,South Umpqua,23001.19922,,7510,23902013,,,,,2019,18,,6,0.00619231,0.034000002,7.347899914,0,204.5079956,5,53.63100052,34167,8,1917.400024,23.61371231,,,0.9934
rear,,,,24,South Umpqua,23059,,7620,23901057,,,,,2019,138,,5,0.01096434,0.056000002,6.158400059,0,224.2409973,5,1425.814941,37060,1,1529.255005,21.57338905,,,0.9135
rear,,,,24,South Umpqua,23095,,7703,23901969,,,,,2019,157,,4,0.027582331,0.048999999,5.243299961,0,265.0400085,2,1501.209961,124044.5,11,1507.220947,19.47340202,,,0.8974
rear,,,,24,South Umpqua,23111,,7739,23901985,,,,,2019,81,,6,0.00591356,0.048999999,9.009599686,0,247.9490051,2,1664.217041,119638.5,9,1452.993042,24.41910362,,,0.9515
rear,,,,24,South Umpqua,23209.30078,,7891,23903303,,,,,2019,117,,4,0.069929473,0.081,4.865799904,0,313.3410034,5,7706.370117,14370,7,1249.66394,14.72671413,,,0.1357
rear,,,,24,South Umpqua,23229,,66485,,,,,,2019,9,,,,,,0,,,,,,,,,,
rear,,,,24,South Umpqua,23252,,7937,23903405,,,,,2019,113,,4,0.023136791,0.082999997,4.706600189,0,308.9649963,5,814.0020142,40122,4,1398.505005,18.91605568,,,0.9056
rear,,,,24,South Umpqua,23313,,8033,23903561,,,,,2019,285,,3,0.057223711,0.064999998,3.937299967,0,339.0870056,2,3225.314941,51882,5,1379.733032,17.38367653,,,0.317
rear,,,,24,South Umpqua,23332,,8056,23902839,,,,,2019,696,,4,0.02995339,0.046999998,4.453499794,0,338.3450012,5,1058.062012,51882,5,1748.214966,19.06121063,,,0.8644
rear,,,,24,South Umpqua,23475.69922,,8205,23902755,,,,,2019,0,,5,0.087599441,0.050999999,5.118000031,0,294.5280151,2,4445.846191,30080,1,1492.107056,18.80177116,,,0.5699
rear,,,,24,South Umpqua,23536,,8254,23901601,,,,,2019,0,,5,0.02855289,0.097000003,7.62650013,0,317.7189941,5,3086.693115,71010,1,1611.151001,19.25932312,,,0.6608
rear,,,,24,South Umpqua,23537,,66518,,,,,,2019,0,,,,,,0,,,,,,,,,,
rear,,,,24,South Umpqua,23552.30078,,8266,23901641,,,,,2019,0,,4,0.052558672,0.064000003,5.383299828,0,326.4110107,2,8368.530273,59126,1,1655.345947,19.17771912,,,0.1953
rear,,,,24,South Umpqua,23554,,8270,23901649,,,,,2019,0,,5,0.035333611,0.07,7.495800018,0,327.3590088,2,3953.829102,59126,1,1674.94397,18.81058121,,,0.5494
rear,,,,24,South Umpqua,23589,,8306,23901841,,,,,2019,0,,6,0.0122417,0.067000002,8.491200447,0,323.5539856,2,9093.561523,758208,1,1941.218994,24.8387146,,,0.5081
rear,,,,23,North Umpqua,23663,,8344,23894024,,,,,2019,76,,5,0.00988142,0.074000001,8.095600128,0,249.2389984,2,3590.211914,70525,2,1608.967041,20.6137352,,,0.5654