"","STRM_ORDER","LifeStage","dens","yr","PopGrp","ID_Num","UTM_E","UTM_N","WidthM","W3Dppt","MWMT_Index","StrmPow","SprPpt","IP_COHO","SolMean","StrmSlope","OUT_DIST","Panel","UTM_E_km","UTM_N_km","fYr","fSTRM_ORDER"
"2676",3,"rear",0,2007,"Nehalem",50,469860,5063338,-0.5764122837771,-0.0590718880004221,-1.59617347254109,0.0561448072237492,-1.17331083724559,-1.47344401284278,0.660549126166968,1.60531055684616,1.16082207299428,"nine",469.86,5063.338,"2007","3"
"2675",3,"rear",0,2016,"Nehalem",50,469860,5063338,-0.5764122837771,-0.424632246525653,-1.99566948601327,0.0561448072237492,-0.357348747963981,-1.47344401284278,0.660549126166968,1.60531055684616,1.16082207299428,"nine",469.86,5063.338,"2016","3"
"1609",3,"rear",210,2014,"Nehalem",72,471118,5097163,-0.353306593107203,-0.747185504047915,0.0817097840420431,-0.225669781503972,0.00813427119340491,1.68932284445842,0.443203961876305,-0.0954831557975414,0.262639897416426,"nine",471.118,5097.163,"2014","3"
"1518",4,"rear",50,2011,"Nehalem",73,467719,5082928,-0.528603921490694,-0.317114494018232,-1.27657666176335,-0.189421246762197,0.484112156607676,1.06567867541311,0.412699377414458,-0.435641898326282,-0.095683771043959,"nine",467.719,5082.928,"2011","4"
"2677",4,"rear",0,2016,"Nehalem",81,479839,5097010,0.188521512805403,1.55369439961089,-0.717282242902307,-0.092758487450797,-0.756830187508101,0.442034506367805,-0.273653772977107,-0.0954831557975414,0.196195773463507,"nine",479.839,5097.01,"2016","4"
"56",3,"rear",42,2016,"Nehalem",85,484444,5093265,-0.40111495539361,-0.962221009062756,-0.397685432124567,-0.562212550135942,-0.586838085574433,1.3329547478611,-1.22692203740984,-0.435641898326282,0.394341643108819,"annual",484.444,5093.265,"2016","3"
"57",3,"rear",14,2017,"Nehalem",85,484444,5093265,-0.40111495539361,-0.274107393015263,-0.317786229430132,-0.562212550135942,-0.0173645440966453,1.3329547478611,-1.22692203740984,-0.435641898326282,0.394341643108819,"annual",484.444,5093.265,"2017","3"
"58",3,"rear",36,2018,"Nehalem",85,484444,5093265,-0.40111495539361,-0.274107393015263,0.361356993472565,-0.562212550135942,-0.569838875381067,1.3329547478611,-1.22692203740984,-0.435641898326282,0.394341643108819,"annual",484.444,5093.265,"2018","3"
"59",3,"rear",14,2020,"Nehalem",85,484444,5093265,-0.40111495539361,-1.02673166056721,-0.118038222694044,-0.562212550135942,-0.297851512287198,1.3329547478611,-1.22692203740984,-0.435641898326282,0.394341643108819,"annual",484.444,5093.265,"2020","3"
"60",3,"rear",6,2021,"Nehalem",85,484444,5093265,-0.40111495539361,-1.02673166056721,-0.118038222694044,-0.562212550135942,-0.297851512287198,1.3329547478611,-1.22692203740984,-0.435641898326282,0.394341643108819,"annual",484.444,5093.265,"2021","3"
"2516",3,"rear",0,2010,"Nehalem",91,494087,5072996,-0.863262457495539,-1.19876006457908,-1.19667745906892,-0.529517793310027,0.314120054674007,1.24386272371177,-0.715970247673894,0.58483432925994,0.743173293861644,"nine",494.087,5072.996,"2010","3"
"3192",4,"rear",43,2002,"NCDependent",107,423826,4994857,-0.066456419388765,0.370999122029261,-0.917030249638394,-0.462706768491853,0.526610182091093,-0.448885735125488,-1.09346448038926,0.58483432925994,-1.13387320780832,"once",423.826,4994.857,"2002","4"
"445",3,"rear",12,1998,"NCDependent",130,428327,4991139,-0.703901249874184,0.349495571527777,-1.51627426984666,-0.414020011044567,-0.365848353060665,-0.448885735125488,0.469895473280422,1.9454692993749,-1.06268307500162,"annual",428.327,4991.139,"1998","3"
"446",3,"rear",0,1999,"NCDependent",130,428327,4991139,-0.703901249874184,1.44617664710347,-2.15546789140214,-0.414020011044567,0.19512558332044,-0.448885735125488,0.469895473280422,1.9454692993749,-1.06268307500162,"annual",428.327,4991.139,"1999","3"
"447",3,"rear",19,2000,"NCDependent",130,428327,4991139,-0.703901249874184,0.349495571527777,-1.8358710806244,-0.414020011044567,0.212124793513807,-0.448885735125488,0.469895473280422,1.9454692993749,-1.06268307500162,"annual",428.327,4991.139,"2000","3"
"448",3,"rear",0,2001,"NCDependent",130,428327,4991139,-0.703901249874184,-0.87620680705682,-2.15546789140214,-0.414020011044567,0.254622818997224,-0.448885735125488,0.469895473280422,1.9454692993749,-1.06268307500162,"annual",428.327,4991.139,"2001","3"
"449",3,"rear",0,2002,"NCDependent",130,428327,4991139,-0.703901249874184,0.392502672530745,-1.63612307388831,-0.414020011044567,0.322619659770691,-0.448885735125488,0.469895473280422,1.9454692993749,-1.06268307500162,"annual",428.327,4991.139,"2002","3"
"450",3,"rear",55,2003,"NCDependent",130,428327,4991139,-0.703901249874184,0.52152397553965,-1.51627426984666,-0.414020011044567,0.373617290350791,-0.448885735125488,0.469895473280422,1.9454692993749,-1.06268307500162,"annual",428.327,4991.139,"2003","3"
"451",3,"rear",42,2004,"NCDependent",130,428327,4991139,-0.703901249874184,0.822573682560428,-1.19667745906892,-0.414020011044567,-0.136359015450213,-0.448885735125488,0.469895473280422,1.9454692993749,-1.06268307500162,"annual",428.327,4991.139,"2004","3"
"452",3,"rear",13,2005,"NCDependent",130,428327,4991139,-0.703901249874184,0.0484458645069986,-1.43637506715222,-0.414020011044567,1.00258806750536,-0.448885735125488,0.469895473280422,1.9454692993749,-1.06268307500162,"annual",428.327,4991.139,"2005","3"
"453",3,"rear",26,2006,"NCDependent",130,428327,4991139,-0.703901249874184,0.327992021026292,-1.51627426984666,-0.414020011044567,-0.272352696997147,-0.448885735125488,0.469895473280422,1.9454692993749,-1.06268307500162,"annual",428.327,4991.139,"2006","3"
"454",3,"rear",107,2012,"NCDependent",130,428327,4991139,-0.703901249874184,1.31715534409456,-1.87582068197161,-0.414020011044567,0.212124793513807,-0.448885735125488,0.469895473280422,1.9454692993749,-1.06268307500162,"annual",428.327,4991.139,"2012","3"
"303",3,"rear",35,2013,"NCDependent",130,428327,4991139,-0.703901249874184,-0.467639347528621,-1.71602227658274,-0.414020011044567,0.849595175765062,-0.448885735125488,0.469895473280422,1.9454692993749,-1.06268307500162,"annual",428.327,4991.139,"2013","3"
"304",3,"rear",7,2014,"NCDependent",130,428327,4991139,-0.703901249874184,-0.489142898030105,-1.23662706041613,-0.414020011044567,0.713601494218127,-0.448885735125488,0.469895473280422,1.9454692993749,-1.06268307500162,"annual",428.327,4991.139,"2014","3"
"301",3,"rear",43,2015,"NCDependent",130,428327,4991139,-0.703901249874184,0.284984920023324,-1.19667745906892,-0.414020011044567,1.96304344343059,-0.448885735125488,0.469895473280422,1.9454692993749,-1.06268307500162,"annual",428.327,4991.139,"2015","3"
"302",3,"rear",72,2016,"NCDependent",130,428327,4991139,-0.703901249874184,0.155963617014419,-1.63612307388831,-0.414020011044567,1.58056121407983,-0.448885735125488,0.469895473280422,1.9454692993749,-1.06268307500162,"annual",428.327,4991.139,"2016","3"
"443",3,"rear",33,2017,"NCDependent",130,428327,4991139,-0.703901249874184,0.457013324035197,-1.79592147927718,-0.414020011044567,-0.544340060091016,-0.448885735125488,0.469895473280422,1.9454692993749,-1.06268307500162,"annual",428.327,4991.139,"2017","3"
"444",3,"rear",0,2018,"NCDependent",130,428327,4991139,-0.703901249874184,0.26348136952184,-1.396425465805,-0.414020011044567,0.586107417767876,-0.448885735125488,0.469895473280422,1.9454692993749,-1.06268307500162,"annual",428.327,4991.139,"2018","3"
"300",3,"rear",61,2019,"NCDependent",130,428327,4991139,-0.703901249874184,0.500020425038166,-1.31652626311057,-0.414020011044567,2.50701816961833,-0.448885735125488,0.469895473280422,1.9454692993749,-1.06268307500162,"annual",428.327,4991.139,"2019","3"
"2088",3,"rear",68,2003,"Nestucca",132,427549,4998985,-0.512667800728558,0.62904172804707,-0.277836628082914,-0.648924731282933,0.501111366801042,0.174758433919818,1.56043436779146,0.58483432925994,-1.03658002630583,"nine",427.549,4998.985,"2003","3"
"3182",3,"rear",81,2002,"Nestucca",133,428008,5000134,-0.241753747772255,-0.166589640507843,-0.35773583077735,-0.648924731282933,-0.119359805256846,1.3329547478611,1.56043436779146,0.58483432925994,-1.05437755950751,"once",428.008,5000.134,"2002","3"
"1428",5,"rear",90,1999,"Nestucca",134,430457,4999075,0.252265995853945,1.38166599559902,-1.35647586445779,-0.745587490594333,0.288621239383957,-0.448885735125488,-0.502438156440963,-0.0954831557975414,-1.00573096875626,"nine",430.457,4999.075,"1999","5"
"1429",5,"rear",121,2008,"Nestucca",134,430457,4999075,0.252265995853945,0.327992021026292,-1.1567278577217,-0.745587490594333,0.365117685254108,-0.448885735125488,-0.502438156440963,-0.0954831557975414,-1.00573096875626,"nine",430.457,4999.075,"2008","5"
"1427",5,"rear",124,2017,"Nestucca",134,430457,4999076,0.252265995853945,0.220474268518872,-1.03687905368005,-0.745587490594333,1.79305134149692,-0.448885735125488,-0.502438156440963,-0.0954831557975414,-1.00573096875626,"nine",430.457,4999.076,"2017","5"
"3264",4,"rear",60,2004,"Nestucca",137,430662,4999437,-0.369242713869339,0.370999122029261,-1.07682865502726,0.00212738290267281,0.110129532353606,-1.02798389209613,-0.338476014958533,2.96594552696113,-0.998611955475591,"once",430.662,4999.437,"2004","4"
"2178",4,"rear",84,2006,"Nestucca",140,429419,4998000,-0.417051076155745,0.112956516011451,-0.597433438860654,0.31023992820776,-0.195856251126997,-1.51799002491744,-1.39088417889227,0.58483432925994,-1.00335796432937,"nine",429.419,4998,"2006","4"
"2177",4,"rear",116,2015,"Nestucca",140,429419,4998000,-0.417051076155745,0.220474268518872,-0.118038222694044,0.31023992820776,-0.544340060091016,-1.51799002491744,-1.39088417889227,0.58483432925994,-1.00335796432937,"nine",429.419,4998,"2015","4"
"3148",3,"rear",0,2001,"Nestucca",145,430985,4995383,-0.703901249874184,-0.575157100036041,-1.43637506715222,0.233122947433592,0.535109787187776,-0.448885735125488,0.157223482546486,0.924993071788681,-0.965389893499132,"once",430.985,4995.383,"2001","3"
"3265",5,"rear",353,2004,"Nestucca",154,432516,4994442,0.570988411096654,1.36016244509753,0.121659385389261,-0.535914593558575,0.16962676803039,-0.00342561437884133,-0.792231708828513,-0.775800640855023,-0.926235320455447,"once",432.516,4994.442,"2004","5"
"1166",5,"rear",683,2002,"Nestucca",158,433593,4992296,-0.130200902437307,0.844077233061912,-1.19667745906892,-0.0280797293821397,0.722101099314811,-0.582523771349482,-0.963819996426404,0.924993071788681,-0.888267249625208,"three",433.593,4992.296,"2002","5"
"1167",5,"rear",585,2005,"Nestucca",158,433593,4992296,-0.130200902437307,0.62904172804707,-1.03687905368005,-0.0280797293821397,1.37657069175943,-0.582523771349482,-0.963819996426404,0.924993071788681,-0.888267249625208,"three",433.593,4992.296,"2005","5"
"1168",5,"rear",752,2006,"Nestucca",158,433593,4992296,-0.130200902437307,0.973098536070817,-1.11677825637448,-0.0280797293821397,-0.0428633593866955,-0.582523771349482,-0.963819996426404,0.924993071788681,-0.888267249625208,"three",433.593,4992.296,"2006","5"
"251",6,"rear",650,2002,"Nestucca",165,437138,4994998,1.4474750530141,0.736559480554491,-0.317786229430132,-0.584956728797447,0.526610182091093,0.130212421845153,0.572848445839157,-1.11595938338376,-0.887080747411763,"annual",437.138,4994.998,"2002","6"
"252",6,"rear",422,2005,"Nestucca",165,437138,4994998,1.4474750530141,0.650545278548555,-0.157987824041262,-0.584956728797447,1.30007424588928,0.130212421845153,0.572848445839157,-1.11595938338376,-0.887080747411763,"annual",437.138,4994.998,"2005","6"
"253",6,"rear",907,2006,"Nestucca",165,437138,4994998,1.4474750530141,0.88708433406488,-0.157987824041262,-0.584956728797447,-0.15335822564358,0.130212421845153,0.572848445839157,-1.11595938338376,-0.887080747411763,"annual",437.138,4994.998,"2006","6"
"3337",5,"rear",1909,2006,"Nestucca",166,437958,4995113,0.316010478902486,0.88708433406488,0.161608986736478,-0.332283118979781,-0.15335822564358,-0.00342561437884133,0.996099555247289,-0.775800640855023,-0.871656218636978,"once",437.958,4995.113,"2006","5"
"2619",4,"rear",313,2004,"Nestucca",170,437757,4995749,-0.162073143961578,1.20963759158714,-0.517534236166219,-0.294257695280076,0.178126373127073,0.0856664097704881,1.27064081540392,0.244675586731199,-0.859791196502528,"nine",437.757,4995.749,"2004","4"
"3221",4,"rear",648,2003,"Nestucca",174,438552,4994745,-0.114264781675171,0.672048829050039,-0.877080648291176,-0.49788916985887,0.637105048347977,-0.0479716264535061,1.16768784284518,-0.435641898326282,-0.865723707569753,"once",438.552,4994.745,"2003","4"
"3123",4,"rear",60,1998,"Nestucca",178,439742,4994119,-0.417051076155745,0.736559480554491,-0.797181445596741,-0.367110142555212,-0.323350327577248,-0.315247698901494,2.15527376479749,-0.775800640855023,-0.847926174368078,"once",439.742,4994.119,"1998","4"
"1534",3,"rear",0,2002,"Nestucca",182,435962,4993413,-0.687965129112048,0.844077233061912,-1.87582068197161,-0.462706768491853,0.722101099314811,-0.760707819648141,1.53755592944508,0.58483432925994,-0.821823125672289,"nine",435.962,4993.413,"2002","3"
"1536",3,"rear",0,2011,"Nestucca",185,435695,4991239,-0.703901249874184,0.414006223032229,-1.8358710806244,-0.715025000517934,1.92904502304385,1.37750075993576,-1.25361354881395,0.244675586731199,-0.805212094684059,"nine",435.695,4991.239,"2011","3"
"1535",3,"rear",0,2020,"Nestucca",185,435695,4991239,-0.703901249874184,-0.166589640507843,-1.59617347254109,-0.715025000517934,-0.119359805256846,1.37750075993576,-1.25361354881395,0.244675586731199,-0.805212094684059,"nine",435.695,4991.239,"2020","3"
"2620",4,"rear",427,2004,"Nestucca",193,426566,5006601,0.316010478902486,-0.0590718880004221,0.800802608291958,-0.71715726726745,-0.0343637542900121,1.68932284445842,0.183914993950603,-0.775800640855023,-1.04963155065373,"nine",426.566,5006.601,"2004","4"
"3297",4,"rear",386,2005,"Nestucca",195,427301,5007915,0.220393754329674,-0.940717458561272,0.361356993472565,-0.71715726726745,1.05358569808546,-0.1816096626775,0.183914993950603,-0.775800640855023,-1.02946101302516,"once",427.301,5007.915,"2005","4"
"1431",4,"rear",0,1999,"Nestucca",208,430264,5003039,0.0610325467083188,2.24180801565838,-1.23662706041613,-0.443871745537794,0.56910820757451,-0.270701686826829,0.511839276915462,0.924993071788681,-0.964203391285687,"nine",430.264,5003.039,"1999","4"
"1432",4,"rear",15,2008,"Nestucca",208,430264,5003039,0.0610325467083188,0.715055930053007,-1.1567278577217,-0.443871745537794,0.62010583815461,-0.270701686826829,0.511839276915462,0.924993071788681,-0.964203391285687,"nine",430.264,5003.039,"2008","4"
"1430",4,"rear",0,2017,"Nestucca",208,430264,5003039,0.0610325467083188,0.370999122029261,-0.956979850985612,-0.443871745537794,2.10753673007421,-0.270701686826829,0.511839276915462,0.924993071788681,-0.964203391285687,"nine",430.264,5003.039,"2017","4"
"2273",4,"rear",11,1998,"Nestucca",210,430370,5002894,-0.0186480571023586,0.0699494150084828,-0.597433438860654,-0.443871745537794,-0.297851512287198,-1.78526609736543,0.511839276915462,0.924993071788681,-0.961830386858797,"three",430.37,5002.894,"1998","4"
"2274",4,"rear",0,2001,"Nestucca",210,430370,5002894,-0.0186480571023586,-0.725681953546431,-1.396425465805,-0.443871745537794,0.543609392284459,-1.78526609736543,0.511839276915462,0.924993071788681,-0.961830386858797,"three",430.37,5002.894,"2001","4"
"2275",4,"rear",23,2004,"Nestucca",210,430370,5002894,-0.0186480571023586,0.672048829050039,-0.35773583077735,-0.443871745537794,0.441614131124259,-1.78526609736543,0.511839276915462,0.924993071788681,-0.961830386858797,"three",430.37,5002.894,"2004","4"
"2276",4,"rear",196,2010,"Nestucca",210,430370,5002894,-0.0186480571023586,-0.532149999033073,-1.03687905368005,-0.443871745537794,1.92904502304385,-1.78526609736543,0.511839276915462,0.924993071788681,-0.961830386858797,"three",430.37,5002.894,"2010","4"
"2277",4,"rear",25,2013,"Nestucca",210,430370,5002894,-0.0186480571023586,-0.10207898900339,-0.757231844249525,-0.443871745537794,1.47856595291963,-1.78526609736543,0.511839276915462,0.924993071788681,-0.961830386858797,"three",430.37,5002.894,"2013","4"
"2272",4,"rear",0,2016,"Nestucca",210,430371,5002894,-0.0186480571023586,1.55369439961089,-0.557483837513437,-0.443871745537794,-0.510341639704283,-1.78526609736543,0.511839276915462,0.924993071788681,-0.961830386858797,"three",430.371,5002.894,"2016","4"
"2271",4,"rear",0,2019,"Nestucca",210,430370,5002894,-0.0186480571023586,0.88708433406488,-0.477584634819001,-0.443871745537794,2.21803159633109,-1.78526609736543,0.511839276915462,0.924993071788681,-0.961830386858797,"three",430.37,5002.894,"2019","4"
"3149",3,"rear",0,2001,"Nestucca",214,429829,5007534,-0.464859438442152,-1.04823521106869,-0.797181445596741,-0.44422712332938,0.19512558332044,0.5756725425918,1.01897799359367,-0.0954831557975414,-0.963016889072242,"once",429.829,5007.534,"2001","3"
"1731",3,"rear",12,2000,"Nestucca",215,430262,5007143,-0.464859438442152,0.88708433406488,-0.237887026735697,-0.44422712332938,0.458613341317625,1.06567867541311,1.01897799359367,-0.0954831557975414,-0.971322404566357,"three",430.262,5007.143,"2000","3"
"1732",3,"rear",158,2006,"Nestucca",215,430262,5007143,-0.464859438442152,-0.10207898900339,-0.157987824041262,-0.44422712332938,-0.399846773447398,1.06567867541311,1.01897799359367,-0.0954831557975414,-0.971322404566357,"three",430.262,5007.143,"2006","3"
"1733",3,"rear",73,2009,"Nestucca",215,430262,5007143,-0.464859438442152,-0.446135797027137,-0.157987824041262,-0.44422712332938,-0.0428633593866955,1.06567867541311,1.01897799359367,-0.0954831557975414,-0.971322404566357,"three",430.262,5007.143,"2009","3"
"1730",3,"rear",0,2015,"Nestucca",215,430262,5007143,-0.464859438442152,0.134460066512935,0.521155398861436,-0.44422712332938,-0.705832556928001,1.06567867541311,1.01897799359367,-0.0954831557975414,-0.971322404566357,"three",430.262,5007.143,"2015","3"
"2179",6,"rear",12,2006,"Nestucca",218,432553,5008418,2.54706738560145,-0.10207898900339,0.281457790778131,0.25480099272034,-0.399846773447398,-0.0479716264535061,0.530904642204117,-0.775800640855023,-0.906064782826883,"nine",432.553,5008.418,"2006","6"
"2180",4,"rear",0,2006,"Nestucca",223,436775,5003704,0.0450964259461834,1.08061628857824,-1.23662706041613,0.566111938149701,0.00813427119340491,-1.20616794039479,0.344064062375302,1.9454692993749,-0.800466085830279,"nine",436.775,5003.704,"2006","4"
"3032",5,"rear",62,2000,"Nestucca",227,436861,5002166,0.61879677338306,0.88708433406488,-1.07682865502726,0.826959237173847,0.458613341317625,0.0856664097704881,0.671988345340161,-0.0954831557975414,-0.794533574763054,"once",436.861,5002.166,"2000","5"
"1734",3,"rear",0,2003,"Nestucca",228,438804,4999559,-0.560476163014965,1.03760918757527,-1.59617347254109,0.202560457357193,0.815596755378328,-0.315247698901494,1.09523945474829,2.28562804190364,-0.73876797073114,"three",438.804,4999.559,"2003","3"
"1735",3,"rear",0,2006,"Nestucca",228,438804,4999559,-0.560476163014965,1.12362338958121,-1.51627426984666,0.202560457357193,-0.000365333903278495,-0.315247698901494,1.09523945474829,2.28562804190364,-0.73876797073114,"three",438.804,4999.559,"2006","3"
"254",5,"rear",15,2002,"Nestucca",233,436871,5002265,1.28811384539275,0.801070132058944,-0.797181445596741,0.826959237173847,0.858094780861745,1.11022468748778,0.671988345340161,-0.0954831557975414,-0.795720076976499,"annual",436.871,5002.265,"2002","5"
"255",5,"rear",1,2003,"Nestucca",233,436871,5002265,1.28811384539275,1.14512694008269,-0.757231844249525,0.826959237173847,0.832595965571695,1.11022468748778,0.671988345340161,-0.0954831557975414,-0.795720076976499,"annual",436.871,5002.265,"2003","5"
"256",5,"rear",369,2004,"Nestucca",233,436871,5002265,1.28811384539275,1.16663049058417,-0.397685432124567,0.826959237173847,0.518110576994409,1.11022468748778,0.671988345340161,-0.0954831557975414,-0.795720076976499,"annual",436.871,5002.265,"2004","5"
"257",5,"rear",15,2005,"Nestucca",233,436871,5002265,1.28811384539275,0.801070132058944,-0.677332641555089,0.826959237173847,1.5975604242732,1.11022468748778,0.671988345340161,-0.0954831557975414,-0.795720076976499,"annual",436.871,5002.265,"2005","5"
"258",5,"rear",0,2006,"Nestucca",233,436871,5002265,1.28811384539275,1.08061628857824,-0.677332641555089,0.826959237173847,0.00813427119340491,1.11022468748778,0.671988345340161,-0.0954831557975414,-0.795720076976499,"annual",436.871,5002.265,"2006","5"
"2280",4,"rear",2,1998,"Nestucca",234,439602,5002187,-0.146137023199442,0.77956658155746,-0.917030249638394,0.226726147185043,-0.280852302093831,-0.760707819648141,1.30495847292349,1.60531055684616,-0.758938508359705,"three",439.602,5002.187,"1998","4"
"2281",4,"rear",0,2001,"Nestucca",234,439602,5002187,-0.146137023199442,-0.661171302041978,-1.99566948601327,0.226726147185043,0.637105048347977,-0.760707819648141,1.30495847292349,1.60531055684616,-0.758938508359705,"three",439.602,5002.187,"2001","4"
"2282",4,"rear",76,2004,"Nestucca",234,439602,5002187,-0.146137023199442,1.33865889459605,-0.917030249638394,0.226726147185043,0.407615710737525,-0.760707819648141,1.30495847292349,1.60531055684616,-0.758938508359705,"three",439.602,5002.187,"2004","4"
"2283",4,"rear",41,2007,"Nestucca",234,439602,5002187,-0.146137023199442,-0.3601215950212,-0.917030249638394,0.226726147185043,-0.238354276610414,-0.760707819648141,1.30495847292349,1.60531055684616,-0.758938508359705,"three",439.602,5002.187,"2007","4"
"2284",4,"rear",295,2010,"Nestucca",234,439602,5002187,-0.146137023199442,-0.317114494018232,-1.47632466849944,0.226726147185043,1.92904502304385,-0.760707819648141,1.30495847292349,1.60531055684616,-0.758938508359705,"three",439.602,5002.187,"2010","4"
"2285",4,"rear",279,2013,"Nestucca",234,439602,5002187,-0.146137023199442,-0.0590718880004221,-1.19667745906892,0.226726147185043,1.52106397840305,-0.760707819648141,1.30495847292349,1.60531055684616,-0.758938508359705,"three",439.602,5002.187,"2013","4"
"2279",4,"rear",141,2016,"Nestucca",234,439602,5002187,-0.146137023199442,2.02677251064354,-1.396425465805,0.226726147185043,-0.6038372957678,-0.760707819648141,1.30495847292349,1.60531055684616,-0.758938508359705,"three",439.602,5002.187,"2016","4"
"2278",4,"rear",207,2019,"Nestucca",234,439602,5002187,-0.146137023199442,0.88708433406488,-1.23662706041613,0.226726147185043,2.21803159633109,-0.760707819648141,1.30495847292349,1.60531055684616,-0.758938508359705,"three",439.602,5002.187,"2019","4"
"1433",4,"rear",0,2017,"Nestucca",237,440507,5003044,0.857838584815092,0.177467167515903,-0.0780886213468263,1.28219818819555,1.52106397840305,-0.627069783424147,0.485147765511346,0.244675586731199,-0.756565503932815,"nine",440.507,5003.044,"2017","4"
"3266",4,"rear",82,2004,"Nestucca",239,433390,5009671,-0.0186480571023586,0.500020425038166,-0.677332641555089,1.74454469504897,0.297120844480641,-2.05254216981342,-0.323223722727609,2.28562804190364,-0.891826756265543,"once",433.39,5009.671,"2004","4"
"3298",4,"rear",22,2005,"Nestucca",240,429657,5011706,-0.544540042252829,0.26348136952184,-2.11551829005492,0.0732029412198787,1.37657069175943,-2.05254216981342,-0.452868206690461,1.60531055684616,-0.832501645593294,"once",429.657,5011.706,"2005","4"
"3338",1,"rear",329,2006,"Nestucca",242,433046,5011407,-1.15011263121398,0.306488470524808,-1.07682865502726,-0.274356538951258,-0.323350327577248,-0.448885735125488,-0.654961078750199,-0.435641898326282,-0.877588729704203,"once",433.046,5011.407,"2006","1"
"3222",4,"rear",16,2003,"Nestucca",243,430842,5011522,0.0291603051840479,0.865580783563396,-1.11677825637448,-0.274356538951258,0.603106627961243,-0.270701686826829,-0.654961078750199,-0.435641898326282,-0.850299178794968,"once",430.842,5011.522,"2003","4"
"3267",3,"rear",10,2004,"Nestucca",245,430295,5012121,-0.496731679966423,0.414006223032229,-1.47632466849944,0.209312635397328,0.297120844480641,-1.6961740732161,-0.593951909826505,2.96594552696113,-0.837247654447073,"once",430.295,5012.121,"2004","3"
"2182",4,"rear",385,2006,"Nestucca",248,434413,5015077,-0.162073143961578,0.306488470524808,-0.917030249638394,-0.481541791445913,-0.323350327577248,1.37750075993576,-0.754100978251203,0.244675586731199,-0.811144605751284,"nine",434.413,5015.077,"2006","4"
"2181",4,"rear",0,2015,"Nestucca",248,434423,5015075,-0.162073143961578,-0.0590718880004221,-0.35773583077735,-0.481541791445913,1.52106397840305,1.37750075993576,-0.754100978251203,0.244675586731199,-0.811144605751284,"nine",434.423,5015.075,"2015","4"
"2621",4,"rear",94,2004,"Nestucca",249,434794,5014182,-0.130200902437307,0.457013324035197,-0.477584634819001,-0.481541791445913,0.212124793513807,1.51113879615976,-0.754100978251203,0.244675586731199,-0.824196130099179,"nine",434.794,5014.182,"2004","4"
"3150",4,"rear",0,2001,"Nestucca",252,433344,5015546,-0.369242713869339,-1.02673166056721,-1.51627426984666,-0.481541791445913,0.263122424093907,-1.02798389209613,-0.754100978251203,0.244675586731199,-0.792160570336164,"once",433.344,5015.546,"2001","4"
"1618",2,"rear",0,2005,"Nestucca",253,432299,5014741,-0.799517974446997,0.134460066512935,-0.83713104694396,-0.481541791445913,1.1895793796324,-0.448885735125488,-0.754100978251203,0.244675586731199,-0.775549539347934,"nine",432.299,5014.741,"2005","2"
"1170",6,"rear",0,1999,"Nestucca",256,435402,5014904,1.97336703816458,1.51068729860792,-0.237887026735697,0.990077643511834,0.144127952740339,0.130212421845153,-0.323223722727609,-0.775800640855023,-0.812331107964729,"three",435.402,5014.904,"1999","6"
"1171",6,"rear",59,2002,"Nestucca",256,435402,5014904,1.97336703816458,0.134460066512935,0.201558588083696,0.990077643511834,0.237623608803857,0.130212421845153,-0.323223722727609,-0.775800640855023,-0.812331107964729,"three",435.402,5014.904,"2002","6"
"1172",6,"rear",212,2005,"Nestucca",256,435402,5014904,1.97336703816458,0.134460066512935,0.321407392125349,0.990077643511834,1.1895793796324,0.130212421845153,-0.323223722727609,-0.775800640855023,-0.812331107964729,"three",435.402,5014.904,"2005","6"
"1173",6,"rear",32,2008,"Nestucca",256,435402,5014904,1.97336703816458,0.62904172804707,-0.157987824041262,0.990077643511834,0.19512558332044,0.130212421845153,-0.323223722727609,-0.775800640855023,-0.812331107964729,"three",435.402,5014.904,"2008","6"
"1174",6,"rear",165,2011,"Nestucca",256,435402,5014904,1.97336703816458,0.414006223032229,-0.118038222694044,0.990077643511834,1.67405687014335,0.130212421845153,-0.323223722727609,-0.775800640855023,-0.812331107964729,"three",435.402,5014.904,"2011","6"
"1175",6,"rear",172,2014,"Nestucca",256,435402,5014904,1.97336703816458,-0.295610943516748,0.680953804250306,0.990077643511834,0.484112156607676,0.130212421845153,-0.323223722727609,-0.775800640855023,-0.812331107964729,"three",435.402,5014.904,"2014","6"
"1169",6,"rear",650,2017,"Nestucca",256,435403,5014904,1.97336703816458,0.177467167515903,-0.0780886213468263,0.990077643511834,1.52106397840305,0.130212421845153,-0.323223722727609,-0.775800640855023,-0.812331107964729,"three",435.403,5014.904,"2017","6"
"2286",4,"rear",34,1998,"Nestucca",269,435377,5018564,-0.114264781675171,0.134460066512935,-0.517534236166219,0.225660013810285,-0.408346378544082,1.02113266333845,-0.422363622228613,0.58483432925994,-0.75063299286559,"three",435.377,5018.564,"1998","4"
"3183",4,"rear",45,2002,"Nestucca",270,434554,5018118,-0.0823925401509004,0.134460066512935,-0.83713104694396,0.225660013810285,0.348118475060741,-0.671615795498811,-0.422363622228613,0.58483432925994,-0.76249801500004,"once",434.554,5018.118,"2002","4"
"3184",4,"rear",246,2003,"Nestucca",270,434554,5018118,-0.0823925401509004,0.801070132058944,-0.797181445596741,0.225660013810285,0.492611761704359,-0.671615795498811,-0.422363622228613,0.58483432925994,-0.76249801500004,"once",434.554,5018.118,"2003","4"
"259",4,"rear",1343,2002,"Nestucca",275,440201,5019530,0.873774705577228,1.10211983907972,-0.557483837513437,-0.172718490557654,0.781598334991595,-0.359793710976159,-0.475746645036846,-0.435641898326282,-0.668764340137886,"annual",440.201,5019.53,"2002","4"
"260",4,"rear",1886,2003,"Nestucca",275,440201,5019530,0.873774705577228,1.59670150061386,-0.437635033471785,-0.172718490557654,0.900592806345162,-0.359793710976159,-0.475746645036846,-0.435641898326282,-0.668764340137886,"annual",440.201,5019.53,"2003","4"
"261",4,"rear",818,2004,"Nestucca",275,440201,5019530,0.873774705577228,1.63970860161683,-0.0780886213468263,-0.172718490557654,0.552108997381143,-0.359793710976159,-0.475746645036846,-0.435641898326282,-0.668764340137886,"annual",440.201,5019.53,"2004","4"
"262",4,"rear",691,2005,"Nestucca",275,440201,5019530,0.873774705577228,1.59670150061386,-0.437635033471785,-0.172718490557654,1.41056911214617,-0.359793710976159,-0.475746645036846,-0.435641898326282,-0.668764340137886,"annual",440.201,5019.53,"2005","4"
"263",4,"rear",1479,2006,"Nestucca",275,440201,5019530,0.873774705577228,1.42467309660198,-0.437635033471785,-0.172718490557654,0.0251334813867717,-0.359793710976159,-0.475746645036846,-0.435641898326282,-0.668764340137886,"annual",440.201,5019.53,"2006","4"
"1538",4,"rear",1196,2002,"Nestucca",276,443210,5020852,0.507243928048112,1.10211983907972,-0.557483837513437,-0.172718490557654,0.781598334991595,-0.137063650602836,-0.475746645036846,-0.435641898326282,-0.621304251600087,"nine",443.21,5020.852,"2002","4"
"1539",4,"rear",1250,2011,"Nestucca",276,443210,5020852,0.507243928048112,0.973098536070817,-0.956979850985612,-0.172718490557654,2.43052172374817,-0.137063650602836,-0.475746645036846,-0.435641898326282,-0.621304251600087,"nine",443.21,5020.852,"2011","4"
"1537",4,"rear",236,2020,"Nestucca",276,443210,5020852,0.507243928048112,1.25264469259011,-0.677332641555089,-0.172718490557654,1.52956358349973,-0.137063650602836,-0.475746645036846,-0.435641898326282,-0.621304251600087,"nine",443.21,5020.852,"2020","4"
"2183",4,"rear",1318,2006,"Nestucca",277,442311,5020707,0.61879677338306,1.42467309660198,-0.437635033471785,-0.172718490557654,0.0251334813867717,-0.0925176385281708,-0.475746645036846,-0.435641898326282,-0.633169273734536,"nine",442.311,5020.707,"2006","4"
"3185",4,"rear",1302,2002,"Nestucca",278,441126,5020328,0.746285739480144,1.10211983907972,-0.557483837513437,-0.172718490557654,0.781598334991595,0.442034506367805,-0.475746645036846,-0.435641898326282,-0.652153309149656,"once",441.126,5020.328,"2002","4"
"3186",4,"rear",2119,2003,"Nestucca",278,441126,5020328,0.746285739480144,1.59670150061386,-0.437635033471785,-0.172718490557654,0.900592806345162,0.442034506367805,-0.475746645036846,-0.435641898326282,-0.652153309149656,"once",441.126,5020.328,"2003","4"
"3339",4,"rear",1248,2006,"Nestucca",281,437617,5016924,1.04907203396072,0.500020425038166,-0.437635033471785,-0.172718490557654,-0.297851512287198,0.620218554666464,-0.475746645036846,-0.435641898326282,-0.71741093088913,"once",437.617,5016.924,"2006","4"
"1987",4,"rear",32,2000,"Nestucca",284,434871,5017880,1.1765610000578,1.8117370056287,-0.797181445596741,-0.172718490557654,0.628605443251293,-0.0925176385281708,-0.475746645036846,-0.435641898326282,-0.758938508359705,"nine",434.871,5017.88,"2000","4"
"3340",4,"rear",197,2006,"Nestucca",287,437110,5012978,-0.257689868534391,0.500020425038166,-0.597433438860654,-0.133271555691604,-0.297851512287198,-0.404339723050823,-0.712157174616163,0.244675586731199,-0.790974068122719,"once",437.11,5012.978,"2006","4"
"2535",3,"rear",2,2010,"Nestucca",290,437664,5012743,-0.560476163014965,-0.940717458561272,-1.27657666176335,0.0842196527590456,1.40206950704948,-2.05254216981342,-0.685465663212047,1.60531055684616,-0.783855054842049,"nine",437.664,5012.743,"2010","3"
"2534",3,"rear",24,2019,"Nestucca",290,437664,5012743,-0.560476163014965,0.88708433406488,-0.917030249638394,0.0842196527590456,2.21803159633109,-2.05254216981342,-0.685465663212047,1.60531055684616,-0.783855054842049,"nine",437.664,5012.743,"2019","3"
"1736",4,"rear",166,2003,"Nestucca",291,438797,5015252,-0.0505202986266294,0.736559480554491,0.521155398861436,-0.374573076178518,0.399116105640841,0.308396470143812,-0.380419818593573,-0.435641898326282,-0.751819495079035,"three",438.797,5015.252,"2003","4"
"1737",4,"rear",307,2006,"Nestucca",291,438797,5015252,-0.0505202986266294,0.500020425038166,0.521155398861436,-0.374573076178518,-0.297851512287198,0.308396470143812,-0.380419818593573,-0.435641898326282,-0.751819495079035,"three",438.797,5015.252,"2006","4"
"2089",3,"rear",4,2003,"Nestucca",292,439442,5015242,-0.656092887587778,0.736559480554491,-0.237887026735697,-0.20079333609295,0.399116105640841,0.130212421845153,-0.750287905193472,0.58483432925994,-0.742327477371475,"nine",439.442,5015.242,"2003","3"
"1619",4,"rear",17,2014,"Nestucca",297,439246,5013100,-0.0983286609130359,-0.274107393015263,-0.437635033471785,0.040508184393964,0.628605443251293,-0.315247698901494,0.58810073807008,1.26515181431742,-0.735208464090805,"nine",439.246,5013.1,"2014","4"
"2694",4,"rear",405,2007,"Nestucca",304,442391,5017865,-0.22581762701012,-0.3601215950212,-0.797181445596741,-0.080675642536872,-0.569838875381067,-0.9388918679468,-0.0334301703400595,1.9454692993749,-0.660458824643771,"nine",442.391,5017.865,"2007","4"
"2693",4,"rear",250,2016,"Nestucca",304,442391,5017865,-0.22581762701012,2.06977961164651,-1.31652626311057,-0.080675642536872,-0.884324263958353,-0.9388918679468,-0.0334301703400595,1.9454692993749,-0.660458824643771,"nine",442.391,5017.865,"2016","4"
"2287",5,"rear",157,2004,"Nestucca",315,447134,5017254,0.570988411096654,1.5321908491094,-0.597433438860654,-0.166677068100691,0.467112946414309,-0.137063650602836,-0.0791870470328306,-0.0954831557975414,-0.586895687410182,"three",447.134,5017.254,"2004","5"
"3187",5,"rear",174,2002,"Nestucca",318,446104,5015302,0.79409410176655,0.951594985569333,-0.877080648291176,0.466961534297199,0.730600704411494,-0.315247698901494,0.103840459738254,-0.435641898326282,-0.624863758240422,"once",446.104,5015.302,"2002","5"
"3188",5,"rear",1276,2003,"Nestucca",318,446104,5015302,0.79409410176655,1.38166599559902,-0.717282242902307,0.466961534297199,0.756099519701544,-0.315247698901494,0.103840459738254,-0.435641898326282,-0.624863758240422,"once",446.104,5015.302,"2003","5"
"2184",5,"rear",1618,2006,"Nestucca",319,445968,5015037,0.857838584815092,1.25264469259011,-0.237887026735697,-0.281108716991392,-0.119359805256846,-0.0925176385281708,0.0618966561032135,-0.435641898326282,-0.628423264880757,"nine",445.968,5015.037,"2006","5"
"1178",5,"rear",13,1999,"Nestucca",327,448174,5011069,0.363818841188893,2.58586482368213,-0.517534236166219,0.0973686310477286,0.229124003707173,-0.315247698901494,1.43841602994408,-0.435641898326282,-0.563165643141282,"three",448.174,5011.069,"1999","5"
"1179",5,"rear",274,2002,"Nestucca",327,448174,5011069,0.363818841188893,0.62904172804707,-0.118038222694044,0.0973686310477286,0.450113736220942,-0.315247698901494,1.43841602994408,-0.435641898326282,-0.563165643141282,"three",448.174,5011.069,"2002","5"
"1180",5,"rear",621,2005,"Nestucca",327,448174,5011069,0.363818841188893,1.18813404108566,-0.118038222694044,0.0973686310477286,1.01108767260205,-0.315247698901494,1.43841602994408,-0.435641898326282,-0.563165643141282,"three",448.174,5011.069,"2005","5"
"1181",5,"rear",1035,2006,"Nestucca",327,448174,5011069,0.363818841188893,1.01610563707379,-0.0381390199996096,0.0973686310477286,-0.306351117383881,-0.315247698901494,1.43841602994408,-0.435641898326282,-0.563165643141282,"three",448.174,5011.069,"2006","5"
"1182",5,"rear",512,2011,"Nestucca",327,448174,5011069,0.363818841188893,0.134460066512935,-0.757231844249525,0.0973686310477286,1.79305134149692,-0.315247698901494,1.43841602994408,-0.435641898326282,-0.563165643141282,"three",448.174,5011.069,"2011","5"
"1183",5,"rear",312,2014,"Nestucca",327,448174,5011069,0.363818841188893,-0.0375683374989379,0.561105000208653,0.0973686310477286,0.909092411441846,-0.315247698901494,1.43841602994408,-0.435641898326282,-0.563165643141282,"three",448.174,5011.069,"2014","5"
"1177",5,"rear",698,2017,"Nestucca",327,448173,5011069,0.363818841188893,0.736559480554491,-0.35773583077735,0.0973686310477286,1.72505450072345,-0.315247698901494,1.43841602994408,-0.435641898326282,-0.563165643141282,"three",448.173,5011.069,"2017","5"
"1176",5,"rear",555,2020,"Nestucca",327,448174,5011069,0.363818841188893,1.25264469259011,-0.317786229430132,0.0973686310477286,1.52956358349973,-0.315247698901494,1.43841602994408,-0.435641898326282,-0.563165643141282,"three",448.174,5011.069,"2020","5"
"264",5,"rear",223,2002,"Nestucca",331,447650,5010756,0.331946599664622,0.62904172804707,-0.118038222694044,0.0973686310477286,0.450113736220942,-0.270701686826829,1.43841602994408,-0.435641898326282,-0.556046629860613,"annual",447.65,5010.756,"2002","5"
"265",5,"rear",1371,2003,"Nestucca",331,447650,5010756,0.331946599664622,0.88708433406488,-0.0381390199996096,0.0973686310477286,0.543609392284459,-0.270701686826829,1.43841602994408,-0.435641898326282,-0.556046629860613,"annual",447.65,5010.756,"2003","5"
"266",5,"rear",821,2004,"Nestucca",331,447650,5010756,0.331946599664622,1.16663049058417,0.241508189430913,0.0973686310477286,0.263122424093907,-0.270701686826829,1.43841602994408,-0.435641898326282,-0.556046629860613,"annual",447.65,5010.756,"2004","5"
"267",5,"rear",621,2005,"Nestucca",331,447650,5010756,0.331946599664622,1.18813404108566,-0.118038222694044,0.0973686310477286,1.01108767260205,-0.270701686826829,1.43841602994408,-0.435641898326282,-0.556046629860613,"annual",447.65,5010.756,"2005","5"
"268",5,"rear",1035,2006,"Nestucca",331,447650,5010756,0.331946599664622,1.01610563707379,-0.0381390199996096,0.0973686310477286,-0.306351117383881,-0.270701686826829,1.43841602994408,-0.435641898326282,-0.556046629860613,"annual",447.65,5010.756,"2006","5"
"1620",4,"rear",365,2005,"Nestucca",332,446661,5010174,-0.066456419388765,1.31715534409456,-0.35773583077735,0.816653281217852,1.37657069175943,-1.07252990417079,1.39647222630904,0.58483432925994,-0.538249096658938,"nine",446.661,5010.174,"2005","4"
"269",4,"rear",37,2002,"Nestucca",335,445765,5010036,-0.130200902437307,0.844077233061912,-0.317786229430132,0.816653281217852,0.756099519701544,-1.25071395246945,1.39647222630904,0.58483432925994,-0.526384074524488,"annual",445.765,5010.036,"2002","4"
"270",4,"rear",449,2003,"Nestucca",335,445765,5010036,-0.130200902437307,1.18813404108566,-0.237887026735697,0.816653281217852,0.764599124798228,-1.25071395246945,1.39647222630904,0.58483432925994,-0.526384074524488,"annual",445.765,5010.036,"2003","4"
"271",4,"rear",291,2004,"Nestucca",335,445765,5010036,-0.130200902437307,1.36016244509753,0.00181058134760843,0.816653281217852,0.458613341317625,-1.25071395246945,1.39647222630904,0.58483432925994,-0.526384074524488,"annual",445.765,5010.036,"2004","4"
"272",4,"rear",365,2005,"Nestucca",335,445765,5010036,-0.130200902437307,1.31715534409456,-0.35773583077735,0.816653281217852,1.37657069175943,-1.25071395246945,1.39647222630904,0.58483432925994,-0.526384074524488,"annual",445.765,5010.036,"2005","4"
"273",4,"rear",343,2006,"Nestucca",335,445765,5010036,-0.130200902437307,1.20963759158714,-0.237887026735697,0.816653281217852,-0.110860200160163,-1.25071395246945,1.39647222630904,0.58483432925994,-0.526384074524488,"annual",445.765,5010.036,"2006","4"
"2185",4,"rear",248,2006,"Nestucca",340,447287,5006867,-0.369242713869339,1.83324055613018,-0.517534236166219,0.573930249564594,0.16962676803039,-2.00799615773875,1.31639769209669,0.58483432925994,-0.480110488200134,"nine",447.287,5006.867,"2006","4"
"2536",4,"rear",22,2001,"Nestucca",345,449970,5006657,-0.353306593107203,-0.98372455956424,-1.75597187792996,-0.314869607192065,0.0421326915801385,-1.60708204906677,0.927464240208132,0.58483432925994,-0.488416003694248,"nine",449.97,5006.657,"2001","4"
"2537",4,"rear",457,2010,"Nestucca",345,449970,5006657,-0.353306593107203,-0.61816420103901,-1.1567278577217,-0.314869607192065,0.926091621635213,-1.60708204906677,0.927464240208132,0.58483432925994,-0.488416003694248,"nine",449.97,5006.657,"2010","4"
"3151",4,"rear",0,2001,"Nestucca",346,449173,5004340,-0.432987196917881,-1.06973876157018,-1.07682865502726,-0.422549078042632,-0.357348747963981,-0.0925176385281708,1.48417290663685,-0.0954831557975414,-0.454007439504344,"once",449.173,5004.34,"2001","4"
"1621",1,"rear",1,2005,"Nestucca",354,451269,5010212,-1.08636814816544,0.543027526041134,-1.47632466849944,-0.0884939539517646,0.535109787187776,-1.60708204906677,2.41837580578092,1.60531055684616,-0.508586541322813,"nine",451.269,5010.212,"2005","1"
"2622",4,"rear",290,2004,"Nestucca",361,457107,5010818,0.0610325467083188,1.29565179359308,-0.956979850985612,2.05123572918772,0.110129532353606,-1.42889800076811,-0.426176695286344,0.58483432925994,-0.420785377527884,"nine",457.107,5010.818,"2004","4"
"2539",4,"rear",826,2001,"Nestucca",362,455303,5010784,0.236329875091809,-0.87620680705682,-1.91577028331883,2.05123572918772,-0.0513629644833789,-0.404339723050823,-0.426176695286344,0.58483432925994,-0.445701924010229,"nine",455.303,5010.784,"2001","4"
"2540",4,"rear",715,2010,"Nestucca",362,455303,5010784,0.236329875091809,-0.489142898030105,-1.23662706041613,2.05123572918772,0.977089252215313,-0.404339723050823,-0.426176695286344,0.58483432925994,-0.445701924010229,"nine",455.303,5010.784,"2010","4"
"2538",4,"rear",306,2019,"Nestucca",362,455303,5010784,0.236329875091809,0.822573682560428,-1.35647586445779,2.05123572918772,1.46156674272627,-0.404339723050823,-0.426176695286344,0.58483432925994,-0.445701924010229,"nine",455.303,5010.784,"2019","4"
"1541",4,"rear",463,2002,"Nestucca",363,454468,5010481,0.316010478902486,0.801070132058944,-1.11677825637448,2.05123572918772,-0.255353486803781,-0.582523771349482,-0.426176695286344,0.58483432925994,-0.458753448358124,"nine",454.468,5010.481,"2002","4"
"1542",4,"rear",162,2011,"Nestucca",363,454468,5010481,0.316010478902486,-0.10207898900339,-1.79592147927718,2.05123572918772,1.01958727769873,-0.582523771349482,-0.426176695286344,0.58483432925994,-0.458753448358124,"nine",454.468,5010.481,"2011","4"
"1540",4,"rear",29,2020,"Nestucca",363,454468,5010481,0.316010478902486,1.25264469259011,-1.19667745906892,2.05123572918772,1.52956358349973,-0.582523771349482,-0.426176695286344,0.58483432925994,-0.458753448358124,"nine",454.468,5010.481,"2020","4"
"3268",4,"rear",278,2004,"Nestucca",365,454082,5010434,0.331946599664622,0.736559480554491,-0.956979850985612,2.05123572918772,-0.0683621746767457,-1.11707591624546,-0.426176695286344,0.58483432925994,-0.463499457211904,"once",454.082,5010.434,"2004","4"
"274",4,"rear",3151,2002,"Nestucca",367,454866,5013579,0.491307807285977,0.951594985569333,-0.597433438860654,0.0692937855124323,0.280121634287274,-0.315247698901494,-0.24314918851526,0.58483432925994,-0.406547350966545,"annual",454.866,5013.579,"2002","4"
"275",4,"rear",2671,2003,"Nestucca",367,454866,5013579,0.491307807285977,0.736559480554491,-0.35773583077735,0.0692937855124323,0.433114526027575,-0.315247698901494,-0.24314918851526,0.58483432925994,-0.406547350966545,"annual",454.866,5013.579,"2003","4"
"276",4,"rear",1450,2004,"Nestucca",367,454866,5013579,0.491307807285977,1.23114114208863,-0.397685432124567,0.0692937855124323,0.229124003707173,-0.315247698901494,-0.24314918851526,0.58483432925994,-0.406547350966545,"annual",454.866,5013.579,"2004","4"
"277",4,"rear",1214,2005,"Nestucca",367,454866,5013579,0.491307807285977,1.29565179359308,-0.677332641555089,0.0692937855124323,0.883593596151796,-0.315247698901494,-0.24314918851526,0.58483432925994,-0.406547350966545,"annual",454.866,5013.579,"2005","4"
"278",4,"rear",2369,2006,"Nestucca",367,454866,5013579,0.491307807285977,1.08061628857824,-0.317786229430132,0.0692937855124323,-0.408346378544082,-0.315247698901494,-0.24314918851526,0.58483432925994,-0.406547350966545,"annual",454.866,5013.579,"2006","4"
"3299",4,"rear",616,2005,"Nestucca",368,454174,5014880,0.411627203475299,1.29565179359308,-0.677332641555089,0.0692937855124323,0.883593596151796,-0.0925176385281708,-0.24314918851526,0.58483432925994,-0.385190311124535,"once",454.174,5014.88,"2005","4"
"2771",6,"rear",177,1999,"Nestucca",373,456731,5013956,2.24428109112088,2.88691453070291,-0.237887026735697,1.50573081910316,0.0676315068701887,-0.1816096626775,-0.185953092649296,-0.775800640855023,-0.38637681333798,"once",456.731,5013.956,"1999","6"
"2090",4,"rear",0,2003,"Nestucca",375,457932,5015854,-0.512667800728558,1.03760918757527,-1.23662706041613,0.696180209870188,0.399116105640841,-0.582523771349482,-0.0715609009173687,2.62578678443239,-0.34603573808085,"nine",457.932,5015.854,"2003","4"
"3269",5,"rear",772,2004,"Nestucca",377,456999,5015458,0.841902464052957,1.48918374810644,-0.35773583077735,0.777206346351802,0.144127952740339,-0.448885735125488,-0.147822362071987,-0.435641898326282,-0.36027376464219,"once",456.999,5015.458,"2004","5"
"1989",5,"rear",1903,2000,"Nestucca",378,456237,5016362,0.682541256431602,1.87624765713315,-1.31652626311057,0.255511748303512,0.518110576994409,-0.270701686826829,-0.452868206690461,-0.435641898326282,-0.34366273365396,"nine",456.237,5016.362,"2000","5"
"1990",5,"rear",1297,2009,"Nestucca",378,456237,5016362,0.682541256431602,0.586034627044102,-0.237887026735697,0.255511748303512,0.424614920930892,-0.270701686826829,-0.452868206690461,-0.435641898326282,-0.34366273365396,"nine",456.237,5016.362,"2009","5"
"1988",5,"rear",1320,2018,"Nestucca",378,456229,5016369,0.682541256431602,1.25264469259011,-0.197937425388479,0.255511748303512,1.1895793796324,-0.270701686826829,-0.452868206690461,-0.435641898326282,-0.34366273365396,"nine",456.229,5016.369,"2018","5"
"3223",5,"rear",0,2003,"Nestucca",381,456248,5019039,0.427563324237435,1.9407583086376,-0.557483837513437,0.255511748303512,0.875093991055112,-0.627069783424147,-0.452868206690461,-0.435641898326282,-0.300948653969941,"once",456.248,5019.039,"2003","5"
"1543",5,"rear",0,2002,"Nestucca",382,456285,5018700,0.491307807285977,1.74722635412425,-0.797181445596741,0.255511748303512,1.04508609298878,-0.404339723050823,-0.452868206690461,-0.435641898326282,-0.304508160610276,"nine",456.285,5018.7,"2002","5"
"3189",4,"rear",0,2002,"Nestucca",386,456264,5019106,0.124777029756861,1.74722635412425,-1.23662706041613,-0.282885605949323,1.04508609298878,-0.359793710976159,-0.0448693895132523,0.244675586731199,-0.298575649543051,"once",456.264,5019.106,"2002","4"
"3300",5,"rear",1142,2005,"Nestucca",391,461699,5016811,1.20843324158207,1.25264469259011,-0.397685432124567,-0.147486667355045,0.441614131124259,-0.0925176385281708,-0.441428987517268,-0.775800640855023,-0.262980583139702,"once",461.699,5016.811,"2005","5"
"3190",5,"rear",3815,2002,"Nestucca",392,463538,5018214,0.93751918862577,1.25264469259011,-0.477584634819001,0.488284201792361,-0.12785941035353,-0.1816096626775,-0.601578055941967,-0.435641898326282,-0.211960987961567,"once",463.538,5018.214,"2002","5"
"3191",5,"rear",3127,2003,"Nestucca",392,463538,5018214,0.93751918862577,0.607538177545586,-0.118038222694044,0.488284201792361,0.0421326915801385,-0.1816096626775,-0.601578055941967,-0.435641898326282,-0.211960987961567,"once",463.538,5018.214,"2003","5"
"1184",5,"rear",1688,2002,"Nestucca",393,462912,5018219,1.00126367167431,1.25264469259011,-0.477584634819001,0.488284201792361,-0.12785941035353,-0.1816096626775,-0.601578055941967,-0.435641898326282,-0.227385516736352,"three",462.912,5018.219,"2002","5"
"1185",5,"rear",1095,2005,"Nestucca",393,462912,5018219,1.00126367167431,1.25264469259011,-0.477584634819001,0.488284201792361,0.441614131124259,-0.1816096626775,-0.601578055941967,-0.435641898326282,-0.227385516736352,"three",462.912,5018.219,"2005","5"
"1186",5,"rear",2335,2006,"Nestucca",393,462912,5018219,1.00126367167431,0.994602086572301,0.00181058134760843,0.488284201792361,-0.518841244800966,-0.1816096626775,-0.601578055941967,-0.435641898326282,-0.227385516736352,"three",462.912,5018.219,"2006","5"
"3224",5,"rear",936,2003,"Nestucca",396,463767,5018869,0.841902464052957,0.607538177545586,-0.157987824041262,1.44744886128305,0.0421326915801385,-0.315247698901494,-0.719783320731625,-0.435641898326282,-0.203655472467452,"once",463.767,5018.869,"2003","5"
"3375",5,"rear",110,2007,"NCDependent",408,428366,5015986,-0.0823925401509004,-0.424632246525653,0.481205797514218,0.0604093407227816,-0.595337690671117,-0.270701686826829,0.0657097291609444,-0.435641898326282,-1.07692110156296,"once",428.366,5015.986,"2007","5"
"3152",3,"rear",0,2001,"NCDependent",425,427979,5021041,-0.512667800728558,-1.1772565140776,-0.996929452332829,0.210734146563672,0.24612321390054,-1.07252990417079,-1.34131422914177,-0.0954831557975414,-1.02946101302516,"once",427.979,5021.041,"2001","3"
"151",4,"rear",203,2000,"Tillamook Bay",456,437542,5027262,0.570988411096654,0.26348136952184,0.00181058134760843,-0.12474248869354,0.127128742546973,0.397488494293141,0.351690208490763,-0.435641898326282,-0.783855054842049,"annual",437.542,5027.262,"2000","4"
"152",4,"rear",282,2002,"Tillamook Bay",456,437542,5027262,0.570988411096654,0.134460066512935,0.161608986736478,-0.12474248869354,0.0421326915801385,0.397488494293141,0.351690208490763,-0.435641898326282,-0.783855054842049,"annual",437.542,5027.262,"2002","4"
"1979",3,"rear",1,2000,"Tillamook Bay",459,440747,5027159,-0.321434351582932,0.26348136952184,-1.55622387119387,0.350752996448567,0.127128742546973,-1.6961740732161,-0.506251229498694,2.28562804190364,-0.74351397958492,"nine",440.747,5027.159,"2000","3"
"3118",3,"rear",0,1998,"Tillamook Bay",461,443297,5028599,-0.337370472345068,1.31715534409456,-1.03687905368005,0.57428562735618,-0.110860200160163,-0.00342561437884133,0.885520436573092,2.62578678443239,-0.706732410968125,"once",443.297,5028.599,"1998","3"
"2529",3,"rear",559,2001,"Tillamook Bay",476,440239,5024469,0.252265995853945,-0.575157100036041,-1.67607267523553,0.303487750167626,0.67110346873471,-0.582523771349482,0.187728067008334,0.924993071788681,-0.71266492203535,"nine",440.239,5024.469,"2001","3"
"2530",3,"rear",284,2010,"Tillamook Bay",476,440239,5024469,0.252265995853945,-0.61816420103901,-1.27657666176335,0.303487750167626,1.77605213130355,-0.582523771349482,0.187728067008334,0.924993071788681,-0.71266492203535,"nine",440.239,5024.469,"2010","3"
"2528",3,"rear",230,2019,"Tillamook Bay",476,440239,5024469,0.252265995853945,-0.0590718880004221,-0.877080648291176,0.303487750167626,1.40206950704948,-0.582523771349482,0.187728067008334,0.924993071788681,-0.71266492203535,"nine",440.239,5024.469,"2019","3"
"2615",4,"rear",71,2004,"Tillamook Bay",511,437959,5030445,0.172585392043267,1.01610563707379,1.24024822311135,-0.712181978185246,0.144127952740339,0.0411203976958234,1.43078988382861,-0.775800640855023,-0.806398596897504,"nine",437.959,5030.445,"2004","4"
"1705",4,"rear",0,2000,"Tillamook Bay",530,450372,5032324,-0.273625989296526,2.32782221766432,-1.35647586445779,0.208957257605742,0.730600704411494,-1.25071395246945,-0.975259215599597,2.62578678443239,-0.596387705117742,"three",450.372,5032.324,"2000","4"
"1706",4,"rear",0,2003,"Tillamook Bay",530,450372,5032324,-0.273625989296526,2.28481511666135,-0.83713104694396,0.208957257605742,1.15558095924566,-1.25071395246945,-0.975259215599597,2.62578678443239,-0.596387705117742,"three",450.372,5032.324,"2003","4"
"1707",4,"rear",0,2006,"Tillamook Bay",530,450372,5032324,-0.273625989296526,2.06977961164651,-0.83713104694396,0.208957257605742,0.212124793513807,-1.25071395246945,-0.975259215599597,2.62578678443239,-0.596387705117742,"three",450.372,5032.324,"2006","4"
"1708",4,"rear",0,2009,"Tillamook Bay",530,450372,5032324,-0.273625989296526,1.68271570261979,-0.557483837513437,0.208957257605742,0.722101099314811,-1.25071395246945,-0.975259215599597,2.62578678443239,-0.596387705117742,"three",450.372,5032.324,"2009","4"
"1709",4,"rear",0,2012,"Tillamook Bay",530,450372,5032324,-0.273625989296526,1.33865889459605,-1.27657666176335,0.208957257605742,1.2915746407926,-1.25071395246945,-0.975259215599597,2.62578678443239,-0.596387705117742,"three",450.372,5032.324,"2012","4"
"1703",4,"rear",0,2015,"Tillamook Bay",530,450372,5032324,-0.273625989296526,1.27414824309159,-0.397685432124567,0.208957257605742,-0.382847563254032,-1.25071395246945,-0.975259215599597,2.62578678443239,-0.596387705117742,"three",450.372,5032.324,"2015","4"
"1704",4,"rear",0,2018,"Tillamook Bay",530,450372,5032324,-0.273625989296526,2.15579381365244,-0.557483837513437,0.208957257605742,0.807097150281645,-1.25071395246945,-0.975259215599597,2.62578678443239,-0.596387705117742,"three",450.372,5032.324,"2018","4"
"1702",4,"rear",0,2021,"Tillamook Bay",530,450372,5032324,-0.273625989296526,1.68271570261979,-1.07682865502726,0.208957257605742,0.722101099314811,-1.25071395246945,-0.975259215599597,2.62578678443239,-0.596387705117742,"three",450.372,5032.324,"2021","4"
"2768",5,"rear",3,1999,"Tillamook Bay",532,453264,5027883,2.19647272883447,3.7040494497593,-0.757231844249525,1.7363710058425,0.509610971897726,-0.315247698901494,-0.113504704552409,-0.435641898326282,-0.500281025828698,"once",453.264,5027.883,"1999","5"
"3219",5,"rear",182,2003,"Tillamook Bay",534,453690,5026440,2.11679212502379,1.91925475813612,-0.477584634819001,0.729941100070861,0.841095570668378,-0.1816096626775,-0.136383142898794,-0.775800640855023,-0.472991474919464,"once",453.69,5026.44,"2003","5"
"158",4,"rear",120,1998,"Tillamook Bay",545,457270,5022363,0.316010478902486,1.91925475813612,-0.197937425388479,0.077112096927325,0.0421326915801385,-0.359793710976159,-0.517690448671886,-0.435641898326282,-0.39349582661865,"annual",457.27,5022.363,"1998","4"
"159",4,"rear",0,1999,"Tillamook Bay",545,457270,5022363,0.316010478902486,3.9835956062786,-1.23662706041613,0.077112096927325,0.67110346873471,-0.359793710976159,-0.517690448671886,-0.435641898326282,-0.39349582661865,"annual",457.27,5022.363,"1999","4"
"160",4,"rear",298,2000,"Tillamook Bay",545,457270,5022363,0.316010478902486,2.32782221766432,-1.31652626311057,0.077112096927325,0.730600704411494,-0.359793710976159,-0.517690448671886,-0.435641898326282,-0.39349582661865,"annual",457.27,5022.363,"2000","4"
"161",4,"rear",10,2001,"Tillamook Bay",545,457270,5022363,0.316010478902486,-0.231100292012295,-1.59617347254109,0.077112096927325,1.41906871724285,-0.359793710976159,-0.517690448671886,-0.435641898326282,-0.39349582661865,"annual",457.27,5022.363,"2001","4"
"162",4,"rear",133,2002,"Tillamook Bay",545,457270,5022363,0.316010478902486,1.74722635412425,-0.83713104694396,0.077112096927325,1.04508609298878,-0.359793710976159,-0.517690448671886,-0.435641898326282,-0.39349582661865,"annual",457.27,5022.363,"2002","4"
"163",4,"rear",771,2003,"Tillamook Bay",545,457270,5022363,0.316010478902486,1.9407583086376,-0.677332641555089,0.077112096927325,0.875093991055112,-0.359793710976159,-0.517690448671886,-0.435641898326282,-0.39349582661865,"annual",457.27,5022.363,"2003","4"
"164",4,"rear",1001,2004,"Tillamook Bay",545,457270,5022363,0.316010478902486,2.2203044651569,-0.597433438860654,0.077112096927325,0.781598334991595,-0.359793710976159,-0.517690448671886,-0.435641898326282,-0.39349582661865,"annual",457.27,5022.363,"2004","4"
"165",4,"rear",344,2005,"Tillamook Bay",545,457270,5022363,0.316010478902486,2.73638967719252,-0.917030249638394,0.077112096927325,1.22357780001913,-0.359793710976159,-0.517690448671886,-0.435641898326282,-0.39349582661865,"annual",457.27,5022.363,"2005","4"
"166",4,"rear",1437,2006,"Tillamook Bay",545,457270,5022363,0.316010478902486,1.91925475813612,-0.637383040207872,0.077112096927325,0.0761311119668721,-0.359793710976159,-0.517690448671886,-0.435641898326282,-0.39349582661865,"annual",457.27,5022.363,"2006","4"
"167",4,"rear",1428,2007,"Tillamook Bay",545,457270,5022363,0.316010478902486,0.478516874536682,-0.677332641555089,0.077112096927325,-0.731331372218051,-0.359793710976159,-0.517690448671886,-0.435641898326282,-0.39349582661865,"annual",457.27,5022.363,"2007","4"
"168",4,"rear",532,2008,"Tillamook Bay",545,457270,5022363,0.316010478902486,2.73638967719252,-0.956979850985612,0.077112096927325,0.492611761704359,-0.359793710976159,-0.517690448671886,-0.435641898326282,-0.39349582661865,"annual",457.27,5022.363,"2008","4"
"169",4,"rear",1119,2009,"Tillamook Bay",545,457270,5022363,0.316010478902486,0.844077233061912,-0.317786229430132,0.077112096927325,0.662603863638027,-0.359793710976159,-0.517690448671886,-0.435641898326282,-0.39349582661865,"annual",457.27,5022.363,"2009","4"
"170",4,"rear",515,2010,"Tillamook Bay",545,457270,5022363,0.316010478902486,0.155963617014419,-1.07682865502726,0.077112096927325,2.31152725239461,-0.359793710976159,-0.517690448671886,-0.435641898326282,-0.39349582661865,"annual",457.27,5022.363,"2010","4"
"171",4,"rear",459,2011,"Tillamook Bay",545,457270,5022363,0.316010478902486,0.564531076542618,-1.59617347254109,0.077112096927325,2.52401737981169,-0.359793710976159,-0.517690448671886,-0.435641898326282,-0.39349582661865,"annual",457.27,5022.363,"2011","4"
"172",4,"rear",532,2012,"Tillamook Bay",545,457270,5022363,0.316010478902486,1.85474410663167,-1.27657666176335,0.077112096927325,1.19807898472908,-0.359793710976159,-0.517690448671886,-0.435641898326282,-0.39349582661865,"annual",457.27,5022.363,"2012","4"
"173",4,"rear",886,2013,"Tillamook Bay",545,457270,5022363,0.316010478902486,0.564531076542618,-0.637383040207872,0.077112096927325,1.78455173640024,-0.359793710976159,-0.517690448671886,-0.435641898326282,-0.39349582661865,"annual",457.27,5022.363,"2013","4"
"174",4,"rear",322,2014,"Tillamook Bay",545,457270,5022363,0.316010478902486,0.801070132058944,-0.277836628082914,0.077112096927325,1.7505533160135,-0.359793710976159,-0.517690448671886,-0.435641898326282,-0.39349582661865,"annual",457.27,5022.363,"2014","4"
"154",4,"rear",484,2015,"Tillamook Bay",545,457270,5022363,0.316010478902486,1.27414824309159,-0.277836628082914,0.077112096927325,-0.382847563254032,-0.359793710976159,-0.517690448671886,-0.435641898326282,-0.39349582661865,"annual",457.27,5022.363,"2015","4"
"155",4,"rear",261,2016,"Tillamook Bay",545,457270,5022363,0.316010478902486,0.26348136952184,-1.31652626311057,0.077112096927325,1.47006634782295,-0.359793710976159,-0.517690448671886,-0.435641898326282,-0.39349582661865,"annual",457.27,5022.363,"2016","4"
"156",4,"rear",643,2017,"Tillamook Bay",545,457270,5022363,0.316010478902486,1.27414824309159,-0.917030249638394,0.077112096927325,-0.382847563254032,-0.359793710976159,-0.517690448671886,-0.435641898326282,-0.39349582661865,"annual",457.27,5022.363,"2017","4"
"157",4,"rear",728,2018,"Tillamook Bay",545,457270,5022363,0.316010478902486,2.15579381365244,-0.317786229430132,0.077112096927325,0.807097150281645,-0.359793710976159,-0.517690448671886,-0.435641898326282,-0.39349582661865,"annual",457.27,5022.363,"2018","4"
"153",4,"rear",1240,2019,"Tillamook Bay",545,457270,5022363,0.316010478902486,-0.0590718880004221,-1.1567278577217,0.077112096927325,1.40206950704948,-0.359793710976159,-0.517690448671886,-0.435641898326282,-0.39349582661865,"annual",457.27,5022.363,"2019","4"
"175",4,"rear",379,2020,"Tillamook Bay",545,457270,5022363,0.316010478902486,1.27414824309159,-0.917030249638394,0.077112096927325,-0.382847563254032,-0.359793710976159,-0.517690448671886,-0.435641898326282,-0.39349582661865,"annual",457.27,5022.363,"2020","4"
"176",4,"rear",941,2021,"Tillamook Bay",545,457270,5022363,0.316010478902486,0.564531076542618,-0.917030249638394,0.077112096927325,2.52401737981169,-0.359793710976159,-0.517690448671886,-0.435641898326282,-0.39349582661865,"annual",457.27,5022.363,"2021","4"
"1525",5,"rear",474,2009,"Tillamook Bay",550,457560,5023447,1.19249712081994,0.908587884566364,-0.277836628082914,0.952762975395301,0.552108997381143,-0.404339723050823,-0.0219909511668668,-0.775800640855023,-0.397055333258985,"nine",457.56,5023.447,"2009","5"
"3119",3,"rear",0,1998,"Tillamook Bay",563,461965,5023630,-0.146137023199442,1.4031695461005,-1.35647586445779,2.90876234028481,-0.102360595063479,-0.760707819648141,-0.197392311822489,1.26515181431742,-0.330611209306066,"once",461.965,5023.63,"1998","3"
"2082",4,"rear",833,2012,"Tillamook Bay",582,450625,5024524,-0.289562110058662,1.89775120763464,-1.87582068197161,-0.0547330637510919,1.2405770102125,-0.627069783424147,-0.666400297923392,1.60531055684616,-0.448074928437119,"nine",450.625,5024.524,"2012","4"
"2081",4,"rear",715,2021,"Tillamook Bay",582,450625,5024524,-0.289562110058662,1.85474410663167,-1.75597187792996,-0.0547330637510919,2.26902922691119,-0.627069783424147,-0.666400297923392,1.60531055684616,-0.448074928437119,"nine",450.625,5024.524,"2021","4"
"1416",3,"rear",0,2008,"Tillamook Bay",588,451685,5022719,-0.369242713869339,2.65037547518658,-1.95571988466605,0.466250778714027,0.747599914604861,-1.02798389209613,-0.57488654453785,2.28562804190364,-0.435023404089224,"nine",451.685,5022.719,"2008","3"
"1415",3,"rear",0,2017,"Tillamook Bay",588,451684,5022719,-0.369242713869339,1.4031695461005,-1.99566948601327,0.466250778714027,-0.408346378544082,-1.02798389209613,-0.57488654453785,2.28562804190364,-0.435023404089224,"nine",451.684,5022.719,"2017","3"
"2616",5,"rear",342,2013,"Tillamook Bay",599,456333,5030156,0.857838584815092,0.241977819020356,-0.917030249638394,-0.116568799487061,1.68255647524004,-0.1816096626775,-0.300345284381224,-0.0954831557975414,-0.432650399662334,"nine",456.333,5030.156,"2013","5"
"3295",5,"rear",1437,2005,"Tillamook Bay",605,461552,5036536,0.714413497955873,1.70421925312128,-0.35773583077735,1.47445757344359,1.22357780001913,-0.359793710976159,-0.292719138265762,-0.435641898326282,-0.35315475136152,"once",461.552,5036.536,"2005","5"
"1713",5,"rear",627,2000,"Tillamook Bay",608,461878,5035736,0.810030222528686,1.44617664710347,-0.956979850985612,1.47445757344359,0.399116105640841,-1.33980597661878,-0.292719138265762,-0.435641898326282,-0.363833271282525,"three",461.878,5035.736,"2000","5"
"1714",5,"rear",366,2003,"Tillamook Bay",608,461878,5035736,0.810030222528686,1.89775120763464,0.00181058134760843,1.47445757344359,0.577607812671193,-1.33980597661878,-0.292719138265762,-0.435641898326282,-0.363833271282525,"three",461.878,5035.736,"2003","5"
"1715",5,"rear",4968,2006,"Tillamook Bay",608,461878,5035736,0.810030222528686,1.74722635412425,-0.0381390199996096,1.47445757344359,-0.161857830740263,-1.33980597661878,-0.292719138265762,-0.435641898326282,-0.363833271282525,"three",461.878,5035.736,"2006","5"
"1716",5,"rear",2092,2012,"Tillamook Bay",608,461878,5035736,0.810030222528686,1.31715534409456,-0.757231844249525,1.47445757344359,0.917592016538529,-1.33980597661878,-0.292719138265762,-0.435641898326282,-0.363833271282525,"three",461.878,5035.736,"2012","5"
"1711",5,"rear",2089,2015,"Tillamook Bay",608,461879,5035735,0.810030222528686,1.10211983907972,0.401306594819783,1.47445757344359,-0.714332162024684,-1.33980597661878,-0.292719138265762,-0.435641898326282,-0.363833271282525,"three",461.879,5035.735,"2015","5"
"1712",5,"rear",1182,2018,"Tillamook Bay",608,461879,5035735,0.810030222528686,1.05911273807675,0.281457790778131,1.47445757344359,0.926091621635213,-1.33980597661878,-0.292719138265762,-0.435641898326282,-0.363833271282525,"three",461.879,5035.735,"2018","5"
"1710",5,"rear",2390,2021,"Tillamook Bay",608,461878,5035736,0.810030222528686,0.198970718017388,-0.437635033471785,1.47445757344359,0.637105048347977,-1.33980597661878,-0.292719138265762,-0.435641898326282,-0.363833271282525,"three",461.878,5035.736,"2021","5"
"3260",5,"rear",493,2004,"Tillamook Bay",610,464793,5035652,1.1765610000578,0.994602086572301,0.441256196167,-0.00995546201125218,0.24612321390054,-0.0925176385281708,0.0733358752764062,-0.435641898326282,-0.329424707092621,"once",464.793,5035.652,"2004","5"
"1616",5,"rear",846,2005,"Tillamook Bay",617,465317,5032358,1.36779444920343,0.951594985569333,-0.437635033471785,-0.661362953988444,0.305620449577324,0.0856664097704881,-0.140196215956525,-0.0954831557975414,-0.287897129622046,"nine",465.317,5032.358,"2005","5"
"2084",4,"rear",347,2003,"Tillamook Bay",624,462645,5029708,-0.209881506247984,1.36016244509753,-0.917030249638394,-0.723554067515999,0.152627557837023,-0.00342561437884133,-0.437615914459537,0.924993071788681,-0.220266503455682,"nine",462.645,5029.708,"2003","4"
"2085",4,"rear",164,2012,"Tillamook Bay",624,462645,5029708,-0.209881506247984,1.23114114208863,-1.75597187792996,-0.723554067515999,0.535109787187776,-0.00342561437884133,-0.437615914459537,0.924993071788681,-0.220266503455682,"nine",462.645,5029.708,"2012","4"
"2083",4,"rear",180,2021,"Tillamook Bay",624,462645,5029708,-0.209881506247984,1.23114114208863,-1.75597187792996,-0.723554067515999,0.535109787187776,-0.00342561437884133,-0.437615914459537,0.924993071788681,-0.220266503455682,"nine",462.645,5029.708,"2021","4"
"3220",6,"rear",3046,2003,"Tillamook Bay",638,442768,5037961,1.78213358901895,1.08061628857824,0.361356993472565,0.196519034900231,0.654104258541344,0.0411203976958234,-0.384232891651304,-0.775800640855023,-0.756565503932815,"once",442.768,5037.961,"2003","6"
"2769",6,"rear",1,1999,"Tillamook Bay",639,443034,5038435,1.75026134749468,3.01593583371181,-0.317786229430132,0.196519034900231,0.509610971897726,-0.0925176385281708,-0.384232891651304,-0.775800640855023,-0.7482599884387,"once",443.034,5038.435,"1999","6"
"2531",5,"rear",0,2001,"Tillamook Bay",650,453877,5038089,0.507243928048112,-0.467639347528621,-1.23662706041613,2.81600873668085,1.33407266627602,-2.05254216981342,-0.689278736269778,0.58483432925994,-0.621304251600087,"nine",453.877,5038.089,"2001","5"
"3334",6,"rear",118,2006,"Tillamook Bay",653,452933,5043929,2.33989781569369,1.72572280362276,-0.517534236166219,1.38952228125453,-0.15335822564358,-0.84979984379747,-0.601578055941967,-0.435641898326282,-0.542995105512718,"once",452.933,5043.929,"2006","6"
"3296",6,"rear",212,2005,"Tillamook Bay",655,454321,5042898,2.21240884959661,1.72572280362276,-0.757231844249525,0.514937536161313,1.2405770102125,-0.0479716264535061,-0.677839517096585,-0.775800640855023,-0.518078559030373,"once",454.321,5042.898,"2005","6"
"3120",5,"rear",0,1998,"Tillamook Bay",660,458162,5041092,0.26820211661608,1.18813404108566,-0.517534236166219,0.5330618035322,0.229124003707173,-0.627069783424147,-1.23073511046757,1.26515181431742,-0.459939950571569,"once",458.162,5041.092,"1998","5"
"2689",5,"rear",0,1998,"Tillamook Bay",662,462550,5044490,0.491307807285977,1.08061628857824,-0.717282242902307,1.14182396051907,0.161127162933706,-0.84979984379747,-1.16209979542841,-0.0954831557975414,-0.394682328832095,"nine",462.55,5044.49,"1998","5"
"2690",5,"rear",0,2007,"Tillamook Bay",662,462550,5044490,0.491307807285977,0.478516874536682,-1.11677825637448,1.14182396051907,-0.875824658861669,-0.84979984379747,-1.16209979542841,-0.0954831557975414,-0.394682328832095,"nine",462.55,5044.49,"2007","5"
"2688",5,"rear",0,2016,"Tillamook Bay",662,462550,5044490,0.491307807285977,2.99443228321033,-1.51627426984666,1.14182396051907,-1.07981518118207,-0.84979984379747,-1.16209979542841,-0.0954831557975414,-0.394682328832095,"nine",462.55,5044.49,"2016","5"
"1153",5,"rear",0,1999,"Tillamook Bay",663,461633,5044456,0.857838584815092,3.2954819902311,-1.63612307388831,1.14182396051907,0.475612551510992,-0.671615795498811,-1.16209979542841,-0.0954831557975414,-0.40773385317999,"three",461.633,5044.456,"1999","5"
"1154",5,"rear",0,2002,"Tillamook Bay",663,461633,5044456,0.857838584815092,1.16663049058417,-1.03687905368005,1.14182396051907,0.943090831828579,-0.671615795498811,-1.16209979542841,-0.0954831557975414,-0.40773385317999,"three",461.633,5044.456,"2002","5"
"1155",5,"rear",0,2005,"Tillamook Bay",663,461633,5044456,0.857838584815092,1.79023345512721,-1.19667745906892,1.14182396051907,1.21507819492245,-0.671615795498811,-1.16209979542841,-0.0954831557975414,-0.40773385317999,"three",461.633,5044.456,"2005","5"
"1156",5,"rear",0,2008,"Tillamook Bay",663,461633,5044456,0.857838584815092,1.91925475813612,-1.27657666176335,1.14182396051907,0.152627557837023,-0.671615795498811,-1.16209979542841,-0.0954831557975414,-0.40773385317999,"three",461.633,5044.456,"2008","5"
"1157",5,"rear",195,2011,"Tillamook Bay",663,461633,5044456,0.857838584815092,0.865580783563396,-1.95571988466605,1.14182396051907,2.42202211865149,-0.671615795498811,-1.16209979542841,-0.0954831557975414,-0.40773385317999,"three",461.633,5044.456,"2011","5"
"1158",5,"rear",161,2014,"Tillamook Bay",663,461633,5044456,0.857838584815092,0.586034627044102,-0.437635033471785,1.14182396051907,1.58906081917652,-0.671615795498811,-1.16209979542841,-0.0954831557975414,-0.40773385317999,"three",461.633,5044.456,"2014","5"
"1152",5,"rear",27,2020,"Tillamook Bay",663,461633,5044456,0.857838584815092,0.865580783563396,-1.03687905368005,1.14182396051907,2.42202211865149,-0.671615795498811,-1.16209979542841,-0.0954831557975414,-0.40773385317999,"three",461.633,5044.456,"2020","5"
"184",5,"rear",0,1998,"Tillamook Bay",664,461130,5044083,0.93751918862577,1.18813404108566,-0.717282242902307,1.14182396051907,0.0336330864834551,-1.11707591624546,-1.16209979542841,-0.0954831557975414,-0.416039368674104,"annual",461.13,5044.083,"1998","5"
"185",5,"rear",0,1999,"Tillamook Bay",664,461130,5044083,0.93751918862577,3.2954819902311,-1.63612307388831,1.14182396051907,0.475612551510992,-1.11707591624546,-1.16209979542841,-0.0954831557975414,-0.416039368674104,"annual",461.13,5044.083,"1999","5"
"186",5,"rear",918,2000,"Tillamook Bay",664,461130,5044083,0.93751918862577,1.61820505111534,-1.79592147927718,1.14182396051907,0.475612551510992,-1.11707591624546,-1.16209979542841,-0.0954831557975414,-0.416039368674104,"annual",461.13,5044.083,"2000","5"
"187",5,"rear",0,2001,"Tillamook Bay",664,461130,5044083,0.93751918862577,-0.596660650537526,-1.67607267523553,1.14182396051907,1.32557306117933,-1.11707591624546,-1.16209979542841,-0.0954831557975414,-0.416039368674104,"annual",461.13,5044.083,"2001","5"
"188",5,"rear",7,2002,"Tillamook Bay",664,461130,5044083,0.93751918862577,1.16663049058417,-1.03687905368005,1.14182396051907,0.943090831828579,-1.11707591624546,-1.16209979542841,-0.0954831557975414,-0.416039368674104,"annual",461.13,5044.083,"2002","5"
"189",5,"rear",827,2003,"Tillamook Bay",664,461130,5044083,0.93751918862577,2.24180801565838,-0.757231844249525,1.14182396051907,0.654104258541344,-1.11707591624546,-1.16209979542841,-0.0954831557975414,-0.416039368674104,"annual",461.13,5044.083,"2003","5"
"190",5,"rear",258,2004,"Tillamook Bay",664,461130,5044083,0.93751918862577,1.51068729860792,-0.797181445596741,1.14182396051907,0.603106627961243,-1.11707591624546,-1.16209979542841,-0.0954831557975414,-0.416039368674104,"annual",461.13,5044.083,"2004","5"
"191",5,"rear",10,2005,"Tillamook Bay",664,461130,5044083,0.93751918862577,1.79023345512721,-1.19667745906892,1.14182396051907,1.21507819492245,-1.11707591624546,-1.16209979542841,-0.0954831557975414,-0.416039368674104,"annual",461.13,5044.083,"2005","5"
"192",5,"rear",31,2006,"Tillamook Bay",664,461130,5044083,0.93751918862577,1.83324055613018,-0.877080648291176,1.14182396051907,-0.195856251126997,-1.11707591624546,-1.16209979542841,-0.0954831557975414,-0.416039368674104,"annual",461.13,5044.083,"2006","5"
"193",5,"rear",184,2011,"Tillamook Bay",664,461130,5044083,0.93751918862577,0.865580783563396,-1.95571988466605,1.14182396051907,2.42202211865149,-1.11707591624546,-1.16209979542841,-0.0954831557975414,-0.416039368674104,"annual",461.13,5044.083,"2011","5"
"194",5,"rear",119,2012,"Tillamook Bay",664,461130,5044083,0.93751918862577,1.48918374810644,-1.55622387119387,1.14182396051907,1.02808688279541,-1.11707591624546,-1.16209979542841,-0.0954831557975414,-0.416039368674104,"annual",461.13,5044.083,"2012","5"
"195",5,"rear",238,2013,"Tillamook Bay",664,461130,5044083,0.93751918862577,-0.0375683374989379,-0.717282242902307,1.14182396051907,1.52956358349973,-1.11707591624546,-1.16209979542841,-0.0954831557975414,-0.416039368674104,"annual",461.13,5044.083,"2013","5"
"196",5,"rear",162,2014,"Tillamook Bay",664,461130,5044083,0.93751918862577,0.586034627044102,-0.437635033471785,1.14182396051907,1.58906081917652,-1.11707591624546,-1.16209979542841,-0.0954831557975414,-0.416039368674104,"annual",461.13,5044.083,"2014","5"
"180",5,"rear",463,2015,"Tillamook Bay",664,461130,5044083,0.93751918862577,1.23114114208863,-0.477584634819001,1.14182396051907,-0.680333741637951,-1.11707591624546,-1.16209979542841,-0.0954831557975414,-0.416039368674104,"annual",461.13,5044.083,"2015","5"
"181",5,"rear",113,2016,"Tillamook Bay",664,461130,5044083,0.93751918862577,3.1664606872222,-1.51627426984666,1.14182396051907,-0.986319525118553,-1.11707591624546,-1.16209979542841,-0.0954831557975414,-0.416039368674104,"annual",461.13,5044.083,"2016","5"
"182",5,"rear",65,2017,"Tillamook Bay",664,461130,5044083,0.93751918862577,1.33865889459605,-0.797181445596741,1.14182396051907,1.94604423323722,-1.11707591624546,-1.16209979542841,-0.0954831557975414,-0.416039368674104,"annual",461.13,5044.083,"2017","5"
"183",5,"rear",0,2018,"Tillamook Bay",664,461130,5044083,0.93751918862577,1.33865889459605,-0.517534236166219,1.14182396051907,1.42756832233953,-1.11707591624546,-1.16209979542841,-0.0954831557975414,-0.416039368674104,"annual",461.13,5044.083,"2018","5"
"177",5,"rear",31,2019,"Tillamook Bay",664,461130,5044083,0.93751918862577,1.36016244509753,-1.23662706041613,1.14182396051907,2.04803949439742,-1.11707591624546,-1.16209979542841,-0.0954831557975414,-0.416039368674104,"annual",461.13,5044.083,"2019","5"
"178",5,"rear",27,2020,"Tillamook Bay",664,461130,5044083,0.93751918862577,1.33865889459605,-1.03687905368005,1.14182396051907,1.94604423323722,-1.11707591624546,-1.16209979542841,-0.0954831557975414,-0.416039368674104,"annual",461.13,5044.083,"2020","5"
"179",5,"rear",82,2021,"Tillamook Bay",664,461130,5044083,0.93751918862577,0.865580783563396,-1.03687905368005,1.14182396051907,2.42202211865149,-1.11707591624546,-1.16209979542841,-0.0954831557975414,-0.416039368674104,"annual",461.13,5044.083,"2021","5"
"2173",5,"rear",1614,2006,"Tillamook Bay",679,454118,5048269,1.08094427548499,1.76872990462573,-0.397685432124567,0.111228364919584,-0.20435585622368,-0.1816096626775,-0.529129667845079,-0.775800640855023,-0.437396408516114,"nine",454.118,5048.269,"2006","5"
"2172",5,"rear",978,2015,"Tillamook Bay",679,454118,5048269,1.08094427548499,2.60736837418361,0.0817097840420431,0.111228364919584,-0.501842034607599,-0.1816096626775,-0.529129667845079,-0.775800640855023,-0.437396408516114,"nine",454.118,5048.269,"2015","5"
"1418",4,"rear",0,1999,"Tillamook Bay",683,452256,5049794,0.220393754329674,3.5750281467504,-1.87582068197161,1.01957400021347,0.654104258541344,-0.537977759274818,-0.807484001059436,0.924993071788681,-0.406547350966545,"nine",452.256,5049.794,"1999","4"
"1417",4,"rear",570,2017,"Tillamook Bay",683,452256,5049794,0.220393754329674,1.33865889459605,-1.23662706041613,1.01957400021347,1.94604423323722,-0.537977759274818,-0.807484001059436,0.924993071788681,-0.406547350966545,"nine",452.256,5049.794,"2017","4"
"2617",6,"rear",55,2004,"Tillamook Bay",694,457652,5052279,2.19647272883447,1.98376540964057,1.1203994190697,0.519202069660345,0.705101889121444,-0.226155674752164,-0.662587224865661,-0.435641898326282,-0.375698293416975,"nine",457.652,5052.279,"2004","6"
"2618",6,"rear",37,2013,"Tillamook Bay",694,457652,5052279,2.19647272883447,0.607538177545586,1.20029862176413,0.519202069660345,1.86954778736707,-0.226155674752164,-0.662587224865661,-0.435641898326282,-0.375698293416975,"nine",457.652,5052.279,"2013","6"
"3261",5,"rear",2082,2004,"Tillamook Bay",701,453786,5053426,0.507243928048112,2.15579381365244,-0.83713104694396,0.121178943083993,0.815596755378328,-0.448885735125488,-0.677839517096585,0.244675586731199,-0.312813676104391,"once",453.786,5053.426,"2004","5"
"204",4,"rear",211,1998,"Tillamook Bay",715,459674,5048143,0.26820211661608,1.03760918757527,-0.917030249638394,-0.093113865242383,-0.0598625695800623,-0.404339723050823,-0.632082640403814,1.26515181431742,-0.397055333258985,"annual",459.674,5048.143,"1998","4"
"205",4,"rear",17,1999,"Tillamook Bay",715,459674,5048143,0.26820211661608,3.1664606872222,-1.79592147927718,-0.093113865242383,0.501111366801042,-0.404339723050823,-0.632082640403814,1.26515181431742,-0.397055333258985,"annual",459.674,5048.143,"1999","4"
"206",4,"rear",918,2000,"Tillamook Bay",715,459674,5048143,0.26820211661608,1.59670150061386,-1.99566948601327,-0.093113865242383,0.416115315834208,-0.404339723050823,-0.632082640403814,1.26515181431742,-0.397055333258985,"annual",459.674,5048.143,"2000","4"
"207",4,"rear",1209,2001,"Tillamook Bay",715,459674,5048143,0.26820211661608,-0.725681953546431,-1.87582068197161,-0.093113865242383,1.21507819492245,-0.404339723050823,-0.632082640403814,1.26515181431742,-0.397055333258985,"annual",459.674,5048.143,"2001","4"
"208",4,"rear",355,2002,"Tillamook Bay",715,459674,5048143,0.26820211661608,1.05911273807675,-1.23662706041613,-0.093113865242383,0.875093991055112,-0.404339723050823,-0.632082640403814,1.26515181431742,-0.397055333258985,"annual",459.674,5048.143,"2002","4"
"209",4,"rear",877,2003,"Tillamook Bay",715,459674,5048143,0.26820211661608,2.13429026315096,-1.07682865502726,-0.093113865242383,0.611606233057927,-0.404339723050823,-0.632082640403814,1.26515181431742,-0.397055333258985,"annual",459.674,5048.143,"2003","4"
"210",4,"rear",821,2004,"Tillamook Bay",715,459674,5048143,0.26820211661608,1.46768019760495,-1.07682865502726,-0.093113865242383,0.543609392284459,-0.404339723050823,-0.632082640403814,1.26515181431742,-0.397055333258985,"annual",459.674,5048.143,"2004","4"
"211",4,"rear",1007,2005,"Tillamook Bay",715,459674,5048143,0.26820211661608,1.66121215211831,-1.43637506715222,-0.093113865242383,1.15558095924566,-0.404339723050823,-0.632082640403814,1.26515181431742,-0.397055333258985,"annual",459.674,5048.143,"2005","4"
"212",4,"rear",1151,2006,"Tillamook Bay",715,459674,5048143,0.26820211661608,1.74722635412425,-1.19667745906892,-0.093113865242383,-0.272352696997147,-0.404339723050823,-0.632082640403814,1.26515181431742,-0.397055333258985,"annual",459.674,5048.143,"2006","4"
"213",4,"rear",579,2007,"Tillamook Bay",715,459674,5048143,0.26820211661608,0.284984920023324,-1.35647586445779,-0.093113865242383,-0.756830187508101,-0.404339723050823,-0.632082640403814,1.26515181431742,-0.397055333258985,"annual",459.674,5048.143,"2007","4"
"214",4,"rear",641,2008,"Tillamook Bay",715,459674,5048143,0.26820211661608,1.79023345512721,-1.51627426984666,-0.093113865242383,0.186625978223756,-0.404339723050823,-0.632082640403814,1.26515181431742,-0.397055333258985,"annual",459.674,5048.143,"2008","4"
"215",4,"rear",977,2009,"Tillamook Bay",715,459674,5048143,0.26820211661608,0.414006223032229,-0.757231844249525,-0.093113865242383,0.909092411441846,-0.404339723050823,-0.632082640403814,1.26515181431742,-0.397055333258985,"annual",459.674,5048.143,"2009","4"
"216",4,"rear",679,2010,"Tillamook Bay",715,459674,5048143,0.26820211661608,-0.123582539504875,-1.55622387119387,-0.093113865242383,2.03104028420405,-0.404339723050823,-0.632082640403814,1.26515181431742,-0.397055333258985,"annual",459.674,5048.143,"2010","4"
"217",4,"rear",187,2011,"Tillamook Bay",715,459674,5048143,0.26820211661608,0.88708433406488,-2.11551829005492,-0.093113865242383,2.35402527787802,-0.404339723050823,-0.632082640403814,1.26515181431742,-0.397055333258985,"annual",459.674,5048.143,"2011","4"
"218",4,"rear",288,2012,"Tillamook Bay",715,459674,5048143,0.26820211661608,1.33865889459605,-1.71602227658274,-0.093113865242383,0.960090042021946,-0.404339723050823,-0.632082640403814,1.26515181431742,-0.397055333258985,"annual",459.674,5048.143,"2012","4"
"219",4,"rear",316,2013,"Tillamook Bay",715,459674,5048143,0.26820211661608,0.00543876350403035,-0.956979850985612,-0.093113865242383,1.4445675325329,-0.404339723050823,-0.632082640403814,1.26515181431742,-0.397055333258985,"annual",459.674,5048.143,"2013","4"
"220",4,"rear",186,2014,"Tillamook Bay",715,459674,5048143,0.26820211661608,0.586034627044102,-0.677332641555089,-0.093113865242383,1.45306713762958,-0.404339723050823,-0.632082640403814,1.26515181431742,-0.397055333258985,"annual",459.674,5048.143,"2014","4"
"200",4,"rear",193,2015,"Tillamook Bay",715,459674,5048143,0.26820211661608,1.14512694008269,-0.757231844249525,-0.093113865242383,-0.688833346734634,-0.404339723050823,-0.632082640403814,1.26515181431742,-0.397055333258985,"annual",459.674,5048.143,"2015","4"
"201",4,"rear",369,2016,"Tillamook Bay",715,459674,5048143,0.26820211661608,3.10195003571775,-1.63612307388831,-0.093113865242383,-0.97781992002187,-0.404339723050823,-0.632082640403814,1.26515181431742,-0.397055333258985,"annual",459.674,5048.143,"2016","4"
"202",4,"rear",271,2017,"Tillamook Bay",715,459674,5048143,0.26820211661608,1.29565179359308,-1.03687905368005,-0.093113865242383,1.89504660265712,-0.404339723050823,-0.632082640403814,1.26515181431742,-0.397055333258985,"annual",459.674,5048.143,"2017","4"
"203",4,"rear",304,2018,"Tillamook Bay",715,459674,5048143,0.26820211661608,1.29565179359308,-0.797181445596741,-0.093113865242383,1.14708135414898,-0.404339723050823,-0.632082640403814,1.26515181431742,-0.397055333258985,"annual",459.674,5048.143,"2018","4"
"197",4,"rear",359,2019,"Tillamook Bay",715,459674,5048143,0.26820211661608,1.29565179359308,-1.396425465805,-0.093113865242383,1.89504660265712,-0.404339723050823,-0.632082640403814,1.26515181431742,-0.397055333258985,"annual",459.674,5048.143,"2019","4"
"198",4,"rear",285,2020,"Tillamook Bay",715,459674,5048143,0.26820211661608,1.29565179359308,-1.27657666176335,-0.093113865242383,1.89504660265712,-0.404339723050823,-0.632082640403814,1.26515181431742,-0.397055333258985,"annual",459.674,5048.143,"2020","4"
"199",4,"rear",292,2021,"Tillamook Bay",715,459674,5048143,0.26820211661608,0.88708433406488,-1.27657666176335,-0.093113865242383,2.35402527787802,-0.404339723050823,-0.632082640403814,1.26515181431742,-0.397055333258985,"annual",459.674,5048.143,"2021","4"
"1719",4,"rear",197,2000,"Tillamook Bay",716,460128,5047586,-0.066456419388765,1.59670150061386,-1.99566948601327,-0.093113865242383,0.416115315834208,-2.05254216981342,-0.632082640403814,1.26515181431742,-0.387563315551425,"three",460.128,5047.586,"2000","4"
"1720",4,"rear",469,2003,"Tillamook Bay",716,460128,5047586,-0.066456419388765,2.24180801565838,-1.07682865502726,-0.093113865242383,0.654104258541344,-2.05254216981342,-0.632082640403814,1.26515181431742,-0.387563315551425,"three",460.128,5047.586,"2003","4"
"1721",4,"rear",1151,2006,"Tillamook Bay",716,460128,5047586,-0.066456419388765,1.83324055613018,-1.19667745906892,-0.093113865242383,-0.195856251126997,-2.05254216981342,-0.632082640403814,1.26515181431742,-0.387563315551425,"three",460.128,5047.586,"2006","4"
"1722",4,"rear",977,2009,"Tillamook Bay",716,460128,5047586,-0.066456419388765,0.457013324035197,-0.757231844249525,-0.093113865242383,0.815596755378328,-2.05254216981342,-0.632082640403814,1.26515181431742,-0.387563315551425,"three",460.128,5047.586,"2009","4"
"1723",4,"rear",288,2012,"Tillamook Bay",716,460128,5047586,-0.066456419388765,1.48918374810644,-1.71602227658274,-0.093113865242383,1.02808688279541,-2.05254216981342,-0.632082640403814,1.26515181431742,-0.387563315551425,"three",460.128,5047.586,"2012","4"
"1717",4,"rear",193,2015,"Tillamook Bay",716,460128,5047586,-0.066456419388765,1.14512694008269,-0.757231844249525,-0.093113865242383,-0.688833346734634,-2.05254216981342,-0.632082640403814,1.26515181431742,-0.387563315551425,"three",460.128,5047.586,"2015","4"
"1718",4,"rear",304,2018,"Tillamook Bay",716,460128,5047586,-0.066456419388765,1.29565179359308,-0.797181445596741,-0.093113865242383,1.14708135414898,-2.05254216981342,-0.632082640403814,1.26515181431742,-0.387563315551425,"three",460.128,5047.586,"2018","4"
"1724",4,"rear",292,2021,"Tillamook Bay",716,460128,5047586,-0.066456419388765,1.79023345512721,-1.27657666176335,-0.093113865242383,1.21507819492245,-2.05254216981342,-0.632082640403814,1.26515181431742,-0.387563315551425,"three",460.128,5047.586,"2021","4"
"1420",5,"rear",4,1999,"Tillamook Bay",718,463569,5050714,0.825966343290822,2.84390742969994,-0.956979850985612,0.563979671400185,0.535109787187776,-0.404339723050823,-0.826549366348091,-0.0954831557975414,-0.329424707092621,"nine",463.569,5050.714,"1999","5"
"1419",5,"rear",389,2017,"Tillamook Bay",718,463569,5050715,0.825966343290822,1.03760918757527,0.00181058134760843,0.563979671400185,1.96304344343059,-0.404339723050823,-0.826549366348091,-0.0954831557975414,-0.329424707092621,"nine",463.569,5050.715,"2017","5"
"2175",5,"rear",686,2006,"Tillamook Bay",723,464222,5052407,0.491307807285977,1.74722635412425,-0.557483837513437,1.18020476201036,-0.255353486803781,-0.894345855872135,-0.799857854943974,0.244675586731199,-0.298575649543051,"nine",464.222,5052.407,"2006","5"
"2174",5,"rear",578,2015,"Tillamook Bay",723,464222,5052407,0.491307807285977,1.01610563707379,-0.0780886213468263,1.18020476201036,-0.637835716154534,-0.894345855872135,-0.799857854943974,0.244675586731199,-0.298575649543051,"nine",464.222,5052.407,"2015","5"
"3030",5,"rear",1344,2000,"Tillamook Bay",741,466854,5051092,1.31998608691702,1.59670150061386,-0.477584634819001,-0.181602935347304,0.416115315834208,-0.00342561437884133,0.084775094449599,-0.775800640855023,-0.284337622981711,"once",466.854,5051.092,"2000","5"
"3335",5,"rear",1209,2006,"Tillamook Bay",750,470341,5051233,0.523180048810247,0.52152397553965,0.481205797514218,1.44176281661768,-0.799328212991518,-0.582523771349482,0.115279678911446,-0.0954831557975414,-0.226199014522907,"once",470.341,5051.233,"2006","5"
"1981",4,"rear",337,2000,"Tillamook Bay",754,471561,5051097,-0.353306593107203,0.0484458645069986,-1.71602227658274,-0.149618934104562,-0.612336900864484,-0.448885735125488,-0.399485183882228,-0.0954831557975414,-0.208401481321232,"nine",471.561,5051.097,"2000","4"
"1982",4,"rear",518,2009,"Tillamook Bay",754,471561,5051097,-0.353306593107203,0.00543876350403035,-0.317786229430132,-0.149618934104562,-0.000365333903278495,-0.448885735125488,-0.399485183882228,-0.0954831557975414,-0.208401481321232,"nine",471.561,5051.097,"2009","4"
"1980",4,"rear",507,2018,"Tillamook Bay",754,471561,5051097,-0.353306593107203,0.155963617014419,-0.197937425388479,-0.149618934104562,-0.22985467151373,-0.448885735125488,-0.399485183882228,-0.0954831557975414,-0.208401481321232,"nine",471.561,5051.097,"2018","4"
"1728",6,"rear",1330,2009,"Tillamook Bay",778,440991,5043821,1.08094427548499,0.62904172804707,-0.757231844249525,0.0277145838968669,0.713601494218127,-0.137063650602836,-0.376606745535842,-0.435641898326282,-0.800466085830279,"three",440.991,5043.821,"2009","6"
"1729",6,"rear",1137,2012,"Tillamook Bay",778,440991,5043821,1.08094427548499,0.844077233061912,-1.35647586445779,0.0277145838968669,1.06208530318215,-0.137063650602836,-0.376606745535842,-0.435641898326282,-0.800466085830279,"three",440.991,5043.821,"2012","6"
"1726",6,"rear",901,2015,"Tillamook Bay",778,440991,5043815,1.08094427548499,0.715055930053007,-0.397685432124567,0.0277145838968669,-0.595337690671117,-0.137063650602836,-0.376606745535842,-0.435641898326282,-0.800466085830279,"three",440.991,5043.815,"2015","6"
"1727",6,"rear",972,2018,"Tillamook Bay",778,440991,5043815,1.08094427548499,1.29565179359308,-0.677332641555089,0.0277145838968669,0.815596755378328,-0.137063650602836,-0.376606745535842,-0.435641898326282,-0.800466085830279,"three",440.991,5043.815,"2018","6"
"1725",6,"rear",879,2021,"Tillamook Bay",778,440991,5043821,1.08094427548499,0.844077233061912,-1.1567278577217,0.0277145838968669,1.06208530318215,-0.137063650602836,-0.376606745535842,-0.435641898326282,-0.800466085830279,"three",440.991,5043.821,"2021","6"
"1617",6,"rear",10,2005,"Tillamook Bay",794,438144,5045558,3.02515100846552,1.27414824309159,-0.0780886213468263,-0.574295395049866,1.12158253885893,0.0411203976958234,-0.361354453304919,-0.775800640855023,-0.798093081403389,"nine",438.144,5045.558,"2005","6"
"1160",3,"rear",0,2017,"Tillamook Bay",795,437292,5044907,-0.735773491398455,1.29565179359308,-0.477584634819001,0.802082791762824,2.19253278104104,-2.05254216981342,-0.73884868602028,4.32658049707609,-0.783855054842049,"three",437.292,5044.907,"2017","3"
"1159",3,"rear",19,2020,"Tillamook Bay",795,437288,5044916,-0.735773491398455,1.29565179359308,-0.477584634819001,0.802082791762824,2.19253278104104,-2.05254216981342,-0.73884868602028,4.32658049707609,-0.783855054842049,"three",437.288,5044.916,"2020","3"
"3121",6,"rear",192,1998,"Tillamook Bay",799,437704,5048237,2.8817259216063,1.27414824309159,0.321407392125349,0.220684724728081,-0.0343637542900121,-0.137063650602836,-0.342289088016264,-0.775800640855023,-0.75537900171937,"once",437.704,5048.237,"1998","6"
"3262",6,"rear",182,2004,"Tillamook Bay",800,438674,5048665,2.80204531779562,2.2203044651569,0.161608986736478,0.220684724728081,0.696602284024761,-0.00342561437884133,-0.342289088016264,-0.775800640855023,-0.74114097515803,"once",438.674,5048.665,"2004","6"
"2086",6,"rear",1262,2003,"Tillamook Bay",801,437874,5048269,2.83391755931989,2.32782221766432,-0.0381390199996096,0.220684724728081,1.01108767260205,0.0856664097704881,-0.342289088016264,-0.775800640855023,-0.75300599729248,"nine",437.874,5048.269,"2003","6"
"2087",6,"rear",67,2012,"Tillamook Bay",801,437874,5048269,2.83391755931989,1.4031695461005,-0.677332641555089,0.220684724728081,1.45306713762958,0.0856664097704881,-0.342289088016264,-0.775800640855023,-0.75300599729248,"nine",437.874,5048.269,"2012","6"
"3122",5,"rear",0,1998,"Tillamook Bay",806,444244,5049298,0.873774705577228,1.38166599559902,-0.477584634819001,-0.640395664284868,-0.000365333903278495,-0.1816096626775,-0.609204202057428,-0.435641898326282,-0.645034295868986,"once",444.244,5049.298,"1998","5"
"3263",5,"rear",1363,2004,"Tillamook Bay",807,443516,5049535,0.969391430150041,2.24180801565838,-0.757231844249525,-0.640395664284868,0.781598334991595,-0.0925176385281708,-0.609204202057428,-0.435641898326282,-0.655712815789991,"once",443.516,5049.535,"2004","5"
"1421",1,"rear",215,1999,"Tillamook Bay",813,441315,5051579,-1.08636814816544,3.85457430326969,-0.996929452332829,-0.329795474438678,0.64560465344466,-0.448885735125488,-0.323223722727609,-0.775800640855023,-0.678256357845446,"nine",441.315,5051.579,"1999","1"
"1422",1,"rear",1660,2017,"Tillamook Bay",813,441313,5051579,-1.08636814816544,2.19880091465541,-0.477584634819001,-0.329795474438678,-0.467843614220866,-0.448885735125488,-0.323223722727609,-0.775800640855023,-0.678256357845446,"nine",441.313,5051.579,"2017","1"
"2258",5,"rear",1214,1998,"Tillamook Bay",827,444780,5052180,1.1287526377714,1.38166599559902,-0.317786229430132,0.399795131687439,-0.000365333903278495,-0.137063650602836,-0.437615914459537,-0.435641898326282,-0.622490753813532,"three",444.78,5052.18,"1998","5"
"2259",5,"rear",2133,2001,"Tillamook Bay",827,444780,5052180,1.1287526377714,-0.381625145522684,-1.63612307388831,0.399795131687439,1.06208530318215,-0.137063650602836,-0.437615914459537,-0.435641898326282,-0.622490753813532,"three",444.78,5052.18,"2001","5"
"2260",5,"rear",3446,2004,"Tillamook Bay",827,444780,5052180,1.1287526377714,2.24180801565838,-0.557483837513437,0.399795131687439,0.781598334991595,-0.137063650602836,-0.437615914459537,-0.435641898326282,-0.622490753813532,"three",444.78,5052.18,"2004","5"
"1161",3,"rear",1,1999,"Tillamook Bay",830,433242,5040384,-0.512667800728558,0.844077233061912,-0.557483837513437,-0.674156554485541,0.0166338762900883,1.24386272371177,0.0161397794104424,0.244675586731199,-0.952338369151237,"three",433.242,5040.384,"1999","3"
"1162",3,"rear",23,2002,"Tillamook Bay",830,433242,5040384,-0.512667800728558,0.0699494150084828,-0.0381390199996096,-0.674156554485541,-0.0343637542900121,1.24386272371177,0.0161397794104424,0.244675586731199,-0.952338369151237,"three",433.242,5040.384,"2002","3"
"1163",3,"rear",26,2005,"Tillamook Bay",830,433242,5040384,-0.512667800728558,0.435509773533713,0.0417601826948251,-0.674156554485541,0.773098729894911,1.24386272371177,0.0161397794104424,0.244675586731199,-0.952338369151237,"three",433.242,5040.384,"2005","3"
"3336",4,"rear",6,2006,"Tillamook Bay",837,430234,5041642,-0.0823925401509004,0.500020425038166,2.35883706083344,-0.136469955815879,-0.297851512287198,0.976586651263782,0.95796882466998,-0.435641898326282,-1.05200455508062,"once",430.234,5041.642,"2006","4"
"1527",4,"rear",472,2002,"Tillamook Bay",850,434163,5045948,0.108840908994725,1.55369439961089,-0.956979850985612,0.20824650202257,0.943090831828579,-0.671615795498811,-1.1735390146016,0.244675586731199,-1.01166347982349,"nine",434.163,5045.948,"2002","4"
"1528",4,"rear",137,2011,"Tillamook Bay",850,434163,5045948,0.108840908994725,1.76872990462573,-1.396425465805,0.20824650202257,3.22098499773973,-0.671615795498811,-1.1735390146016,0.244675586731199,-1.01166347982349,"nine",434.163,5045.948,"2011","4"
"1526",4,"rear",294,2020,"Tillamook Bay",850,434163,5045948,0.108840908994725,1.76872990462573,-1.03687905368005,0.20824650202257,3.22098499773973,-0.671615795498811,-1.1735390146016,0.244675586731199,-1.01166347982349,"nine",434.163,5045.948,"2020","4"
"2770",4,"rear",2,1999,"Tillamook Bay",854,431705,5048922,-0.353306593107203,3.61803524775337,-1.23662706041613,0.120112809709235,0.679603073831394,-0.716161807573476,-1.37181881360361,1.60531055684616,-1.01047697761004,"once",431.705,5048.922,"1999","4"
"1984",3,"rear",0,2000,"Tillamook Bay",856,433170,5049024,-0.22581762701012,1.57519795011237,-1.63612307388831,-0.0437163522119249,0.475612551510992,-0.760707819648141,-1.45570642087369,2.28562804190364,-0.997425453262146,"nine",433.17,5049.024,"2000","3"
"1985",3,"rear",440,2009,"Tillamook Bay",856,433170,5049024,-0.22581762701012,1.25264469259011,-1.31652626311057,-0.0437163522119249,1.24907661530918,-0.760707819648141,-1.45570642087369,2.28562804190364,-0.997425453262146,"nine",433.17,5049.024,"2009","3"
"1983",3,"rear",244,2018,"Tillamook Bay",856,433170,5049024,-0.22581762701012,1.91925475813612,-1.23662706041613,-0.0437163522119249,1.12158253885893,-0.760707819648141,-1.45570642087369,2.28562804190364,-0.997425453262146,"nine",433.17,5049.024,"2018","3"
"2263",5,"rear",331,1998,"Tillamook Bay",870,434376,5051987,1.68651686444614,0.693552379551523,-0.437635033471785,-0.315224984983651,-0.17885704093363,-0.0479716264535061,-0.178326946533834,-0.775800640855023,-0.944032853657122,"three",434.376,5051.987,"1998","5"
"2264",5,"rear",1876,2001,"Tillamook Bay",870,434376,5051987,1.68651686444614,-0.833199706053851,-1.55622387119387,-0.315224984983651,0.637105048347977,-0.0479716264535061,-0.178326946533834,-0.775800640855023,-0.944032853657122,"three",434.376,5051.987,"2001","5"
"2265",5,"rear",1905,2004,"Tillamook Bay",870,434376,5051987,1.68651686444614,1.70421925312128,-0.277836628082914,-0.315224984983651,0.305620449577324,-0.0479716264535061,-0.178326946533834,-0.775800640855023,-0.944032853657122,"three",434.376,5051.987,"2004","5"
"2266",5,"rear",1077,2007,"Tillamook Bay",870,434376,5051987,1.68651686444614,0.0699494150084828,-0.317786229430132,-0.315224984983651,-0.493342429510916,-0.0479716264535061,-0.178326946533834,-0.775800640855023,-0.944032853657122,"three",434.376,5051.987,"2007","5"
"2267",5,"rear",724,2010,"Tillamook Bay",870,434376,5051987,1.68651686444614,-0.61816420103901,-1.11677825637448,-0.315224984983651,2.10753673007421,-0.0479716264535061,-0.178326946533834,-0.775800640855023,-0.944032853657122,"three",434.376,5051.987,"2010","5"
"2268",5,"rear",507,2013,"Tillamook Bay",870,434376,5051987,1.68651686444614,0.62904172804707,-0.797181445596741,-0.315224984983651,1.73355410582014,-0.0479716264535061,-0.178326946533834,-0.775800640855023,-0.944032853657122,"three",434.376,5051.987,"2013","5"
"2262",5,"rear",722,2016,"Tillamook Bay",870,434376,5051987,1.68651686444614,2.2203044651569,-0.83713104694396,-0.315224984983651,-0.909823079248403,-0.0479716264535061,-0.178326946533834,-0.775800640855023,-0.944032853657122,"three",434.376,5051.987,"2016","5"
"2261",5,"rear",238,2019,"Tillamook Bay",870,434376,5051987,1.68651686444614,0.306488470524808,-0.637383040207872,-0.315224984983651,0.926091621635213,-0.0479716264535061,-0.178326946533834,-0.775800640855023,-0.944032853657122,"three",434.376,5051.987,"2019","5"
"3031",5,"rear",1055,2000,"Tillamook Bay",874,436335,5052984,1.47934729453838,2.71488612669103,-1.23662706041613,0.596319050434514,0.960090042021946,0.0411203976958234,-0.113504704552409,-0.775800640855023,-0.915556800534443,"once",436.335,5052.984,"2000","5"
"1672",4,"rear",364,2018,"Nehalem",895,428522,5064692,-0.432987196917881,0.349495571527777,-0.0381390199996096,-0.324464807564888,0.0931303221602389,-0.627069783424147,-0.818923220232629,-0.0954831557975414,-1.13980571887554,"three",428.522,5064.692,"2018","4"
"1671",4,"rear",252,2021,"Nehalem",895,428522,5064692,-0.432987196917881,0.349495571527777,-0.677332641555089,-0.324464807564888,0.0931303221602389,-0.627069783424147,-0.818923220232629,-0.0954831557975414,-1.13980571887554,"three",428.522,5064.692,"2021","4"
"2764",4,"rear",0,1999,"Nehalem",922,434770,5066445,-0.066456419388765,2.32782221766432,-1.31652626311057,-0.548708194055672,0.0931303221602389,1.28840873578643,-1.02864223840783,0.924993071788681,-0.959457382431907,"once",434.77,5066.445,"1999","4"
"2237",3,"rear",0,2004,"Nehalem",929,437414,5068501,-0.656092887587778,2.56436127318064,0.481205797514218,-0.0366087963802044,0.526610182091093,-1.47344401284278,0.973221116900903,0.924993071788681,-0.907251285040328,"three",437.414,5068.501,"2004","3"
"2238",3,"rear",0,2007,"Nehalem",929,437414,5068501,-0.656092887587778,1.36016244509753,0.361356993472565,-0.0366087963802044,-0.0428633593866955,-1.47344401284278,0.973221116900903,0.924993071788681,-0.907251285040328,"three",437.414,5068.501,"2007","3"
"2239",3,"rear",1,2010,"Nehalem",929,437414,5068501,-0.656092887587778,0.392502672530745,-0.517534236166219,-0.0366087963802044,3.186986577353,-1.47344401284278,0.973221116900903,0.924993071788681,-0.907251285040328,"three",437.414,5068.501,"2010","3"
"2240",3,"rear",0,2013,"Nehalem",929,437414,5068501,-0.656092887587778,1.44617664710347,-0.157987824041262,-0.0366087963802044,2.83000316329229,-1.47344401284278,0.973221116900903,0.924993071788681,-0.907251285040328,"three",437.414,5068.501,"2013","3"
"2236",3,"rear",9,2016,"Nehalem",929,437414,5068501,-0.656092887587778,3.55352459624891,-0.0381390199996096,-0.0366087963802044,-0.739830977314735,-1.47344401284278,0.973221116900903,0.924993071788681,-0.907251285040328,"three",437.414,5068.501,"2016","3"
"2235",3,"rear",0,2019,"Nehalem",929,437414,5068501,-0.656092887587778,2.02677251064354,0.0817097840420431,-0.0366087963802044,3.56946880670375,-1.47344401284278,0.973221116900903,0.924993071788681,-0.907251285040328,"three",437.414,5068.501,"2019","3"
"3291",4,"rear",0,2005,"Nehalem",931,436970,5066861,0.0132241844219125,1.96226185913909,-0.197937425388479,-0.241661782125343,1.81005055169029,-1.47344401284278,-0.239336115457529,-0.0954831557975414,-0.914370298320997,"once",436.97,5066.861,"2005","4"
"2678",4,"rear",2,1998,"Nehalem",942,435694,5070608,-0.146137023199442,0.715055930053007,1.20029862176413,-0.583179839839517,-0.20435585622368,-1.47344401284278,0.206793432296988,-1.11595938338376,-0.898945769546213,"nine",435.694,5070.608,"1998","4"
"2170",5,"rear",680,2006,"Nehalem",959,440355,5076494,0.475371686523841,2.17729736415393,0.161608986736478,-0.443516367746208,-0.17885704093363,0.531126530517135,-0.647334932634738,-0.435641898326282,-0.76012501057315,"nine",440.355,5076.494,"2006","5"
"1120",6,"rear",0,2002,"Nehalem",966,442745,5073176,3.58291523514026,1.76872990462573,0.800802608291958,-0.350762764142254,1.58906081917652,-0.671615795498811,-0.0448693895132523,-0.775800640855023,-0.76249801500004,"three",442.745,5073.176,"2002","6"
"1121",6,"rear",80,2005,"Nehalem",966,442745,5073176,3.58291523514026,2.00526896014206,0.840752209639175,-0.350762764142254,1.75905292111019,-0.671615795498811,-0.0448693895132523,-0.775800640855023,-0.76249801500004,"three",442.745,5073.176,"2005","6"
"1122",6,"rear",0,2011,"Nehalem",966,442745,5073176,3.58291523514026,2.84390742969994,0.241508189430913,-0.350762764142254,3.67146406786395,-0.671615795498811,-0.0448693895132523,-0.775800640855023,-0.76249801500004,"three",442.745,5073.176,"2011","6"
"1123",6,"rear",0,2014,"Nehalem",966,442745,5073176,3.58291523514026,2.06977961164651,1.32014742580579,-0.350762764142254,2.32852646258797,-0.671615795498811,-0.0448693895132523,-0.775800640855023,-0.76249801500004,"three",442.745,5073.176,"2014","6"
"1673",6,"rear",0,2000,"Nehalem",969,440712,5072881,3.67853195971307,3.31698554073259,0.521155398861436,1.83232300957072,1.33407266627602,-0.226155674752164,-0.20120538488022,-0.775800640855023,-0.792160570336164,"three",440.712,5072.881,"2000","6"
"1674",6,"rear",119,2003,"Nehalem",969,440712,5072881,3.67853195971307,3.91908495477414,0.960601013680828,1.83232300957072,1.23207740511581,-0.226155674752164,-0.20120538488022,-0.775800640855023,-0.792160570336164,"three",440.712,5072.881,"2003","6"
"1675",6,"rear",1,2006,"Nehalem",969,440712,5072881,3.67853195971307,2.13429026315096,0.76085300694474,1.83232300957072,-0.221355066417047,-0.226155674752164,-0.20120538488022,-0.775800640855023,-0.792160570336164,"three",440.712,5072.881,"2006","6"
"1676",6,"rear",4,2009,"Nehalem",969,440712,5072881,3.67853195971307,3.61803524775337,1.24024822311135,1.83232300957072,1.93754462814054,-0.226155674752164,-0.20120538488022,-0.775800640855023,-0.792160570336164,"three",440.712,5072.881,"2009","6"
"1677",6,"rear",0,2012,"Nehalem",969,440712,5072881,3.67853195971307,1.5321908491094,0.441256196167,1.83232300957072,2.09053751988084,-0.226155674752164,-0.20120538488022,-0.775800640855023,-0.792160570336164,"three",440.712,5072.881,"2012","6"
"2611",6,"rear",36,2004,"Nehalem",977,443355,5072979,3.23232057837328,2.60736837418361,1.04050021637526,-0.719644911808553,0.416115315834208,1.3329547478611,-0.292719138265762,-0.775800640855023,-0.749446490652145,"nine",443.355,5072.979,"2004","6"
"2612",6,"rear",160,2013,"Nehalem",977,443355,5072979,3.23232057837328,1.27414824309159,0.521155398861436,-0.719644911808553,2.49851856452164,1.3329547478611,-0.292719138265762,-0.775800640855023,-0.749446490652145,"nine",443.355,5072.979,"2013","6"
"1125",4,"rear",0,2002,"Nehalem",978,444041,5070162,-0.241753747772255,2.49985062167619,-0.557483837513437,-0.118345688444991,2.20103238613772,0.709310578815794,-0.914250046675902,0.58483432925994,-0.70317290432779,"three",444.041,5070.162,"2002","4"
"1126",4,"rear",0,2005,"Nehalem",978,444041,5070162,-0.241753747772255,2.71488612669103,-0.517534236166219,-0.118345688444991,2.26052962181451,0.709310578815794,-0.914250046675902,0.58483432925994,-0.70317290432779,"three",444.041,5070.162,"2005","4"
"1127",4,"rear",0,2008,"Nehalem",978,444041,5070162,-0.241753747772255,0.844077233061912,-0.757231844249525,-0.118345688444991,1.41056911214617,0.709310578815794,-0.914250046675902,0.58483432925994,-0.70317290432779,"three",444.041,5070.162,"2008","4"
"1128",4,"rear",15,2014,"Nehalem",978,444041,5070162,-0.241753747772255,2.3493257681658,0.00181058134760843,-0.118345688444991,3.20398578754636,0.709310578815794,-0.914250046675902,0.58483432925994,-0.70317290432779,"three",444.041,5070.162,"2014","4"
"1124",4,"rear",0,2017,"Nehalem",978,444041,5070162,-0.241753747772255,2.02677251064354,-0.677332641555089,-0.118345688444991,3.56946880670375,0.709310578815794,-0.914250046675902,0.58483432925994,-0.70317290432779,"three",444.041,5070.162,"2017","4"
"1610",4,"rear",0,2005,"Nehalem",979,443981,5071014,-0.114264781675171,2.71488612669103,-0.517534236166219,-0.118345688444991,2.26052962181451,-0.404339723050823,-1.16591286848614,0.58483432925994,-0.71503792646224,"nine",443.981,5071.014,"2005","4"
"1611",4,"rear",15,2014,"Nehalem",979,443981,5071014,-0.114264781675171,2.3493257681658,0.00181058134760843,-0.118345688444991,3.20398578754636,-0.404339723050823,-1.16591286848614,0.58483432925994,-0.71503792646224,"nine",443.981,5071.014,"2014","4"
"3256",4,"rear",39,2004,"Nehalem",980,444242,5072179,0.0929047882325899,3.31698554073259,-0.0780886213468263,-0.118345688444991,0.815596755378328,-0.716161807573476,-1.28030506021807,0.58483432925994,-0.732835459663915,"once",444.242,5072.179,"2004","4"
"2679",4,"rear",451,2007,"Nehalem",1003,444862,5080339,0.698477377193738,1.9407583086376,-0.237887026735697,-0.674156554485541,0.178126373127073,0.352942482218476,0.0580835830454825,-0.0954831557975414,-0.554860127647168,"nine",444.862,5080.339,"2007","4"
"1612",4,"rear",657,2005,"Nehalem",1006,445429,5079596,0.140713150518996,2.06977961164651,0.00181058134760843,-0.363200986847765,2.15003475555762,-0.404339723050823,-0.0524955356287141,-0.435641898326282,-0.569098154208507,"nine",445.429,5079.596,"2005","4"
"64",5,"rear",1,1998,"Nehalem",1033,434578,5057700,0.985327550912176,0.908587884566364,0.00181058134760843,-0.449202412411584,-0.0853613848701125,-0.00342561437884133,-0.00673865893594309,-0.775800640855023,-0.896572765119323,"annual",434.578,5057.7,"1998","5"
"65",5,"rear",121,2000,"Nehalem",1033,434578,5057700,0.985327550912176,2.11278671264948,-0.517534236166219,-0.449202412411584,0.730600704411494,-0.00342561437884133,-0.00673865893594309,-0.775800640855023,-0.896572765119323,"annual",434.578,5057.7,"2000","5"
"66",5,"rear",321,2001,"Nehalem",1033,434578,5057700,0.985327550912176,-0.682674852543462,-1.07682865502726,-0.449202412411584,0.866594385958429,-0.00342561437884133,-0.00673865893594309,-0.775800640855023,-0.896572765119323,"annual",434.578,5057.7,"2001","5"
"67",5,"rear",243,2002,"Nehalem",1033,434578,5057700,0.985327550912176,0.994602086572301,-0.317786229430132,-0.449202412411584,0.858094780861745,-0.00342561437884133,-0.00673865893594309,-0.775800640855023,-0.896572765119323,"annual",434.578,5057.7,"2002","5"
"68",5,"rear",163,2003,"Nehalem",1033,434578,5057700,0.985327550912176,2.41383641967025,-0.157987824041262,-0.449202412411584,0.875093991055112,-0.00342561437884133,-0.00673865893594309,-0.775800640855023,-0.896572765119323,"annual",434.578,5057.7,"2003","5"
"69",5,"rear",269,2004,"Nehalem",1033,434578,5057700,0.985327550912176,1.83324055613018,0.241508189430913,-0.449202412411584,0.433114526027575,-0.00342561437884133,-0.00673865893594309,-0.775800640855023,-0.896572765119323,"annual",434.578,5057.7,"2004","5"
"70",5,"rear",663,2005,"Nehalem",1033,434578,5057700,0.985327550912176,1.14512694008269,-0.197937425388479,-0.449202412411584,1.27457543059923,-0.00342561437884133,-0.00673865893594309,-0.775800640855023,-0.896572765119323,"annual",434.578,5057.7,"2005","5"
"71",5,"rear",338,2006,"Nehalem",1033,434578,5057700,0.985327550912176,1.4031695461005,-0.277836628082914,-0.449202412411584,-0.12785941035353,-0.00342561437884133,-0.00673865893594309,-0.775800640855023,-0.896572765119323,"annual",434.578,5057.7,"2006","5"
"72",5,"rear",280,2007,"Nehalem",1033,434578,5057700,0.985327550912176,0.500020425038166,0.161608986736478,-0.449202412411584,-0.408346378544082,-0.00342561437884133,-0.00673865893594309,-0.775800640855023,-0.896572765119323,"annual",434.578,5057.7,"2007","5"
"73",5,"rear",248,2008,"Nehalem",1033,434578,5057700,0.985327550912176,1.61820505111534,-0.597433438860654,-0.449202412411584,0.526610182091093,-0.00342561437884133,-0.00673865893594309,-0.775800640855023,-0.896572765119323,"annual",434.578,5057.7,"2008","5"
"74",5,"rear",816,2009,"Nehalem",1033,434578,5057700,0.985327550912176,1.31715534409456,-0.0780886213468263,-0.449202412411584,1.41056911214617,-0.00342561437884133,-0.00673865893594309,-0.775800640855023,-0.896572765119323,"annual",434.578,5057.7,"2009","5"
"75",5,"rear",444,2010,"Nehalem",1033,434578,5057700,0.985327550912176,-0.424632246525653,-0.677332641555089,-0.449202412411584,2.54101659000506,-0.00342561437884133,-0.00673865893594309,-0.775800640855023,-0.896572765119323,"annual",434.578,5057.7,"2010","5"
"76",5,"rear",848,2011,"Nehalem",1033,434578,5057700,0.985327550912176,1.96226185913909,-0.757231844249525,-0.449202412411584,3.05099289580606,-0.00342561437884133,-0.00673865893594309,-0.775800640855023,-0.896572765119323,"annual",434.578,5057.7,"2011","5"
"77",5,"rear",630,2012,"Nehalem",1033,434578,5057700,0.985327550912176,1.51068729860792,-0.597433438860654,-0.449202412411584,1.73355410582014,-0.00342561437884133,-0.00673865893594309,-0.775800640855023,-0.896572765119323,"annual",434.578,5057.7,"2012","5"
"78",5,"rear",41,2013,"Nehalem",1033,434578,5057700,0.985327550912176,0.930091435067849,-0.397685432124567,-0.449202412411584,2.09053751988084,-0.00342561437884133,-0.00673865893594309,-0.775800640855023,-0.896572765119323,"annual",434.578,5057.7,"2013","5"
"79",5,"rear",169,2014,"Nehalem",1033,434578,5057700,0.985327550912176,0.457013324035197,0.0817097840420431,-0.449202412411584,2.01404107401069,-0.00342561437884133,-0.00673865893594309,-0.775800640855023,-0.896572765119323,"annual",434.578,5057.7,"2014","5"
"62",5,"rear",162,2016,"Nehalem",1033,434578,5057700,0.985327550912176,2.757893227694,-0.317786229430132,-0.449202412411584,-0.807827818088202,-0.00342561437884133,-0.00673865893594309,-0.775800640855023,-0.896572765119323,"annual",434.578,5057.7,"2016","5"
"63",5,"rear",189,2018,"Nehalem",1033,434578,5057700,0.985327550912176,1.31715534409456,-0.0381390199996096,-0.449202412411584,1.5465627936931,-0.00342561437884133,-0.00673865893594309,-0.775800640855023,-0.896572765119323,"annual",434.578,5057.7,"2018","5"
"61",5,"rear",31,2019,"Nehalem",1033,434578,5057700,0.985327550912176,1.31715534409456,-0.197937425388479,-0.449202412411584,2.49851856452164,-0.00342561437884133,-0.00673865893594309,-0.775800640855023,-0.896572765119323,"annual",434.578,5057.7,"2019","5"
"2613",4,"rear",46,2013,"Nehalem",1041,431444,5054449,-0.00271193634022317,0.62904172804707,-1.03687905368005,-0.764067135756806,1.73355410582014,0.664764566741129,-0.227896896284336,-0.435641898326282,-0.820636623458844,"nine",431.444,5054.449,"2013","4"
"3176",4,"rear",14,2002,"Nehalem",1045,434932,5061993,0.0291603051840479,0.865580783563396,-1.03687905368005,-0.0764111090378396,0.764599124798228,-0.493431747200153,-0.559634252306926,0.924993071788681,-0.915556800534443,"once",434.932,5061.993,"2002","4"
"2064",3,"rear",0,2003,"Nehalem",1048,437380,5061226,-0.385178834631474,3.1664606872222,-0.677332641555089,-0.0337657740475161,1.09608372356888,-2.14163419396275,0.260176455105221,1.26515181431742,-0.870469716423533,"nine",437.38,5061.226,"2003","3"
"2065",3,"rear",0,2012,"Nehalem",1048,437380,5061226,-0.385178834631474,1.85474410663167,-1.11677825637448,-0.0337657740475161,2.15003475555762,-2.14163419396275,0.260176455105221,1.26515181431742,-0.870469716423533,"nine",437.38,5061.226,"2012","3"
"2063",3,"rear",0,2021,"Nehalem",1048,437380,5061226,-0.385178834631474,3.1664606872222,-0.677332641555089,-0.0337657740475161,1.09608372356888,-2.14163419396275,0.260176455105221,1.26515181431742,-0.870469716423533,"nine",437.38,5061.226,"2021","3"
"1613",4,"rear",0,2005,"Nehalem",1068,447042,5057757,0.746285739480144,2.26331156615987,-1.63612307388831,1.41368797108238,1.52106397840305,-0.537977759274818,-0.818923220232629,0.58483432925994,-0.737581468517695,"nine",447.042,5057.757,"2005","4"
"3177",5,"rear",4,2002,"Nehalem",1075,450516,5059865,0.778157981004415,2.45684352067322,-1.11677825637448,0.76761114597898,2.26902922691119,-0.359793710976159,-0.147822362071987,-0.0954831557975414,-0.679442860058891,"once",450.516,5059.865,"2002","5"
"3116",4,"rear",0,1998,"Nehalem",1078,451393,5059543,0.236329875091809,1.89775120763464,-1.396425465805,1.84191820994355,0.24612321390054,-0.359793710976159,-0.147822362071987,2.28562804190364,-0.665204833497551,"once",451.393,5059.543,"1998","4"
"1520",4,"rear",0,2002,"Nehalem",1092,443691,5065401,0.539116169572383,1.29565179359308,-0.877080648291176,3.47061462878232,1.14708135414898,-2.18618020603741,0.233484943701105,1.26515181431742,-0.725716446383245,"nine",443.691,5065.401,"2002","4"
"1521",4,"rear",387,2011,"Nehalem",1092,443691,5065401,0.539116169572383,2.6288719246851,-1.47632466849944,3.47061462878232,3.35697867928667,-2.18618020603741,0.233484943701105,1.26515181431742,-0.725716446383245,"nine",443.691,5065.401,"2011","4"
"1519",4,"rear",505,2020,"Nehalem",1092,443691,5065401,0.539116169572383,1.29565179359308,-0.877080648291176,3.47061462878232,1.14708135414898,-2.18618020603741,0.233484943701105,1.26515181431742,-0.725716446383245,"nine",443.691,5065.401,"2020","4"
"3330",4,"rear",0,2006,"Nehalem",1110,460239,5060211,-0.321434351582932,2.30631866716283,-1.31652626311057,0.651757985921934,0.118629137450289,-1.65162806114143,-0.963819996426404,2.62578678443239,-0.448074928437119,"once",460.239,5060.211,"2006","4"
"1131",6,"rear",0,1999,"Nehalem",1113,462542,5061558,1.24030548310634,2.41383641967025,-1.03687905368005,-0.712181978185246,-0.119359805256846,-0.226155674752164,0.347877135433032,-0.775800640855023,-0.436209906302669,"three",462.542,5061.558,"1999","6"
"1132",6,"rear",0,2002,"Nehalem",1113,462542,5061558,1.24030548310634,0.693552379551523,-0.397685432124567,-0.712181978185246,0.305620449577324,-0.226155674752164,0.347877135433032,-0.775800640855023,-0.436209906302669,"three",462.542,5061.558,"2002","6"
"1133",6,"rear",515,2005,"Nehalem",1113,462542,5061558,1.24030548310634,0.844077233061912,-0.557483837513437,-0.712181978185246,0.611606233057927,-0.226155674752164,0.347877135433032,-0.775800640855023,-0.436209906302669,"three",462.542,5061.558,"2005","6"
"1134",6,"rear",306,2011,"Nehalem",1113,462542,5061558,1.24030548310634,0.586034627044102,-1.35647586445779,-0.712181978185246,1.37657069175943,-0.226155674752164,0.347877135433032,-0.775800640855023,-0.436209906302669,"three",462.542,5061.558,"2011","6"
"1135",6,"rear",243,2014,"Nehalem",1113,462542,5061558,1.24030548310634,0.177467167515903,0.201558588083696,-0.712181978185246,0.900592806345162,-0.226155674752164,0.347877135433032,-0.775800640855023,-0.436209906302669,"three",462.542,5061.558,"2014","6"
"1130",6,"rear",218,2017,"Nehalem",1113,462537,5061564,1.24030548310634,0.607538177545586,-0.237887026735697,-0.712181978185246,1.41906871724285,-0.226155674752164,0.347877135433032,-0.775800640855023,-0.436209906302669,"three",462.537,5061.564,"2017","6"
"1129",6,"rear",493,2020,"Nehalem",1113,462542,5061558,1.24030548310634,0.693552379551523,-0.477584634819001,-0.712181978185246,0.305620449577324,-0.226155674752164,0.347877135433032,-0.775800640855023,-0.436209906302669,"three",462.542,5061.558,"2020","6"
"3292",6,"rear",187,2005,"Nehalem",1114,463732,5061589,1.14468875853353,0.844077233061912,-0.557483837513437,-0.712181978185246,0.611606233057927,-0.226155674752164,-0.456681279748192,-0.775800640855023,-0.419598875314439,"once",463.732,5061.589,"2005","6"
"2067",5,"rear",0,2003,"Nehalem",1115,465182,5060202,0.347882720426757,1.4031695461005,-0.517534236166219,2.18450240103248,0.101629927256922,-0.448885735125488,-0.0334301703400595,-0.0954831557975414,-0.385190311124535,"nine",465.182,5060.202,"2003","5"
"2068",5,"rear",3,2012,"Nehalem",1115,465182,5060202,0.347882720426757,0.844077233061912,-1.396425465805,2.18450240103248,0.331119264867374,-0.448885735125488,-0.0334301703400595,-0.0954831557975414,-0.385190311124535,"nine",465.182,5060.202,"2012","5"
"2066",5,"rear",607,2021,"Nehalem",1115,465182,5060202,0.347882720426757,1.4031695461005,-0.517534236166219,2.18450240103248,0.101629927256922,-0.448885735125488,-0.0334301703400595,-0.0954831557975414,-0.385190311124535,"nine",465.182,5060.202,"2021","5"
"2241",4,"rear",1001,2010,"Nehalem",1120,453774,5070013,0.475371686523841,0.586034627044102,-1.03687905368005,-0.269025872077467,3.0339936856127,-0.716161807573476,-0.102065485379216,-0.0954831557975414,-0.564352145354727,"three",453.774,5070.013,"2010","4"
"2518",4,"rear",2341,2001,"Nehalem",1165,451988,5085749,0.825966343290822,-0.295610943516748,-1.31652626311057,0.456300200549618,1.99704186381732,0.976586651263782,-0.388045964709035,-0.435641898326282,-0.233318027803577,"nine",451.988,5085.749,"2001","4"
"2519",4,"rear",997,2010,"Nehalem",1165,451988,5085749,0.825966343290822,0.564531076542618,-0.956979850985612,0.456300200549618,3.12748934167621,0.976586651263782,-0.388045964709035,-0.435641898326282,-0.233318027803577,"nine",451.988,5085.749,"2010","4"
"2517",4,"rear",899,2019,"Nehalem",1165,451988,5085749,0.825966343290822,1.31715534409456,-0.597433438860654,0.456300200549618,2.49851856452164,0.976586651263782,-0.388045964709035,-0.435641898326282,-0.233318027803577,"nine",451.988,5085.749,"2019","4"
"2070",4,"rear",211,2003,"Nehalem",1166,452421,5084897,0.93751918862577,3.76856010126376,-0.35773583077735,0.456300200549618,1.51256437330637,1.02113266333845,-1.71499538879939,-0.435641898326282,-0.245183049938027,"nine",452.421,5084.897,"2003","4"
"2071",4,"rear",870,2012,"Nehalem",1166,452421,5084897,0.93751918862577,1.27414824309159,-0.917030249638394,0.456300200549618,2.47301974923159,1.02113266333845,-1.71499538879939,-0.435641898326282,-0.245183049938027,"nine",452.421,5084.897,"2012","4"
"2069",4,"rear",640,2021,"Nehalem",1166,452421,5084897,0.93751918862577,0.564531076542618,-0.956979850985612,0.456300200549618,3.12748934167621,1.02113266333845,-1.71499538879939,-0.435641898326282,-0.245183049938027,"nine",452.421,5084.897,"2021","4"
"2680",3,"rear",346,2007,"Nehalem",1195,457990,5079963,0.140713150518996,1.23114114208863,-0.437635033471785,0.663840830835859,-0.314850722480564,-0.716161807573476,1.01897799359367,0.58483432925994,-0.243996547724582,"nine",457.99,5079.963,"2007","3"
"1678",3,"rear",42,2000,"Nehalem",1196,459126,5078659,-0.0505202986266294,2.28481511666135,-1.11677825637448,0.663840830835859,0.807097150281645,-0.983437880021464,-0.456681279748192,0.58483432925994,-0.221453005669127,"three",459.126,5078.659,"2000","3"
"1679",3,"rear",287,2009,"Nehalem",1196,459126,5078659,-0.0505202986266294,1.83324055613018,-0.0381390199996096,0.663840830835859,1.27457543059923,-0.983437880021464,-0.456681279748192,0.58483432925994,-0.221453005669127,"three",459.126,5078.659,"2009","3"
"2765",5,"rear",340,1999,"Nehalem",1226,464809,5082943,0.363818841188893,1.98376540964057,-1.1567278577217,-0.168098579267035,-0.238354276610414,1.46659278408509,0.843576632938052,-0.775800640855023,-0.138397850727978,"once",464.809,5082.943,"1999","5"
"2681",4,"rear",5,2016,"Nehalem",1237,467619,5084497,-0.257689868534391,3.33848909123407,-0.717282242902307,-0.648569353491347,-0.850325843571619,1.06567867541311,0.412699377414458,-1.11595938338376,-0.086191753336399,"nine",467.619,5084.497,"2016","4"
"1682",3,"rear",148,2000,"Nehalem",1241,458610,5089732,-0.703901249874184,2.30631866716283,-1.1567278577217,-0.434276545164971,1.02808688279541,-2.00799615773875,0.119092751969177,0.244675586731199,-0.105175788751519,"three",458.61,5089.732,"2000","3"
"1681",3,"rear",59,2018,"Nehalem",1241,458609,5089719,-0.703901249874184,0.306488470524808,-0.237887026735697,-0.434276545164971,0.59460702286456,-2.00799615773875,0.119092751969177,0.244675586731199,-0.105175788751519,"three",458.609,5089.719,"2018","3"
"1680",3,"rear",7,2021,"Nehalem",1241,458610,5089732,-0.703901249874184,2.30631866716283,-1.1567278577217,-0.434276545164971,1.02808688279541,-2.00799615773875,0.119092751969177,0.244675586731199,-0.105175788751519,"three",458.61,5089.732,"2021","3"
"2073",2,"rear",91,2012,"Nehalem",1252,461450,5094364,-0.767645732922726,0.650545278548555,-1.23662706041613,0.508540735912764,2.27752883200787,-1.82981210944009,0.553783080550502,0.924993071788681,-0.01737462495659,"nine",461.45,5094.364,"2012","2"
"2072",2,"rear",19,2021,"Nehalem",1252,461450,5094364,-0.767645732922726,0.306488470524808,-0.237887026735697,0.508540735912764,0.59460702286456,-1.82981210944009,0.119092751969177,0.924993071788681,-0.01737462495659,"nine",461.45,5094.364,"2021","2"
"3217",4,"rear",507,2003,"Nehalem",1258,463258,5096260,0.284138237378215,-0.0160647869974538,-0.35773583077735,-0.197594935968676,-0.246853881707097,0.709310578815794,0.328811770144378,-0.775800640855023,0.0300854635812093,"once",463.258,5096.26,"2003","4"
"3293",4,"rear",1759,2005,"Nehalem",1262,462280,5098770,0.108840908994725,0.198970718017388,-0.637383040207872,-0.197594935968676,0.798597545184962,0.709310578815794,0.328811770144378,-0.775800640855023,0.0644940277711138,"once",462.28,5098.77,"2005","4"
"2242",4,"rear",17,2016,"Nehalem",1264,461757,5098853,0.108840908994725,1.74722635412425,0.0817097840420431,-0.197594935968676,-1.21580886272901,0.709310578815794,0.328811770144378,-0.775800640855023,0.0644940277711138,"three",461.757,5098.853,"2016","4"
"1685",5,"rear",408,2000,"Nehalem",1271,460275,5093693,0.507243928048112,2.30631866716283,-1.03687905368005,0.0607647185143676,1.02808688279541,-0.760707819648141,0.168662701719679,-0.435641898326282,-0.02449363823726,"three",460.275,5093.693,"2000","5"
"1686",5,"rear",486,2003,"Nehalem",1271,460275,5093693,0.507243928048112,1.85474410663167,-0.437635033471785,0.0607647185143676,1.27457543059923,-0.760707819648141,0.168662701719679,-0.435641898326282,-0.02449363823726,"three",460.275,5093.693,"2003","5"
"1687",5,"rear",1279,2006,"Nehalem",1271,460275,5093693,0.507243928048112,2.04827606114502,-0.477584634819001,0.0607647185143676,0.161127162933706,-0.760707819648141,0.168662701719679,-0.435641898326282,-0.02449363823726,"three",460.275,5093.693,"2006","5"
"1684",5,"rear",755,2018,"Nehalem",1271,460274,5093693,0.507243928048112,1.12362338958121,-0.0780886213468263,0.0607647185143676,2.35402527787802,-0.760707819648141,0.168662701719679,-0.435641898326282,-0.02449363823726,"three",460.274,5093.693,"2018","5"
"1683",5,"rear",561,2021,"Nehalem",1271,460275,5093693,0.507243928048112,1.76872990462573,-0.877080648291176,0.0607647185143676,1.89504660265712,-0.760707819648141,0.168662701719679,-0.435641898326282,-0.02449363823726,"three",460.275,5093.693,"2021","5"
"2683",4,"rear",13,1998,"Nehalem",1273,459640,5093908,0.0929047882325899,1.63970860161683,-0.83713104694396,-0.635064997411077,0.135628347643656,0.709310578815794,-0.235523042399798,-0.0954831557975414,-0.0138151183162551,"nine",459.64,5093.908,"1998","4"
"2684",4,"rear",536,2007,"Nehalem",1273,459640,5093908,0.0929047882325899,0.284984920023324,-0.877080648291176,-0.635064997411077,-0.297851512287198,0.709310578815794,-0.235523042399798,-0.0954831557975414,-0.0138151183162551,"nine",459.64,5093.908,"2007","4"
"2682",4,"rear",213,2016,"Nehalem",1273,459640,5093908,0.0929047882325899,0.457013324035197,-1.396425465805,-0.635064997411077,2.01404107401069,0.709310578815794,-0.235523042399798,-0.0954831557975414,-0.0138151183162551,"nine",459.64,5093.908,"2016","4"
"3028",4,"rear",0,2000,"Nehalem",1275,459920,5094786,-0.066456419388765,2.30631866716283,-1.59617347254109,-0.788588203376242,1.02808688279541,-0.493431747200153,0.302120258740261,-0.0954831557975414,-0.00788260724903017,"once",459.92,5094.786,"2000","4"
"1412",3,"rear",0,2008,"Nehalem",1279,459194,5096395,-0.672029008349913,1.20963759158714,-1.99566948601327,0.132906410206332,0.696602284024761,0.753856590890459,0.199167286181527,1.26515181431742,0.0205934458736495,"nine",459.194,5096.395,"2008","3"
"1",5,"rear",0,1999,"Nehalem",1281,460599,5086617,2.33989781569369,1.68271570261979,0.0817097840420431,4.76347903457229,-0.12785941035353,1.64477683238375,0.366942500721687,-0.775800640855023,-0.150262872862428,"three",460.599,5086.617,"1999","5"
"2",5,"rear",50,2002,"Nehalem",1281,460599,5086617,2.33989781569369,-0.0375683374989379,0.76085300694474,4.76347903457229,0.322619659770691,1.64477683238375,0.366942500721687,-0.775800640855023,-0.150262872862428,"three",460.599,5086.617,"2002","5"
"87",4,"rear",102,1998,"Nehalem",1295,456360,5091119,0.539116169572383,1.79023345512721,-0.397685432124567,0.836554437546669,0.161127162933706,1.24386272371177,-0.197392311822489,0.244675586731199,-0.0292396470910398,"annual",456.36,5091.119,"1998","4"
"88",4,"rear",163,1999,"Nehalem",1295,456360,5091119,0.539116169572383,3.25247488922814,-1.35647586445779,0.836554437546669,0.662603863638027,1.24386272371177,-0.197392311822489,0.244675586731199,-0.0292396470910398,"annual",456.36,5091.119,"1999","4"
"89",4,"rear",383,2000,"Nehalem",1295,456360,5091119,0.539116169572383,1.38166599559902,-1.19667745906892,0.836554437546669,0.305620449577324,1.24386272371177,-0.197392311822489,0.244675586731199,-0.0292396470910398,"annual",456.36,5091.119,"2000","4"
"90",4,"rear",329,2001,"Nehalem",1295,456360,5091119,0.539116169572383,-0.381625145522684,-1.51627426984666,0.836554437546669,1.86104818227039,1.24386272371177,-0.197392311822489,0.244675586731199,-0.0292396470910398,"annual",456.36,5091.119,"2001","4"
"91",4,"rear",344,2002,"Nehalem",1295,456360,5091119,0.539116169572383,1.27414824309159,-0.797181445596741,0.836554437546669,1.70805529053009,1.24386272371177,-0.197392311822489,0.244675586731199,-0.0292396470910398,"annual",456.36,5091.119,"2002","4"
"92",4,"rear",307,2003,"Nehalem",1295,456360,5091119,0.539116169572383,2.757893227694,-0.597433438860654,0.836554437546669,1.28307503569592,1.24386272371177,-0.197392311822489,0.244675586731199,-0.0292396470910398,"annual",456.36,5091.119,"2003","4"
"93",4,"rear",283,2004,"Nehalem",1295,456360,5091119,0.539116169572383,1.68271570261979,-0.317786229430132,0.836554437546669,0.441614131124259,1.24386272371177,-0.197392311822489,0.244675586731199,-0.0292396470910398,"annual",456.36,5091.119,"2004","4"
"94",4,"rear",547,2005,"Nehalem",1295,456360,5091119,0.539116169572383,1.27414824309159,-0.797181445596741,0.836554437546669,1.73355410582014,1.24386272371177,-0.197392311822489,0.244675586731199,-0.0292396470910398,"annual",456.36,5091.119,"2005","4"
"95",4,"rear",392,2006,"Nehalem",1295,456360,5091119,0.539116169572383,2.47834707117471,-0.637383040207872,0.836554437546669,0.135628347643656,1.24386272371177,-0.197392311822489,0.244675586731199,-0.0292396470910398,"annual",456.36,5091.119,"2006","4"
"96",4,"rear",416,2007,"Nehalem",1295,456360,5091119,0.539116169572383,0.435509773533713,-0.477584634819001,0.836554437546669,-0.246853881707097,1.24386272371177,-0.197392311822489,0.244675586731199,-0.0292396470910398,"annual",456.36,5091.119,"2007","4"
"97",4,"rear",375,2008,"Nehalem",1295,456360,5091119,0.539116169572383,0.951594985569333,-1.03687905368005,0.836554437546669,0.560608602477826,1.24386272371177,-0.197392311822489,0.244675586731199,-0.0292396470910398,"annual",456.36,5091.119,"2008","4"
"98",4,"rear",759,2009,"Nehalem",1295,456360,5091119,0.539116169572383,2.11278671264948,-0.118038222694044,0.836554437546669,1.76755252620687,1.24386272371177,-0.197392311822489,0.244675586731199,-0.0292396470910398,"annual",456.36,5091.119,"2009","4"
"99",4,"rear",466,2010,"Nehalem",1295,456360,5091119,0.539116169572383,0.241977819020356,-1.19667745906892,0.836554437546669,2.81300395309893,1.24386272371177,-0.197392311822489,0.244675586731199,-0.0292396470910398,"annual",456.36,5091.119,"2010","4"
"100",4,"rear",275,2011,"Nehalem",1295,456360,5091119,0.539116169572383,1.87624765713315,-1.43637506715222,0.836554437546669,2.58351461548848,1.24386272371177,-0.197392311822489,0.244675586731199,-0.0292396470910398,"annual",456.36,5091.119,"2011","4"
"101",4,"rear",289,2012,"Nehalem",1295,456360,5091119,0.539116169572383,0.930091435067849,-1.19667745906892,0.836554437546669,2.23503080652446,1.24386272371177,-0.197392311822489,0.244675586731199,-0.0292396470910398,"annual",456.36,5091.119,"2012","4"
"102",4,"rear",276,2013,"Nehalem",1295,456360,5091119,0.539116169572383,1.03760918757527,-0.717282242902307,0.836554437546669,2.77050592761551,1.24386272371177,-0.197392311822489,0.244675586731199,-0.0292396470910398,"annual",456.36,5091.119,"2013","4"
"103",4,"rear",254,2014,"Nehalem",1295,456360,5091119,0.539116169572383,1.4031695461005,-0.35773583077735,0.836554437546669,3.04249329070938,1.24386272371177,-0.197392311822489,0.244675586731199,-0.0292396470910398,"annual",456.36,5091.119,"2014","4"
"83",4,"rear",251,2015,"Nehalem",1295,456360,5091119,0.539116169572383,-0.790192605050883,0.00181058134760843,0.836554437546669,-0.95232110473182,1.24386272371177,-0.197392311822489,0.244675586731199,-0.0292396470910398,"annual",456.36,5091.119,"2015","4"
"84",4,"rear",431,2016,"Nehalem",1295,456360,5091119,0.539116169572383,1.74722635412425,-0.956979850985612,0.836554437546669,-1.21580886272901,1.24386272371177,-0.197392311822489,0.244675586731199,-0.0292396470910398,"annual",456.36,5091.119,"2016","4"
"85",4,"rear",390,2017,"Nehalem",1295,456360,5091119,0.539116169572383,0.284984920023324,-0.877080648291176,0.836554437546669,-0.697332951831318,1.24386272371177,-0.197392311822489,0.244675586731199,-0.0292396470910398,"annual",456.36,5091.119,"2017","4"
"86",4,"rear",542,2018,"Nehalem",1295,456360,5091119,0.539116169572383,1.12362338958121,-0.277836628082914,0.836554437546669,2.35402527787802,1.24386272371177,-0.197392311822489,0.244675586731199,-0.0292396470910398,"annual",456.36,5091.119,"2018","4"
"82",4,"rear",357,2019,"Nehalem",1295,456360,5091119,0.539116169572383,-0.768689054549399,-0.83713104694396,0.836554437546669,0.0846307170635555,1.24386272371177,-0.197392311822489,0.244675586731199,-0.0292396470910398,"annual",456.36,5091.119,"2019","4"
"80",4,"rear",539,2020,"Nehalem",1295,456360,5091119,0.539116169572383,-0.768689054549399,-0.956979850985612,0.836554437546669,0.0846307170635555,1.24386272371177,-0.197392311822489,0.244675586731199,-0.0292396470910398,"annual",456.36,5091.119,"2020","4"
"81",4,"rear",548,2021,"Nehalem",1295,456360,5091119,0.539116169572383,1.87624765713315,-0.956979850985612,0.836554437546669,2.58351461548848,1.24386272371177,-0.197392311822489,0.244675586731199,-0.0292396470910398,"annual",456.36,5091.119,"2021","4"
"2521",4,"rear",1007,2001,"Nehalem",1313,464421,5097918,0.0132241844219125,-1.15575296357611,-1.35647586445779,-0.36817627592997,0.365117685254108,1.19931671163711,0.126718898084639,-0.0954831557975414,0.0822915609727885,"nine",464.421,5097.918,"2001","4"
"2522",4,"rear",986,2010,"Nehalem",1313,464421,5097918,0.0132241844219125,-0.897710357558304,-0.956979850985612,-0.36817627592997,1.07058490827883,1.19931671163711,0.126718898084639,-0.0954831557975414,0.0822915609727885,"nine",464.421,5097.918,"2010","4"
"2520",4,"rear",614,2019,"Nehalem",1313,464421,5097918,0.0132241844219125,-0.768689054549399,-0.677332641555089,-0.36817627592997,0.0846307170635555,1.19931671163711,0.126718898084639,-0.0954831557975414,0.0822915609727885,"nine",464.421,5097.918,"2019","4"
"1971",3,"rear",1395,2000,"Nehalem",1328,469168,5096336,-0.40111495539361,0.435509773533713,-0.717282242902307,-0.529162415518441,-0.433845193834132,1.19931671163711,0.126718898084639,-0.0954831557975414,0.100089094174463,"nine",469.168,5096.336,"2000","3"
"1972",3,"rear",371,2009,"Nehalem",1328,469168,5096336,-0.40111495539361,-0.123582539504875,0.641004202903087,-0.529162415518441,-0.0428633593866955,1.19931671163711,0.126718898084639,-0.0954831557975414,0.100089094174463,"nine",469.168,5096.336,"2009","3"
"1973",3,"rear",810,2018,"Nehalem",1328,469168,5096336,-0.40111495539361,-0.274107393015263,0.401306594819783,-0.529162415518441,-0.569838875381067,1.19931671163711,0.126718898084639,-0.0954831557975414,0.100089094174463,"nine",469.168,5096.336,"2018","3"
"1138",5,"rear",53,2008,"Nehalem",1345,476102,5086306,0.507243928048112,1.29565179359308,-0.317786229430132,-0.764422513548392,-1.19031004743895,1.68932284445842,-0.212644604053413,-1.11595938338376,0.267385906270206,"three",476.102,5086.306,"2008","5"
"1137",5,"rear",39,2017,"Nehalem",1345,476102,5086306,0.507243928048112,-0.768689054549399,-0.317786229430132,-0.764422513548392,0.0846307170635555,1.68932284445842,-0.212644604053413,-1.11595938338376,0.267385906270206,"three",476.102,5086.306,"2017","5"
"1136",5,"rear",260,2020,"Nehalem",1345,476102,5086306,0.507243928048112,-0.768689054549399,-0.437635033471785,-0.764422513548392,0.0846307170635555,1.68932284445842,-0.212644604053413,-1.11595938338376,0.267385906270206,"three",476.102,5086.306,"2020","5"
"3144",5,"rear",210,2001,"Nehalem",1361,471460,5096252,1.09688039624712,-1.52131332210134,0.920651412333611,-0.674511932277127,-0.238354276610414,1.68932284445842,0.416512450472189,-1.11595938338376,0.249588373068531,"once",471.46,5096.252,"2001","5"
"3331",4,"rear",623,2006,"Nehalem",1385,472702,5100856,0.188521512805403,0.0269423140055145,0.601054601555871,0.420407043599429,-0.476343219317549,-0.0479716264535061,0.62623146864739,-0.0954831557975414,0.362306083345805,"once",472.702,5100.856,"2006","4"
"1974",2,"rear",0,2000,"Nehalem",1401,477636,5096912,-0.863262457495539,-0.0590718880004221,-0.0381390199996096,-0.352539653100184,-0.52734084989765,1.42204677201043,-0.475746645036846,-0.0954831557975414,0.285183439471881,"nine",477.636,5096.912,"2000","2"
"1975",2,"rear",0,2009,"Nehalem",1401,477636,5096912,-0.863262457495539,0.155963617014419,1.360097027153,-0.352539653100184,0.161127162933706,1.42204677201043,-0.475746645036846,-0.0954831557975414,0.285183439471881,"nine",477.636,5096.912,"2009","2"
"2074",3,"rear",0,2012,"Nehalem",1405,478443,5100034,-0.735773491398455,-0.145086090006359,-1.03687905368005,0.578194783063626,0.0336330864834551,-1.87435812151476,-0.227896896284336,0.58483432925994,0.396714647535709,"nine",478.443,5100.034,"2012","3"
"3145",4,"rear",0,2001,"Nehalem",1407,478873,5098826,-0.432987196917881,-1.39229201909244,-1.27657666176335,0.578194783063626,0.0421326915801385,-0.493431747200153,-0.506251229498694,0.58483432925994,0.372984603266809,"once",478.873,5098.826,"2001","4"
"3117",4,"rear",0,1998,"Nehalem",1409,478579,5098343,-0.369242713869339,-0.0805754385019062,-0.118038222694044,0.578194783063626,-0.450844404027499,0.263850458069147,-0.494812010325501,0.58483432925994,0.36586558998614,"once",478.579,5098.343,"1998","4"
"1689",4,"rear",529,2006,"Nehalem",1410,479606,5095272,-0.00271193634022317,-0.123582539504875,0.441256196167,-0.695834599772288,-0.612336900864484,1.51113879615976,-0.32703679578534,-0.775800640855023,0.324338012515565,"three",479.606,5095.272,"2006","4"
"1690",4,"rear",31,2009,"Nehalem",1410,479606,5095272,-0.00271193634022317,-0.446135797027137,1.16034902041692,-0.695834599772288,-0.0853613848701125,1.51113879615976,-0.32703679578534,-0.775800640855023,0.324338012515565,"three",479.606,5095.272,"2009","4"
"1691",4,"rear",86,2012,"Nehalem",1410,479606,5095272,-0.00271193634022317,-0.317114494018232,-0.237887026735697,-0.695834599772288,-0.212855461320364,1.51113879615976,-0.32703679578534,-0.775800640855023,0.324338012515565,"three",479.606,5095.272,"2012","4"
"1688",4,"rear",36,2015,"Nehalem",1410,479606,5095272,-0.00271193634022317,-0.790192605050883,1.1203994190697,-0.695834599772288,-0.95232110473182,1.51113879615976,-0.32703679578534,-0.775800640855023,0.324338012515565,"three",479.606,5095.272,"2015","4"
"1413",3,"rear",4,2008,"Nehalem",1441,476162,5084485,-0.831390215971268,1.29565179359308,-0.118038222694044,-0.42183832245946,-1.19031004743895,0.709310578815794,-2.75977740661767,-0.775800640855023,0.554519441923892,"nine",476.162,5084.485,"2008","3"
"2523",4,"rear",110,2019,"Nehalem",1449,481727,5086959,-0.0823925401509004,-1.02673166056721,-0.157987824041262,1.08851729178116,-0.297851512287198,1.68932284445842,-0.803670928001705,-0.775800640855023,0.458412762634848,"nine",481.727,5086.959,"2019","4"
"3178",3,"rear",248,2002,"Nehalem",1458,488803,5090242,-0.512667800728558,-0.854703256555335,-0.277836628082914,-0.197594935968676,-1.07131557608539,0.5756725425918,-1.50527637062419,0.58483432925994,0.471464286982743,"once",488.803,5090.242,"2002","3"
"3332",4,"rear",353,2006,"Nehalem",1462,487821,5088177,0.475371686523841,-0.897710357558304,0.121659385389261,-0.182669068722062,-0.935321894538453,1.37750075993576,-1.69211695045301,-0.435641898326282,0.475023793623078,"once",487.821,5088.177,"2006","4"
"1977",4,"rear",26,2000,"Nehalem",1468,493185,5087612,0.0929047882325899,-1.15575296357611,-0.877080648291176,-0.335126141312469,-0.97781992002187,-0.0925176385281708,-0.056308608686445,-0.435641898326282,0.547400428643222,"nine",493.185,5087.612,"2000","4"
"1978",4,"rear",49,2009,"Nehalem",1468,493185,5087612,0.0929047882325899,-0.446135797027137,0.561105000208653,-0.335126141312469,-0.263853091900464,-0.0925176385281708,-0.056308608686445,-0.435641898326282,0.547400428643222,"nine",493.185,5087.612,"2009","4"
"1976",4,"rear",327,2018,"Nehalem",1468,493185,5087612,0.0929047882325899,-0.833199706053851,0.401306594819783,-0.335126141312469,-0.688833346734634,-0.0925176385281708,-0.056308608686445,-0.435641898326282,0.547400428643222,"nine",493.185,5087.612,"2018","4"
"2243",4,"rear",386,1998,"Nehalem",1470,492111,5088301,0.140713150518996,-0.768689054549399,0.121659385389261,-0.335126141312469,-0.731331372218051,0.130212421845153,0.0428312908145589,-0.435641898326282,0.530789397654992,"three",492.111,5088.301,"1998","4"
"2244",4,"rear",859,2001,"Nehalem",1470,492111,5088301,0.140713150518996,-1.65033462511025,-1.11677825637448,-0.335126141312469,-0.969320314925187,0.130212421845153,0.0428312908145589,-0.435641898326282,0.530789397654992,"three",492.111,5088.301,"2001","4"
"2245",4,"rear",228,2004,"Nehalem",1470,492111,5088301,0.140713150518996,-0.897710357558304,0.161608986736478,-0.335126141312469,-1.07981518118207,0.130212421845153,0.0428312908145589,-0.435641898326282,0.530789397654992,"three",492.111,5088.301,"2004","4"
"1693",4,"rear",146,2000,"Nehalem",1474,494189,5086564,0.0132241844219125,-0.704178403044946,-0.877080648291176,-0.335126141312469,-0.799328212991518,1.42204677201043,-0.330849868843071,-0.435641898326282,0.565197961844897,"three",494.189,5086.564,"2000","4"
"1694",4,"rear",290,2006,"Nehalem",1474,494189,5086564,0.0132241844219125,-0.575157100036041,-0.118038222694044,-0.335126141312469,-0.739830977314735,1.42204677201043,-0.330849868843071,-0.435641898326282,0.565197961844897,"three",494.189,5086.564,"2006","4"
"1695",4,"rear",67,2009,"Nehalem",1474,494189,5086564,0.0132241844219125,-0.403128696024168,0.561105000208653,-0.335126141312469,-0.289351907190514,1.42204677201043,-0.330849868843071,-0.435641898326282,0.565197961844897,"three",494.189,5086.564,"2009","4"
"1696",4,"rear",81,2012,"Nehalem",1474,494189,5086564,0.0132241844219125,-0.295610943516748,-0.797181445596741,-0.335126141312469,-0.382847563254032,1.42204677201043,-0.330849868843071,-0.435641898326282,0.565197961844897,"three",494.189,5086.564,"2012","4"
"1692",4,"rear",42,2018,"Nehalem",1474,494189,5086564,0.0132241844219125,-0.811696155552367,0.401306594819783,-0.335126141312469,-0.688833346734634,1.42204677201043,-0.330849868843071,-0.435641898326282,0.565197961844897,"three",494.189,5086.564,"2018","4"
"106",4,"rear",0,2008,"Nehalem",1488,485772,5084695,0.140713150518996,0.736559480554491,0.121659385389261,-0.682685621483605,-1.47929662072619,1.64477683238375,-0.898997754444978,-1.11595938338376,0.530789397654992,"annual",485.772,5084.695,"2008","4"
"105",4,"rear",24,2017,"Nehalem",1488,485772,5084695,0.140713150518996,-1.13424941307463,0.0817097840420431,-0.682685621483605,-0.569838875381067,1.64477683238375,-0.898997754444978,-1.11595938338376,0.530789397654992,"annual",485.772,5084.695,"2017","4"
"104",4,"rear",203,2020,"Nehalem",1488,485772,5084695,0.140713150518996,-1.13424941307463,0.00181058134760843,-0.682685621483605,-0.569838875381067,1.64477683238375,-0.898997754444978,-1.11595938338376,0.530789397654992,"annual",485.772,5084.695,"2020","4"
"3179",3,"rear",404,2002,"Nehalem",1504,491719,5080633,-0.560476163014965,-0.854703256555335,-0.677332641555089,-0.605213262917851,-1.07131557608539,1.37750075993576,-0.99051150783052,0.924993071788681,0.641134103505376,"once",491.719,5080.633,"2002","3"
"1523",3,"rear",11,2002,"Nehalem",1535,494806,5076025,-0.672029008349913,-0.811696155552367,-0.118038222694044,0.416497887891983,-1.09681439137544,1.24386272371177,-0.715970247673894,0.244675586731199,0.717070245165855,"nine",494.806,5076.025,"2002","3"
"1522",3,"rear",133,2020,"Nehalem",1535,494806,5076025,-0.672029008349913,-0.811696155552367,-0.317786229430132,0.416497887891983,-1.09681439137544,1.24386272371177,-0.715970247673894,0.244675586731199,0.717070245165855,"nine",494.806,5076.025,"2020","3"
"114",4,"rear",439,2007,"Nehalem",1536,493087,5075947,-0.0186480571023586,-1.09124231207166,-0.0381390199996096,-0.218917603463837,-1.36030214937262,1.24386272371177,-0.715970247673894,-0.435641898326282,0.698086209750735,"annual",493.087,5075.947,"2007","4"
"115",4,"rear",343,2008,"Nehalem",1536,493087,5075947,-0.0186480571023586,1.46768019760495,-0.437635033471785,-0.218917603463837,-1.36030214937262,1.24386272371177,-0.715970247673894,-0.435641898326282,0.698086209750735,"annual",493.087,5075.947,"2008","4"
"116",4,"rear",561,2009,"Nehalem",1536,493087,5075947,-0.0186480571023586,-0.467639347528621,0.561105000208653,-0.218917603463837,-0.646335321251217,1.24386272371177,-0.715970247673894,-0.435641898326282,0.698086209750735,"annual",493.087,5075.947,"2009","4"
"117",4,"rear",385,2010,"Nehalem",1536,493087,5075947,-0.0186480571023586,-1.19876006457908,-0.637383040207872,-0.218917603463837,0.314120054674007,1.24386272371177,-0.715970247673894,-0.435641898326282,0.698086209750735,"annual",493.087,5075.947,"2010","4"
"118",4,"rear",619,2011,"Nehalem",1536,493087,5075947,-0.0186480571023586,-1.09124231207166,-0.996929452332829,-0.218917603463837,-0.212855461320364,1.24386272371177,-0.715970247673894,-0.435641898326282,0.698086209750735,"annual",493.087,5075.947,"2011","4"
"119",4,"rear",389,2012,"Nehalem",1536,493087,5075947,-0.0186480571023586,-0.489142898030105,-0.597433438860654,-0.218917603463837,-0.748330582411418,1.24386272371177,-0.715970247673894,-0.435641898326282,0.698086209750735,"annual",493.087,5075.947,"2012","4"
"120",4,"rear",381,2013,"Nehalem",1536,493087,5075947,-0.0186480571023586,-0.940717458561272,-0.118038222694044,-0.218917603463837,-0.663334531444584,1.24386272371177,-0.715970247673894,-0.435641898326282,0.698086209750735,"annual",493.087,5075.947,"2013","4"
"121",4,"rear",79,2014,"Nehalem",1536,493087,5075947,-0.0186480571023586,-0.962221009062756,0.361356993472565,-0.218917603463837,-0.586838085574433,1.24386272371177,-0.715970247673894,-0.435641898326282,0.698086209750735,"annual",493.087,5075.947,"2014","4"
"110",4,"rear",41,2015,"Nehalem",1536,493087,5075947,-0.0186480571023586,-0.682674852543462,0.720903405597524,-0.218917603463837,-0.484842824414232,1.24386272371177,-0.715970247673894,-0.435641898326282,0.698086209750735,"annual",493.087,5075.947,"2015","4"
"111",4,"rear",171,2016,"Nehalem",1536,493087,5075947,-0.0186480571023586,-0.962221009062756,-0.397685432124567,-0.218917603463837,-0.586838085574433,1.24386272371177,-0.715970247673894,-0.435641898326282,0.698086209750735,"annual",493.087,5075.947,"2016","4"
"112",4,"rear",426,2017,"Nehalem",1536,493087,5075947,-0.0186480571023586,-0.897710357558304,-0.437635033471785,-0.218917603463837,-0.399846773447398,1.24386272371177,-0.715970247673894,-0.435641898326282,0.698086209750735,"annual",493.087,5075.947,"2017","4"
"113",4,"rear",586,2018,"Nehalem",1536,493087,5075947,-0.0186480571023586,0.0484458645069986,0.241508189430913,-0.218917603463837,-1.58979148698307,1.24386272371177,-0.715970247673894,-0.435641898326282,0.698086209750735,"annual",493.087,5075.947,"2018","4"
"109",4,"rear",62,2019,"Nehalem",1536,493087,5075947,-0.0186480571023586,-1.13424941307463,-0.437635033471785,-0.218917603463837,-0.569838875381067,1.24386272371177,-0.715970247673894,-0.435641898326282,0.698086209750735,"annual",493.087,5075.947,"2019","4"
"107",4,"rear",276,2020,"Nehalem",1536,493087,5075947,-0.0186480571023586,0.0484458645069986,-0.557483837513437,-0.218917603463837,-1.58979148698307,1.24386272371177,-0.715970247673894,-0.435641898326282,0.698086209750735,"annual",493.087,5075.947,"2020","4"
"108",4,"rear",510,2021,"Nehalem",1536,493087,5075947,-0.0186480571023586,-1.09124231207166,-0.557483837513437,-0.218917603463837,-0.212855461320364,1.24386272371177,-0.715970247673894,-0.435641898326282,0.698086209750735,"annual",493.087,5075.947,"2021","4"
"3257",6,"rear",48,2004,"Nehalem",1539,484618,5080420,2.37177005721796,-1.09124231207166,1.63974423658352,-0.524897882019408,-1.19031004743895,1.68932284445842,-1.36037959443042,-1.11595938338376,0.719443249592745,"once",484.618,5080.42,"2004","6"
"3218",6,"rear",7,2003,"Nehalem",1541,480938,5080729,2.32396169493156,-0.790192605050883,1.20029862176413,-0.524897882019408,-0.850325843571619,1.64477683238375,0.161036555604217,-1.11595938338376,0.769276342557434,"once",480.938,5080.729,"2003","6"
"1524",6,"rear",469,2002,"Nehalem",1543,479388,5080950,2.30802557416942,-0.682674852543462,1.16034902041692,-0.524897882019408,-1.04581676079534,1.68932284445842,-0.586325763711043,-1.11595938338376,0.803684906747339,"nine",479.388,5080.95,"2002","6"
"3029",6,"rear",17,2000,"Nehalem",1544,479524,5081125,2.32396169493156,-0.98372455956424,0.441256196167,-0.524897882019408,-0.943821499635136,1.68932284445842,0.122905825026908,-1.11595938338376,0.790633382399444,"once",479.524,5081.125,"2000","6"
"2075",6,"rear",16,2012,"Nehalem",1545,476948,5080987,2.26021721188301,-0.510646448531589,0.720903405597524,-0.786455936626726,-0.799328212991518,1.02113266333845,0.115279678911446,-0.775800640855023,0.855891004138918,"nine",476.948,5080.987,"2012","6"
"2525",4,"rear",0,2001,"Nehalem",1559,470938,5081895,-0.783581853684861,-1.47830622109838,-0.717282242902307,-0.740967579303714,-0.782329002798152,-0.226155674752164,-0.773166343539858,-0.435641898326282,0.960303198922076,"nine",470.938,5081.895,"2001","4"
"2524",4,"rear",25,2019,"Nehalem",1559,470938,5081895,-0.783581853684861,0.650545278548555,0.0417601826948251,-0.740967579303714,1.07908451337551,-0.226155674752164,-0.773166343539858,-0.435641898326282,0.960303198922076,"nine",470.938,5081.895,"2019","4"
"2077",6,"rear",616,2003,"Nehalem",1569,472474,5077229,1.97336703816458,-0.231100292012295,0.521155398861436,0.623327762595052,-0.654834926347901,-0.0925176385281708,0.355503281548494,-0.775800640855023,0.965049207775856,"nine",472.474,5077.229,"2003","6"
"2078",6,"rear",113,2012,"Nehalem",1569,472474,5077229,1.97336703816458,-0.209596741510811,-0.237887026735697,0.623327762595052,-0.773829397701468,-0.0925176385281708,0.355503281548494,-0.775800640855023,0.965049207775856,"nine",472.474,5077.229,"2012","6"
"2076",6,"rear",76,2021,"Nehalem",1569,472474,5077229,1.97336703816458,-0.231100292012295,0.521155398861436,0.623327762595052,-0.654834926347901,-0.0925176385281708,0.355503281548494,-0.775800640855023,0.965049207775856,"nine",472.474,5077.229,"2021","6"
"3258",6,"rear",33,2004,"Nehalem",1570,471168,5077444,1.9414947966403,0.284984920023324,0.680953804250306,0.623327762595052,-0.586838085574433,-0.0479716264535061,0.344064062375302,-0.775800640855023,0.994711763111981,"once",471.168,5077.444,"2004","6"
"3146",3,"rear",0,2001,"Nehalem",1583,468206,5079500,-0.815454095209132,-1.3062778170865,-1.67607267523553,-0.291770050738973,-0.408346378544082,-1.87435812151476,-1.50527637062419,0.244675586731199,1.14421104200605,"once",468.206,5079.5,"2001","3"
"2171",4,"rear",1221,2006,"Nehalem",1586,466795,5076045,-0.193945385485849,0.973098536070817,-0.757231844249525,-0.291770050738973,-0.484842824414232,-0.404339723050823,-0.940941558080018,0.244675586731199,1.09319144682791,"nine",466.795,5076.045,"2006","4"
"3259",5,"rear",970,2004,"Nehalem",1598,465630,5074598,0.555052290334518,0.994602086572301,-0.277836628082914,1.47232530669408,-0.17885704093363,-0.270701686826829,-0.235523042399798,-0.435641898326282,1.11336198445648,"once",465.63,5074.598,"2004","5"
"1140",5,"rear",453,2017,"Nehalem",1601,464162,5073114,0.985327550912176,0.650545278548555,-0.637383040207872,-0.156371112144696,1.07908451337551,-0.0479716264535061,0.492773911626807,-0.435641898326282,1.13353252208504,"three",464.162,5073.114,"2017","5"
"1139",5,"rear",660,2020,"Nehalem",1601,464162,5073114,0.985327550912176,0.650545278548555,-0.83713104694396,-0.156371112144696,1.07908451337551,-0.0479716264535061,0.492773911626807,-0.435641898326282,1.13353252208504,"three",464.162,5073.114,"2020","5"
"3180",4,"rear",1487,2002,"Nehalem",1606,464364,5071226,0.347882720426757,0.500020425038166,-1.43637506715222,-0.737058423596268,-0.0173645440966453,1.46659278408509,0.641483760878313,-0.775800640855023,1.1667545840615,"once",464.364,5071.226,"2002","4"
"3333",4,"rear",4190,2006,"Nehalem",1608,463689,5072630,0.427563324237435,0.865580783563396,-1.19667745906892,-0.737058423596268,-0.544340060091016,1.46659278408509,0.641483760878313,-0.775800640855023,1.14658404643294,"once",463.689,5072.63,"2006","4"
"129",3,"rear",0,1998,"Nehalem",1616,466177,5068762,-0.560476163014965,0.306488470524808,-2.15546789140214,0.518846691868759,-0.484842824414232,-1.07252990417079,-0.357541380247188,0.244675586731199,1.20590915710519,"annual",466.177,5068.762,"1998","3"
"130",3,"rear",0,1999,"Nehalem",1616,466177,5068762,-0.560476163014965,1.76872990462573,-2.95445991834649,0.518846691868759,-0.620836505961167,-1.07252990417079,-0.357541380247188,0.244675586731199,1.20590915710519,"annual",466.177,5068.762,"1999","3"
"131",3,"rear",0,2000,"Nehalem",1616,466177,5068762,-0.560476163014965,0.650545278548555,-2.9944095196937,0.518846691868759,-0.569838875381067,-1.07252990417079,-0.357541380247188,0.244675586731199,1.20590915710519,"annual",466.177,5068.762,"2000","3"
"132",3,"rear",0,2001,"Nehalem",1616,466177,5068762,-0.560476163014965,-1.04823521106869,-2.9944095196937,0.518846691868759,-0.382847563254032,-1.07252990417079,-0.357541380247188,0.244675586731199,1.20590915710519,"annual",466.177,5068.762,"2001","3"
"133",3,"rear",131,2002,"Nehalem",1616,466177,5068762,-0.560476163014965,0.457013324035197,-2.43511510083266,0.518846691868759,-0.374347958157348,-1.07252990417079,-0.357541380247188,0.244675586731199,1.20590915710519,"annual",466.177,5068.762,"2002","3"
"134",3,"rear",0,2004,"Nehalem",1616,466177,5068762,-0.560476163014965,0.564531076542618,-2.15546789140214,0.518846691868759,-0.52734084989765,-1.07252990417079,-0.357541380247188,0.244675586731199,1.20590915710519,"annual",466.177,5068.762,"2004","3"
"135",3,"rear",531,2005,"Nehalem",1616,466177,5068762,-0.560476163014965,0.435509773533713,-2.51501430352709,0.518846691868759,0.178126373127073,-1.07252990417079,-0.357541380247188,0.244675586731199,1.20590915710519,"annual",466.177,5068.762,"2005","3"
"136",3,"rear",95,2006,"Nehalem",1616,466177,5068762,-0.560476163014965,0.693552379551523,-2.23536709409657,0.518846691868759,-0.680333741637951,-1.07252990417079,-0.357541380247188,0.244675586731199,1.20590915710519,"annual",466.177,5068.762,"2006","3"
"137",3,"rear",0,2007,"Nehalem",1616,466177,5068762,-0.560476163014965,-0.188093191009327,-2.35521589813822,0.518846691868759,-1.19880965253564,-1.07252990417079,-0.357541380247188,0.244675586731199,1.20590915710519,"annual",466.177,5068.762,"2007","3"
"138",3,"rear",0,2009,"Nehalem",1616,466177,5068762,-0.560476163014965,0.112956516011451,-1.87582068197161,0.518846691868759,-0.0768617797734291,-1.07252990417079,-0.357541380247188,0.244675586731199,1.20590915710519,"annual",466.177,5068.762,"2009","3"
"139",3,"rear",0,2010,"Nehalem",1616,466177,5068762,-0.560476163014965,-0.725681953546431,-2.63486310756875,0.518846691868759,0.637105048347977,-1.07252990417079,-0.357541380247188,0.244675586731199,1.20590915710519,"annual",466.177,5068.762,"2010","3"
"140",3,"rear",0,2011,"Nehalem",1616,466177,5068762,-0.560476163014965,0.134460066512935,-3.07430872238814,0.518846691868759,0.611606233057927,-1.07252990417079,-0.357541380247188,0.244675586731199,1.20590915710519,"annual",466.177,5068.762,"2011","3"
"141",3,"rear",0,2012,"Nehalem",1616,466177,5068762,-0.560476163014965,0.693552379551523,-2.79466151295762,0.518846691868759,-0.195856251126997,-1.07252990417079,-0.357541380247188,0.244675586731199,1.20590915710519,"annual",466.177,5068.762,"2012","3"
"142",3,"rear",0,2013,"Nehalem",1616,466177,5068762,-0.560476163014965,-0.317114494018232,-2.31526629679101,0.518846691868759,0.280121634287274,-1.07252990417079,-0.357541380247188,0.244675586731199,1.20590915710519,"annual",466.177,5068.762,"2013","3"
"143",3,"rear",0,2014,"Nehalem",1616,466177,5068762,-0.560476163014965,-0.0375683374989379,-2.03561908736048,0.518846691868759,0.203625188417123,-1.07252990417079,-0.357541380247188,0.244675586731199,1.20590915710519,"annual",466.177,5068.762,"2014","3"
"125",3,"rear",116,2015,"Nehalem",1616,466177,5068762,-0.560476163014965,0.327992021026292,-1.79592147927718,0.518846691868759,-1.1648112321489,-1.07252990417079,-0.357541380247188,0.244675586731199,1.20590915710519,"annual",466.177,5068.762,"2015","3"
"126",3,"rear",7,2016,"Nehalem",1616,466177,5068762,-0.560476163014965,2.11278671264948,-2.71476231026318,0.518846691868759,-1.40280017485604,-1.07252990417079,-0.357541380247188,0.244675586731199,1.20590915710519,"annual",466.177,5068.762,"2016","3"
"127",3,"rear",0,2017,"Nehalem",1616,466177,5068762,-0.560476163014965,0.26348136952184,-2.43511510083266,0.518846691868759,0.62010583815461,-1.07252990417079,-0.357541380247188,0.244675586731199,1.20590915710519,"annual",466.177,5068.762,"2017","3"
"128",3,"rear",88,2018,"Nehalem",1616,466177,5068762,-0.560476163014965,0.26348136952184,-1.95571988466605,0.518846691868759,0.254622818997224,-1.07252990417079,-0.357541380247188,0.244675586731199,1.20590915710519,"annual",466.177,5068.762,"2018","3"
"122",3,"rear",0,2019,"Nehalem",1616,466177,5068762,-0.560476163014965,0.26348136952184,-2.59491350622153,0.518846691868759,0.62010583815461,-1.07252990417079,-0.357541380247188,0.244675586731199,1.20590915710519,"annual",466.177,5068.762,"2019","3"
"123",3,"rear",0,2020,"Nehalem",1616,466177,5068762,-0.560476163014965,0.26348136952184,-2.55496390487431,0.518846691868759,0.62010583815461,-1.07252990417079,-0.357541380247188,0.244675586731199,1.20590915710519,"annual",466.177,5068.762,"2020","3"
"124",3,"rear",143,2021,"Nehalem",1616,466177,5068762,-0.560476163014965,0.134460066512935,-2.55496390487431,0.518846691868759,0.611606233057927,-1.07252990417079,-0.357541380247188,0.244675586731199,1.20590915710519,"annual",466.177,5068.762,"2021","3"
"2527",4,"rear",159,2010,"Nehalem",1640,486493,5073900,-0.066456419388765,-1.19876006457908,-0.277836628082914,-0.190132002345369,0.203625188417123,1.46659278408509,-0.761727124366665,-0.775800640855023,0.726562262873415,"nine",486.493,5073.9,"2010","4"
"2526",4,"rear",1,2019,"Nehalem",1640,486493,5073900,-0.066456419388765,-1.09124231207166,-0.0780886213468263,-0.190132002345369,-0.612336900864484,1.46659278408509,-0.761727124366665,-0.775800640855023,0.726562262873415,"nine",486.493,5073.9,"2019","4"
"2766",3,"rear",18,1999,"Nehalem",1648,485957,5072678,-0.480795559204287,-0.209596741510811,-0.757231844249525,-0.510327392564381,-1.25830688821242,-0.137063650602836,-1.14303443013976,-0.435641898326282,0.743173293861644,"once",485.957,5072.678,"1999","3"
"2246",3,"rear",296,2019,"Nehalem",1649,486770,5072231,-0.672029008349913,-1.09124231207166,-0.317786229430132,-0.683751754858363,-0.612336900864484,-0.226155674752164,-1.60822934318293,-0.0954831557975414,0.755038315996094,"three",486.77,5072.231,"2019","3"
"3147",4,"rear",865,2001,"Nehalem",1677,483465,5068578,-0.353306593107203,-1.43529912009541,-0.956979850985612,-0.749496646301779,-1.14781202195554,1.55568480823442,-0.693091809327509,-0.775800640855023,0.849958493071693,"once",483.465,5068.578,"2001","4"
"2247",3,"rear",32,2019,"Nehalem",1678,478616,5077852,-0.799517974446997,-1.09124231207166,-0.277836628082914,-0.408333966379191,-0.612336900864484,1.42204677201043,0.889333509630823,-0.435641898326282,0.797752395680114,"three",478.616,5077.852,"2019","3"
"2767",5,"rear",10,1999,"Nehalem",1680,475620,5071564,0.284138237378215,0.284984920023324,-0.197937425388479,-0.0501131524604735,-1.27530609840579,0.798402602965123,0.237298016758836,-0.775800640855023,0.910470105957387,"once",475.62,5071.564,"1999","5"
"1614",4,"rear",953,2005,"Nehalem",1699,472492,5069791,0.188521512805403,0.220474268518872,-0.477584634819001,-0.0273689737989676,-0.0683621746767457,0.0411203976958234,1.39647222630904,-0.435641898326282,1.04691786050356,"nine",472.492,5069.791,"2005","4"
"2250",4,"rear",778,2007,"Nehalem",1704,472769,5069406,0.0610325467083188,-0.381625145522684,-0.477584634819001,-0.299588362153866,-1.31780412388921,0.219304445994482,0.927464240208132,-0.0954831557975414,1.04573135829012,"three",472.769,5069.406,"2007","4"
"2251",4,"rear",974,2010,"Nehalem",1704,472769,5069406,0.0610325467083188,-0.768689054549399,-0.996929452332829,-0.299588362153866,0.441614131124259,0.219304445994482,0.927464240208132,-0.0954831557975414,1.04573135829012,"three",472.769,5069.406,"2010","4"
"2252",4,"rear",748,2013,"Nehalem",1704,472769,5069406,0.0610325467083188,-0.381625145522684,-0.477584634819001,-0.299588362153866,-0.136359015450213,0.219304445994482,0.927464240208132,-0.0954831557975414,1.04573135829012,"three",472.769,5069.406,"2013","4"
"2249",4,"rear",592,2016,"Nehalem",1704,472769,5069406,0.0610325467083188,1.83324055613018,-0.877080648291176,-0.299588362153866,-1.47929662072619,0.219304445994482,0.927464240208132,-0.0954831557975414,1.04573135829012,"three",472.769,5069.406,"2016","4"
"2248",4,"rear",1908,2019,"Nehalem",1704,472769,5069406,0.0610325467083188,-0.3601215950212,-0.797181445596741,-0.299588362153866,-0.399846773447398,0.219304445994482,0.927464240208132,-0.0954831557975414,1.04573135829012,"three",472.769,5069.406,"2019","4"
"3294",6,"rear",436,2005,"Nehalem",1705,476843,5067536,1.25624160386848,-0.446135797027137,0.481205797514218,-0.330861607813437,-0.340349537770615,0.887494627114453,1.07617408945964,-0.775800640855023,0.974541225483416,"once",476.843,5067.536,"2005","6"
"2686",4,"rear",948,1998,"Nehalem",1716,476382,5065535,0.172585392043267,-0.403128696024168,0.521155398861436,-0.384523654342927,-0.773829397701468,1.42204677201043,1.0342302858246,-0.775800640855023,1.00657678524643,"nine",476.382,5065.535,"1998","4"
"2687",4,"rear",799,2007,"Nehalem",1716,476382,5065535,0.172585392043267,-0.661171302041978,0.201558588083696,-0.384523654342927,-1.42829899014609,1.42204677201043,1.0342302858246,-0.775800640855023,1.00657678524643,"nine",476.382,5065.535,"2007","4"
"2685",4,"rear",330,2016,"Nehalem",1716,476382,5065535,0.172585392043267,1.01610563707379,-0.277836628082914,-0.384523654342927,-1.56429267169302,1.42204677201043,1.0342302858246,-0.775800640855023,1.00657678524643,"nine",476.382,5065.535,"2016","4"
"1615",4,"rear",1223,2005,"Nehalem",1729,478044,5064788,-0.305498230820797,-0.252603842513779,-0.0780886213468263,-0.511393525939139,-0.323350327577248,1.46659278408509,-0.2850929921503,-0.775800640855023,1.01962830959433,"nine",478.044,5064.788,"2005","4"
"1143",4,"rear",7,1999,"Nehalem",1735,477762,5064817,0.666605135669467,0.52152397553965,-0.717282242902307,-0.303142140069726,-1.26680649330911,1.46659278408509,0.66817527228243,-0.775800640855023,1.01962830959433,"three",477.762,5064.817,"1999","4"
"1144",4,"rear",744,2002,"Nehalem",1735,477762,5064817,0.666605135669467,-0.145086090006359,-0.0780886213468263,-0.303142140069726,-1.1138136015688,1.46659278408509,0.66817527228243,-0.775800640855023,1.01962830959433,"three",477.762,5064.817,"2002","4"
"1145",4,"rear",3971,2005,"Nehalem",1735,477762,5064817,0.666605135669467,-0.252603842513779,-0.157987824041262,-0.303142140069726,-0.323350327577248,1.46659278408509,0.66817527228243,-0.775800640855023,1.01962830959433,"three",477.762,5064.817,"2005","4"
"1146",4,"rear",673,2008,"Nehalem",1735,477762,5064817,0.666605135669467,2.17729736415393,-0.317786229430132,-0.303142140069726,-1.32630372898589,1.46659278408509,0.66817527228243,-0.775800640855023,1.01962830959433,"three",477.762,5064.817,"2008","4"
"1147",4,"rear",758,2011,"Nehalem",1735,477762,5064817,0.666605135669467,-0.575157100036041,-0.917030249638394,-0.303142140069726,-0.187356646030313,1.46659278408509,0.66817527228243,-0.775800640855023,1.01962830959433,"three",477.762,5064.817,"2011","4"
"1148",4,"rear",475,2014,"Nehalem",1735,477762,5064817,0.666605135669467,-0.424632246525653,0.441256196167,-0.303142140069726,-0.357348747963981,1.46659278408509,0.66817527228243,-0.775800640855023,1.01962830959433,"three",477.762,5064.817,"2014","4"
"1142",4,"rear",859,2017,"Nehalem",1735,477762,5064817,0.666605135669467,-0.3601215950212,-0.237887026735697,-0.303142140069726,-0.399846773447398,1.46659278408509,0.66817527228243,-0.775800640855023,1.01962830959433,"three",477.762,5064.817,"2017","4"
"1141",4,"rear",718,2020,"Nehalem",1735,477762,5064817,0.666605135669467,-0.3601215950212,-0.35773583077735,-0.303142140069726,-0.399846773447398,1.46659278408509,0.66817527228243,-0.775800640855023,1.01962830959433,"three",477.762,5064.817,"2020","4"
"3181",3,"rear",222,2002,"Nehalem",1752,469035,5062811,-0.512667800728558,0.543027526041134,-1.63612307388831,1.11765827069122,-0.22985467151373,-1.47344401284278,0.660549126166968,1.26515181431742,1.16912758848839,"once",469.035,5062.811,"2002","3"
"2698",5,"rear",57,2016,"NCDependent",1771,426702,5078996,0.985327550912176,0.0914529655099669,0.0417601826948251,-0.777571491837075,1.58056121407983,-0.9388918679468,0.33643791625984,-0.775800640855023,-1.07098859049574,"nine",426.702,5078.996,"2016","5"
"2186",4,"rear",445,2006,"NCDependent",1778,429355,5081098,1.16062487929567,1.27414824309159,-0.517534236166219,9.71531318253202,-0.238354276610414,-0.9388918679468,-2.07723732928383,-0.0954831557975414,-1.08404011484363,"nine",429.355,5081.098,"2006","4"
"2609",2,"rear",8,2004,"Necanicum",1796,430486,5091933,-0.735773491398455,0.930091435067849,0.800802608291958,-0.147131289563459,0.314120054674007,-0.0479716264535061,-0.24314918851526,-0.0954831557975414,-1.0674290838554,"nine",430.486,5091.933,"2004","2"
"2610",2,"rear",0,2013,"Necanicum",1796,430486,5091933,-0.735773491398455,0.177467167515903,0.161608986736478,-0.147131289563459,1.96304344343059,-0.0479716264535061,-0.24314918851526,-0.0954831557975414,-1.0674290838554,"nine",430.486,5091.933,"2013","2"
"2168",2,"rear",40,2006,"Necanicum",1797,429655,5092290,-0.672029008349913,1.01610563707379,-0.197937425388479,-0.147131289563459,-0.0173645440966453,-0.0479716264535061,-0.418550549170882,-0.0954831557975414,-1.07929410598985,"nine",429.655,5092.29,"2006","2"
"42",3,"rear",0,2000,"Necanicum",1805,426784,5090809,-0.672029008349913,0.88708433406488,-1.59617347254109,0.834422170797153,0.365117685254108,-0.0479716264535061,-1.61585548929839,0.924993071788681,-1.06505607942851,"annual",426.784,5090.809,"2000","3"
"43",3,"rear",0,2001,"Necanicum",1805,426784,5090809,-0.672029008349913,-1.45680267059689,-2.19541749274935,0.834422170797153,0.458613341317625,-0.0479716264535061,-1.61585548929839,0.924993071788681,-1.06505607942851,"annual",426.784,5090.809,"2001","3"
"44",3,"rear",0,2003,"Necanicum",1805,426784,5090809,-0.672029008349913,0.112956516011451,-1.51627426984666,0.834422170797153,0.322619659770691,-0.0479716264535061,-1.61585548929839,0.924993071788681,-1.06505607942851,"annual",426.784,5090.809,"2003","3"
"45",3,"rear",0,2004,"Necanicum",1805,426784,5090809,-0.672029008349913,0.414006223032229,-1.23662706041613,0.834422170797153,-0.221355066417047,-0.0479716264535061,-1.61585548929839,0.924993071788681,-1.06505607942851,"annual",426.784,5090.809,"2004","3"
"46",3,"rear",3,2005,"Necanicum",1805,426784,5090809,-0.672029008349913,0.134460066512935,-1.51627426984666,0.834422170797153,0.926091621635213,-0.0479716264535061,-1.61585548929839,0.924993071788681,-1.06505607942851,"annual",426.784,5090.809,"2005","3"
"47",3,"rear",19,2006,"Necanicum",1805,426784,5090809,-0.672029008349913,0.435509773533713,-1.95571988466605,0.834422170797153,-0.314850722480564,-0.0479716264535061,-1.61585548929839,0.924993071788681,-1.06505607942851,"annual",426.784,5090.809,"2006","3"
"48",3,"rear",12,2007,"Necanicum",1805,426784,5090809,-0.672029008349913,-0.661171302041978,-1.31652626311057,0.834422170797153,-0.62933611105785,-0.0479716264535061,-1.61585548929839,0.924993071788681,-1.06505607942851,"annual",426.784,5090.809,"2007","3"
"49",3,"rear",2,2008,"Necanicum",1805,426784,5090809,-0.672029008349913,1.08061628857824,-1.99566948601327,0.834422170797153,-0.212855461320364,-0.0479716264535061,-1.61585548929839,0.924993071788681,-1.06505607942851,"annual",426.784,5090.809,"2008","3"
"50",3,"rear",1,2009,"Necanicum",1805,426784,5090809,-0.672029008349913,0.370999122029261,-1.47632466849944,0.834422170797153,0.526610182091093,-0.0479716264535061,-1.61585548929839,0.924993071788681,-1.06505607942851,"annual",426.784,5090.809,"2009","3"
"51",3,"rear",11,2010,"Necanicum",1805,426784,5090809,-0.672029008349913,-0.940717458561272,-1.99566948601327,0.834422170797153,1.57206160898315,-0.0479716264535061,-1.61585548929839,0.924993071788681,-1.06505607942851,"annual",426.784,5090.809,"2010","3"
"52",3,"rear",5,2011,"Necanicum",1805,426784,5090809,-0.672029008349913,-0.338618044519716,-1.95571988466605,0.834422170797153,1.5465627936931,-0.0479716264535061,-1.61585548929839,0.924993071788681,-1.06505607942851,"annual",426.784,5090.809,"2011","3"
"53",3,"rear",5,2012,"Necanicum",1805,426784,5090809,-0.672029008349913,0.543027526041134,-1.8358710806244,0.834422170797153,0.892093201248479,-0.0479716264535061,-1.61585548929839,0.924993071788681,-1.06505607942851,"annual",426.784,5090.809,"2012","3"
"54",3,"rear",0,2013,"Necanicum",1805,426784,5090809,-0.672029008349913,-0.123582539504875,-1.71602227658274,0.834422170797153,1.21507819492245,-0.0479716264535061,-1.61585548929839,0.924993071788681,-1.06505607942851,"annual",426.784,5090.809,"2013","3"
"55",3,"rear",0,2014,"Necanicum",1805,426784,5090809,-0.672029008349913,-0.381625145522684,-1.35647586445779,0.834422170797153,1.27457543059923,-0.0479716264535061,-1.61585548929839,0.924993071788681,-1.06505607942851,"annual",426.784,5090.809,"2014","3"
"38",3,"rear",0,2015,"Necanicum",1805,426787,5090800,-0.672029008349913,0.327992021026292,-0.996929452332829,0.834422170797153,-0.680333741637951,-0.0479716264535061,-1.61585548929839,0.924993071788681,-1.06505607942851,"annual",426.787,5090.8,"2015","3"
"39",3,"rear",36,2016,"Necanicum",1805,426787,5090800,-0.672029008349913,0.908587884566364,-1.43637506715222,0.834422170797153,-1.1138136015688,-0.0479716264535061,-1.61585548929839,0.924993071788681,-1.06505607942851,"annual",426.787,5090.8,"2016","3"
"40",3,"rear",6,2017,"Necanicum",1805,426787,5090800,-0.672029008349913,-0.209596741510811,-1.95571988466605,0.834422170797153,1.84404897207702,-0.0479716264535061,-1.61585548929839,0.924993071788681,-1.06505607942851,"annual",426.787,5090.8,"2017","3"
"41",3,"rear",0,2018,"Necanicum",1805,426787,5090800,-0.672029008349913,-0.209596741510811,-1.55622387119387,0.834422170797153,-1.1138136015688,-0.0479716264535061,-1.61585548929839,0.924993071788681,-1.06505607942851,"annual",426.787,5090.8,"2018","3"
"35",3,"rear",0,2019,"Necanicum",1805,426784,5090809,-0.672029008349913,-0.209596741510811,-1.55622387119387,0.834422170797153,1.84404897207702,-0.0479716264535061,-1.61585548929839,0.924993071788681,-1.06505607942851,"annual",426.784,5090.809,"2019","3"
"36",3,"rear",1,2020,"Necanicum",1805,426784,5090809,-0.672029008349913,-0.209596741510811,-1.87582068197161,0.834422170797153,1.84404897207702,-0.0479716264535061,-1.61585548929839,0.924993071788681,-1.06505607942851,"annual",426.784,5090.809,"2020","3"
"37",3,"rear",0,2021,"Necanicum",1805,426784,5090809,-0.672029008349913,-0.338618044519716,-1.87582068197161,0.834422170797153,1.5465627936931,-0.0479716264535061,-1.61585548929839,0.924993071788681,-1.06505607942851,"annual",426.784,5090.809,"2021","3"
"3142",6,"rear",0,2001,"Necanicum",1807,427557,5091377,3.75821256352375,-1.45680267059689,-0.35773583077735,-0.144643645022357,0.458613341317625,1.64477683238375,0.401260158241265,-1.11595938338376,-1.08878612369741,"once",427.557,5091.377,"2001","6"
"1117",6,"rear",41,1999,"Necanicum",1829,431486,5084636,3.39168178599463,1.31715534409456,-0.677332641555089,0.0746244523862228,0.118629137450289,1.68932284445842,0.46226932716496,-0.435641898326282,-0.960643884645352,"three",431.486,5084.636,"1999","6"
"1118",6,"rear",320,2002,"Necanicum",1829,431486,5084636,3.39168178599463,0.0484458645069986,-0.118038222694044,0.0746244523862228,0.535109787187776,1.68932284445842,0.46226932716496,-0.435641898326282,-0.960643884645352,"three",431.486,5084.636,"2002","6"
"1119",6,"rear",639,2005,"Necanicum",1829,431486,5084636,3.39168178599463,0.564531076542618,-0.0381390199996096,0.0746244523862228,0.892093201248479,1.68932284445842,0.46226932716496,-0.435641898326282,-0.960643884645352,"three",431.486,5084.636,"2005","6"
"1969",5,"rear",78,2000,"Necanicum",1833,433666,5087481,0.0769686674704542,2.39233286916877,-0.996929452332829,0.477267490253194,2.20953199123441,-1.91890413358942,2.78824389238082,0.924993071788681,-0.904878280613438,"nine",433.666,5087.481,"2000","5"
"1970",5,"rear",165,2009,"Necanicum",1833,433666,5087481,0.0769686674704542,0.693552379551523,-0.677332641555089,0.477267490253194,0.637105048347977,-1.91890413358942,2.78824389238082,0.924993071788681,-0.904878280613438,"nine",433.666,5087.481,"2009","5"
"1968",5,"rear",197,2018,"Necanicum",1833,433664,5087476,0.0769686674704542,0.220474268518872,-0.717282242902307,0.477267490253194,0.773098729894911,-1.91890413358942,2.78824389238082,0.924993071788681,-0.904878280613438,"nine",433.664,5087.476,"2018","5"
"2169",6,"rear",932,2006,"Necanicum",1843,433273,5083647,3.07295937075192,1.9407583086376,-0.118038222694044,-0.411532366503465,-0.0428633593866955,-1.91890413358942,0.145784263373294,-1.11595938338376,-0.928608324882337,"nine",433.273,5083.647,"2006","6"
"1667",5,"rear",36,2000,"Necanicum",1844,434196,5082974,1.22436936234421,2.39233286916877,-0.557483837513437,-0.307406673568759,2.20953199123441,-1.91890413358942,0.210606505354719,-0.435641898326282,-0.906064782826883,"three",434.196,5082.974,"2000","5"
"1668",5,"rear",400,2003,"Necanicum",1844,434196,5082974,1.22436936234421,2.95142518220736,-0.317786229430132,-0.307406673568759,1.74205371091682,-1.91890413358942,0.210606505354719,-0.435641898326282,-0.906064782826883,"three",434.196,5082.974,"2003","5"
"1669",5,"rear",410,2009,"Necanicum",1844,434196,5082974,1.22436936234421,2.30631866716283,-0.237887026735697,-0.307406673568759,2.72800790213209,-1.91890413358942,0.210606505354719,-0.435641898326282,-0.906064782826883,"three",434.196,5082.974,"2009","5"
"1670",5,"rear",40,2012,"Necanicum",1844,434196,5082974,1.22436936234421,1.4031695461005,-0.757231844249525,-0.307406673568759,2.56651540529511,-1.91890413358942,0.210606505354719,-0.435641898326282,-0.906064782826883,"three",434.196,5082.974,"2012","5"
"1665",5,"rear",104,2015,"Necanicum",1844,434205,5082985,1.22436936234421,1.25264469259011,0.321407392125349,-0.307406673568759,-0.272352696997147,-1.91890413358942,0.210606505354719,-0.435641898326282,-0.906064782826883,"three",434.205,5082.985,"2015","5"
"1666",5,"rear",376,2018,"Necanicum",1844,434205,5082985,1.22436936234421,0.865580783563396,-0.277836628082914,-0.307406673568759,0.773098729894911,-1.91890413358942,0.210606505354719,-0.435641898326282,-0.906064782826883,"three",434.205,5082.985,"2018","5"
"1664",5,"rear",381,2021,"Necanicum",1844,434196,5082974,1.22436936234421,1.05911273807675,-0.757231844249525,-0.307406673568759,0.00813427119340491,-1.91890413358942,0.210606505354719,-0.435641898326282,-0.906064782826883,"three",434.196,5082.974,"2021","5"
"2514",5,"rear",382,2001,"Necanicum",1845,434319,5083287,1.24030548310634,-0.61816420103901,-1.11677825637448,-0.307406673568759,2.25203001671782,-1.91890413358942,0.233484943701105,-0.435641898326282,-0.910810791680663,"nine",434.319,5083.287,"2001","5"
"2515",5,"rear",447,2010,"Necanicum",1845,434319,5083287,1.24030548310634,0.134460066512935,-0.877080648291176,-0.307406673568759,3.67146406786395,-1.91890413358942,0.233484943701105,-0.435641898326282,-0.910810791680663,"nine",434.319,5083.287,"2010","5"
"2513",5,"rear",346,2019,"Necanicum",1845,434319,5083287,1.24030548310634,0.865580783563396,-0.437635033471785,-0.307406673568759,3.35697867928667,-1.91890413358942,0.233484943701105,-0.435641898326282,-0.910810791680663,"nine",434.319,5083.287,"2019","5"
"3143",3,"rear",16,2001,"Necanicum",1846,433808,5082359,-0.464859438442152,-0.61816420103901,-1.63612307388831,-0.271158138826984,2.25203001671782,-1.91890413358942,-2.35559166249819,1.60531055684616,-0.896572765119323,"once",433.808,5082.359,"2001","3"
"3255",6,"rear",546,2004,"Necanicum",1857,436514,5084115,2.45145066102864,2.47834707117471,0.680953804250306,-0.342589074935776,1.01958727769873,-1.91890413358942,-0.11731777761014,-0.775800640855023,-0.882334738557983,"once",436.514,5084.115,"2004","6"
"1411",3,"rear",0,2017,"Necanicum",1874,439381,5081959,-0.5764122837771,-0.209596741510811,-0.917030249638394,-0.622982152497152,1.84404897207702,0.174758433919818,-1.2841181332758,0.58483432925994,-0.818263619031954,"nine",439.381,5081.959,"2017","3"
"2062",3,"rear",10,2003,"Necanicum",1877,440644,5084394,-0.5764122837771,3.2954819902311,-0.197937425388479,-0.622982152497152,1.79305134149692,0.174758433919818,-1.2841181332758,0.58483432925994,-0.818263619031954,"nine",440.644,5084.394,"2003","3"
"2061",3,"rear",33,2021,"Necanicum",1877,440644,5084394,-0.5764122837771,3.2954819902311,-0.197937425388479,-0.622982152497152,1.79305134149692,0.174758433919818,-1.2841181332758,0.58483432925994,-0.818263619031954,"nine",440.644,5084.394,"2021","3"
"2225",4,"rear",524,2001,"Necanicum",1884,441307,5082635,0.0132241844219125,-0.510646448531589,-0.877080648291176,-0.724264823099171,2.21803159633109,1.46659278408509,-0.929502338906826,-0.435641898326282,-0.804025592470614,"three",441.307,5082.635,"2001","4"
"2226",4,"rear",351,2004,"Necanicum",1884,441307,5082635,0.0132241844219125,1.87624765713315,0.361356993472565,-0.724264823099171,0.705101889121444,1.46659278408509,-0.929502338906826,-0.435641898326282,-0.804025592470614,"three",441.307,5082.635,"2004","4"
"2227",4,"rear",494,2007,"Necanicum",1884,441307,5082635,0.0132241844219125,1.23114114208863,0.241508189430913,-0.724264823099171,0.0591319017735053,1.46659278408509,-0.929502338906826,-0.435641898326282,-0.804025592470614,"three",441.307,5082.635,"2007","4"
"2228",4,"rear",445,2010,"Necanicum",1884,441307,5082635,0.0132241844219125,0.392502672530745,-0.637383040207872,-0.724264823099171,3.50997157102697,1.46659278408509,-0.929502338906826,-0.435641898326282,-0.804025592470614,"three",441.307,5082.635,"2010","4"
"2229",4,"rear",561,2013,"Necanicum",1884,441307,5082635,0.0132241844219125,0.865580783563396,-0.197937425388479,-0.724264823099171,2.88950039896908,1.46659278408509,-0.929502338906826,-0.435641898326282,-0.804025592470614,"three",441.307,5082.635,"2013","4"
"2224",4,"rear",480,2016,"Necanicum",1884,441326,5082694,0.0132241844219125,2.67187902568806,-0.157987824041262,-0.724264823099171,-0.739830977314735,1.46659278408509,-0.929502338906826,-0.435641898326282,-0.804025592470614,"three",441.326,5082.694,"2016","4"
"2231",3,"rear",88,2001,"Necanicum",1887,440946,5081464,-0.385178834631474,-0.145086090006359,-1.396425465805,-0.350762764142254,2.75350671742214,-2.05254216981342,-1.2345481835253,0.924993071788681,-0.787414561482384,"three",440.946,5081.464,"2001","3"
"2232",3,"rear",227,2004,"Necanicum",1887,440946,5081464,-0.385178834631474,2.47834707117471,-0.237887026735697,-0.350762764142254,1.01958727769873,-2.05254216981342,-1.2345481835253,0.924993071788681,-0.787414561482384,"three",440.946,5081.464,"2004","3"
"2233",3,"rear",179,2013,"Necanicum",1887,440946,5081464,-0.385178834631474,1.16663049058417,-0.757231844249525,-0.350762764142254,3.72246169844405,-2.05254216981342,-1.2345481835253,0.924993071788681,-0.787414561482384,"three",440.946,5081.464,"2013","3"
"2230",3,"rear",100,2019,"Necanicum",1887,440946,5081464,-0.385178834631474,1.4031695461005,-0.757231844249525,-0.350762764142254,3.5949676219938,-2.05254216981342,-1.2345481835253,0.924993071788681,-0.787414561482384,"three",440.946,5081.464,"2019","3"
"3027",4,"rear",325,2000,"Necanicum",1896,443602,5084483,0.220393754329674,3.33848909123407,-1.07682865502726,-0.695123844189116,1.41906871724285,-0.1816096626775,-1.10871677262018,-0.0954831557975414,-0.776736041561379,"once",443.602,5084.483,"2000","4"
"1423",3,"rear",0,1999,"Tillamook Bay",1898,450452,4869830,-0.735773491398455,0.306488470524808,-0.397685432124567,-0.0454932411698551,-0.909823079248403,-0.671615795498811,-0.197392311822489,0.58483432925994,-0.209587983534677,"nine",450.452,4869.83,"1999","3"
"2340",3,"rear",90,2007,"Siuslaw",1907,442942,4871257,-0.75170961216059,0.134460066512935,0.0817097840420431,-0.452045434744273,-0.52734084989765,0.664764566741129,0.671988345340161,1.60531055684616,-0.351968249148075,"three",442.942,4871.257,"2007","3"
"2341",3,"rear",231,2010,"Siuslaw",1907,442942,4871257,-0.75170961216059,-0.231100292012295,-0.557483837513437,-0.452045434744273,2.09053751988084,0.664764566741129,0.671988345340161,1.60531055684616,-0.351968249148075,"three",442.942,4871.257,"2010","3"
"2342",3,"rear",35,2013,"Siuslaw",1907,442942,4871257,-0.75170961216059,-0.209596741510811,0.121659385389261,-0.452045434744273,0.798597545184962,0.664764566741129,0.671988345340161,1.60531055684616,-0.351968249148075,"three",442.942,4871.257,"2013","3"
"2339",3,"rear",12,2016,"Siuslaw",1907,442942,4871257,-0.75170961216059,0.865580783563396,-0.397685432124567,-0.452045434744273,-1.1138136015688,0.664764566741129,0.671988345340161,1.60531055684616,-0.351968249148075,"three",442.942,4871.257,"2016","3"
"2338",3,"rear",0,2019,"Siuslaw",1907,442942,4871257,-0.75170961216059,0.0914529655099669,-0.557483837513437,-0.452045434744273,0.637105048347977,0.664764566741129,0.671988345340161,1.60531055684616,-0.351968249148075,"three",442.942,4871.257,"2019","3"
"1775",3,"rear",69,2009,"Beaver",1949,425950,4929966,-0.703901249874184,-0.123582539504875,-0.757231844249525,0.340447040492573,-0.0343637542900121,-0.270701686826829,1.93030245439136,1.9454692993749,-0.910810791680663,"three",425.95,4929.966,"2009","3"
"1776",3,"rear",138,2012,"Beaver",1949,425950,4929966,-0.703901249874184,1.72572280362276,-1.35647586445779,0.340447040492573,0.654104258541344,-0.270701686826829,1.93030245439136,1.9454692993749,-0.910810791680663,"three",425.95,4929.966,"2012","3"
"1773",3,"rear",24,2015,"Beaver",1949,425950,4929966,-0.703901249874184,-0.682674852543462,-0.397685432124567,0.340447040492573,0.0421326915801385,-0.270701686826829,1.93030245439136,1.9454692993749,-0.910810791680663,"three",425.95,4929.966,"2015","3"
"1774",3,"rear",2,2018,"Beaver",1949,425950,4929966,-0.703901249874184,0.435509773533713,-0.677332641555089,0.340447040492573,-1.10531399647212,-0.270701686826829,1.93030245439136,1.9454692993749,-0.910810791680663,"three",425.95,4929.966,"2018","3"
"362",3,"rear",226,2012,"Yaquina",1955,426187,4936796,-0.735773491398455,1.9407583086376,-1.1567278577217,-0.64643708674183,0.416115315834208,1.24386272371177,-1.68449080433755,-0.0954831557975414,-0.948778862510902,"annual",426.187,4936.796,"2012","3"
"363",3,"rear",50,2013,"Yaquina",1955,426187,4936796,-0.735773491398455,-0.833199706053851,-1.23662706041613,-0.64643708674183,-0.20435585622368,1.24386272371177,-1.68449080433755,-0.0954831557975414,-0.948778862510902,"annual",426.187,4936.796,"2013","3"
"364",3,"rear",229,2014,"Yaquina",1955,426187,4936796,-0.735773491398455,-0.919213908059788,-0.757231844249525,-0.64643708674183,-0.238354276610414,1.24386272371177,-1.68449080433755,-0.0954831557975414,-0.948778862510902,"annual",426.187,4936.796,"2014","3"
"359",3,"rear",298,2015,"Yaquina",1955,426187,4936796,-0.735773491398455,-0.854703256555335,-0.517534236166219,-0.64643708674183,-0.374347958157348,1.24386272371177,-1.68449080433755,-0.0954831557975414,-0.948778862510902,"annual",426.187,4936.796,"2015","3"
"360",3,"rear",47,2016,"Yaquina",1955,426187,4936796,-0.735773491398455,-0.596660650537526,-0.956979850985612,-0.64643708674183,0.178126373127073,1.24386272371177,-1.68449080433755,-0.0954831557975414,-0.948778862510902,"annual",426.187,4936.796,"2016","3"
"361",3,"rear",211,2017,"Yaquina",1955,426187,4936796,-0.735773491398455,0.392502672530745,-1.19667745906892,-0.64643708674183,-0.97781992002187,1.24386272371177,-1.68449080433755,-0.0954831557975414,-0.948778862510902,"annual",426.187,4936.796,"2017","3"
"358",3,"rear",194,2019,"Yaquina",1955,426187,4936796,-0.735773491398455,0.758063031055975,-0.677332641555089,-0.64643708674183,1.40206950704948,1.24386272371177,-1.68449080433755,-0.0954831557975414,-0.948778862510902,"annual",426.187,4936.796,"2019","3"
"307",3,"rear",18,2020,"Yaquina",1955,426187,4936796,-0.735773491398455,-0.854703256555335,-1.19667745906892,-0.64643708674183,-0.374347958157348,1.24386272371177,-1.68449080433755,-0.0954831557975414,-0.948778862510902,"annual",426.187,4936.796,"2020","3"
"308",3,"rear",83,2021,"Yaquina",1955,426187,4936796,-0.735773491398455,-0.10207898900339,-1.19667745906892,-0.64643708674183,0.322619659770691,1.24386272371177,-1.68449080433755,-0.0954831557975414,-0.948778862510902,"annual",426.187,4936.796,"2021","3"
"1557",4,"rear",364,2002,"Siuslaw",1965,417495,4877059,-0.305498230820797,-0.639667751540494,0.201558588083696,-0.582113706464759,-0.476343219317549,-0.0925176385281708,2.65859940841797,-0.435641898326282,-0.884707742984873,"nine",417.495,4877.059,"2002","4"
"1558",4,"rear",363,2011,"Siuslaw",1965,417495,4877059,-0.305498230820797,0.62904172804707,-0.317786229430132,-0.582113706464759,0.892093201248479,-0.0925176385281708,2.65859940841797,-0.435641898326282,-0.884707742984873,"nine",417.495,4877.059,"2011","4"
"3127",5,"rear",144,1998,"Siuslaw",1972,418979,4877662,0.602860652620925,-0.510646448531589,1.08044981772248,-0.791075847917344,-0.0853613848701125,1.51113879615976,1.40028529936677,-1.11595938338376,-0.806398596897504,"once",418.979,4877.662,"1998","5"
"2006",4,"rear",1303,2000,"Siuslaw",1981,419520,4881551,-0.193945385485849,0.693552379551523,-1.07682865502726,-0.549774327430431,0.0506322966768219,-0.0479716264535061,1.69007885175432,0.924993071788681,-0.73639496630425,"nine",419.52,4881.551,"2000","4"
"2007",4,"rear",1117,2009,"Siuslaw",1981,419520,4881551,-0.193945385485849,-0.489142898030105,-0.717282242902307,-0.549774327430431,-0.340349537770615,-0.0479716264535061,1.69007885175432,0.924993071788681,-0.73639496630425,"nine",419.52,4881.551,"2009","4"
"2005",4,"rear",423,2018,"Siuslaw",1981,419520,4881552,-0.193945385485849,-0.188093191009327,-0.717282242902307,-0.549774327430431,-0.272352696997147,-0.0479716264535061,1.69007885175432,0.924993071788681,-0.73639496630425,"nine",419.52,4881.552,"2018","4"
"1787",4,"rear",770,2000,"Siuslaw",1984,421140,4881849,-0.321434351582932,0.693552379551523,0.00181058134760843,-0.0980891543245874,0.0506322966768219,-0.359793710976159,1.86548021240994,0.58483432925994,-0.725716446383245,"three",421.14,4881.849,"2000","4"
"1788",4,"rear",923,2003,"Siuslaw",1984,421140,4881849,-0.321434351582932,0.220474268518872,0.601054601555871,-0.0980891543245874,0.424614920930892,-0.359793710976159,1.86548021240994,0.58483432925994,-0.725716446383245,"three",421.14,4881.849,"2003","4"
"1789",4,"rear",1117,2006,"Siuslaw",1984,421140,4881849,-0.321434351582932,0.177467167515903,0.680953804250306,-0.0980891543245874,-0.561339270284383,-0.359793710976159,1.86548021240994,0.58483432925994,-0.725716446383245,"three",421.14,4881.849,"2006","4"
"1790",4,"rear",913,2009,"Siuslaw",1984,421140,4881849,-0.321434351582932,-0.489142898030105,0.481205797514218,-0.0980891543245874,-0.340349537770615,-0.359793710976159,1.86548021240994,0.58483432925994,-0.725716446383245,"three",421.14,4881.849,"2009","4"
"1791",4,"rear",752,2012,"Siuslaw",1984,421140,4881849,-0.321434351582932,0.844077233061912,0.0817097840420431,-0.0980891543245874,0.892093201248479,-0.359793710976159,1.86548021240994,0.58483432925994,-0.725716446383245,"three",421.14,4881.849,"2012","4"
"1785",4,"rear",900,2015,"Siuslaw",1984,421140,4881849,-0.321434351582932,0.478516874536682,1.24024822311135,-0.0980891543245874,-1.00331873531192,-0.359793710976159,1.86548021240994,0.58483432925994,-0.725716446383245,"three",421.14,4881.849,"2015","4"
"1786",4,"rear",431,2018,"Siuslaw",1984,421140,4881849,-0.321434351582932,-0.188093191009327,0.481205797514218,-0.0980891543245874,-0.272352696997147,-0.359793710976159,1.86548021240994,0.58483432925994,-0.725716446383245,"three",421.14,4881.849,"2018","4"
"1741",4,"rear",616,2021,"Siuslaw",1984,421140,4881849,-0.321434351582932,-0.231100292012295,-0.637383040207872,-0.0980891543245874,-0.467843614220866,-0.359793710976159,1.86548021240994,0.58483432925994,-0.725716446383245,"three",421.14,4881.849,"2021","4"
"2548",4,"rear",112,2001,"Siuslaw",1986,421254,4883265,-0.448923317680016,-0.338618044519716,-0.157987824041262,-0.0980891543245874,-0.17885704093363,1.06567867541311,1.86548021240994,0.58483432925994,-0.70791891318157,"nine",421.254,4883.265,"2001","4"
"2549",4,"rear",385,2010,"Siuslaw",1986,421254,4883265,-0.448923317680016,-0.424632246525653,-0.517534236166219,-0.0980891543245874,1.22357780001913,1.06567867541311,1.86548021240994,0.58483432925994,-0.70791891318157,"nine",421.254,4883.265,"2010","4"
"2776",3,"rear",0,1999,"Siuslaw",1990,420986,4879702,-0.656092887587778,1.5321908491094,-0.877080648291176,-0.61871761899812,-0.0258641491933287,1.02113266333845,0.645296833936044,0.924993071788681,-0.76249801500004,"once",420.986,4879.702,"1999","3"
"1793",5,"rear",408,2009,"Siuslaw",1998,427684,4882242,-0.0186480571023586,-0.424632246525653,0.481205797514218,-0.468037435365644,-0.221355066417047,-0.0925176385281708,0.95796882466998,-0.775800640855023,-0.661645326857216,"three",427.684,4882.242,"2009","5"
"1794",5,"rear",674,2012,"Siuslaw",1998,427684,4882242,-0.0186480571023586,1.18813404108566,0.121659385389261,-0.468037435365644,0.764599124798228,-0.0925176385281708,0.95796882466998,-0.775800640855023,-0.661645326857216,"three",427.684,4882.242,"2012","5"
"1792",5,"rear",843,2015,"Siuslaw",1998,427683,4882242,-0.0186480571023586,0.478516874536682,1.16034902041692,-0.468037435365644,-1.00331873531192,-0.0925176385281708,0.95796882466998,-0.775800640855023,-0.661645326857216,"three",427.683,4882.242,"2015","5"
"1742",5,"rear",362,2021,"Siuslaw",1998,427684,4882242,-0.0186480571023586,-0.231100292012295,-0.637383040207872,-0.468037435365644,-0.467843614220866,-0.0925176385281708,0.95796882466998,-0.775800640855023,-0.661645326857216,"three",427.684,4882.242,"2021","5"
"1449",4,"rear",330,1999,"Siuslaw",2008,422917,4883326,-0.162073143961578,1.74722635412425,-0.677332641555089,-0.678065710192987,-0.0428633593866955,-0.00342561437884133,1.18675320813383,0.244675586731199,-0.655712815789991,"nine",422.917,4883.326,"1999","4"
"1450",4,"rear",648,2008,"Siuslaw",2008,422917,4883326,-0.162073143961578,-0.0590718880004221,-0.557483837513437,-0.678065710192987,-0.442344798930816,-0.00342561437884133,1.18675320813383,0.244675586731199,-0.655712815789991,"nine",422.917,4883.326,"2008","4"
"1448",4,"rear",300,2017,"Siuslaw",2008,422917,4883326,-0.162073143961578,-0.188093191009327,-0.317786229430132,-0.678065710192987,1.24907661530918,-0.00342561437884133,1.18675320813383,0.244675586731199,-0.655712815789991,"nine",422.917,4883.326,"2017","4"
"2345",3,"rear",147,1998,"Siuslaw",2016,423690,4888090,-0.592348404539236,-0.575157100036041,0.161608986736478,-0.514591926063414,0.0421326915801385,0.976586651263782,2.27347902958715,-0.0954831557975414,-0.561979140927838,"three",423.69,4888.09,"1998","3"
"2346",3,"rear",453,2001,"Siuslaw",2016,423690,4888090,-0.592348404539236,0.177467167515903,-0.477584634819001,-0.514591926063414,0.288621239383957,0.976586651263782,2.27347902958715,-0.0954831557975414,-0.561979140927838,"three",423.69,4888.09,"2001","3"
"2347",3,"rear",351,2004,"Siuslaw",2016,423690,4888090,-0.592348404539236,-0.0590718880004221,0.321407392125349,-0.514591926063414,-0.246853881707097,0.976586651263782,2.27347902958715,-0.0954831557975414,-0.561979140927838,"three",423.69,4888.09,"2004","3"
"2348",3,"rear",515,2007,"Siuslaw",2016,423690,4888090,-0.592348404539236,-0.188093191009327,0.281457790778131,-0.514591926063414,-0.5528396651877,0.976586651263782,2.27347902958715,-0.0954831557975414,-0.561979140927838,"three",423.69,4888.09,"2007","3"
"2349",3,"rear",376,2010,"Siuslaw",2016,423690,4888090,-0.592348404539236,-0.274107393015263,-0.757231844249525,-0.514591926063414,1.50406476820968,0.976586651263782,2.27347902958715,-0.0954831557975414,-0.561979140927838,"three",423.69,4888.09,"2010","3"
"2350",3,"rear",519,2013,"Siuslaw",2016,423690,4888090,-0.592348404539236,-0.188093191009327,0.281457790778131,-0.514591926063414,0.977089252215313,0.976586651263782,2.27347902958715,-0.0954831557975414,-0.561979140927838,"three",423.69,4888.09,"2013","3"
"2344",3,"rear",304,2016,"Siuslaw",2016,423690,4888090,-0.592348404539236,1.10211983907972,-0.0381390199996096,-0.514591926063414,-1.02031794550529,0.976586651263782,2.27347902958715,-0.0954831557975414,-0.561979140927838,"three",423.69,4888.09,"2016","3"
"2343",3,"rear",272,2019,"Siuslaw",2016,423690,4888090,-0.592348404539236,0.112956516011451,0.00181058134760843,-0.514591926063414,1.06208530318215,0.976586651263782,2.27347902958715,-0.0954831557975414,-0.561979140927838,"three",423.69,4888.09,"2019","3"
"3198",3,"rear",459,2002,"Siuslaw",2018,424720,4887450,-0.432987196917881,-0.639667751540494,0.161608986736478,-0.514591926063414,-0.416845983640765,0.397488494293141,2.27347902958715,-0.0954831557975414,-0.577403669702622,"once",424.72,4887.45,"2002","3"
"3229",3,"rear",267,2003,"Siuslaw",2028,424975,4891734,-0.831390215971268,-0.209596741510811,0.0417601826948251,-0.425747478166906,0.407615710737525,-0.760707819648141,1.82734948183263,0.244675586731199,-0.512146047963148,"once",424.975,4891.734,"2003","3"
"3308",2,"rear",118,2005,"Siuslaw",2045,421858,4868269,-0.703901249874184,-0.532149999033073,-0.397685432124567,0.275412904632329,0.917592016538529,-1.6961740732161,0.855015852111245,1.26515181431742,-0.898945769546213,"once",421.858,4868.269,"2005","2"
"1795",3,"rear",229,2009,"Siuslaw",2046,422328,4868972,-0.592348404539236,-0.510646448531589,-0.397685432124567,-0.107328976905824,-0.0853613848701125,-0.582523771349482,-0.586325763711043,1.26515181431742,-0.894199760692433,"three",422.328,4868.972,"2009","3"
"1796",3,"rear",76,2012,"Siuslaw",2046,422328,4868972,-0.592348404539236,0.951594985569333,-0.797181445596741,-0.107328976905824,0.960090042021946,-0.582523771349482,-0.586325763711043,1.26515181431742,-0.894199760692433,"three",422.328,4868.972,"2012","3"
"1743",3,"rear",59,2021,"Siuslaw",2046,422328,4868972,-0.592348404539236,-0.231100292012295,-0.637383040207872,-0.107328976905824,-0.467843614220866,-0.582523771349482,-0.586325763711043,1.26515181431742,-0.894199760692433,"three",422.328,4868.972,"2021","3"
"2351",3,"rear",24,2001,"Siuslaw",2050,422534,4875816,-0.624220646063506,-0.682674852543462,-0.397685432124567,-0.489360102860806,-0.297851512287198,0.397488494293141,1.14480940449879,0.924993071788681,-0.887080747411763,"three",422.534,4875.816,"2001","3"
"2352",3,"rear",112,2004,"Siuslaw",2050,422534,4875816,-0.624220646063506,0.284984920023324,0.361356993472565,-0.489360102860806,-0.501842034607599,0.397488494293141,1.14480940449879,0.924993071788681,-0.887080747411763,"three",422.534,4875.816,"2004","3"
"2353",3,"rear",50,2013,"Siuslaw",2050,422534,4875816,-0.624220646063506,-0.489142898030105,0.281457790778131,-0.489360102860806,0.280121634287274,0.397488494293141,1.14480940449879,0.924993071788681,-0.887080747411763,"three",422.534,4875.816,"2013","3"
"3347",3,"rear",87,2006,"Siuslaw",2056,424147,4878049,-0.735773491398455,-0.123582539504875,0.441256196167,0.632212207384703,-0.57833848047775,1.11022468748778,2.12095610727791,-0.0954831557975414,-0.815890614605064,"once",424.147,4878.049,"2006","3"
"3348",5,"rear",533,2006,"Siuslaw",2061,424885,4874738,-0.066456419388765,-0.274107393015263,0.441256196167,0.632212207384703,-0.569838875381067,-0.493431747200153,2.12095610727791,-0.0954831557975414,-0.864537205356308,"once",424.885,4874.738,"2006","5"
"1236",5,"rear",277,2011,"Siuslaw",2068,427744,4869539,1.19249712081994,0.758063031055975,0.76085300694474,0.204692724106709,1.4445675325329,0.174758433919818,0.473708546338153,-1.11595938338376,-0.75537900171937,"three",427.744,4869.539,"2011","5"
"1237",5,"rear",98,2014,"Siuslaw",2068,427744,4869539,1.19249712081994,-0.553653549534557,1.87944184466683,0.204692724106709,0.628605443251293,0.174758433919818,0.473708546338153,-1.11595938338376,-0.75537900171937,"three",427.744,4869.539,"2014","5"
"1235",5,"rear",104,2017,"Siuslaw",2068,427744,4869539,1.19249712081994,-0.188093191009327,0.800802608291958,0.204692724106709,1.24907661530918,0.174758433919818,0.473708546338153,-1.11595938338376,-0.75537900171937,"three",427.744,4869.539,"2017","5"
"2195",5,"rear",790,2006,"Siuslaw",2087,432784,4872728,0.0929047882325899,-0.338618044519716,1.20029862176413,-0.336903030270399,-0.569838875381067,0.263850458069147,-0.36898059942038,-0.775800640855023,-0.73164895745047,"nine",432.784,4872.728,"2006","5"
"2194",5,"rear",678,2015,"Siuslaw",2087,432782,4872728,0.0929047882325899,-0.338618044519716,1.91939144601405,-0.336903030270399,0.637105048347977,0.263850458069147,-0.36898059942038,-0.775800640855023,-0.73164895745047,"nine",432.782,4872.728,"2015","5"
"1239",4,"rear",39,1999,"Siuslaw",2089,431974,4871749,-0.385178834631474,0.994602086572301,-0.517534236166219,-0.532716193434301,0.19512558332044,0.48658051844247,0.0123267063527115,0.58483432925994,-0.71266492203535,"three",431.974,4871.749,"1999","4"
"1240",4,"rear",249,2002,"Siuslaw",2089,431974,4871749,-0.385178834631474,-0.682674852543462,0.201558588083696,-0.532716193434301,-0.340349537770615,0.48658051844247,0.0123267063527115,0.58483432925994,-0.71266492203535,"three",431.974,4871.749,"2002","4"
"1241",4,"rear",291,2005,"Siuslaw",2089,431974,4871749,-0.385178834631474,-0.467639347528621,0.0817097840420431,-0.532716193434301,0.798597545184962,0.48658051844247,0.0123267063527115,0.58483432925994,-0.71266492203535,"three",431.974,4871.749,"2005","4"
"1242",4,"rear",289,2011,"Siuslaw",2089,431974,4871749,-0.385178834631474,0.908587884566364,-0.0780886213468263,-0.532716193434301,1.26607582550255,0.48658051844247,0.0123267063527115,0.58483432925994,-0.71266492203535,"three",431.974,4871.749,"2011","4"
"1243",4,"rear",422,2014,"Siuslaw",2089,431974,4871749,-0.385178834631474,-0.768689054549399,0.920651412333611,-0.532716193434301,0.399116105640841,0.48658051844247,0.0123267063527115,0.58483432925994,-0.71266492203535,"three",431.974,4871.749,"2014","4"
"1238",4,"rear",184,2017,"Siuslaw",2089,431974,4871748,-0.385178834631474,-0.188093191009327,-0.197937425388479,-0.532716193434301,1.24907661530918,0.48658051844247,0.0123267063527115,0.58483432925994,-0.71266492203535,"three",431.974,4871.748,"2017","4"
"1244",3,"rear",56,2017,"Siuslaw",2091,433056,4871084,-0.5764122837771,-0.188093191009327,-0.118038222694044,-0.242017159916929,1.24907661530918,-0.0479716264535061,-1.40613647112319,1.26515181431742,-0.699613397687455,"three",433.056,4871.084,"2017","3"
"2355",5,"rear",925,2016,"Siuslaw",2103,437037,4872395,0.682541256431602,1.10211983907972,1.04050021637526,-0.771885447171699,-1.02031794550529,0.442034506367805,0.511839276915462,-1.11595938338376,-0.640288287015206,"three",437.037,4872.395,"2016","5"
"2354",5,"rear",879,2019,"Siuslaw",2103,437037,4872395,0.682541256431602,0.112956516011451,0.960601013680828,-0.771885447171699,1.06208530318215,0.442034506367805,0.511839276915462,-1.11595938338376,-0.640288287015206,"three",437.037,4872.395,"2019","5"
"2551",3,"rear",149,2001,"Siuslaw",2117,441467,4868202,-0.480795559204287,-0.596660650537526,-1.07682865502726,-0.783968292085624,0.348118475060741,0.442034506367805,1.73202265538936,0.58483432925994,-0.538249096658938,"nine",441.467,4868.202,"2001","3"
"2552",3,"rear",352,2010,"Siuslaw",2117,441467,4868202,-0.480795559204287,-0.231100292012295,-1.07682865502726,-0.783968292085624,2.09053751988084,0.442034506367805,1.73202265538936,0.58483432925994,-0.538249096658938,"nine",441.467,4868.202,"2010","3"
"2550",3,"rear",122,2019,"Siuslaw",2117,441467,4868202,-0.480795559204287,0.112956516011451,-1.03687905368005,-0.783968292085624,1.06208530318215,0.442034506367805,1.73202265538936,0.58483432925994,-0.538249096658938,"nine",441.467,4868.202,"2019","3"
"3272",3,"rear",0,2004,"Siuslaw",2122,428632,4879370,-0.75170961216059,-0.0805754385019062,0.521155398861436,0.0483264958088566,-0.459344009124182,-1.74072008529076,0.241111089816567,1.60531055684616,-0.70317290432779,"once",428.632,4879.37,"2004","3"
"2103",4,"rear",84,2003,"Siuslaw",2127,429840,4882031,-0.464859438442152,-0.0375683374989379,0.880701810986393,-0.704008288978767,0.424614920930892,1.51113879615976,0.427951669645382,0.244675586731199,-0.649780304722766,"nine",429.84,4882.031,"2003","4"
"2104",4,"rear",245,2012,"Siuslaw",2127,429840,4882031,-0.464859438442152,1.18813404108566,0.281457790778131,-0.704008288978767,0.764599124798228,1.51113879615976,0.427951669645382,0.244675586731199,-0.649780304722766,"nine",429.84,4882.031,"2012","4"
"2094",4,"rear",142,2021,"Siuslaw",2127,429840,4882031,-0.464859438442152,0.349495571527777,-0.83713104694396,-0.704008288978767,1.6995556854334,1.51113879615976,0.427951669645382,0.244675586731199,-0.649780304722766,"nine",429.84,4882.031,"2021","4"
"3038",3,"rear",0,2000,"Siuslaw",2130,432691,4880085,-0.5764122837771,-0.252603842513779,-0.118038222694044,0.802793547345997,0.0761311119668721,-1.6961740732161,0.99991262830502,1.9454692993749,-0.652153309149656,"once",432.691,4880.085,"2000","3"
"1559",5,"rear",5,2002,"Siuslaw",2137,435497,4882991,2.00523927968885,-0.639667751540494,2.15908905409735,-0.626891308204599,-0.374347958157348,0.0856664097704881,1.5642474408492,-1.11595938338376,-0.508586541322813,"nine",435.497,4882.991,"2002","5"
"1560",5,"rear",72,2011,"Siuslaw",2137,435497,4882991,2.00523927968885,0.564531076542618,1.24024822311135,-0.626891308204599,1.07908451337551,0.0856664097704881,1.5642474408492,-1.11595938338376,-0.508586541322813,"nine",435.497,4882.991,"2011","5"
"1546",5,"rear",10,2020,"Siuslaw",2137,435497,4882991,2.00523927968885,0.112956516011451,1.75959304062518,-0.626891308204599,1.06208530318215,0.0856664097704881,1.5642474408492,-1.11595938338376,-0.508586541322813,"nine",435.497,4882.991,"2020","5"
"2009",4,"rear",452,2009,"Siuslaw",2144,431223,4885206,-0.480795559204287,-0.553653549534557,0.321407392125349,-0.459152990575993,-0.187356646030313,0.709310578815794,0.774941317898895,0.244675586731199,-0.39349582661865,"nine",431.223,4885.206,"2009","4"
"2008",4,"rear",717,2018,"Siuslaw",2144,431223,4885206,-0.480795559204287,1.10211983907972,0.321407392125349,-0.459152990575993,-1.02031794550529,0.709310578815794,0.774941317898895,0.244675586731199,-0.39349582661865,"nine",431.223,4885.206,"2018","4"
"3230",5,"rear",2,2003,"Siuslaw",2145,432654,4886031,1.75026134749468,-0.317114494018232,1.67969383793074,3.29470262194723,0.390616500544158,-0.226155674752164,1.453668322175,-1.11595938338376,-0.38637681333798,"once",432.654,4886.031,"2003","5"
"2010",2,"rear",60,2009,"Siuslaw",2150,429437,4887776,-0.831390215971268,-0.553653549534557,0.281457790778131,-0.490426236235564,-0.187356646030313,-0.270701686826829,2.04850771918102,-0.0954831557975414,-0.270099596420371,"nine",429.437,4887.776,"2009","2"
"2105",4,"rear",454,2003,"Siuslaw",2154,430308,4889104,0.555052290334518,-0.403128696024168,1.24024822311135,-0.749496646301779,0.407615710737525,0.620218554666464,1.46892061440592,-1.11595938338376,-0.264167085353147,"nine",430.308,4889.104,"2003","4"
"479",3,"rear",62,1998,"Siuslaw",2161,429131,4889946,-0.114264781675171,-0.725681953546431,0.00181058134760843,-0.661007576196858,-0.17885704093363,-0.00342561437884133,1.2439493039998,-0.0954831557975414,-0.243996547724582,"annual",429.131,4889.946,"1998","3"
"480",3,"rear",272,1999,"Siuslaw",2161,429131,4889946,-0.114264781675171,1.44617664710347,-0.797181445596741,-0.661007576196858,-0.15335822564358,-0.00342561437884133,1.2439493039998,-0.0954831557975414,-0.243996547724582,"annual",429.131,4889.946,"1999","3"
"481",3,"rear",278,2000,"Siuslaw",2161,429131,4889946,-0.114264781675171,-0.338618044519716,-0.517534236166219,-0.661007576196858,-0.0513629644833789,-0.00342561437884133,1.2439493039998,-0.0954831557975414,-0.243996547724582,"annual",429.131,4889.946,"2000","3"
"482",3,"rear",914,2001,"Siuslaw",2161,429131,4889946,-0.114264781675171,-0.467639347528621,-0.637383040207872,-0.661007576196858,-0.195856251126997,-0.00342561437884133,1.2439493039998,-0.0954831557975414,-0.243996547724582,"annual",429.131,4889.946,"2001","3"
"483",3,"rear",564,2002,"Siuslaw",2161,429131,4889946,-0.114264781675171,-0.639667751540494,0.0817097840420431,-0.661007576196858,-0.399846773447398,-0.00342561437884133,1.2439493039998,-0.0954831557975414,-0.243996547724582,"annual",429.131,4889.946,"2002","3"
"484",3,"rear",1257,2003,"Siuslaw",2161,429131,4889946,-0.114264781675171,-0.403128696024168,0.201558588083696,-0.661007576196858,0.407615710737525,-0.00342561437884133,1.2439493039998,-0.0954831557975414,-0.243996547724582,"annual",429.131,4889.946,"2003","3"
"485",3,"rear",1062,2004,"Siuslaw",2161,429131,4889946,-0.114264781675171,-0.295610943516748,0.161608986736478,-0.661007576196858,-0.501842034607599,-0.00342561437884133,1.2439493039998,-0.0954831557975414,-0.243996547724582,"annual",429.131,4889.946,"2004","3"
"486",3,"rear",492,2005,"Siuslaw",2161,429131,4889946,-0.114264781675171,-0.381625145522684,0.0817097840420431,-0.661007576196858,0.59460702286456,-0.00342561437884133,1.2439493039998,-0.0954831557975414,-0.243996547724582,"annual",429.131,4889.946,"2005","3"
"487",3,"rear",1711,2006,"Siuslaw",2161,429131,4889946,-0.114264781675171,-0.188093191009327,0.201558588083696,-0.661007576196858,-0.586838085574433,-0.00342561437884133,1.2439493039998,-0.0954831557975414,-0.243996547724582,"annual",429.131,4889.946,"2006","3"
"488",3,"rear",692,2007,"Siuslaw",2161,429131,4889946,-0.114264781675171,-0.10207898900339,0.201558588083696,-0.661007576196858,-0.765329792604785,-0.00342561437884133,1.2439493039998,-0.0954831557975414,-0.243996547724582,"annual",429.131,4889.946,"2007","3"
"489",3,"rear",542,2008,"Siuslaw",2161,429131,4889946,-0.114264781675171,-0.123582539504875,-0.477584634819001,-0.661007576196858,-0.459344009124182,-0.00342561437884133,1.2439493039998,-0.0954831557975414,-0.243996547724582,"annual",429.131,4889.946,"2008","3"
"490",3,"rear",734,2009,"Siuslaw",2161,429131,4889946,-0.114264781675171,-0.596660650537526,0.0417601826948251,-0.661007576196858,-0.161857830740263,-0.00342561437884133,1.2439493039998,-0.0954831557975414,-0.243996547724582,"annual",429.131,4889.946,"2009","3"
"491",3,"rear",987,2010,"Siuslaw",2161,429131,4889946,-0.114264781675171,-0.661171302041978,-0.757231844249525,-0.661007576196858,1.18107977453571,-0.00342561437884133,1.2439493039998,-0.0954831557975414,-0.243996547724582,"annual",429.131,4889.946,"2010","3"
"492",3,"rear",1260,2011,"Siuslaw",2161,429131,4889946,-0.114264781675171,0.241977819020356,-0.677332641555089,-0.661007576196858,0.841095570668378,-0.00342561437884133,1.2439493039998,-0.0954831557975414,-0.243996547724582,"annual",429.131,4889.946,"2011","3"
"493",3,"rear",1218,2012,"Siuslaw",2161,429131,4889946,-0.114264781675171,0.736559480554491,-0.597433438860654,-0.661007576196858,0.730600704411494,-0.00342561437884133,1.2439493039998,-0.0954831557975414,-0.243996547724582,"annual",429.131,4889.946,"2012","3"
"494",3,"rear",1058,2013,"Siuslaw",2161,429131,4889946,-0.114264781675171,-0.532149999033073,0.0817097840420431,-0.661007576196858,0.399116105640841,-0.00342561437884133,1.2439493039998,-0.0954831557975414,-0.243996547724582,"annual",429.131,4889.946,"2013","3"
"495",3,"rear",744,2014,"Siuslaw",2161,429131,4889946,-0.114264781675171,-0.833199706053851,0.361356993472565,-0.661007576196858,0.297120844480641,-0.00342561437884133,1.2439493039998,-0.0954831557975414,-0.243996547724582,"annual",429.131,4889.946,"2014","3"
"475",3,"rear",729,2015,"Siuslaw",2161,429131,4889946,-0.114264781675171,0.349495571527777,0.441256196167,-0.661007576196858,-0.97781992002187,-0.00342561437884133,1.2439493039998,-0.0954831557975414,-0.243996547724582,"annual",429.131,4889.946,"2015","3"
"476",3,"rear",909,2016,"Siuslaw",2161,429131,4889946,-0.114264781675171,0.715055930053007,-0.35773583077735,-0.661007576196858,-1.08831478627875,-0.00342561437884133,1.2439493039998,-0.0954831557975414,-0.243996547724582,"annual",429.131,4889.946,"2016","3"
"477",3,"rear",845,2017,"Siuslaw",2161,429131,4889946,-0.114264781675171,0.112956516011451,-0.437635033471785,-0.661007576196858,1.06208530318215,-0.00342561437884133,1.2439493039998,-0.0954831557975414,-0.243996547724582,"annual",429.131,4889.946,"2017","3"
"478",3,"rear",1091,2018,"Siuslaw",2161,429131,4889946,-0.114264781675171,0.112956516011451,-0.0381390199996096,-0.661007576196858,-0.221355066417047,-0.00342561437884133,1.2439493039998,-0.0954831557975414,-0.243996547724582,"annual",429.131,4889.946,"2018","3"
"474",3,"rear",376,2019,"Siuslaw",2161,429131,4889946,-0.114264781675171,0.112956516011451,-0.317786229430132,-0.661007576196858,1.06208530318215,-0.00342561437884133,1.2439493039998,-0.0954831557975414,-0.243996547724582,"annual",429.131,4889.946,"2019","3"
"318",3,"rear",1669,2020,"Siuslaw",2161,429131,4889946,-0.114264781675171,0.112956516011451,-0.317786229430132,-0.661007576196858,1.06208530318215,-0.00342561437884133,1.2439493039998,-0.0954831557975414,-0.243996547724582,"annual",429.131,4889.946,"2020","3"
"319",3,"rear",488,2021,"Siuslaw",2161,429131,4889946,-0.114264781675171,0.241977819020356,-0.317786229430132,-0.661007576196858,0.841095570668378,-0.00342561437884133,1.2439493039998,-0.0954831557975414,-0.243996547724582,"annual",429.131,4889.946,"2021","3"
"3157",3,"rear",750,2001,"Siuslaw",2167,428401,4892213,-0.385178834631474,-0.467639347528621,-0.797181445596741,-0.592064284629168,-0.195856251126997,-0.137063650602836,1.80447104348624,-0.0954831557975414,-0.202468970254008,"once",428.401,4892.213,"2001","3"
"1561",3,"rear",153,2002,"Siuslaw",2171,427649,4894597,-0.783581853684861,-0.553653549534557,-0.517534236166219,-0.690859310690084,-0.306351117383881,1.37750075993576,0.54615693443504,0.244675586731199,-0.169246908277548,"nine",427.649,4894.597,"2002","3"
"1562",3,"rear",62,2011,"Siuslaw",2171,427649,4894597,-0.783581853684861,0.306488470524808,-1.31652626311057,-0.690859310690084,0.943090831828579,1.37750075993576,0.54615693443504,0.244675586731199,-0.169246908277548,"nine",427.649,4894.597,"2011","3"
"3273",3,"rear",818,2004,"Siuslaw",2172,428660,4893889,-0.608284525301371,-0.403128696024168,-0.397685432124567,-0.690859310690084,-0.476343219317549,1.02113266333845,0.54615693443504,0.244675586731199,-0.184671437052333,"once",428.66,4893.889,"2004","3"
"2632",5,"rear",78,2004,"Siuslaw",2178,432784,4890522,0.905646947101499,-0.295610943516748,1.7995426419724,-0.66349522073796,-0.501842034607599,0.798402602965123,1.17912706201837,-1.11595938338376,-0.268913094206927,"nine",432.784,4890.522,"2004","5"
"2633",5,"rear",283,2013,"Siuslaw",2178,432784,4890522,0.905646947101499,-0.532149999033073,1.55984503388909,-0.66349522073796,0.399116105640841,0.798402602965123,1.17912706201837,-1.11595938338376,-0.268913094206927,"nine",432.784,4890.522,"2013","5"
"2196",5,"rear",109,2006,"Siuslaw",2180,433455,4889048,0.953455309387905,-0.317114494018232,1.71964343927796,-0.66349522073796,-0.6038372957678,0.620218554666464,1.17912706201837,-1.11595938338376,-0.293829640689271,"nine",433.455,4889.048,"2006","5"
"2106",5,"rear",250,2003,"Siuslaw",2183,432729,4891350,0.778157981004415,-0.403128696024168,1.40004662850022,-0.772951580546457,0.407615710737525,1.55568480823442,1.11430482003695,-1.11595938338376,-0.251115561005252,"nine",432.729,4891.35,"2003","5"
"2107",5,"rear",188,2012,"Siuslaw",2183,432729,4891350,0.778157981004415,0.736559480554491,0.561105000208653,-0.772951580546457,0.730600704411494,1.55568480823442,1.11430482003695,-1.11595938338376,-0.251115561005252,"nine",432.729,4891.35,"2012","5"
"2095",5,"rear",17,2021,"Siuslaw",2183,432729,4891350,0.778157981004415,0.306488470524808,-0.397685432124567,-0.772951580546457,0.943090831828579,1.55568480823442,1.11430482003695,-1.11595938338376,-0.251115561005252,"nine",432.729,4891.35,"2021","5"
"2553",4,"rear",1,2001,"Siuslaw",2193,430525,4896136,-0.241753747772255,-0.424632246525653,-0.237887026735697,-0.435698056331315,-0.0938609899667959,0.976586651263782,1.38503300713584,-0.775800640855023,-0.162127894996878,"nine",430.525,4896.136,"2001","4"
"497",2,"rear",31,2017,"Siuslaw",2195,428919,4896843,-0.831390215971268,0.0914529655099669,-0.437635033471785,-0.0877831983685926,1.21507819492245,-1.87435812151476,3.78726903350632,-0.0954831557975414,-0.138397850727978,"annual",428.919,4896.843,"2017","2"
"498",2,"rear",18,2018,"Siuslaw",2195,428919,4896843,-0.831390215971268,0.715055930053007,0.00181058134760843,-0.0877831983685926,-1.08831478627875,-1.87435812151476,3.78726903350632,-0.0954831557975414,-0.138397850727978,"annual",428.919,4896.843,"2018","2"
"496",2,"rear",31,2019,"Siuslaw",2195,428919,4896843,-0.831390215971268,0.0914529655099669,-0.517534236166219,-0.0877831983685926,1.21507819492245,-1.87435812151476,3.78726903350632,-0.0954831557975414,-0.138397850727978,"annual",428.919,4896.843,"2019","2"
"320",2,"rear",33,2020,"Siuslaw",2195,428919,4896843,-0.831390215971268,0.0914529655099669,-0.397685432124567,-0.0877831983685926,1.21507819492245,-1.87435812151476,3.78726903350632,-0.0954831557975414,-0.138397850727978,"annual",428.919,4896.843,"2020","2"
"321",2,"rear",37,2021,"Siuslaw",2195,428919,4896843,-0.831390215971268,0.306488470524808,-0.397685432124567,-0.0877831983685926,0.943090831828579,-1.87435812151476,3.78726903350632,-0.0954831557975414,-0.138397850727978,"annual",428.919,4896.843,"2021","2"
"1246",6,"rear",0,1999,"Siuslaw",2208,439851,4884861,2.24428109112088,1.20963759158714,1.40004662850022,-0.264761338578435,-0.0938609899667959,0.0411203976958234,1.42316373771315,-1.11595938338376,-0.427904390808554,"three",439.851,4884.861,"1999","6"
"1247",6,"rear",2,2005,"Siuslaw",2208,439851,4884861,2.24428109112088,-0.489142898030105,2.59853466891675,-0.264761338578435,0.603106627961243,0.0411203976958234,1.42316373771315,-1.11595938338376,-0.427904390808554,"three",439.851,4884.861,"2005","6"
"1248",6,"rear",228,2011,"Siuslaw",2208,439851,4884861,2.24428109112088,0.284984920023324,1.32014742580579,-0.264761338578435,0.892093201248479,0.0411203976958234,1.42316373771315,-1.11595938338376,-0.427904390808554,"three",439.851,4884.861,"2011","6"
"1249",6,"rear",85,2014,"Siuslaw",2208,439851,4884861,2.24428109112088,-0.811696155552367,2.75833307430561,-0.264761338578435,0.22062439861049,0.0411203976958234,1.42316373771315,-1.11595938338376,-0.427904390808554,"three",439.851,4884.861,"2014","6"
"1245",6,"rear",74,2017,"Siuslaw",2208,439867,4884873,2.24428109112088,0.0914529655099669,2.11913945275014,-0.264761338578435,1.21507819492245,0.0411203976958234,1.42316373771315,-1.11595938338376,-0.427904390808554,"three",439.867,4884.873,"2017","6"
"1194",6,"rear",62,2020,"Siuslaw",2208,439851,4884861,2.24428109112088,0.0914529655099669,1.87944184466683,-0.264761338578435,1.21507819492245,0.0411203976958234,1.42316373771315,-1.11595938338376,-0.427904390808554,"three",439.851,4884.861,"2020","6"
"3039",6,"rear",28,2000,"Siuslaw",2211,439378,4886247,2.21240884959661,-0.403128696024168,1.63974423658352,-0.264761338578435,-0.110860200160163,0.0856664097704881,1.42316373771315,-1.11595938338376,-0.408920355393435,"once",439.378,4886.247,"2000","6"
"3040",6,"rear",1,2000,"Siuslaw",2217,440328,4886678,2.11679212502379,-0.403128696024168,1.43999622984744,1.49826788547986,-0.110860200160163,-0.137063650602836,1.47273368746365,-1.11595938338376,-0.392309324405205,"once",440.328,4886.678,"2000","6"
"3309",5,"rear",203,2005,"Siuslaw",2218,440191,4888970,0.61879677338306,-0.446135797027137,1.63974423658352,-0.748075135135435,0.526610182091093,0.174758433919818,1.33546305738534,-0.775800640855023,-0.342476231440516,"once",440.191,4888.97,"2005","5"
"1631",2,"rear",50,2005,"Siuslaw",2228,436570,4893640,-0.75170961216059,-0.403128696024168,0.441256196167,-0.176272268473514,0.577607812671193,-1.47344401284278,-0.0524955356287141,-0.0954831557975414,-0.246369552151472,"nine",436.57,4893.64,"2005","2"
"1632",2,"rear",31,2014,"Siuslaw",2228,436570,4893640,-0.75170961216059,-0.87620680705682,0.441256196167,-0.176272268473514,0.280121634287274,-1.47344401284278,-0.0524955356287141,-0.0954831557975414,-0.246369552151472,"nine",436.57,4893.64,"2014","2"
"2711",4,"rear",527,1998,"Siuslaw",2233,443700,4887438,-0.480795559204287,-0.596660650537526,0.521155398861436,0.944589286188822,-0.0768617797734291,-2.00799615773875,1.24776237705753,0.924993071788681,-0.323492196025396,"nine",443.7,4887.438,"1998","4"
"2712",4,"rear",511,2007,"Siuslaw",2233,443700,4887438,-0.480795559204287,0.564531076542618,0.601054601555871,0.944589286188822,-0.620836505961167,-2.00799615773875,1.24776237705753,0.924993071788681,-0.323492196025396,"nine",443.7,4887.438,"2007","4"
"2710",4,"rear",1649,2016,"Siuslaw",2233,443700,4887438,-0.480795559204287,-0.747185504047915,0.00181058134760843,0.944589286188822,0.0421326915801385,-2.00799615773875,1.24776237705753,0.924993071788681,-0.323492196025396,"nine",443.7,4887.438,"2016","4"
"3158",3,"rear",714,2001,"Siuslaw",2235,445735,4888219,-0.592348404539236,-0.403128696024168,-0.277836628082914,-0.548352816264086,-0.331849932673931,1.11022468748778,0.664362199224699,0.924993071788681,-0.284337622981711,"once",445.735,4888.219,"2001","3"
"1251",3,"rear",537,1999,"Siuslaw",2237,445825,4889939,-0.385178834631474,1.68271570261979,-0.437635033471785,-0.585312106589033,-0.221355066417047,1.24386272371177,1.03041721276687,0.58483432925994,-0.279591614127931,"three",445.825,4889.939,"1999","3"
"1252",3,"rear",245,2002,"Siuslaw",2237,445825,4889939,-0.385178834631474,-0.61816420103901,0.401306594819783,-0.585312106589033,-0.459344009124182,1.24386272371177,1.03041721276687,0.58483432925994,-0.279591614127931,"three",445.825,4889.939,"2002","3"
"1253",3,"rear",195,2005,"Siuslaw",2237,445825,4889939,-0.385178834631474,-0.338618044519716,0.481205797514218,-0.585312106589033,0.535109787187776,1.24386272371177,1.03041721276687,0.58483432925994,-0.279591614127931,"three",445.825,4889.939,"2005","3"
"1250",3,"rear",751,2017,"Siuslaw",2237,445824,4889943,-0.385178834631474,0.392502672530745,0.0817097840420431,-0.585312106589033,0.875093991055112,1.24386272371177,1.03041721276687,0.58483432925994,-0.279591614127931,"three",445.824,4889.943,"2017","3"
"1195",3,"rear",217,2020,"Siuslaw",2237,445825,4889939,-0.385178834631474,0.392502672530745,-0.118038222694044,-0.585312106589033,0.875093991055112,1.24386272371177,1.03041721276687,0.58483432925994,-0.279591614127931,"three",445.825,4889.939,"2020","3"
"2197",3,"rear",262,2015,"Siuslaw",2246,444990,4892224,-0.40111495539361,0.650545278548555,0.121659385389261,-0.237397248626311,-0.994819130215237,0.887494627114453,0.881707363515361,1.60531055684616,-0.236877534443912,"nine",444.99,4892.224,"2015","3"
"1799",2,"rear",31,2000,"Siuslaw",2248,444999,4893991,-0.592348404539236,-0.231100292012295,-0.83713104694396,-0.250190849123408,-0.0683621746767457,0.263850458069147,0.332624843202109,0.924993071788681,-0.200095965827118,"three",444.999,4893.991,"2000","2"
"1800",2,"rear",214,2003,"Siuslaw",2248,444999,4893991,-0.592348404539236,-0.446135797027137,0.00181058134760843,-0.250190849123408,0.288621239383957,0.263850458069147,0.332624843202109,0.924993071788681,-0.200095965827118,"three",444.999,4893.991,"2003","2"
"1801",2,"rear",310,2006,"Siuslaw",2248,444999,4893991,-0.592348404539236,-0.123582539504875,0.00181058134760843,-0.250190849123408,-0.6038372957678,0.263850458069147,0.332624843202109,0.924993071788681,-0.200095965827118,"three",444.999,4893.991,"2006","2"
"1802",2,"rear",139,2009,"Siuslaw",2248,444999,4893991,-0.592348404539236,-0.704178403044946,-0.118038222694044,-0.250190849123408,0.0421326915801385,0.263850458069147,0.332624843202109,0.924993071788681,-0.200095965827118,"three",444.999,4893.991,"2009","2"
"1803",2,"rear",147,2012,"Siuslaw",2248,444999,4893991,-0.592348404539236,1.23114114208863,-0.797181445596741,-0.250190849123408,0.722101099314811,0.263850458069147,0.332624843202109,0.924993071788681,-0.200095965827118,"three",444.999,4893.991,"2012","2"
"1797",2,"rear",55,2015,"Siuslaw",2248,444999,4894006,-0.592348404539236,0.306488470524808,-0.0780886213468263,-0.250190849123408,-1.03731715569865,0.263850458069147,0.332624843202109,0.924993071788681,-0.200095965827118,"three",444.999,4894.006,"2015","2"
"1798",2,"rear",133,2018,"Siuslaw",2248,444999,4894006,-0.592348404539236,0.155963617014419,-0.237887026735697,-0.250190849123408,-0.238354276610414,0.263850458069147,0.332624843202109,0.924993071788681,-0.200095965827118,"three",444.999,4894.006,"2018","2"
"1744",2,"rear",282,2021,"Siuslaw",2248,444999,4893991,-0.592348404539236,-0.446135797027137,-0.0381390199996096,-0.250190849123408,0.0931303221602389,0.263850458069147,0.332624843202109,0.924993071788681,-0.200095965827118,"three",444.999,4893.991,"2021","2"
"3159",4,"rear",811,2001,"Siuslaw",2259,444308,4894730,-0.162073143961578,-0.575157100036041,-0.677332641555089,-0.337613785853571,-0.408346378544082,1.06567867541311,0.980847263016365,0.244675586731199,-0.196536459186783,"once",444.308,4894.73,"2001","4"
"2108",3,"rear",729,2003,"Siuslaw",2265,443860,4895570,-0.273625989296526,-0.446135797027137,-0.0780886213468263,-0.29923298436228,0.288621239383957,1.28840873578643,1.12955711226787,0.244675586731199,-0.187044441479223,"nine",443.86,4895.57,"2003","3"
"2096",3,"rear",150,2021,"Siuslaw",2265,443860,4895570,-0.273625989296526,-0.446135797027137,-0.0381390199996096,-0.29923298436228,0.0931303221602389,1.28840873578643,1.12955711226787,0.244675586731199,-0.187044441479223,"nine",443.86,4895.57,"2021","3"
"2109",6,"rear",0,2012,"Siuslaw",2269,439663,4882675,2.86578980084416,1.05911273807675,1.83949224331961,-0.765844024714736,0.756099519701544,1.02113266333845,0.633857614762851,-1.11595938338376,-0.501467528042143,"nine",439.663,4882.675,"2012","6"
"2358",3,"rear",508,1998,"Siuslaw",2275,442196,4883091,-0.385178834631474,-0.596660650537526,0.561105000208653,-0.164544801351175,-0.0768617797734291,-0.448885735125488,0.382194792952611,0.58483432925994,-0.465872461638794,"three",442.196,4883.091,"1998","3"
"2359",3,"rear",910,2001,"Siuslaw",2275,442196,4883091,-0.385178834631474,-0.489142898030105,-0.237887026735697,-0.164544801351175,0.0676315068701887,-0.448885735125488,0.382194792952611,0.58483432925994,-0.465872461638794,"three",442.196,4883.091,"2001","3"
"2360",3,"rear",537,2004,"Siuslaw",2275,442196,4883091,-0.385178834631474,-0.274107393015263,0.720903405597524,-0.164544801351175,-0.382847563254032,-0.448885735125488,0.382194792952611,0.58483432925994,-0.465872461638794,"three",442.196,4883.091,"2004","3"
"2361",3,"rear",471,2007,"Siuslaw",2275,442196,4883091,-0.385178834631474,0.564531076542618,0.641004202903087,-0.164544801351175,-0.620836505961167,-0.448885735125488,0.382194792952611,0.58483432925994,-0.465872461638794,"three",442.196,4883.091,"2007","3"
"2362",3,"rear",640,2010,"Siuslaw",2275,442196,4883091,-0.385178834631474,-0.381625145522684,-0.157987824041262,-0.164544801351175,1.63155884465993,-0.448885735125488,0.382194792952611,0.58483432925994,-0.465872461638794,"three",442.196,4883.091,"2010","3"
"2363",3,"rear",367,2013,"Siuslaw",2275,442196,4883091,-0.385178834631474,-0.381625145522684,0.641004202903087,-0.164544801351175,0.518110576994409,-0.448885735125488,0.382194792952611,0.58483432925994,-0.465872461638794,"three",442.196,4883.091,"2013","3"
"2357",3,"rear",547,2016,"Siuslaw",2275,442196,4883092,-0.385178834631474,1.03760918757527,0.0417601826948251,-0.164544801351175,-1.10531399647212,-0.448885735125488,0.382194792952611,0.58483432925994,-0.465872461638794,"three",442.196,4883.092,"2016","3"
"2356",3,"rear",623,2019,"Siuslaw",2275,442196,4883091,-0.385178834631474,0.0914529655099669,-0.277836628082914,-0.164544801351175,0.637105048347977,-0.448885735125488,0.382194792952611,0.58483432925994,-0.465872461638794,"three",442.196,4883.091,"2019","3"
"1805",3,"rear",0,2000,"Siuslaw",2278,444225,4884698,-0.719837370636319,-0.188093191009327,-0.237887026735697,0.028780717271625,0.263122424093907,-1.74072008529076,0.416512450472189,0.924993071788681,-0.413666364247215,"three",444.225,4884.698,"2000","3"
"1806",3,"rear",208,2003,"Siuslaw",2278,444225,4884698,-0.719837370636319,-0.252603842513779,0.680953804250306,0.028780717271625,0.611606233057927,-1.74072008529076,0.416512450472189,0.924993071788681,-0.413666364247215,"three",444.225,4884.698,"2003","3"
"1807",3,"rear",247,2006,"Siuslaw",2278,444225,4884698,-0.719837370636319,-0.166589640507843,0.641004202903087,0.028780717271625,-0.493342429510916,-1.74072008529076,0.416512450472189,0.924993071788681,-0.413666364247215,"three",444.225,4884.698,"2006","3"
"1808",3,"rear",129,2009,"Siuslaw",2278,444225,4884698,-0.719837370636319,-0.446135797027137,0.561105000208653,0.028780717271625,0.0931303221602389,-1.74072008529076,0.416512450472189,0.924993071788681,-0.413666364247215,"three",444.225,4884.698,"2009","3"
"1809",3,"rear",205,2012,"Siuslaw",2278,444225,4884698,-0.719837370636319,1.66121215211831,-0.197937425388479,0.028780717271625,1.14708135414898,-1.74072008529076,0.416512450472189,0.924993071788681,-0.413666364247215,"three",444.225,4884.698,"2012","3"
"1804",3,"rear",24,2018,"Siuslaw",2278,444225,4884698,-0.719837370636319,0.26348136952184,0.521155398861436,0.028780717271625,-0.331849932673931,-1.74072008529076,0.416512450472189,0.924993071788681,-0.413666364247215,"three",444.225,4884.698,"2018","3"
"1745",3,"rear",27,2021,"Siuslaw",2278,444225,4884698,-0.719837370636319,-0.446135797027137,-0.0381390199996096,0.028780717271625,0.0931303221602389,-1.74072008529076,0.416512450472189,0.924993071788681,-0.413666364247215,"three",444.225,4884.698,"2021","3"
"1452",5,"rear",35,2008,"Siuslaw",2283,447907,4882404,0.300074358140351,-0.0590718880004221,0.0417601826948251,-0.638974153118524,-0.0088649389999619,1.60023082030909,0.363129427663956,-0.775800640855023,-0.37688479563042,"nine",447.907,4882.404,"2008","5"
"1451",5,"rear",193,2017,"Siuslaw",2283,447907,4882404,0.300074358140351,0.672048829050039,0.0417601826948251,-0.638974153118524,-0.909823079248403,1.60023082030909,0.363129427663956,-0.775800640855023,-0.37688479563042,"nine",447.907,4882.404,"2017","5"
"2012",4,"rear",393,2000,"Siuslaw",2287,454759,4885016,-0.592348404539236,-0.188093191009327,-1.31652626311057,-0.648213975699761,0.263122424093907,0.932040639189117,-0.0791870470328306,0.244675586731199,-0.270099596420371,"nine",454.759,4885.016,"2000","4"
"2013",4,"rear",275,2009,"Siuslaw",2287,454759,4885016,-0.592348404539236,-0.747185504047915,-0.557483837513437,-0.648213975699761,-0.450844404027499,0.932040639189117,-0.0791870470328306,0.244675586731199,-0.270099596420371,"nine",454.759,4885.016,"2009","4"
"2011",4,"rear",438,2018,"Siuslaw",2287,454758,4885016,-0.592348404539236,0.26348136952184,-0.597433438860654,-0.648213975699761,-0.331849932673931,0.932040639189117,-0.0791870470328306,0.244675586731199,-0.270099596420371,"nine",454.758,4885.016,"2018","4"
"2554",2,"rear",2,2019,"Siuslaw",2295,445893,4885642,-0.783581853684861,0.0914529655099669,-0.677332641555089,0.0206070280651463,0.637105048347977,-1.74072008529076,-0.254588407688453,2.28562804190364,-0.37688479563042,"nine",445.893,4885.642,"2019","2"
"3274",4,"rear",0,2004,"Siuslaw",2307,450571,4893005,-0.417051076155745,-0.446135797027137,-0.35773583077735,-0.751273535259709,-0.561339270284383,0.842948615039788,0.17247577477741,0.244675586731199,-0.209587983534677,"once",450.571,4893.005,"2004","4"
"3160",3,"rear",0,2001,"Siuslaw",2319,458685,4889746,-0.608284525301371,-1.39229201909244,-1.35647586445779,-0.378126854094378,-1.04581676079534,0.263850458069147,-0.121130850667871,2.28562804190364,-0.188230943692668,"once",458.685,4889.746,"2001","3"
"2714",3,"rear",0,1998,"Siuslaw",2320,458712,4889885,-0.624220646063506,-1.04823521106869,-0.677332641555089,-0.378126854094378,-0.399846773447398,-1.82981210944009,-0.121130850667871,2.28562804190364,-0.187044441479223,"nine",458.712,4889.885,"1998","3"
"2715",3,"rear",0,2007,"Siuslaw",2320,458712,4889885,-0.624220646063506,-0.790192605050883,-0.717282242902307,-0.378126854094378,-1.27530609840579,-1.82981210944009,-0.121130850667871,2.28562804190364,-0.187044441479223,"nine",458.712,4889.885,"2007","3"
"2713",3,"rear",16,2016,"Siuslaw",2320,458719,4889884,-0.624220646063506,1.03760918757527,-1.35647586445779,-0.378126854094378,-1.10531399647212,-1.82981210944009,-0.121130850667871,2.28562804190364,-0.187044441479223,"nine",458.719,4889.884,"2016","3"
"2110",4,"rear",115,2003,"Siuslaw",2326,453632,4895059,-0.496731679966423,-0.596660650537526,0.561105000208653,-0.682685621483605,-0.331849932673931,1.55568480823442,-0.193579238764758,0.244675586731199,-0.164500899423768,"nine",453.632,4895.059,"2003","4"
"1563",6,"rear",47,2011,"Siuslaw",2332,459990,4894910,1.1765610000578,-0.854703256555335,0.521155398861436,-0.536980726933333,-0.442344798930816,1.64477683238375,-0.151635435129718,-1.11595938338376,-0.0743267312019492,"nine",459.99,4894.91,"2011","6"
"2364",6,"rear",0,2001,"Siuslaw",2334,460073,4895592,0.969391430150041,-1.41379556959392,0.880701810986393,-0.274001161159672,-1.13931241685885,1.55568480823442,-0.174513873476104,-1.11595938338376,-0.0600887046406095,"three",460.073,4895.592,"2001","6"
"2365",6,"rear",1,2004,"Siuslaw",2334,460073,4895592,0.969391430150041,-0.532149999033073,1.87944184466683,-0.274001161159672,-1.19031004743895,1.55568480823442,-0.174513873476104,-1.11595938338376,-0.0600887046406095,"three",460.073,4895.592,"2004","6"
"2366",6,"rear",34,2010,"Siuslaw",2334,460073,4895592,0.969391430150041,-1.06973876157018,1.1203994190697,-0.274001161159672,-0.0938609899667959,1.55568480823442,-0.174513873476104,-1.11595938338376,-0.0600887046406095,"three",460.073,4895.592,"2010","6"
"2634",5,"rear",471,2004,"Siuslaw",2335,457839,4896817,0.156649271281132,-0.489142898030105,0.441256196167,-0.155304978769938,-1.17331083724559,0.531126530517135,-0.590138836768774,-0.435641898326282,-0.02212063381037,"nine",457.839,4896.817,"2004","5"
"2635",5,"rear",1287,2013,"Siuslaw",2335,457839,4896817,0.156649271281132,-1.02673166056721,0.481205797514218,-0.155304978769938,-0.909823079248403,0.531126530517135,-0.590138836768774,-0.435641898326282,-0.02212063381037,"nine",457.839,4896.817,"2013","5"
"3128",5,"rear",0,1998,"Siuslaw",2340,459792,4900948,0.26820211661608,-1.04823521106869,-0.0780886213468263,-0.137180711399051,-0.399846773447398,1.3329547478611,-0.429989768344075,1.26515181431742,0.0229664503005393,"once",459.792,4900.948,"1998","5"
"2636",4,"rear",633,2004,"Siuslaw",2344,441749,4876608,-0.114264781675171,-0.123582539504875,0.521155398861436,-0.690148555106912,-0.382847563254032,-0.00342561437884133,0.874081217399899,-0.0954831557975414,-0.489602505907693,"nine",441.749,4876.608,"2004","4"
"2637",4,"rear",501,2013,"Siuslaw",2344,441749,4876608,-0.114264781675171,-0.3601215950212,0.481205797514218,-0.690148555106912,0.56910820757451,-0.00342561437884133,0.874081217399899,-0.0954831557975414,-0.489602505907693,"nine",441.749,4876.608,"2013","4"
"3161",3,"rear",179,2001,"Siuslaw",2346,440313,4875125,-0.608284525301371,-0.747185504047915,-0.317786229430132,-0.690148555106912,0.0251334813867717,-1.82981210944009,0.874081217399899,-0.0954831557975414,-0.457566946144679,"once",440.313,4875.125,"2001","3"
"3199",3,"rear",0,2002,"Siuslaw",2353,444047,4878737,-0.656092887587778,-0.661171302041978,-0.637383040207872,1.88243127818435,-0.314850722480564,-0.270701686826829,-0.144009289014256,5.00689798213357,-0.482483492627024,"once",444.047,4878.737,"2002","3"
"3310",3,"rear",11,2005,"Siuslaw",2373,452678,4871655,-0.863262457495539,-0.87620680705682,0.401306594819783,-0.668115132028578,-0.110860200160163,-1.56253603699211,-0.651148005692468,0.58483432925994,-0.189417445906113,"once",452.678,4871.655,"2005","3"
"2014",4,"rear",697,2018,"Siuslaw",2374,452499,4873085,-0.0823925401509004,-0.704178403044946,0.0817097840420431,-0.577138417382555,-0.705832556928001,1.55568480823442,-0.0486824625709832,-0.775800640855023,-0.207214979107787,"nine",452.499,4873.085,"2018","4"
"1547",4,"rear",288,2020,"Siuslaw",2379,453751,4872765,-0.369242713869339,-0.962221009062756,0.0417601826948251,-0.624759041455083,-0.467843614220866,0.219304445994482,0.122905825026908,0.244675586731199,-0.190603948119558,"nine",453.751,4872.765,"2020","4"
"1254",4,"rear",224,2008,"Siuslaw",2380,455246,4871337,-0.544540042252829,-0.553653549534557,0.161608986736478,-0.624759041455083,-1.02881755060197,0.976586651263782,0.122905825026908,0.244675586731199,-0.163314397210323,"three",455.246,4871.337,"2008","4"
"1255",4,"rear",449,2011,"Siuslaw",2380,455246,4871337,-0.544540042252829,-0.575157100036041,-0.637383040207872,-0.624759041455083,-0.15335822564358,0.976586651263782,0.122905825026908,0.244675586731199,-0.163314397210323,"three",455.246,4871.337,"2011","4"
"1256",4,"rear",337,2014,"Siuslaw",2380,455246,4871337,-0.544540042252829,-0.98372455956424,0.601054601555871,-0.624759041455083,-0.510341639704283,0.976586651263782,0.122905825026908,0.244675586731199,-0.163314397210323,"three",455.246,4871.337,"2014","4"
"1196",4,"rear",120,2020,"Siuslaw",2380,455246,4871337,-0.544540042252829,-0.962221009062756,0.0417601826948251,-0.624759041455083,-0.467843614220866,0.976586651263782,0.122905825026908,0.244675586731199,-0.163314397210323,"three",455.246,4871.337,"2020","4"
"2638",3,"rear",61,2004,"Siuslaw",2394,449733,4876965,-0.703901249874184,-0.188093191009327,0.401306594819783,-0.357514942182389,-0.816327423184885,0.442034506367805,-1.2345481835253,1.26515181431742,-0.145516864008648,"nine",449.733,4876.965,"2004","3"
"2639",3,"rear",74,2013,"Siuslaw",2394,449733,4876965,-0.703901249874184,-0.661171302041978,0.441256196167,-0.357514942182389,-0.22985467151373,0.442034506367805,-1.2345481835253,1.26515181431742,-0.145516864008648,"nine",449.733,4876.965,"2013","3"
"2555",5,"rear",166,2001,"Siuslaw",2419,456488,4875967,0.586924531858789,-1.13424941307463,-0.237887026735697,-0.78432366987721,-0.807827818088202,1.77841486860775,-0.060121681744176,-1.11595938338376,-0.118227313099414,"nine",456.488,4875.967,"2001","5"
"2556",5,"rear",42,2010,"Siuslaw",2419,456488,4875967,0.586924531858789,-0.854703256555335,-0.0381390199996096,-0.78432366987721,0.0251334813867717,1.77841486860775,-0.060121681744176,-1.11595938338376,-0.118227313099414,"nine",456.488,4875.967,"2010","5"
"3231",4,"rear",55,2003,"Siuslaw",2432,461050,4872448,-0.209881506247984,-0.231100292012295,0.121659385389261,-0.707917444686214,-0.170357435836947,0.531126530517135,-0.757914051308934,-1.11595938338376,-0.0126286161028102,"once",461.05,4872.448,"2003","4"
"2557",3,"rear",0,2001,"Siuslaw",2436,460514,4871120,-0.92700694054408,-1.19876006457908,-0.996929452332829,-0.151751200854078,-0.943821499635136,-2.05254216981342,-0.830362439405822,0.58483432925994,0.0229664503005393,"nine",460.514,4871.12,"2001","3"
"3129",2,"rear",0,1998,"Siuslaw",2450,443069,4867351,-0.735773491398455,-0.446135797027137,-0.437635033471785,0.209668013188914,0.254622818997224,-1.6961740732161,3.41740094690642,1.60531055684616,-0.197722961400228,"once",443.069,4867.351,"1998","2"
"1454",4,"rear",0,1999,"Siuslaw",2451,444326,4866817,-0.00271193634022317,1.03760918757527,-0.83713104694396,0.345066951783191,0.909092411441846,-0.493431747200153,0.481334692453615,-0.435641898326282,-0.206028476894342,"nine",444.326,4866.817,"1999","4"
"1455",4,"rear",449,2008,"Siuslaw",2451,444326,4866817,-0.00271193634022317,-0.0160647869974538,-0.317786229430132,0.345066951783191,0.0931303221602389,-0.493431747200153,0.481334692453615,-0.435641898326282,-0.206028476894342,"nine",444.326,4866.817,"2008","4"
"1453",4,"rear",343,2017,"Siuslaw",2451,444326,4866817,-0.00271193634022317,-0.768689054549399,-0.237887026735697,0.345066951783191,-0.17885704093363,-0.493431747200153,0.481334692453615,-0.435641898326282,-0.206028476894342,"nine",444.326,4866.817,"2017","4"
"1456",3,"rear",0,1999,"Siuslaw",2464,456267,4868833,-0.847326336733403,0.284984920023324,-0.797181445596741,-0.606279396292609,-1.0118183404086,0.48658051844247,0.263989528162952,0.58483432925994,0.0277124591543193,"nine",456.267,4868.833,"1999","3"
"3349",6,"rear",3,2006,"Siuslaw",2466,456693,4867823,1.38373056996556,-0.575157100036041,0.521155398861436,-0.695123844189116,-0.858825448668302,0.0856664097704881,0.0237659255259043,-1.11595938338376,0.0383909790753243,"once",456.693,4867.823,"2006","6"
"1258",5,"rear",36,2002,"Siuslaw",2476,457583,4867319,1.20843324158207,-1.02673166056721,0.321407392125349,-0.754827313175569,-0.918322684345086,0.130212421845153,0.0161397794104424,-0.775800640855023,0.0621210233442239,"three",457.583,4867.319,"2002","5"
"1259",5,"rear",4,2005,"Siuslaw",2476,457583,4867319,1.20843324158207,-0.98372455956424,0.281457790778131,-0.754827313175569,-0.136359015450213,0.130212421845153,0.0161397794104424,-0.775800640855023,0.0621210233442239,"three",457.583,4867.319,"2005","5"
"1260",5,"rear",47,2014,"Siuslaw",2476,457583,4867319,1.20843324158207,-1.02673166056721,0.521155398861436,-0.754827313175569,-0.391347168350715,0.130212421845153,0.0161397794104424,-0.775800640855023,0.0621210233442239,"three",457.583,4867.319,"2014","5"
"1257",5,"rear",7,2017,"Siuslaw",2476,457583,4867319,1.20843324158207,-0.768689054549399,0.0817097840420431,-0.754827313175569,-0.17885704093363,0.130212421845153,0.0161397794104424,-0.775800640855023,0.0621210233442239,"three",457.583,4867.319,"2017","5"
"1197",5,"rear",72,2020,"Siuslaw",2476,457583,4867319,1.20843324158207,-0.962221009062756,0.0417601826948251,-0.754827313175569,-0.467843614220866,0.130212421845153,0.0161397794104424,-0.775800640855023,0.0621210233442239,"three",457.583,4867.319,"2020","5"
"1812",5,"rear",1,2000,"Siuslaw",2478,457725,4865312,1.1287526377714,-0.940717458561272,-0.35773583077735,-0.523476370853064,-0.5528396651877,0.0856664097704881,-0.0296170972823286,-1.11595938338376,0.113140618522358,"three",457.725,4865.312,"2000","5"
"1813",5,"rear",26,2003,"Siuslaw",2478,457725,4865312,1.1287526377714,-0.231100292012295,0.441256196167,-0.523476370853064,-0.187356646030313,0.0856664097704881,-0.0296170972823286,-1.11595938338376,0.113140618522358,"three",457.725,4865.312,"2003","5"
"1814",5,"rear",4,2006,"Siuslaw",2478,457725,4865312,1.1287526377714,-0.596660650537526,0.441256196167,-0.523476370853064,-0.773829397701468,0.0856664097704881,-0.0296170972823286,-1.11595938338376,0.113140618522358,"three",457.725,4865.312,"2006","5"
"1815",5,"rear",56,2009,"Siuslaw",2478,457725,4865312,1.1287526377714,-0.768689054549399,0.361356993472565,-0.523476370853064,-0.331849932673931,0.0856664097704881,-0.0296170972823286,-1.11595938338376,0.113140618522358,"three",457.725,4865.312,"2009","5"
"1816",5,"rear",66,2012,"Siuslaw",2478,457725,4865312,1.1287526377714,1.63970860161683,-0.397685432124567,-0.523476370853064,-0.459344009124182,0.0856664097704881,-0.0296170972823286,-1.11595938338376,0.113140618522358,"three",457.725,4865.312,"2012","5"
"1810",5,"rear",318,2015,"Siuslaw",2478,457725,4865312,1.1287526377714,-0.446135797027137,0.441256196167,-0.523476370853064,-1.37730135956599,0.0856664097704881,-0.0296170972823286,-1.11595938338376,0.113140618522358,"three",457.725,4865.312,"2015","5"
"1811",5,"rear",0,2018,"Siuslaw",2478,457725,4865312,1.1287526377714,0.0484458645069986,0.401306594819783,-0.523476370853064,-1.19880965253564,0.0856664097704881,-0.0296170972823286,-1.11595938338376,0.113140618522358,"three",457.725,4865.312,"2018","5"
"1746",5,"rear",5,2021,"Siuslaw",2478,457725,4865312,1.1287526377714,-0.446135797027137,-0.0381390199996096,-0.523476370853064,0.0931303221602389,0.0856664097704881,-0.0296170972823286,-1.11595938338376,0.113140618522358,"three",457.725,4865.312,"2021","5"
"1262",5,"rear",183,2002,"Siuslaw",2492,465526,4863634,0.666605135669467,-1.11274586257315,0.00181058134760843,-0.649635486866105,-1.0118183404086,0.0856664097704881,-0.212644604053413,-0.775800640855023,0.232977342080301,"three",465.526,4863.634,"2002","5"
"1263",5,"rear",35,2005,"Siuslaw",2492,465526,4863634,0.666605135669467,-1.02673166056721,-0.157987824041262,-0.649635486866105,-0.238354276610414,0.0856664097704881,-0.212644604053413,-0.775800640855023,0.232977342080301,"three",465.526,4863.634,"2005","5"
"1264",5,"rear",129,2008,"Siuslaw",2492,465526,4863634,0.666605135669467,-0.725681953546431,-0.35773583077735,-0.649635486866105,-1.24130767801906,0.0856664097704881,-0.212644604053413,-0.775800640855023,0.232977342080301,"three",465.526,4863.634,"2008","5"
"1265",5,"rear",90,2011,"Siuslaw",2492,465526,4863634,0.666605135669467,-0.87620680705682,-1.11677825637448,-0.649635486866105,-0.331849932673931,0.0856664097704881,-0.212644604053413,-0.775800640855023,0.232977342080301,"three",465.526,4863.634,"2011","5"
"1266",5,"rear",222,2014,"Siuslaw",2492,465526,4863634,0.666605135669467,-1.11274586257315,0.0817097840420431,-0.649635486866105,-0.714332162024684,0.0856664097704881,-0.212644604053413,-0.775800640855023,0.232977342080301,"three",465.526,4863.634,"2014","5"
"1261",5,"rear",36,2017,"Siuslaw",2492,465526,4863634,0.666605135669467,-0.962221009062756,-0.35773583077735,-0.649635486866105,-0.467843614220866,0.0856664097704881,-0.212644604053413,-0.775800640855023,0.232977342080301,"three",465.526,4863.634,"2017","5"
"1198",5,"rear",196,2020,"Siuslaw",2492,465526,4863634,0.666605135669467,-0.962221009062756,-0.517534236166219,-0.649635486866105,-0.467843614220866,0.0856664097704881,-0.212644604053413,-0.775800640855023,0.232977342080301,"three",465.526,4863.634,"2020","5"
"3311",4,"rear",119,2005,"Siuslaw",2496,466510,4866076,-0.385178834631474,-0.940717458561272,-0.0381390199996096,-0.656032287114653,-0.144858620546896,1.55568480823442,-0.624456494288352,-0.435641898326282,0.274504919550876,"once",466.51,4866.076,"2005","4"
"1564",4,"rear",346,2011,"Siuslaw",2504,469155,4863892,0.0610325467083188,-0.768689054549399,-1.43637506715222,-0.515658059438172,-0.255353486803781,1.55568480823442,-0.334662941900802,-1.11595938338376,0.283996937258436,"nine",469.155,4863.892,"2011","4"
"1548",4,"rear",100,2020,"Siuslaw",2504,469155,4863892,0.0610325467083188,-0.962221009062756,-0.83713104694396,-0.515658059438172,-0.467843614220866,1.55568480823442,-0.334662941900802,-1.11595938338376,0.283996937258436,"nine",469.155,4863.892,"2020","4"
"1633",3,"rear",0,2005,"Siuslaw",2511,474373,4861981,-0.799517974446997,-1.02673166056721,-0.317786229430132,-0.688371666148982,-0.0428633593866955,1.19931671163711,-0.918063119733633,-0.435641898326282,0.36111958113236,"nine",474.373,4861.981,"2005","3"
"3041",5,"rear",96,2000,"Siuslaw",2514,448320,4863837,0.61879677338306,-0.747185504047915,-0.118038222694044,-0.739901445928956,-0.306351117383881,1.68932284445842,-0.216457677111144,-1.11595938338376,-0.0731402289885043,"once",448.32,4863.837,"2000","5"
"2198",3,"rear",35,2006,"Siuslaw",2525,447042,4859205,-0.735773491398455,-0.489142898030105,-0.317786229430132,-0.343655208310534,-0.833326633378252,0.352942482218476,-0.876119316098593,0.924993071788681,-0.000763593968360336,"nine",447.042,4859.205,"2006","3"
"3275",6,"rear",0,2004,"Siuslaw",2533,449643,4864639,2.86578980084416,-0.10207898900339,2.87818187834727,0.654245630463036,-0.97781992002187,0.0411203976958234,0.389820939068073,-1.11595938338376,-0.0683942201347243,"once",449.643,4864.639,"2004","6"
"2015",6,"rear",0,2000,"Siuslaw",2538,451145,4864280,2.83391755931989,-0.682674852543462,1.55984503388909,-0.699743755479735,-0.442344798930816,0.130212421845153,0.386007866010342,-1.11595938338376,-0.0161881227431451,"nine",451.145,4864.28,"2000","6"
"2367",6,"rear",0,1998,"Siuslaw",2539,449445,4863632,2.84985368008203,-1.00522811006572,2.43873626352787,-0.699743755479735,-0.20435585622368,1.73386885653308,0.386007866010342,-1.11595938338376,-0.0387316647985997,"three",449.445,4863.632,"1998","6"
"2368",6,"rear",0,2001,"Siuslaw",2539,449445,4863632,2.84985368008203,-1.11274586257315,1.51989543254187,-0.699743755479735,-0.807827818088202,1.73386885653308,0.386007866010342,-1.11595938338376,-0.0387316647985997,"three",449.445,4863.632,"2001","6"
"2369",6,"rear",0,2004,"Siuslaw",2539,449445,4863632,2.84985368008203,-0.10207898900339,2.59853466891675,-0.699743755479735,-0.97781992002187,1.73386885653308,0.386007866010342,-1.11595938338376,-0.0387316647985997,"three",449.445,4863.632,"2004","6"
"2370",6,"rear",0,2007,"Siuslaw",2539,449445,4863632,2.84985368008203,-0.61816420103901,2.43873626352787,-0.699743755479735,-1.09681439137544,1.73386885653308,0.386007866010342,-1.11595938338376,-0.0387316647985997,"three",449.445,4863.632,"2007","6"
"1565",6,"rear",0,2002,"Siuslaw",2548,451915,4861297,2.75423695550921,-1.02673166056721,2.67843387161118,-0.395184988090508,-0.943821499635136,0.0856664097704881,0.393634012125803,-0.775800640855023,0.0573750144904439,"nine",451.915,4861.297,"2002","6"
"504",4,"rear",116,1998,"Siuslaw",2556,454405,4861318,-0.528603921490694,-0.919213908059788,2.31888745948622,-0.625825174829841,-0.0513629644833789,0.976586651263782,0.153410409488756,-1.11595938338376,0.114327120735803,"annual",454.405,4861.318,"1998","4"
"505",4,"rear",192,2000,"Siuslaw",2556,454405,4861318,-0.528603921490694,-0.682674852543462,1.40004662850022,-0.625825174829841,-0.442344798930816,0.976586651263782,0.153410409488756,-1.11595938338376,0.114327120735803,"annual",454.405,4861.318,"2000","4"
"506",4,"rear",153,2001,"Siuslaw",2556,454405,4861318,-0.528603921490694,-1.22026361508057,1.43999622984744,-0.625825174829841,-0.654834926347901,0.976586651263782,0.153410409488756,-1.11595938338376,0.114327120735803,"annual",454.405,4861.318,"2001","4"
"507",4,"rear",294,2002,"Siuslaw",2556,454405,4861318,-0.528603921490694,-0.962221009062756,2.23898825679179,-0.625825174829841,-0.739830977314735,0.976586651263782,0.153410409488756,-1.11595938338376,0.114327120735803,"annual",454.405,4861.318,"2002","4"
"508",4,"rear",213,2003,"Siuslaw",2556,454405,4861318,-0.528603921490694,-0.0805754385019062,2.47868586487509,-0.625825174829841,0.0421326915801385,0.976586651263782,0.153410409488756,-1.11595938338376,0.114327120735803,"annual",454.405,4861.318,"2003","4"
"509",4,"rear",319,2004,"Siuslaw",2556,454405,4861318,-0.528603921490694,-0.0160647869974538,2.39878666218066,-0.625825174829841,-0.867325053764986,0.976586651263782,0.153410409488756,-1.11595938338376,0.114327120735803,"annual",454.405,4861.318,"2004","4"
"510",4,"rear",277,2005,"Siuslaw",2556,454405,4861318,-0.528603921490694,-0.962221009062756,2.19903865544457,-0.625825174829841,0.101629927256922,0.976586651263782,0.153410409488756,-1.11595938338376,0.114327120735803,"annual",454.405,4861.318,"2005","4"
"511",4,"rear",299,2006,"Siuslaw",2556,454405,4861318,-0.528603921490694,-0.532149999033073,2.47868586487509,-0.625825174829841,-0.697332951831318,0.976586651263782,0.153410409488756,-1.11595938338376,0.114327120735803,"annual",454.405,4861.318,"2006","4"
"512",4,"rear",197,2007,"Siuslaw",2556,454405,4861318,-0.528603921490694,-0.596660650537526,2.27893785813901,-0.625825174829841,-1.00331873531192,0.976586651263782,0.153410409488756,-1.11595938338376,0.114327120735803,"annual",454.405,4861.318,"2007","4"
"513",4,"rear",155,2008,"Siuslaw",2556,454405,4861318,-0.528603921490694,-0.61816420103901,1.95934104736127,-0.625825174829841,-0.722831767121368,0.976586651263782,0.153410409488756,-1.11595938338376,0.114327120735803,"annual",454.405,4861.318,"2008","4"
"514",4,"rear",390,2009,"Siuslaw",2556,454405,4861318,-0.528603921490694,-0.811696155552367,2.35883706083344,-0.625825174829841,-0.102360595063479,0.976586651263782,0.153410409488756,-1.11595938338376,0.114327120735803,"annual",454.405,4861.318,"2009","4"
"515",4,"rear",194,2010,"Siuslaw",2556,454405,4861318,-0.528603921490694,-0.833199706053851,1.59979463523631,-0.625825174829841,0.186625978223756,0.976586651263782,0.153410409488756,-1.11595938338376,0.114327120735803,"annual",454.405,4861.318,"2010","4"
"516",4,"rear",244,2011,"Siuslaw",2556,454405,4861318,-0.528603921490694,-0.510646448531589,0.960601013680828,-0.625825174829841,0.161127162933706,0.976586651263782,0.153410409488756,-1.11595938338376,0.114327120735803,"annual",454.405,4861.318,"2011","4"
"517",4,"rear",123,2012,"Siuslaw",2556,454405,4861318,-0.528603921490694,1.42467309660198,1.32014742580579,-0.625825174829841,-0.119359805256846,0.976586651263782,0.153410409488756,-1.11595938338376,0.114327120735803,"annual",454.405,4861.318,"2012","4"
"518",4,"rear",136,2013,"Siuslaw",2556,454405,4861318,-0.528603921490694,-0.790192605050883,2.47868586487509,-0.625825174829841,-0.748330582411418,0.976586651263782,0.153410409488756,-1.11595938338376,0.114327120735803,"annual",454.405,4861.318,"2013","4"
"519",4,"rear",27,2014,"Siuslaw",2556,454405,4861318,-0.528603921490694,-1.02673166056721,2.51863546622231,-0.625825174829841,-0.22985467151373,0.976586651263782,0.153410409488756,-1.11595938338376,0.114327120735803,"annual",454.405,4861.318,"2014","4"
"500",4,"rear",175,2015,"Siuslaw",2556,454405,4861318,-0.528603921490694,-0.446135797027137,2.39878666218066,-0.625825174829841,-1.37730135956599,0.976586651263782,0.153410409488756,-1.11595938338376,0.114327120735803,"annual",454.405,4861.318,"2015","4"
"501",4,"rear",7,2016,"Siuslaw",2556,454405,4861318,-0.528603921490694,0.0914529655099669,0.880701810986393,-0.625825174829841,-1.09681439137544,0.976586651263782,0.153410409488756,-1.11595938338376,0.114327120735803,"annual",454.405,4861.318,"2016","4"
"502",4,"rear",145,2017,"Siuslaw",2556,454405,4861318,-0.528603921490694,-0.87620680705682,1.87944184466683,-0.625825174829841,0.19512558332044,0.976586651263782,0.153410409488756,-1.11595938338376,0.114327120735803,"annual",454.405,4861.318,"2017","4"
"503",4,"rear",39,2018,"Siuslaw",2556,454405,4861318,-0.528603921490694,-0.87620680705682,2.35883706083344,-0.625825174829841,-0.807827818088202,0.976586651263782,0.153410409488756,-1.11595938338376,0.114327120735803,"annual",454.405,4861.318,"2018","4"
"499",4,"rear",217,2019,"Siuslaw",2556,454405,4861318,-0.528603921490694,-0.87620680705682,1.55984503388909,-0.625825174829841,0.19512558332044,0.976586651263782,0.153410409488756,-1.11595938338376,0.114327120735803,"annual",454.405,4861.318,"2019","4"
"322",4,"rear",129,2020,"Siuslaw",2556,454405,4861318,-0.528603921490694,-0.87620680705682,1.75959304062518,-0.625825174829841,0.19512558332044,0.976586651263782,0.153410409488756,-1.11595938338376,0.114327120735803,"annual",454.405,4861.318,"2020","4"
"323",4,"rear",18,2021,"Siuslaw",2556,454405,4861318,-0.528603921490694,-0.510646448531589,1.75959304062518,-0.625825174829841,0.161127162933706,0.976586651263782,0.153410409488756,-1.11595938338376,0.114327120735803,"annual",454.405,4861.318,"2021","4"
"2371",6,"rear",0,1998,"Siuslaw",2567,459251,4858846,2.53113126483932,-1.09124231207166,2.11913945275014,0.829091503923363,-0.221355066417047,0.0411203976958234,0.386007866010342,-1.11595938338376,0.286369941685326,"three",459.251,4858.846,"1998","6"
"2372",6,"rear",0,2001,"Siuslaw",2567,459251,4858846,2.53113126483932,-1.1772565140776,1.28019782445857,0.829091503923363,-1.09681439137544,0.0411203976958234,0.386007866010342,-1.11595938338376,0.286369941685326,"three",459.251,4858.846,"2001","6"
"2373",6,"rear",0,2004,"Siuslaw",2567,459251,4858846,2.53113126483932,-0.0375683374989379,2.19903865544457,0.829091503923363,-1.0118183404086,0.0411203976958234,0.386007866010342,-1.11595938338376,0.286369941685326,"three",459.251,4858.846,"2004","6"
"2374",6,"rear",0,2007,"Siuslaw",2567,459251,4858846,2.53113126483932,-0.596660650537526,2.07918985140292,0.829091503923363,-1.17331083724559,0.0411203976958234,0.386007866010342,-1.11595938338376,0.286369941685326,"three",459.251,4858.846,"2007","6"
"2375",6,"rear",0,2010,"Siuslaw",2567,459251,4858846,2.53113126483932,-1.02673166056721,1.40004662850022,0.829091503923363,-0.161857830740263,0.0411203976958234,0.386007866010342,-1.11595938338376,0.286369941685326,"three",459.251,4858.846,"2010","6"
"2376",6,"rear",0,2013,"Siuslaw",2567,459251,4858846,2.53113126483932,-0.940717458561272,2.19903865544457,0.829091503923363,-1.10531399647212,0.0411203976958234,0.386007866010342,-1.11595938338376,0.286369941685326,"three",459.251,4858.846,"2013","6"
"3130",3,"rear",0,1998,"Siuslaw",2571,456335,4855324,-0.799517974446997,-1.06973876157018,-0.797181445596741,-0.183024446513648,-0.0343637542900121,-0.1816096626775,-1.25361354881395,1.26515181431742,0.357560074492025,"once",456.335,4855.324,"1998","3"
"1819",4,"rear",495,2000,"Siuslaw",2574,458883,4855975,-0.5764122837771,-0.747185504047915,-1.19667745906892,-0.553328105346291,-0.5528396651877,0.263850458069147,-1.36419266748815,-0.775800640855023,0.34688155457102,"three",458.883,4855.975,"2000","4"
"1820",4,"rear",28,2003,"Siuslaw",2574,458883,4855975,-0.5764122837771,-0.231100292012295,-0.557483837513437,-0.553328105346291,-0.102360595063479,0.263850458069147,-1.36419266748815,-0.775800640855023,0.34688155457102,"three",458.883,4855.975,"2003","4"
"1821",4,"rear",432,2006,"Siuslaw",2574,458883,4855975,-0.5764122837771,-0.446135797027137,-0.517534236166219,-0.553328105346291,-0.722831767121368,0.263850458069147,-1.36419266748815,-0.775800640855023,0.34688155457102,"three",458.883,4855.975,"2006","4"
"1822",4,"rear",933,2009,"Siuslaw",2574,458883,4855975,-0.5764122837771,-0.919213908059788,-0.597433438860654,-0.553328105346291,-0.476343219317549,0.263850458069147,-1.36419266748815,-0.775800640855023,0.34688155457102,"three",458.883,4855.975,"2009","4"
"1823",4,"rear",279,2012,"Siuslaw",2574,458883,4855975,-0.5764122837771,0.994602086572301,-1.27657666176335,-0.553328105346291,-0.408346378544082,0.263850458069147,-1.36419266748815,-0.775800640855023,0.34688155457102,"three",458.883,4855.975,"2012","4"
"1817",4,"rear",121,2015,"Siuslaw",2574,458883,4855975,-0.5764122837771,-0.489142898030105,-0.597433438860654,-0.553328105346291,-1.45379780543614,0.263850458069147,-1.36419266748815,-0.775800640855023,0.34688155457102,"three",458.883,4855.975,"2015","4"
"1818",4,"rear",118,2018,"Siuslaw",2574,458883,4855975,-0.5764122837771,-0.919213908059788,-0.597433438860654,-0.553328105346291,-0.765329792604785,0.263850458069147,-1.36419266748815,-0.775800640855023,0.34688155457102,"three",458.883,4855.975,"2018","4"
"2379",4,"rear",57,1998,"Siuslaw",2580,460292,4856775,-0.480795559204287,-1.11274586257315,-0.197937425388479,-0.672735043319197,-0.0513629644833789,0.842948615039788,0.813072048476205,-0.435641898326282,0.380103616547479,"three",460.292,4856.775,"1998","4"
"2380",4,"rear",176,2001,"Siuslaw",2580,460292,4856775,-0.480795559204287,-1.19876006457908,-0.83713104694396,-0.672735043319197,-0.926822289441769,0.842948615039788,0.813072048476205,-0.435641898326282,0.380103616547479,"three",460.292,4856.775,"2001","4"
"2381",4,"rear",216,2004,"Siuslaw",2580,460292,4856775,-0.480795559204287,0.177467167515903,-0.0780886213468263,-0.672735043319197,-0.867325053764986,0.842948615039788,0.813072048476205,-0.435641898326282,0.380103616547479,"three",460.292,4856.775,"2004","4"
"2382",4,"rear",132,2010,"Siuslaw",2580,460292,4856775,-0.480795559204287,-0.98372455956424,-0.677332641555089,-0.672735043319197,0.0336330864834551,0.842948615039788,0.813072048476205,-0.435641898326282,0.380103616547479,"three",460.292,4856.775,"2010","4"
"2383",4,"rear",284,2013,"Siuslaw",2580,460292,4856775,-0.480795559204287,-0.897710357558304,-0.0780886213468263,-0.672735043319197,-0.892823869055036,0.842948615039788,0.813072048476205,-0.435641898326282,0.380103616547479,"three",460.292,4856.775,"2013","4"
"2378",4,"rear",132,2016,"Siuslaw",2580,460293,4856775,-0.480795559204287,0.0914529655099669,-1.1567278577217,-0.672735043319197,-1.09681439137544,0.842948615039788,0.813072048476205,-0.435641898326282,0.380103616547479,"three",460.293,4856.775,"2016","4"
"2377",4,"rear",277,2019,"Siuslaw",2580,460292,4856775,-0.480795559204287,-0.87620680705682,-0.757231844249525,-0.672735043319197,0.19512558332044,0.842948615039788,0.813072048476205,-0.435641898326282,0.380103616547479,"three",460.292,4856.775,"2019","4"
"2640",4,"rear",66,2013,"Siuslaw",2589,461971,4859358,-0.592348404539236,-0.940717458561272,0.561105000208653,-0.350052008559082,-1.10531399647212,1.15477069956244,-0.0868131931482924,-0.435641898326282,0.395528145322264,"nine",461.971,4859.358,"2013","4"
"2716",3,"rear",0,1998,"Siuslaw",2593,466183,4862160,-0.990751423592622,-1.09124231207166,-0.277836628082914,-0.225314403712386,-0.195856251126997,0.130212421845153,-1.61204241624066,1.26515181431742,0.482142806903748,"nine",466.183,4862.16,"1998","3"
"1458",3,"rear",0,1999,"Siuslaw",2597,467171,4859610,-0.656092887587778,0.0484458645069986,-1.19667745906892,-0.699032999896563,-0.909823079248403,1.51113879615976,-0.296532211323493,0.58483432925994,0.491634824611308,"nine",467.171,4859.61,"1999","3"
"1457",3,"rear",72,2017,"Siuslaw",2597,467171,4859610,-0.656092887587778,-0.639667751540494,-0.717282242902307,-0.699032999896563,-1.52179464620961,1.51113879615976,-0.296532211323493,0.58483432925994,0.491634824611308,"nine",467.171,4859.61,"2017","3"
"1824",3,"rear",37,2000,"Siuslaw",2603,463320,4857079,-0.767645732922726,-0.811696155552367,-1.11677825637448,-0.625825174829841,-0.595337690671117,1.24386272371177,-0.998137653945982,0.924993071788681,0.524856886587767,"three",463.32,4857.079,"2000","3"
"1825",3,"rear",29,2003,"Siuslaw",2603,463320,4857079,-0.767645732922726,-0.3601215950212,-0.437635033471785,-0.625825174829841,-0.348849142867298,1.24386272371177,-0.998137653945982,0.924993071788681,0.524856886587767,"three",463.32,4857.079,"2003","3"
"1826",3,"rear",76,2006,"Siuslaw",2603,463320,4857079,-0.767645732922726,-0.553653549534557,-0.477584634819001,-0.625825174829841,-0.833326633378252,1.24386272371177,-0.998137653945982,0.924993071788681,0.524856886587767,"three",463.32,4857.079,"2006","3"
"3200",3,"rear",3,2002,"Siuslaw",2607,464116,4854593,-0.974815302830487,-1.15575296357611,-0.557483837513437,-0.578204550757313,-0.95232110473182,-0.9388918679468,-0.00673865893594309,0.58483432925994,0.616217557023031,"once",464.116,4854.593,"2002","3"
"2199",3,"rear",44,2006,"Siuslaw",2615,468486,4852270,-0.863262457495539,-0.510646448531589,-0.277836628082914,-0.777571491837075,-0.782329002798152,0.352942482218476,-0.975259215599597,0.244675586731199,0.702832218604515,"nine",468.486,4852.27,"2006","3"
"3201",4,"rear",219,2002,"Siuslaw",2627,470769,4858149,-0.480795559204287,-1.13424941307463,-0.0381390199996096,-0.721421800766483,-0.892823869055036,1.60023082030909,-0.567260398422388,-0.0954831557975414,0.738427285007864,"once",470.769,4858.149,"2002","4"
"525",4,"rear",191,2007,"Siuslaw",2630,471580,4856422,-0.544540042252829,-0.596660650537526,-0.0381390199996096,-0.64288330882597,-0.97781992002187,1.19931671163711,0.523278496088655,-0.775800640855023,0.731308271727195,"annual",471.58,4856.422,"2007","4"
"526",4,"rear",0,2008,"Siuslaw",2630,471580,4856422,-0.544540042252829,-0.790192605050883,-0.437635033471785,-0.64288330882597,-1.33480333408257,1.19931671163711,0.523278496088655,-0.775800640855023,0.731308271727195,"annual",471.58,4856.422,"2008","4"
"527",4,"rear",357,2009,"Siuslaw",2630,471580,4856422,-0.544540042252829,-1.00522811006572,0.0417601826948251,-0.64288330882597,-0.841826238474935,1.19931671163711,0.523278496088655,-0.775800640855023,0.731308271727195,"annual",471.58,4856.422,"2009","4"
"528",4,"rear",143,2010,"Siuslaw",2630,471580,4856422,-0.544540042252829,-1.13424941307463,-0.517534236166219,-0.64288330882597,-0.17885704093363,1.19931671163711,0.523278496088655,-0.775800640855023,0.731308271727195,"annual",471.58,4856.422,"2010","4"
"529",4,"rear",256,2011,"Siuslaw",2630,471580,4856422,-0.544540042252829,-1.00522811006572,-1.11677825637448,-0.64288330882597,-0.297851512287198,1.19931671163711,0.523278496088655,-0.775800640855023,0.731308271727195,"annual",471.58,4856.422,"2011","4"
"530",4,"rear",254,2012,"Siuslaw",2630,471580,4856422,-0.544540042252829,0.62904172804707,-0.797181445596741,-0.64288330882597,-0.595337690671117,1.19931671163711,0.523278496088655,-0.775800640855023,0.731308271727195,"annual",471.58,4856.422,"2012","4"
"531",4,"rear",310,2013,"Siuslaw",2630,471580,4856422,-0.544540042252829,-1.00522811006572,0.0817097840420431,-0.64288330882597,-0.95232110473182,1.19931671163711,0.523278496088655,-0.775800640855023,0.731308271727195,"annual",471.58,4856.422,"2013","4"
"532",4,"rear",295,2014,"Siuslaw",2630,471580,4856422,-0.544540042252829,-1.26327071608353,0.0417601826948251,-0.64288330882597,-0.697332951831318,1.19931671163711,0.523278496088655,-0.775800640855023,0.731308271727195,"annual",471.58,4856.422,"2014","4"
"521",4,"rear",181,2015,"Siuslaw",2630,471580,4856422,-0.544540042252829,-0.87620680705682,0.161608986736478,-0.64288330882597,-1.44529820033946,1.19931671163711,0.523278496088655,-0.775800640855023,0.731308271727195,"annual",471.58,4856.422,"2015","4"
"522",4,"rear",140,2016,"Siuslaw",2630,471580,4856422,-0.544540042252829,-0.747185504047915,-0.877080648291176,-0.64288330882597,-1.05431636589202,1.19931671163711,0.523278496088655,-0.775800640855023,0.731308271727195,"annual",471.58,4856.422,"2016","4"
"523",4,"rear",151,2017,"Siuslaw",2630,471580,4856422,-0.544540042252829,-0.854703256555335,-0.35773583077735,-0.64288330882597,-0.501842034607599,1.19931671163711,0.523278496088655,-0.775800640855023,0.731308271727195,"annual",471.58,4856.422,"2017","4"
"524",4,"rear",4,2018,"Siuslaw",2630,471580,4856422,-0.544540042252829,-0.854703256555335,-0.0381390199996096,-0.64288330882597,-0.671834136541267,1.19931671163711,0.523278496088655,-0.775800640855023,0.731308271727195,"annual",471.58,4856.422,"2018","4"
"520",4,"rear",172,2019,"Siuslaw",2630,471580,4856422,-0.544540042252829,-0.919213908059788,-0.677332641555089,-0.64288330882597,-0.484842824414232,1.19931671163711,0.523278496088655,-0.775800640855023,0.731308271727195,"annual",471.58,4856.422,"2019","4"
"324",4,"rear",176,2020,"Siuslaw",2630,471580,4856422,-0.544540042252829,-0.854703256555335,-0.477584634819001,-0.64288330882597,-0.501842034607599,1.19931671163711,0.523278496088655,-0.775800640855023,0.731308271727195,"annual",471.58,4856.422,"2020","4"
"325",4,"rear",48,2021,"Siuslaw",2630,471580,4856422,-0.544540042252829,-1.00522811006572,-0.477584634819001,-0.64288330882597,-0.297851512287198,1.19931671163711,0.523278496088655,-0.775800640855023,0.731308271727195,"annual",471.58,4856.422,"2021","4"
"534",4,"rear",140,2016,"Siuslaw",2631,471444,4856059,-0.528603921490694,-0.747185504047915,-0.877080648291176,-0.64288330882597,-1.05431636589202,0.709310578815794,0.523278496088655,-0.775800640855023,0.726562262873415,"annual",471.444,4856.059,"2016","4"
"535",4,"rear",4,2018,"Siuslaw",2631,471444,4856059,-0.528603921490694,-0.854703256555335,-0.0381390199996096,-0.64288330882597,-0.671834136541267,0.709310578815794,0.523278496088655,-0.775800640855023,0.726562262873415,"annual",471.444,4856.059,"2018","4"
"533",4,"rear",172,2019,"Siuslaw",2631,471444,4856059,-0.528603921490694,-0.919213908059788,-0.677332641555089,-0.64288330882597,-0.484842824414232,0.709310578815794,0.523278496088655,-0.775800640855023,0.726562262873415,"annual",471.444,4856.059,"2019","4"
"326",4,"rear",176,2020,"Siuslaw",2631,471444,4856059,-0.528603921490694,-0.854703256555335,-0.477584634819001,-0.64288330882597,-0.501842034607599,0.709310578815794,0.523278496088655,-0.775800640855023,0.726562262873415,"annual",471.444,4856.059,"2020","4"
"327",4,"rear",48,2021,"Siuslaw",2631,471444,4856059,-0.528603921490694,-1.00522811006572,-0.477584634819001,-0.64288330882597,-0.297851512287198,0.709310578815794,0.523278496088655,-0.775800640855023,0.726562262873415,"annual",471.444,4856.059,"2021","4"
"2718",3,"rear",313,2007,"Siuslaw",2634,471878,4857324,-0.719837370636319,-0.596660650537526,-0.277836628082914,-0.530228548893199,-1.00331873531192,-1.78526609736543,0.153410409488756,0.244675586731199,0.744359796075089,"nine",471.878,4857.324,"2007","3"
"2717",3,"rear",27,2016,"Siuslaw",2634,471878,4857324,-0.719837370636319,-1.26327071608353,-1.11677825637448,-0.530228548893199,-0.697332951831318,-1.78526609736543,0.153410409488756,0.244675586731199,0.744359796075089,"nine",471.878,4857.324,"2016","3"
"2641",4,"rear",11,2004,"Siuslaw",2637,473820,4857681,-0.640156766825642,0.0484458645069986,0.0817097840420431,-0.486872458319703,-0.858825448668302,0.932040639189117,-0.0830001200905615,-0.435641898326282,0.817922933308678,"nine",473.82,4857.681,"2004","4"
"2642",4,"rear",6,2013,"Siuslaw",2637,473820,4857681,-0.640156766825642,-1.00522811006572,0.161608986736478,-0.486872458319703,-0.858825448668302,0.932040639189117,-0.0830001200905615,-0.435641898326282,0.817922933308678,"nine",473.82,4857.681,"2013","4"
"3232",3,"rear",43,2003,"Siuslaw",2643,472519,4850466,-0.879198578257674,-0.747185504047915,0.0817097840420431,-0.393052721340992,-0.22985467151373,-0.627069783424147,-1.29555735244899,0.244675586731199,0.820295937735568,"once",472.519,4850.466,"2003","3"
"3162",4,"rear",15,2001,"Siuslaw",2650,473624,4853107,-0.432987196917881,-1.19876006457908,-0.677332641555089,-0.696545355355461,-1.0628159709887,1.24386272371177,0.252550308989759,-0.435641898326282,0.811990422241453,"once",473.624,4853.107,"2001","4"
"2643",3,"rear",42,2004,"Siuslaw",2651,475355,4856705,-0.815454095209132,0.00543876350403035,0.00181058134760843,-0.696545355355461,-0.841826238474935,-0.0925176385281708,0.252550308989759,-0.435641898326282,0.861823515206143,"nine",475.355,4856.705,"2004","3"
"2644",3,"rear",37,2013,"Siuslaw",2651,475355,4856705,-0.815454095209132,-0.962221009062756,0.0417601826948251,-0.696545355355461,-0.833326633378252,-0.0925176385281708,0.252550308989759,-0.435641898326282,0.861823515206143,"nine",475.355,4856.705,"2013","3"
"2111",6,"rear",21,2012,"Siuslaw",2652,474276,4852133,1.33592220767916,0.414006223032229,0.601054601555871,-0.755538068758741,-0.569838875381067,1.64477683238375,0.904585801861747,-1.11595938338376,0.822668942162458,"nine",474.276,4852.133,"2012","6"
"2112",3,"rear",149,2012,"Siuslaw",2659,477477,4849023,-0.831390215971268,0.414006223032229,-0.597433438860654,-0.761579491215704,-0.569838875381067,1.06567867541311,-1.37944495971907,1.60531055684616,0.900978088249827,"nine",477.477,4849.023,"2012","3"
"3131",6,"rear",0,1998,"Siuslaw",2661,474725,4851906,1.33592220767916,-1.13424941307463,1.20029862176413,-0.57038623934242,0.161127162933706,0.308396470143812,0.893146582688554,-1.11595938338376,0.829787955443128,"once",474.725,4851.906,"1998","6"
"2558",3,"rear",17,2010,"Siuslaw",2677,480605,4846576,-0.847326336733403,-1.28477426658502,-0.157987824041262,-0.706495933519869,-0.595337690671117,0.709310578815794,0.557596153608233,0.244675586731199,1.00539028303299,"nine",480.605,4846.576,"2010","3"
"3312",5,"rear",0,2005,"Siuslaw",2682,483327,4847847,0.0291603051840479,-0.940717458561272,1.55984503388909,-0.780059136378177,0.118629137450289,1.77841486860775,-0.529129667845079,-1.11595938338376,0.995898265325426,"once",483.327,4847.847,"2005","5"
"1634",5,"rear",0,2005,"Siuslaw",2688,478990,4852198,0.44349944499957,-0.940717458561272,1.24024822311135,0.633278340759461,0.110129532353606,1.3329547478611,1.67101348646566,-1.11595938338376,0.903351092676717,"nine",478.99,4852.198,"2005","5"
"1267",5,"rear",12,1999,"Siuslaw",2696,483186,4855336,-0.146137023199442,-0.338618044519716,0.161608986736478,-0.538402238099678,-0.782329002798152,1.55568480823442,-0.281279919092569,-0.775800640855023,0.982846740977531,"three",483.186,4855.336,"1999","5"
"1268",5,"rear",18,2002,"Siuslaw",2696,483186,4855336,-0.146137023199442,-1.28477426658502,1.04050021637526,-0.538402238099678,-0.892823869055036,1.55568480823442,-0.281279919092569,-0.775800640855023,0.982846740977531,"three",483.186,4855.336,"2002","5"
"1269",5,"rear",27,2011,"Siuslaw",2696,483186,4855336,-0.146137023199442,-1.26327071608353,-0.197937425388479,-0.538402238099678,0.280121634287274,1.55568480823442,-0.281279919092569,-0.775800640855023,0.982846740977531,"three",483.186,4855.336,"2011","5"
"2719",4,"rear",0,1998,"Siuslaw",2698,486906,4856403,-0.5764122837771,-1.19876006457908,0.401306594819783,0.0305576062295551,0.254622818997224,0.442034506367805,-0.479559718094577,-0.435641898326282,1.03623934058256,"nine",486.906,4856.403,"1998","4"
"2720",4,"rear",40,2007,"Siuslaw",2698,486906,4856403,-0.5764122837771,-0.704178403044946,0.401306594819783,0.0305576062295551,-0.901323474151719,0.442034506367805,-0.479559718094577,-0.435641898326282,1.03623934058256,"nine",486.906,4856.403,"2007","4"
"3350",5,"rear",250,2006,"MCDependent",2721,411661,4886932,0.76222186024228,0.155963617014419,0.0417601826948251,-0.676288821235057,-0.518841244800966,0.0411203976958234,0.466082400222691,-0.775800640855023,-1.13505971002176,"once",411.661,4886.932,"2006","5"
"1275",3,"rear",0,1999,"MCDependent",2724,413606,4886583,-0.146137023199442,2.04827606114502,-1.79592147927718,-0.42183832245946,0.0931303221602389,-0.1816096626775,1.63669582894608,1.60531055684616,-1.10658365689908,"three",413.606,4886.583,"1999","3"
"1276",3,"rear",277,2002,"MCDependent",2724,413606,4886583,-0.146137023199442,-0.446135797027137,-1.19667745906892,-0.42183832245946,-0.17885704093363,-0.1816096626775,1.63669582894608,1.60531055684616,-1.10658365689908,"three",413.606,4886.583,"2002","3"
"1277",3,"rear",138,2005,"MCDependent",2724,413606,4886583,-0.146137023199442,-0.209596741510811,-1.19667745906892,-0.42183832245946,0.841095570668378,-0.1816096626775,1.63669582894608,1.60531055684616,-1.10658365689908,"three",413.606,4886.583,"2005","3"
"1278",3,"rear",71,2008,"MCDependent",2724,413606,4886583,-0.146137023199442,0.0269423140055145,-1.75597187792996,-0.42183832245946,-0.297851512287198,-0.1816096626775,1.63669582894608,1.60531055684616,-1.10658365689908,"three",413.606,4886.583,"2008","3"
"1279",3,"rear",3,2011,"MCDependent",2724,413606,4886583,-0.146137023199442,0.414006223032229,-1.59617347254109,-0.42183832245946,1.16408056434235,-0.1816096626775,1.63669582894608,1.60531055684616,-1.10658365689908,"three",413.606,4886.583,"2011","3"
"1280",3,"rear",1,2014,"MCDependent",2724,413606,4886583,-0.146137023199442,-0.575157100036041,-0.956979850985612,-0.42183832245946,0.654104258541344,-0.1816096626775,1.63669582894608,1.60531055684616,-1.10658365689908,"three",413.606,4886.583,"2014","3"
"1274",3,"rear",0,2017,"MCDependent",2724,413606,4886583,-0.146137023199442,-0.10207898900339,-1.51627426984666,-0.42183832245946,1.35957148156607,-0.1816096626775,1.63669582894608,1.60531055684616,-1.10658365689908,"three",413.606,4886.583,"2017","3"
"1200",3,"rear",0,2020,"MCDependent",2724,413606,4886583,-0.146137023199442,0.177467167515903,-1.396425465805,-0.42183832245946,0.985588857311996,-0.1816096626775,1.63669582894608,1.60531055684616,-1.10658365689908,"three",413.606,4886.583,"2020","3"
"3233",4,"rear",794,2003,"MCDependent",2737,412119,4891399,0.985327550912176,-0.0375683374989379,0.281457790778131,-0.56860935038449,0.27162202919059,0.753856590890459,1.85404099323675,-0.775800640855023,-1.13624621223521,"once",412.119,4891.399,"2003","4"
"566",4,"rear",30,1998,"MCDependent",2738,411500,4891411,1.00126367167431,-0.682674852543462,0.521155398861436,-0.56860935038449,-0.238354276610414,0.0856664097704881,1.85404099323675,-0.775800640855023,-1.14573822994277,"annual",411.5,4891.411,"1998","4"
"567",4,"rear",53,1999,"MCDependent",2738,411500,4891411,1.00126367167431,0.951594985569333,-0.437635033471785,-0.56860935038449,-0.187356646030313,0.0856664097704881,1.85404099323675,-0.775800640855023,-1.14573822994277,"annual",411.5,4891.411,"1999","4"
"568",4,"rear",24,2000,"MCDependent",2738,411500,4891411,1.00126367167431,-0.467639347528621,0.161608986736478,-0.56860935038449,-0.297851512287198,0.0856664097704881,1.85404099323675,-0.775800640855023,-1.14573822994277,"annual",411.5,4891.411,"2000","4"
"569",4,"rear",915,2001,"MCDependent",2738,411500,4891411,1.00126367167431,-0.704178403044946,-0.237887026735697,-0.56860935038449,-0.357348747963981,0.0856664097704881,1.85404099323675,-0.775800640855023,-1.14573822994277,"annual",411.5,4891.411,"2001","4"
"570",4,"rear",197,2002,"MCDependent",2738,411500,4891411,1.00126367167431,-0.725681953546431,0.321407392125349,-0.56860935038449,-0.569838875381067,0.0856664097704881,1.85404099323675,-0.775800640855023,-1.14573822994277,"annual",411.5,4891.411,"2002","4"
"571",4,"rear",200,2003,"MCDependent",2738,411500,4891411,1.00126367167431,-0.0375683374989379,0.281457790778131,-0.56860935038449,0.27162202919059,0.0856664097704881,1.85404099323675,-0.775800640855023,-1.14573822994277,"annual",411.5,4891.411,"2003","4"
"572",4,"rear",397,2004,"MCDependent",2738,411500,4891411,1.00126367167431,-0.0375683374989379,0.880701810986393,-0.56860935038449,-0.637835716154534,0.0856664097704881,1.85404099323675,-0.775800640855023,-1.14573822994277,"annual",411.5,4891.411,"2004","4"
"573",4,"rear",125,2005,"MCDependent",2738,411500,4891411,1.00126367167431,-0.489142898030105,0.321407392125349,-0.56860935038449,0.552108997381143,0.0856664097704881,1.85404099323675,-0.775800640855023,-1.14573822994277,"annual",411.5,4891.411,"2005","4"
"574",4,"rear",267,2006,"MCDependent",2738,411500,4891411,1.00126367167431,-0.381625145522684,0.321407392125349,-0.56860935038449,-0.663334531444584,0.0856664097704881,1.85404099323675,-0.775800640855023,-1.14573822994277,"annual",411.5,4891.411,"2006","4"
"575",4,"rear",797,2007,"MCDependent",2738,411500,4891411,1.00126367167431,-0.338618044519716,0.641004202903087,-0.56860935038449,-0.901323474151719,0.0856664097704881,1.85404099323675,-0.775800640855023,-1.14573822994277,"annual",411.5,4891.411,"2007","4"
"576",4,"rear",305,2008,"MCDependent",2738,411500,4891411,1.00126367167431,-0.0590718880004221,-0.717282242902307,-0.56860935038449,-0.6038372957678,0.0856664097704881,1.85404099323675,-0.775800640855023,-1.14573822994277,"annual",411.5,4891.411,"2008","4"
"577",4,"rear",361,2009,"MCDependent",2738,411500,4891411,1.00126367167431,-0.682674852543462,-0.237887026735697,-0.56860935038449,-0.374347958157348,0.0856664097704881,1.85404099323675,-0.775800640855023,-1.14573822994277,"annual",411.5,4891.411,"2009","4"
"578",4,"rear",676,2010,"MCDependent",2738,411500,4891411,1.00126367167431,-0.596660650537526,-0.797181445596741,-0.56860935038449,1.02808688279541,0.0856664097704881,1.85404099323675,-0.775800640855023,-1.14573822994277,"annual",411.5,4891.411,"2010","4"
"579",4,"rear",802,2011,"MCDependent",2738,411500,4891411,1.00126367167431,0.26348136952184,-0.157987824041262,-0.56860935038449,0.577607812671193,0.0856664097704881,1.85404099323675,-0.775800640855023,-1.14573822994277,"annual",411.5,4891.411,"2011","4"
"580",4,"rear",272,2012,"MCDependent",2738,411500,4891411,1.00126367167431,0.62904172804707,-0.0381390199996096,-0.56860935038449,0.679603073831394,0.0856664097704881,1.85404099323675,-0.775800640855023,-1.14573822994277,"annual",411.5,4891.411,"2012","4"
"581",4,"rear",94,2013,"MCDependent",2738,411500,4891411,1.00126367167431,-0.704178403044946,-0.277836628082914,-0.56860935038449,0.152627557837023,0.0856664097704881,1.85404099323675,-0.775800640855023,-1.14573822994277,"annual",411.5,4891.411,"2013","4"
"582",4,"rear",139,2014,"MCDependent",2738,411500,4891411,1.00126367167431,-1.02673166056721,0.361356993472565,-0.56860935038449,-0.0513629644833789,0.0856664097704881,1.85404099323675,-0.775800640855023,-1.14573822994277,"annual",411.5,4891.411,"2014","4"
"562",4,"rear",215,2015,"MCDependent",2738,411496,4891413,1.00126367167431,0.0269423140055145,0.800802608291958,-0.56860935038449,-0.97781992002187,0.0856664097704881,1.85404099323675,-0.775800640855023,-1.14573822994277,"annual",411.496,4891.413,"2015","4"
"563",4,"rear",194,2016,"MCDependent",2738,411496,4891413,1.00126367167431,0.478516874536682,0.241508189430913,-0.56860935038449,-1.13931241685885,0.0856664097704881,1.85404099323675,-0.775800640855023,-1.14573822994277,"annual",411.496,4891.413,"2016","4"
"564",4,"rear",123,2017,"MCDependent",2738,411496,4891413,1.00126367167431,-0.3601215950212,-0.277836628082914,-0.56860935038449,0.790097940088278,0.0856664097704881,1.85404099323675,-0.775800640855023,-1.14573822994277,"annual",411.496,4891.413,"2017","4"
"565",4,"rear",330,2018,"MCDependent",2738,411496,4891413,1.00126367167431,-0.3601215950212,0.00181058134760843,-0.56860935038449,-0.382847563254032,0.0856664097704881,1.85404099323675,-0.775800640855023,-1.14573822994277,"annual",411.496,4891.413,"2018","4"
"561",4,"rear",463,2019,"MCDependent",2738,411500,4891411,1.00126367167431,-0.3601215950212,0.521155398861436,-0.56860935038449,0.790097940088278,0.0856664097704881,1.85404099323675,-0.775800640855023,-1.14573822994277,"annual",411.5,4891.411,"2019","4"
"330",4,"rear",155,2020,"MCDependent",2738,411500,4891411,1.00126367167431,-0.3601215950212,0.401306594819783,-0.56860935038449,0.790097940088278,0.0856664097704881,1.85404099323675,-0.775800640855023,-1.14573822994277,"annual",411.5,4891.411,"2020","4"
"331",4,"rear",140,2021,"MCDependent",2738,411500,4891411,1.00126367167431,0.26348136952184,0.401306594819783,-0.56860935038449,0.577607812671193,0.0856664097704881,1.85404099323675,-0.775800640855023,-1.14573822994277,"annual",411.5,4891.411,"2021","4"
"2559",2,"rear",0,2019,"MCDependent",2740,416320,4891303,-0.592348404539236,-0.3601215950212,-1.59617347254109,1.02952457837788,0.790097940088278,-0.315247698901494,4.17620248539488,3.98642175454735,-1.07217509270918,"nine",416.32,4891.303,"2019","2"
"1635",3,"rear",0,2014,"MCDependent",2751,419725,4890988,-0.114264781675171,-0.446135797027137,-0.597433438860654,1.78790078562247,0.824096360475012,-1.6961740732161,2.33448819851084,2.62578678443239,-1.02708800859827,"nine",419.725,4890.988,"2014","3"
"1566",3,"rear",52,2002,"MCDependent",2754,415709,4893300,-0.130200902437307,-0.317114494018232,-1.67607267523553,-0.535203837975403,-0.0428633593866955,-0.894345855872135,3.1314204675766,0.58483432925994,-1.09353213255119,"nine",415.709,4893.3,"2002","3"
"1567",3,"rear",3,2011,"MCDependent",2754,415709,4893300,-0.130200902437307,0.564531076542618,-2.0755686887077,-0.535203837975403,1.28307503569592,-0.894345855872135,3.1314204675766,0.58483432925994,-1.09353213255119,"nine",415.709,4893.3,"2011","3"
"584",2,"rear",0,2015,"MCDependent",2762,414483,4895496,-0.640156766825642,0.241977819020356,0.800802608291958,0.614798695596987,-0.875824658861669,-2.05254216981342,3.81777361796817,1.60531055684616,-1.10658365689908,"annual",414.483,4895.496,"2015","2"
"585",2,"rear",0,2016,"MCDependent",2762,414483,4895496,-0.640156766825642,0.693552379551523,0.241508189430913,0.614798695596987,-1.0118183404086,-2.05254216981342,3.81777361796817,1.60531055684616,-1.10658365689908,"annual",414.483,4895.496,"2016","2"
"586",2,"rear",0,2017,"MCDependent",2762,414483,4895496,-0.640156766825642,0.177467167515903,-0.277836628082914,0.614798695596987,1.13008214395561,-2.05254216981342,3.81777361796817,1.60531055684616,-1.10658365689908,"annual",414.483,4895.496,"2017","2"
"587",2,"rear",0,2018,"MCDependent",2762,414483,4895496,-0.640156766825642,0.177467167515903,-0.797181445596741,0.614798695596987,0.0166338762900883,-2.05254216981342,3.81777361796817,1.60531055684616,-1.10658365689908,"annual",414.483,4895.496,"2018","2"
"583",2,"rear",0,2019,"MCDependent",2762,414483,4895496,-0.640156766825642,-0.3601215950212,-0.717282242902307,0.614798695596987,0.790097940088278,-2.05254216981342,3.81777361796817,1.60531055684616,-1.10658365689908,"annual",414.483,4895.496,"2019","2"
"332",2,"rear",0,2020,"MCDependent",2762,414483,4895496,-0.640156766825642,0.693552379551523,-1.35647586445779,0.614798695596987,-1.0118183404086,-2.05254216981342,3.81777361796817,1.60531055684616,-1.10658365689908,"annual",414.483,4895.496,"2020","2"
"333",2,"rear",0,2021,"MCDependent",2762,414483,4895496,-0.640156766825642,0.693552379551523,-1.35647586445779,0.614798695596987,-1.0118183404086,-2.05254216981342,3.81777361796817,1.60531055684616,-1.10658365689908,"annual",414.483,4895.496,"2021","2"
"3387",6,"rear",322,2007,"MCDependent",2770,416949,4896758,1.20843324158207,-0.3601215950212,0.401306594819783,1.88100976701801,-0.680333741637951,-0.404339723050823,2.02562928083464,-0.775800640855023,-1.06980208828229,"once",416.949,4896.758,"2007","6"
"3202",4,"rear",215,2002,"MCDependent",2781,422499,4897060,-0.0823925401509004,-0.3601215950212,-0.877080648291176,1.70012247110072,-0.110860200160163,-0.716161807573476,2.12476918033564,1.9454692993749,-0.983187426700807,"once",422.499,4897.06,"2002","4"
"2019",4,"rear",204,2000,"MCDependent",2782,422432,4897261,-0.0983286609130359,-0.467639347528621,-1.396425465805,1.70012247110072,-0.297851512287198,-2.05254216981342,2.12476918033564,1.9454692993749,-0.980814422273917,"nine",422.432,4897.261,"2000","4"
"2020",4,"rear",125,2009,"MCDependent",2782,422432,4897261,-0.0983286609130359,-0.553653549534557,-0.877080648291176,1.70012247110072,0.0251334813867717,-2.05254216981342,2.12476918033564,1.9454692993749,-0.980814422273917,"nine",422.432,4897.261,"2009","4"
"2018",4,"rear",58,2018,"MCDependent",2782,422433,4897260,-0.0983286609130359,0.327992021026292,-0.797181445596741,1.70012247110072,0.0591319017735053,-2.05254216981342,2.12476918033564,1.9454692993749,-0.980814422273917,"nine",422.433,4897.26,"2018","4"
"2722",4,"rear",1,1998,"MCDependent",2785,423899,4896732,-0.114264781675171,-0.682674852543462,-0.637383040207872,-0.513170414897069,-0.0343637542900121,-0.137063650602836,2.60521638560974,0.58483432925994,-0.965389893499132,"nine",423.899,4896.732,"1998","4"
"593",4,"rear",81,1998,"MCDependent",2796,415120,4902052,0.44349944499957,-0.596660650537526,-0.317786229430132,-0.569320105967662,-0.136359015450213,-0.0479716264535061,2.79587003849628,-0.435641898326282,-1.11132966575286,"annual",415.12,4902.052,"1998","4"
"594",4,"rear",0,1999,"MCDependent",2796,415120,4902052,0.44349944499957,1.66121215211831,-1.11677825637448,-0.569320105967662,-0.0258641491933287,-0.0479716264535061,2.79587003849628,-0.435641898326282,-1.11132966575286,"annual",415.12,4902.052,"1999","4"
"595",4,"rear",12,2000,"MCDependent",2796,415120,4902052,0.44349944499957,0.0484458645069986,-0.677332641555089,-0.569320105967662,0.135628347643656,-0.0479716264535061,2.79587003849628,-0.435641898326282,-1.11132966575286,"annual",415.12,4902.052,"2000","4"
"596",4,"rear",175,2001,"MCDependent",2796,415120,4902052,0.44349944499957,-0.274107393015263,-0.996929452332829,-0.569320105967662,0.0676315068701887,-0.0479716264535061,2.79587003849628,-0.435641898326282,-1.11132966575286,"annual",415.12,4902.052,"2001","4"
"597",4,"rear",251,2002,"MCDependent",2796,415120,4902052,0.44349944499957,-0.381625145522684,-0.317786229430132,-0.569320105967662,-0.119359805256846,-0.0479716264535061,2.79587003849628,-0.435641898326282,-1.11132966575286,"annual",415.12,4902.052,"2002","4"
"598",4,"rear",526,2003,"MCDependent",2796,415120,4902052,0.44349944499957,-0.166589640507843,-0.197937425388479,-0.569320105967662,0.441614131124259,-0.0479716264535061,2.79587003849628,-0.435641898326282,-1.11132966575286,"annual",415.12,4902.052,"2003","4"
"599",4,"rear",57,2004,"MCDependent",2796,415120,4902052,0.44349944499957,-0.274107393015263,-0.0780886213468263,-0.569320105967662,-0.450844404027499,-0.0479716264535061,2.79587003849628,-0.435641898326282,-1.11132966575286,"annual",415.12,4902.052,"2004","4"
"600",4,"rear",245,2005,"MCDependent",2796,415120,4902052,0.44349944499957,-0.188093191009327,-0.317786229430132,-0.569320105967662,0.773098729894911,-0.0479716264535061,2.79587003849628,-0.435641898326282,-1.11132966575286,"annual",415.12,4902.052,"2005","4"
"601",4,"rear",298,2006,"MCDependent",2796,415120,4902052,0.44349944499957,-0.188093191009327,-0.157987824041262,-0.569320105967662,-0.5528396651877,-0.0479716264535061,2.79587003849628,-0.435641898326282,-1.11132966575286,"annual",415.12,4902.052,"2006","4"
"602",4,"rear",558,2007,"MCDependent",2796,415120,4902052,0.44349944499957,-0.403128696024168,0.0417601826948251,-0.569320105967662,-0.663334531444584,-0.0479716264535061,2.79587003849628,-0.435641898326282,-1.11132966575286,"annual",415.12,4902.052,"2007","4"
"603",4,"rear",250,2008,"MCDependent",2796,415120,4902052,0.44349944499957,0.284984920023324,-0.956979850985612,-0.569320105967662,-0.314850722480564,-0.0479716264535061,2.79587003849628,-0.435641898326282,-1.11132966575286,"annual",415.12,4902.052,"2008","4"
"604",4,"rear",203,2009,"MCDependent",2796,415120,4902052,0.44349944499957,-0.381625145522684,-0.477584634819001,-0.569320105967662,-0.314850722480564,-0.0479716264535061,2.79587003849628,-0.435641898326282,-1.11132966575286,"annual",415.12,4902.052,"2009","4"
"605",4,"rear",498,2010,"MCDependent",2796,415120,4902052,0.44349944499957,-0.3601215950212,-1.07682865502726,-0.569320105967662,1.35107187646938,-0.0479716264535061,2.79587003849628,-0.435641898326282,-1.11132966575286,"annual",415.12,4902.052,"2010","4"
"606",4,"rear",100,2011,"MCDependent",2796,415120,4902052,0.44349944499957,0.26348136952184,-0.797181445596741,-0.569320105967662,0.977089252215313,-0.0479716264535061,2.79587003849628,-0.435641898326282,-1.11132966575286,"annual",415.12,4902.052,"2011","4"
"607",4,"rear",194,2012,"MCDependent",2796,415120,4902052,0.44349944499957,0.994602086572301,-0.797181445596741,-0.569320105967662,0.747599914604861,-0.0479716264535061,2.79587003849628,-0.435641898326282,-1.11132966575286,"annual",415.12,4902.052,"2012","4"
"608",4,"rear",105,2013,"MCDependent",2796,415120,4902052,0.44349944499957,-0.575157100036041,-0.477584634819001,-0.569320105967662,0.59460702286456,-0.0479716264535061,2.79587003849628,-0.435641898326282,-1.11132966575286,"annual",415.12,4902.052,"2013","4"
"609",4,"rear",109,2014,"MCDependent",2796,415120,4902052,0.44349944499957,-0.596660650537526,-0.157987824041262,-0.569320105967662,0.475612551510992,-0.0479716264535061,2.79587003849628,-0.435641898326282,-1.11132966575286,"annual",415.12,4902.052,"2014","4"
"589",4,"rear",255,2015,"MCDependent",2796,415120,4902052,0.44349944499957,0.26348136952184,0.201558588083696,-0.569320105967662,-0.867325053764986,-0.0479716264535061,2.79587003849628,-0.435641898326282,-1.11132966575286,"annual",415.12,4902.052,"2015","4"
"590",4,"rear",71,2016,"MCDependent",2796,415120,4902052,0.44349944499957,0.672048829050039,-0.517534236166219,-0.569320105967662,-1.02881755060197,-0.0479716264535061,2.79587003849628,-0.435641898326282,-1.11132966575286,"annual",415.12,4902.052,"2016","4"
"591",4,"rear",198,2017,"MCDependent",2796,415120,4902052,0.44349944499957,0.177467167515903,-0.677332641555089,-0.569320105967662,1.20657858982576,-0.0479716264535061,2.79587003849628,-0.435641898326282,-1.11132966575286,"annual",415.12,4902.052,"2017","4"
"592",4,"rear",306,2018,"MCDependent",2796,415120,4902052,0.44349944499957,0.177467167515903,-0.197937425388479,-0.569320105967662,0.161127162933706,-0.0479716264535061,2.79587003849628,-0.435641898326282,-1.11132966575286,"annual",415.12,4902.052,"2018","4"
"588",4,"rear",206,2019,"MCDependent",2796,415120,4902052,0.44349944499957,0.177467167515903,-0.437635033471785,-0.569320105967662,1.20657858982576,-0.0479716264535061,2.79587003849628,-0.435641898326282,-1.11132966575286,"annual",415.12,4902.052,"2019","4"
"334",4,"rear",61,2020,"MCDependent",2796,415120,4902052,0.44349944499957,0.177467167515903,-0.35773583077735,-0.569320105967662,1.20657858982576,-0.0479716264535061,2.79587003849628,-0.435641898326282,-1.11132966575286,"annual",415.12,4902.052,"2020","4"
"335",4,"rear",178,2021,"MCDependent",2796,415120,4902052,0.44349944499957,0.26348136952184,-0.35773583077735,-0.569320105967662,0.977089252215313,-0.0479716264535061,2.79587003849628,-0.435641898326282,-1.11132966575286,"annual",415.12,4902.052,"2021","4"
"2113",4,"rear",284,2003,"MCDependent",2800,412280,4902141,0.555052290334518,-0.166589640507843,-0.197937425388479,-0.569320105967662,0.441614131124259,-0.0925176385281708,2.79587003849628,-0.435641898326282,-1.14811123436966,"nine",412.28,4902.141,"2003","4"
"2114",4,"rear",272,2012,"MCDependent",2800,412280,4902141,0.555052290334518,0.994602086572301,-0.797181445596741,-0.569320105967662,0.747599914604861,-0.0925176385281708,2.79587003849628,-0.435641898326282,-1.14811123436966,"nine",412.28,4902.141,"2012","4"
"2097",4,"rear",149,2021,"MCDependent",2800,412280,4902141,0.555052290334518,0.26348136952184,-0.35773583077735,-0.569320105967662,0.977089252215313,-0.0925176385281708,2.79587003849628,-0.435641898326282,-1.14811123436966,"nine",412.28,4902.141,"2021","4"
"3276",2,"rear",0,2004,"MCDependent",2811,419929,4907366,-0.974815302830487,-0.3601215950212,-0.277836628082914,-0.578204550757313,-0.5528396651877,-2.18618020603741,-0.746474832135742,-0.0954831557975414,-1.01284998203693,"once",419.929,4907.366,"2004","2"
"1828",4,"rear",625,2000,"MCDependent",2830,422017,4909539,0.0610325467083188,-0.252603842513779,-0.797181445596741,-0.507128992440107,0.254622818997224,-0.0479716264535061,0.370755573779418,-0.775800640855023,-0.921489311601667,"three",422.017,4909.539,"2000","4"
"1829",4,"rear",1351,2003,"MCDependent",2830,422017,4909539,0.0610325467083188,-0.317114494018232,-0.397685432124567,-0.507128992440107,0.365117685254108,-0.0479716264535061,0.370755573779418,-0.775800640855023,-0.921489311601667,"three",422.017,4909.539,"2003","4"
"1830",4,"rear",1858,2006,"MCDependent",2830,422017,4909539,0.0610325467083188,-0.231100292012295,-0.317786229430132,-0.507128992440107,-0.620836505961167,-0.0479716264535061,0.370755573779418,-0.775800640855023,-0.921489311601667,"three",422.017,4909.539,"2006","4"
"1827",4,"rear",788,2018,"MCDependent",2830,422017,4909539,0.0610325467083188,0.177467167515903,-0.397685432124567,-0.507128992440107,-0.0513629644833789,-0.0479716264535061,0.370755573779418,-0.775800640855023,-0.921489311601667,"three",422.017,4909.539,"2018","4"
"1747",4,"rear",621,2021,"MCDependent",2830,422017,4909539,0.0610325467083188,0.26348136952184,-0.35773583077735,-0.507128992440107,0.977089252215313,-0.0479716264535061,0.370755573779418,-0.775800640855023,-0.921489311601667,"three",422.017,4909.539,"2021","4"
"2386",5,"rear",205,1998,"MCDependent",2839,422999,4902961,-0.114264781675171,-0.682674852543462,-0.118038222694044,0.0330452507706573,-0.0513629644833789,-0.00342561437884133,1.54136900250281,0.244675586731199,-0.946405858084012,"three",422.999,4902.961,"1998","5"
"2387",5,"rear",417,2001,"MCDependent",2839,422999,4902961,-0.114264781675171,-0.403128696024168,-0.917030249638394,0.0330452507706573,0.178126373127073,-0.00342561437884133,1.54136900250281,0.244675586731199,-0.946405858084012,"three",422.999,4902.961,"2001","5"
"2115",3,"rear",39,2012,"MCDependent",2842,423081,4900407,-0.735773491398455,1.10211983907972,-0.797181445596741,0.0330452507706573,0.815596755378328,-0.270701686826829,1.54136900250281,0.244675586731199,-0.913183796107553,"nine",423.081,4900.407,"2012","3"
"2098",3,"rear",11,2021,"MCDependent",2842,423081,4900407,-0.735773491398455,0.26348136952184,-0.35773583077735,0.0330452507706573,0.977089252215313,-0.270701686826829,1.54136900250281,0.244675586731199,-0.913183796107553,"nine",423.081,4900.407,"2021","3"
"3351",4,"rear",984,2006,"MCDependent",2848,425672,4903474,-0.289562110058662,-0.252603842513779,-0.157987824041262,-0.598105707086131,-0.595337690671117,-0.0925176385281708,0.218232651470181,-0.0954831557975414,-0.906064782826883,"once",425.672,4903.474,"2006","4"
"2645",4,"rear",2083,2013,"MCDependent",2853,425472,4902019,-0.209881506247984,-0.639667751540494,-0.35773583077735,0.374563308484831,0.467112946414309,-0.137063650602836,1.92648938133363,0.924993071788681,-0.889453751838653,"nine",425.472,4902.019,"2013","4"
"2116",3,"rear",75,2003,"MCDependent",2859,413344,4912058,-0.432987196917881,-0.489142898030105,-0.757231844249525,-0.781480647544522,0.348118475060741,0.976586651263782,-1.09727755344699,0.58483432925994,-1.13150020338143,"nine",413.344,4912.058,"2003","3"
"3163",3,"rear",3,2001,"MCDependent",2860,413874,4911726,-0.512667800728558,-0.661171302041978,-1.23662706041613,-0.781480647544522,-0.17885704093363,1.15477069956244,-1.09727755344699,0.58483432925994,-1.12319468788731,"once",413.874,4911.726,"2001","3"
"1636",4,"rear",358,2005,"MCDependent",2861,413963,4912516,-0.241753747772255,-0.424632246525653,-0.996929452332829,-0.292125428530559,0.56910820757451,-0.359793710976159,-0.0219909511668668,0.58483432925994,-1.12794069674109,"nine",413.963,4912.516,"2005","4"
"3344",3,"rear",1,2006,"Alsea",2879,424688,4925135,-0.464859438442152,-0.0805754385019062,-0.477584634819001,-0.377416098511206,-0.5528396651877,-0.404339723050823,3.8711566407764,1.9454692993749,-0.860977698715973,"once",424.688,4925.135,"2006","3"
"2316",4,"rear",416,1998,"Alsea",2880,425614,4926497,-0.114264781675171,-0.747185504047915,0.0817097840420431,-0.47016970211516,-0.212855461320364,-0.1816096626775,2.57471180114789,0.244675586731199,-0.823009627885734,"three",425.614,4926.497,"1998","4"
"2317",4,"rear",1360,2001,"Alsea",2880,425614,4926497,-0.114264781675171,-0.553653549534557,-0.597433438860654,-0.47016970211516,-0.0513629644833789,-0.1816096626775,2.57471180114789,0.244675586731199,-0.823009627885734,"three",425.614,4926.497,"2001","4"
"2318",4,"rear",860,2004,"Alsea",2880,425614,4926497,-0.114264781675171,-0.166589640507843,0.401306594819783,-0.47016970211516,-0.484842824414232,-0.1816096626775,2.57471180114789,0.244675586731199,-0.823009627885734,"three",425.614,4926.497,"2004","4"
"2319",4,"rear",559,2007,"Alsea",2880,425614,4926497,-0.114264781675171,-0.446135797027137,0.321407392125349,-0.47016970211516,-0.705832556928001,-0.1816096626775,2.57471180114789,0.244675586731199,-0.823009627885734,"three",425.614,4926.497,"2007","4"
"2320",4,"rear",485,2010,"Alsea",2880,425614,4926497,-0.114264781675171,-0.639667751540494,-0.677332641555089,-0.47016970211516,1.19807898472908,-0.1816096626775,2.57471180114789,0.244675586731199,-0.823009627885734,"three",425.614,4926.497,"2010","4"
"2321",4,"rear",465,2013,"Alsea",2880,425614,4926497,-0.114264781675171,-0.575157100036041,-0.157987824041262,-0.47016970211516,0.305620449577324,-0.1816096626775,2.57471180114789,0.244675586731199,-0.823009627885734,"three",425.614,4926.497,"2013","4"
"2315",4,"rear",432,2016,"Alsea",2880,425614,4926498,-0.114264781675171,0.457013324035197,-0.317786229430132,-0.47016970211516,-1.0628159709887,-0.1816096626775,2.57471180114789,0.244675586731199,-0.823009627885734,"three",425.614,4926.498,"2016","4"
"2775",3,"rear",0,1999,"Alsea",2884,431377,4923104,-0.40111495539361,1.9407583086376,-1.99566948601327,0.753396034315538,0.19512558332044,0.352942482218476,3.11998124840341,1.26515181431742,-0.683002366699226,"once",431.377,4923.104,"1999","3"
"3154",4,"rear",501,2001,"Alsea",2890,432310,4931734,-0.464859438442152,-0.188093191009327,-0.637383040207872,-0.772240824963285,0.144127952740339,-0.137063650602836,2.16289991091295,-0.435641898326282,-0.602320216184967,"once",432.31,4931.734,"2001","4"
"1999",4,"rear",466,2009,"Alsea",2891,431705,4930673,-0.321434351582932,0.177467167515903,0.0817097840420431,-0.772240824963285,0.458613341317625,1.55568480823442,2.16289991091295,-0.435641898326282,-0.617744744959752,"nine",431.705,4930.673,"2009","4"
"1998",4,"rear",315,2018,"Alsea",2891,431705,4930673,-0.321434351582932,0.650545278548555,0.121659385389261,-0.772240824963285,0.203625188417123,1.55568480823442,2.16289991091295,-0.435641898326282,-0.617744744959752,"nine",431.705,4930.673,"2018","4"
"3345",2,"rear",1056,2006,"Alsea",2892,431940,4932892,-0.815454095209132,-0.209596741510811,0.281457790778131,-0.772240824963285,-0.62933611105785,0.798402602965123,2.16289991091295,-0.435641898326282,-0.586895687410182,"once",431.94,4932.892,"2006","2"
"2630",2,"rear",344,2013,"Alsea",2893,432023,4932326,-0.703901249874184,-0.639667751540494,-0.0780886213468263,-0.772240824963285,0.637105048347977,0.352942482218476,2.16289991091295,-0.435641898326282,-0.592828198477407,"nine",432.023,4932.326,"2013","2"
"3305",2,"rear",15,2005,"Alsea",2898,428210,4931393,-0.879198578257674,0.0269423140055145,-0.197937425388479,-0.58744437333855,0.883593596151796,-1.02798389209613,-0.414737476113151,-0.0954831557975414,-0.576217167489177,"once",428.21,4931.393,"2005","2"
"1627",4,"rear",1012,2005,"Alsea",2902,434001,4930200,0.156649271281132,0.0484458645069986,0.76085300694474,-0.723909445307585,0.892093201248479,0.0411203976958234,1.20200550036476,-0.775800640855023,-0.604693220611857,"nine",434.001,4930.2,"2005","4"
"2191",3,"rear",196,2015,"Alsea",2908,437631,4930124,-0.735773491398455,0.52152397553965,1.28019782445857,-0.105196710156308,-0.986319525118553,-0.1816096626775,1.41172451853996,0.58483432925994,-0.519265061243818,"nine",437.631,4930.124,"2015","3"
"1446",4,"rear",246,1999,"Alsea",2912,435830,4928247,-0.209881506247984,2.3493257681658,-1.35647586445779,-0.626535930413013,0.348118475060741,1.15477069956244,1.97605933108414,1.26515181431742,-0.576217167489177,"nine",435.83,4928.247,"1999","4"
"1219",7,"rear",0,1999,"Alsea",2949,430261,4917006,6.21237516089261,1.63970860161683,0.361356993472565,0.657088652795725,-0.22985467151373,-0.0479716264535061,1.22488393871114,-1.11595938338376,-0.839620658873964,"three",430.261,4917.006,"1999","7"
"1220",7,"rear",3,2002,"Alsea",2949,430261,4917006,6.21237516089261,-0.317114494018232,1.63974423658352,0.657088652795725,-0.255353486803781,-0.0479716264535061,1.22488393871114,-1.11595938338376,-0.839620658873964,"three",430.261,4917.006,"2002","7"
"414",5,"rear",45,2009,"Alsea",2950,433708,4916666,0.905646947101499,-0.403128696024168,0.401306594819783,5.77772725175882,0.0846307170635555,-2.05254216981342,0.896959655746285,-0.435641898326282,-0.792160570336164,"annual",433.708,4916.666,"2009","5"
"2704",4,"rear",0,1998,"Alsea",2953,437059,4919492,-0.034584177864494,-0.61816420103901,-0.35773583077735,1.58178166650257,-0.263853091900464,-2.05254216981342,-0.563447325364657,0.58483432925994,-0.713851424248795,"nine",437.059,4919.492,"1998","4"
"2705",4,"rear",0,2007,"Alsea",2953,437059,4919492,-0.034584177864494,-0.0805754385019062,-0.118038222694044,1.58178166650257,-0.654834926347901,-2.05254216981342,-0.563447325364657,0.58483432925994,-0.713851424248795,"nine",437.059,4919.492,"2007","4"
"3381",3,"rear",0,2007,"Alsea",2963,431851,4914683,-0.672029008349913,-0.274107393015263,0.401306594819783,-0.78432366987721,-0.731331372218051,1.73386885653308,2.1819652762016,0.924993071788681,-0.716224428675685,"once",431.851,4914.683,"2007","3"
"1554",2,"rear",0,2002,"Alsea",2969,429744,4909689,-1.03855978587903,-0.446135797027137,-0.0381390199996096,-0.27506729453443,-0.331849932673931,-0.627069783424147,0.0618966561032135,1.60531055684616,-0.639101784801761,"nine",429.744,4909.689,"2002","2"
"2192",3,"rear",3,2006,"Alsea",2970,437884,4911813,-0.719837370636319,-0.231100292012295,0.401306594819783,0.330496462328164,-0.680333741637951,-0.671615795498811,1.65576119423474,0.924993071788681,-0.621304251600087,"nine",437.884,4911.813,"2006","3"
"2545",4,"rear",625,2001,"Alsea",2985,439459,4903907,-0.528603921490694,-0.962221009062756,-0.517534236166219,-0.638974153118524,-0.705832556928001,-0.0925176385281708,1.74346187456255,-0.0954831557975414,-0.464685959425349,"nine",439.459,4903.907,"2001","4"
"2546",4,"rear",452,2010,"Alsea",2985,439459,4903907,-0.528603921490694,-0.919213908059788,-0.797181445596741,-0.638974153118524,0.722101099314811,-0.0925176385281708,1.74346187456255,-0.0954831557975414,-0.464685959425349,"nine",439.459,4903.907,"2010","4"
"3155",5,"rear",10,2001,"Alsea",2986,439103,4907301,1.8936864343539,-0.811696155552367,0.0817097840420431,0.443506600052521,-0.569838875381067,0.308396470143812,1.05329565111325,-1.11595938338376,-0.512146047963148,"once",439.103,4907.301,"2001","5"
"1222",4,"rear",40,1999,"Alsea",2989,443332,4906319,0.108840908994725,0.77956658155746,-0.477584634819001,-0.639684908701696,-0.595337690671117,-0.00342561437884133,0.755875952610241,-0.775800640855023,-0.437396408516114,"three",443.332,4906.319,"1999","4"
"1223",4,"rear",287,2002,"Alsea",2989,443332,4906319,0.108840908994725,-0.682674852543462,0.481205797514218,-0.639684908701696,-0.807827818088202,-0.00342561437884133,0.755875952610241,-0.775800640855023,-0.437396408516114,"three",443.332,4906.319,"2002","4"
"1224",4,"rear",284,2005,"Alsea",2989,443332,4906319,0.108840908994725,-0.575157100036041,0.720903405597524,-0.639684908701696,0.152627557837023,-0.00342561437884133,0.755875952610241,-0.775800640855023,-0.437396408516114,"three",443.332,4906.319,"2005","4"
"1225",4,"rear",522,2011,"Alsea",2989,443332,4906319,0.108840908994725,-0.252603842513779,-0.717282242902307,-0.639684908701696,0.24612321390054,-0.00342561437884133,0.755875952610241,-0.775800640855023,-0.437396408516114,"three",443.332,4906.319,"2011","4"
"1221",4,"rear",676,2017,"Alsea",2989,443332,4906319,0.108840908994725,-0.188093191009327,0.0417601826948251,-0.639684908701696,0.24612321390054,-0.00342561437884133,0.755875952610241,-0.775800640855023,-0.437396408516114,"three",443.332,4906.319,"2017","4"
"1192",4,"rear",591,2020,"Alsea",2989,443332,4906319,0.108840908994725,0.0269423140055145,-0.197937425388479,-0.639684908701696,-1.27530609840579,-0.00342561437884133,0.755875952610241,-0.775800640855023,-0.437396408516114,"three",443.332,4906.319,"2020","4"
"1628",4,"rear",449,2005,"Alsea",3002,442355,4902856,0.0291603051840479,-0.575157100036041,0.0417601826948251,-0.496823036484112,0.152627557837023,1.37750075993576,0.412699377414458,0.244675586731199,-0.40061483989932,"nine",442.355,4902.856,"2005","4"
"3346",5,"rear",3419,2006,"Alsea",3021,449007,4900543,0.666605135669467,-0.123582539504875,0.201558588083696,-0.163123290184831,-0.620836505961167,-0.0479716264535061,-0.0334301703400595,-0.435641898326282,-0.273659103060707,"once",449.007,4900.543,"2006","5"
"3197",5,"rear",1549,2002,"Alsea",3022,448160,4901169,0.746285739480144,-0.553653549534557,-0.0381390199996096,-0.163123290184831,-0.569838875381067,0.130212421845153,-0.0334301703400595,-0.435641898326282,-0.290270134048936,"once",448.16,4901.169,"2002","5"
"2324",4,"rear",0,1998,"Alsea",3030,451425,4900177,-0.130200902437307,-0.553653549534557,-1.11677825637448,-0.76371175796522,-0.323350327577248,0.130212421845153,-0.273653772977107,1.60531055684616,-0.232131525590132,"three",451.425,4900.177,"1998","4"
"2325",4,"rear",0,2001,"Alsea",3030,451425,4900177,-0.130200902437307,-0.768689054549399,-1.79592147927718,-0.76371175796522,-0.399846773447398,0.130212421845153,-0.273653772977107,1.60531055684616,-0.232131525590132,"three",451.425,4900.177,"2001","4"
"2326",4,"rear",443,2004,"Alsea",3030,451425,4900177,-0.130200902437307,-0.532149999033073,-0.996929452332829,-0.76371175796522,-0.518841244800966,0.130212421845153,-0.273653772977107,1.60531055684616,-0.232131525590132,"three",451.425,4900.177,"2004","4"
"2327",4,"rear",89,2010,"Alsea",3030,451425,4900177,-0.130200902437307,-0.790192605050883,-1.67607267523553,-0.76371175796522,0.909092411441846,0.130212421845153,-0.273653772977107,1.60531055684616,-0.232131525590132,"three",451.425,4900.177,"2010","4"
"2328",4,"rear",553,2013,"Alsea",3030,451425,4900177,-0.130200902437307,-0.704178403044946,-1.11677825637448,-0.76371175796522,0.135628347643656,0.130212421845153,-0.273653772977107,1.60531055684616,-0.232131525590132,"three",451.425,4900.177,"2013","4"
"2323",4,"rear",312,2016,"Alsea",3030,451425,4900177,-0.130200902437307,0.500020425038166,-1.59617347254109,-0.76371175796522,-1.08831478627875,0.130212421845153,-0.273653772977107,1.60531055684616,-0.232131525590132,"three",451.425,4900.177,"2016","4"
"2322",4,"rear",0,2019,"Alsea",3030,451425,4900177,-0.130200902437307,0.284984920023324,-1.8358710806244,-0.76371175796522,0.739100309508178,0.130212421845153,-0.273653772977107,1.60531055684616,-0.232131525590132,"three",451.425,4900.177,"2019","4"
"1629",5,"rear",421,2005,"Alsea",3034,431339,4907550,0.188521512805403,-0.381625145522684,1.00055061502805,-0.557948016636909,0.509610971897726,1.06567867541311,0.66817527228243,-0.775800640855023,-0.526384074524488,"nine",431.339,4907.55,"2005","5"
"2707",4,"rear",0,1998,"Alsea",3036,430604,4908000,-0.305498230820797,-0.725681953546431,-0.437635033471785,-0.756959579925086,-0.263853091900464,1.68932284445842,0.473708546338153,1.26515181431742,-0.515705554603483,"nine",430.604,4908,"1998","4"
"2708",4,"rear",430,2007,"Alsea",3036,430604,4908000,-0.305498230820797,-0.532149999033073,-0.118038222694044,-0.756959579925086,-0.807827818088202,1.68932284445842,0.473708546338153,1.26515181431742,-0.515705554603483,"nine",430.604,4908,"2007","4"
"2706",4,"rear",425,2016,"Alsea",3036,430604,4908000,-0.305498230820797,0.543027526041134,-1.11677825637448,-0.756959579925086,-1.12231320666549,1.68932284445842,0.473708546338153,1.26515181431742,-0.515705554603483,"nine",430.604,4908,"2016","4"
"1555",4,"rear",1441,2002,"Alsea",3057,428517,4901010,-0.114264781675171,-0.403128696024168,-0.437635033471785,-0.443160989954622,-0.17885704093363,-0.270701686826829,1.30495847292349,0.244675586731199,-0.375698293416975,"nine",428.517,4901.01,"2002","4"
"2000",4,"rear",880,2000,"Alsea",3067,432108,4901234,-0.257689868534391,-0.510646448531589,0.441256196167,-0.554038860929463,-0.170357435836947,-0.00342561437884133,0.828324340707128,-0.435641898326282,-0.38637681333798,"nine",432.108,4901.234,"2000","4"
"2001",4,"rear",946,2009,"Alsea",3067,432108,4901234,-0.257689868534391,-0.725681953546431,1.1203994190697,-0.554038860929463,-0.0853613848701125,-0.00342561437884133,0.828324340707128,-0.435641898326282,-0.38637681333798,"nine",432.108,4901.234,"2009","4"
"3036",4,"rear",765,2000,"Alsea",3069,433451,4901536,-0.130200902437307,-0.510646448531589,0.441256196167,-0.554038860929463,-0.170357435836947,-0.0925176385281708,0.828324340707128,-0.435641898326282,-0.40298784432621,"once",433.451,4901.536,"2000","4"
"2002",3,"rear",52,2000,"Alsea",3073,434222,4904026,-0.672029008349913,-0.510646448531589,-0.557483837513437,-0.584245973214275,-0.170357435836947,1.06567867541311,1.74346187456255,0.244675586731199,-0.440955915156449,"nine",434.222,4904.026,"2000","3"
"2003",3,"rear",127,2009,"Alsea",3073,434222,4904026,-0.672029008349913,-0.725681953546431,0.0417601826948251,-0.584245973214275,-0.0853613848701125,1.06567867541311,1.74346187456255,0.244675586731199,-0.440955915156449,"nine",434.222,4904.026,"2009","3"
"416",5,"rear",23,1998,"Alsea",3074,434462,4903628,1.1287526377714,-0.725681953546431,1.360097027153,-0.715025000517934,-0.280852302093831,0.130212421845153,1.27064081540392,-1.11595938338376,-0.438582910729559,"annual",434.462,4903.628,"1998","5"
"417",5,"rear",89,2001,"Alsea",3074,434462,4903628,1.1287526377714,-0.639667751540494,0.441256196167,-0.715025000517934,-0.340349537770615,0.130212421845153,1.27064081540392,-1.11595938338376,-0.438582910729559,"annual",434.462,4903.628,"2001","5"
"418",5,"rear",104,2005,"Alsea",3074,434462,4903628,1.1287526377714,-0.424632246525653,1.40004662850022,-0.715025000517934,0.492611761704359,0.130212421845153,1.27064081540392,-1.11595938338376,-0.438582910729559,"annual",434.462,4903.628,"2005","5"
"419",5,"rear",101,2006,"Alsea",3074,434462,4903628,1.1287526377714,-0.317114494018232,1.40004662850022,-0.715025000517934,-0.620836505961167,0.130212421845153,1.27064081540392,-1.11595938338376,-0.438582910729559,"annual",434.462,4903.628,"2006","5"
"420",5,"rear",545,2011,"Alsea",3074,434462,4903628,1.1287526377714,0.0914529655099669,0.0417601826948251,-0.715025000517934,0.705101889121444,0.130212421845153,1.27064081540392,-1.11595938338376,-0.438582910729559,"annual",434.462,4903.628,"2011","5"
"421",5,"rear",538,2012,"Alsea",3074,434462,4903628,1.1287526377714,1.01610563707379,0.481205797514218,-0.715025000517934,0.64560465344466,0.130212421845153,1.27064081540392,-1.11595938338376,-0.438582910729559,"annual",434.462,4903.628,"2012","5"
"422",5,"rear",434,2013,"Alsea",3074,434462,4903628,1.1287526377714,-0.704178403044946,1.08044981772248,-0.715025000517934,0.237623608803857,0.130212421845153,1.27064081540392,-1.11595938338376,-0.438582910729559,"annual",434.462,4903.628,"2013","5"
"423",5,"rear",227,2014,"Alsea",3074,434462,4903628,1.1287526377714,-0.854703256555335,1.32014742580579,-0.715025000517934,0.144127952740339,0.130212421845153,1.27064081540392,-1.11595938338376,-0.438582910729559,"annual",434.462,4903.628,"2014","5"
"415",5,"rear",842,2015,"Alsea",3074,434462,4903628,1.1287526377714,0.155963617014419,1.28019782445857,-0.715025000517934,-1.02881755060197,0.130212421845153,1.27064081540392,-1.11595938338376,-0.438582910729559,"annual",434.462,4903.628,"2015","5"
"429",3,"rear",820,2007,"Alsea",3090,431212,4898297,-0.528603921490694,-0.209596741510811,0.161608986736478,-0.728884734389789,-0.765329792604785,-0.1816096626775,1.17150091590291,-0.435641898326282,-0.283151120768266,"annual",431.212,4898.297,"2007","3"
"430",3,"rear",428,2008,"Alsea",3090,431212,4898297,-0.528603921490694,-0.0805754385019062,-0.437635033471785,-0.728884734389789,-0.442344798930816,-0.1816096626775,1.17150091590291,-0.435641898326282,-0.283151120768266,"annual",431.212,4898.297,"2008","3"
"431",3,"rear",621,2009,"Alsea",3090,431212,4898297,-0.528603921490694,-0.61816420103901,0.00181058134760843,-0.728884734389789,-0.102360595063479,-0.1816096626775,1.17150091590291,-0.435641898326282,-0.283151120768266,"annual",431.212,4898.297,"2009","3"
"432",3,"rear",485,2010,"Alsea",3090,431212,4898297,-0.528603921490694,-0.682674852543462,-0.797181445596741,-0.728884734389789,1.16408056434235,-0.1816096626775,1.17150091590291,-0.435641898326282,-0.283151120768266,"annual",431.212,4898.297,"2010","3"
"433",3,"rear",390,2011,"Alsea",3090,431212,4898297,-0.528603921490694,0.198970718017388,-0.996929452332829,-0.728884734389789,0.824096360475012,-0.1816096626775,1.17150091590291,-0.435641898326282,-0.283151120768266,"annual",431.212,4898.297,"2011","3"
"434",3,"rear",994,2012,"Alsea",3090,431212,4898297,-0.528603921490694,0.865580783563396,-0.637383040207872,-0.728884734389789,0.696602284024761,-0.1816096626775,1.17150091590291,-0.435641898326282,-0.283151120768266,"annual",431.212,4898.297,"2012","3"
"435",3,"rear",410,2013,"Alsea",3090,431212,4898297,-0.528603921490694,-0.575157100036041,-0.0780886213468263,-0.728884734389789,0.373617290350791,-0.1816096626775,1.17150091590291,-0.435641898326282,-0.283151120768266,"annual",431.212,4898.297,"2013","3"
"436",3,"rear",498,2014,"Alsea",3090,431212,4898297,-0.528603921490694,-0.833199706053851,0.121659385389261,-0.728884734389789,0.288621239383957,-0.1816096626775,1.17150091590291,-0.435641898326282,-0.283151120768266,"annual",431.212,4898.297,"2014","3"
"425",3,"rear",330,2015,"Alsea",3090,431212,4898297,-0.528603921490694,-0.790192605050883,0.121659385389261,-0.728884734389789,0.0506322966768219,-0.1816096626775,1.17150091590291,-0.435641898326282,-0.283151120768266,"annual",431.212,4898.297,"2015","3"
"426",3,"rear",470,2016,"Alsea",3090,431212,4898297,-0.528603921490694,-0.854703256555335,-0.35773583077735,-0.728884734389789,0.144127952740339,-0.1816096626775,1.17150091590291,-0.435641898326282,-0.283151120768266,"annual",431.212,4898.297,"2016","3"
"427",3,"rear",453,2017,"Alsea",3090,431212,4898297,-0.528603921490694,0.177467167515903,-0.477584634819001,-0.728884734389789,0.985588857311996,-0.1816096626775,1.17150091590291,-0.435641898326282,-0.283151120768266,"annual",431.212,4898.297,"2017","3"
"428",3,"rear",377,2018,"Alsea",3090,431212,4898297,-0.528603921490694,0.736559480554491,-0.118038222694044,-0.728884734389789,-1.08831478627875,-0.1816096626775,1.17150091590291,-0.435641898326282,-0.283151120768266,"annual",431.212,4898.297,"2018","3"
"424",3,"rear",460,2019,"Alsea",3090,431212,4898297,-0.528603921490694,0.0269423140055145,-0.717282242902307,-0.728884734389789,0.815596755378328,-0.1816096626775,1.17150091590291,-0.435641898326282,-0.283151120768266,"annual",431.212,4898.297,"2019","3"
"314",3,"rear",495,2020,"Alsea",3090,431212,4898297,-0.528603921490694,0.0269423140055145,-0.517534236166219,-0.728884734389789,-1.27530609840579,-0.1816096626775,1.17150091590291,-0.435641898326282,-0.283151120768266,"annual",431.212,4898.297,"2020","3"
"315",3,"rear",725,2021,"Alsea",3090,431212,4898297,-0.528603921490694,0.198970718017388,-0.517534236166219,-0.728884734389789,0.824096360475012,-0.1816096626775,1.17150091590291,-0.435641898326282,-0.283151120768266,"annual",431.212,4898.297,"2021","3"
"3382",2,"rear",60,2007,"Alsea",3093,438249,4902636,-0.92700694054408,-0.489142898030105,0.201558588083696,-0.487938591694461,-0.892823869055036,-1.20616794039479,2.20484371454799,2.28562804190364,-0.36027376464219,"once",438.249,4902.636,"2007","2"
"1227",2,"rear",86,1999,"Alsea",3104,439220,4913662,-0.5764122837771,1.05911273807675,-0.877080648291176,-0.610543929791642,-0.493342429510916,0.798402602965123,0.191541140066065,1.60531055684616,-0.570284656421952,"three",439.22,4913.662,"1999","2"
"1228",2,"rear",117,2002,"Alsea",3104,439220,4913662,-0.5764122837771,-0.575157100036041,0.0417601826948251,-0.610543929791642,-0.714332162024684,0.798402602965123,0.191541140066065,1.60531055684616,-0.570284656421952,"three",439.22,4913.662,"2002","2"
"1229",2,"rear",42,2005,"Alsea",3104,439220,4913662,-0.5764122837771,-0.381625145522684,0.281457790778131,-0.610543929791642,0.237623608803857,0.798402602965123,0.191541140066065,1.60531055684616,-0.570284656421952,"three",439.22,4913.662,"2005","2"
"1230",2,"rear",46,2008,"Alsea",3104,439220,4913662,-0.5764122837771,-0.274107393015263,-0.557483837513437,-0.610543929791642,-0.586838085574433,0.798402602965123,0.191541140066065,1.60531055684616,-0.570284656421952,"three",439.22,4913.662,"2008","2"
"1231",2,"rear",60,2011,"Alsea",3104,439220,4913662,-0.5764122837771,0.0699494150084828,-1.23662706041613,-0.610543929791642,0.382116895447475,0.798402602965123,0.191541140066065,1.60531055684616,-0.570284656421952,"three",439.22,4913.662,"2011","2"
"1232",2,"rear",29,2014,"Alsea",3104,439220,4913662,-0.5764122837771,-0.639667751540494,-0.237887026735697,-0.610543929791642,-0.110860200160163,0.798402602965123,0.191541140066065,1.60531055684616,-0.570284656421952,"three",439.22,4913.662,"2014","2"
"1226",2,"rear",64,2017,"Alsea",3104,439224,4913675,-0.5764122837771,-0.0160647869974538,-0.797181445596741,-0.610543929791642,0.441614131124259,0.798402602965123,0.191541140066065,1.60531055684616,-0.570284656421952,"three",439.224,4913.675,"2017","2"
"1193",2,"rear",70,2020,"Alsea",3104,439220,4913662,-0.5764122837771,-0.0160647869974538,-0.797181445596741,-0.610543929791642,0.441614131124259,0.798402602965123,0.191541140066065,1.60531055684616,-0.570284656421952,"three",439.22,4913.662,"2020","2"
"2547",2,"rear",15,2001,"Alsea",3105,439199,4916824,-0.672029008349913,-0.338618044519716,-1.31652626311057,1.46201935073808,-0.246853881707097,-1.60708204906677,1.38884608019357,5.00689798213357,-0.480110488200134,"nine",439.199,4916.824,"2001","2"
"2004",2,"rear",0,2000,"Alsea",3106,438544,4916579,-0.958879182068351,-0.833199706053851,-1.23662706041613,1.46201935073808,-0.875824658861669,-1.60708204906677,1.38884608019357,5.00689798213357,-0.469431968279129,"nine",438.544,4916.579,"2000","2"
"2331",3,"rear",6,1998,"Alsea",3117,441286,4911463,-0.703901249874184,-0.790192605050883,0.241508189430913,-0.425747478166906,-0.425345588737449,-0.00342561437884133,0.996099555247289,1.26515181431742,-0.442142417369894,"three",441.286,4911.463,"1998","3"
"2332",3,"rear",20,2001,"Alsea",3117,441286,4911463,-0.703901249874184,-0.811696155552367,-0.597433438860654,-0.425747478166906,-0.569838875381067,-0.00342561437884133,0.996099555247289,1.26515181431742,-0.442142417369894,"three",441.286,4911.463,"2001","3"
"2333",3,"rear",90,2004,"Alsea",3117,441286,4911463,-0.703901249874184,-0.553653549534557,0.361356993472565,-0.425747478166906,-0.612336900864484,-0.00342561437884133,0.996099555247289,1.26515181431742,-0.442142417369894,"three",441.286,4911.463,"2004","3"
"2334",3,"rear",59,2007,"Alsea",3117,441286,4911463,-0.703901249874184,-0.403128696024168,0.281457790778131,-0.425747478166906,-0.935321894538453,-0.00342561437884133,0.996099555247289,1.26515181431742,-0.442142417369894,"three",441.286,4911.463,"2007","3"
"2335",3,"rear",56,2010,"Alsea",3117,441286,4911463,-0.703901249874184,-0.87620680705682,-1.03687905368005,-0.425747478166906,0.832595965571695,-0.00342561437884133,0.996099555247289,1.26515181431742,-0.442142417369894,"three",441.286,4911.463,"2010","3"
"2336",3,"rear",238,2013,"Alsea",3117,441286,4911463,-0.703901249874184,-0.897710357558304,-0.197937425388479,-0.425747478166906,-0.136359015450213,-0.00342561437884133,0.996099555247289,1.26515181431742,-0.442142417369894,"three",441.286,4911.463,"2013","3"
"2330",3,"rear",114,2016,"Alsea",3117,441287,4911487,-0.703901249874184,0.284984920023324,-0.197937425388479,-0.425747478166906,-1.14781202195554,-0.00342561437884133,0.996099555247289,1.26515181431742,-0.442142417369894,"three",441.287,4911.487,"2016","3"
"2329",3,"rear",81,2019,"Alsea",3117,441286,4911463,-0.703901249874184,0.672048829050039,-0.996929452332829,-0.425747478166906,1.33407266627602,-0.00342561437884133,0.996099555247289,1.26515181431742,-0.442142417369894,"three",441.286,4911.463,"2019","3"
"2709",4,"rear",16,2007,"Alsea",3120,445447,4909898,-0.40111495539361,-0.575157100036041,0.361356993472565,-0.742744468261644,-1.07131557608539,1.64477683238375,0.401260158241265,-0.435641898326282,-0.382817306697645,"nine",445.447,4909.898,"2007","4"
"1556",4,"rear",39,2002,"Alsea",3130,450278,4915340,0.539116169572383,-0.467639347528621,0.880701810986393,0.792842969181588,-0.850325843571619,-0.359793710976159,0.576661518896888,-0.0954831557975414,-0.245183049938027,"nine",450.278,4915.34,"2002","4"
"2631",2,"rear",0,2004,"Alsea",3134,450634,4914711,-0.911070819781945,-0.747185504047915,2.75833307430561,-0.460219123950751,-0.714332162024684,-0.716161807573476,-0.36898059942038,-1.11595938338376,-0.251115561005252,"nine",450.634,4914.711,"2004","2"
"3037",3,"rear",1,2000,"Alsea",3138,455581,4914836,-0.560476163014965,-0.833199706053851,-0.0780886213468263,-0.69476846639753,-0.875824658861669,1.51113879615976,-0.182140019591565,0.58483432925994,-0.173992917131328,"once",455.581,4914.836,"2000","3"
"3156",3,"rear",262,2001,"Alsea",3149,458045,4917278,-0.464859438442152,-0.897710357558304,-0.757231844249525,0.0245161837725926,-0.918322684345086,-1.16162192832012,-0.269840699919377,1.9454692993749,-0.125346326380084,"once",458.045,4917.278,"2001","3"
"442",4,"rear",91,1998,"Alsea",3157,457122,4919283,0.778157981004415,-0.61816420103901,1.28019782445857,0.017053250149286,-0.467843614220866,0.664764566741129,0.191541140066065,-0.435641898326282,-0.120600317526304,"annual",457.122,4919.283,"1998","4"
"455",4,"rear",16,1999,"Alsea",3157,457122,4919283,0.778157981004415,0.951594985569333,0.201558588083696,0.017053250149286,-0.97781992002187,0.664764566741129,0.191541140066065,-0.435641898326282,-0.120600317526304,"annual",457.122,4919.283,"1999","4"
"456",4,"rear",357,2000,"Alsea",3157,457122,4919283,0.778157981004415,-0.833199706053851,0.401306594819783,0.017053250149286,-0.875824658861669,0.664764566741129,0.191541140066065,-0.435641898326282,-0.120600317526304,"annual",457.122,4919.283,"2000","4"
"457",4,"rear",854,2001,"Alsea",3157,457122,4919283,0.778157981004415,-0.897710357558304,0.281457790778131,0.017053250149286,-0.918322684345086,0.664764566741129,0.191541140066065,-0.435641898326282,-0.120600317526304,"annual",457.122,4919.283,"2001","4"
"458",4,"rear",334,2002,"Alsea",3157,457122,4919283,0.778157981004415,-0.510646448531589,1.08044981772248,0.017053250149286,-1.08831478627875,0.664764566741129,0.191541140066065,-0.435641898326282,-0.120600317526304,"annual",457.122,4919.283,"2002","4"
"459",4,"rear",1297,2003,"Alsea",3157,457122,4919283,0.778157981004415,-0.575157100036041,1.40004662850022,0.017053250149286,-0.297851512287198,0.664764566741129,0.191541140066065,-0.435641898326282,-0.120600317526304,"annual",457.122,4919.283,"2003","4"
"460",4,"rear",974,2004,"Alsea",3157,457122,4919283,0.778157981004415,-0.596660650537526,1.40004662850022,0.017053250149286,-0.884324263958353,0.664764566741129,0.191541140066065,-0.435641898326282,-0.120600317526304,"annual",457.122,4919.283,"2004","4"
"461",4,"rear",442,2005,"Alsea",3157,457122,4919283,0.778157981004415,-0.381625145522684,1.20029862176413,0.017053250149286,-0.263853091900464,0.664764566741129,0.191541140066065,-0.435641898326282,-0.120600317526304,"annual",457.122,4919.283,"2005","4"
"462",4,"rear",1357,2006,"Alsea",3157,457122,4919283,0.778157981004415,0.414006223032229,1.47994583119466,0.017053250149286,-0.986319525118553,0.664764566741129,0.191541140066065,-0.435641898326282,-0.120600317526304,"annual",457.122,4919.283,"2006","4"
"463",4,"rear",785,2007,"Alsea",3157,457122,4919283,0.778157981004415,-0.61816420103901,1.28019782445857,0.017053250149286,-1.13931241685885,0.664764566741129,0.191541140066065,-0.435641898326282,-0.120600317526304,"annual",457.122,4919.283,"2007","4"
"464",4,"rear",431,2008,"Alsea",3157,457122,4919283,0.778157981004415,0.715055930053007,0.920651412333611,0.017053250149286,-1.03731715569865,0.664764566741129,0.191541140066065,-0.435641898326282,-0.120600317526304,"annual",457.122,4919.283,"2008","4"
"465",4,"rear",938,2009,"Alsea",3157,457122,4919283,0.778157981004415,-0.639667751540494,1.43999622984744,0.017053250149286,-0.510341639704283,0.664764566741129,0.191541140066065,-0.435641898326282,-0.120600317526304,"annual",457.122,4919.283,"2009","4"
"466",4,"rear",785,2010,"Alsea",3157,457122,4919283,0.778157981004415,-0.940717458561272,0.601054601555871,0.017053250149286,0.203625188417123,0.664764566741129,0.191541140066065,-0.435641898326282,-0.120600317526304,"annual",457.122,4919.283,"2010","4"
"467",4,"rear",887,2011,"Alsea",3157,457122,4919283,0.778157981004415,-0.575157100036041,0.0817097840420431,0.017053250149286,0.0931303221602389,0.664764566741129,0.191541140066065,-0.435641898326282,-0.120600317526304,"annual",457.122,4919.283,"2011","4"
"468",4,"rear",1242,2012,"Alsea",3157,457122,4919283,0.778157981004415,1.38166599559902,0.441256196167,0.017053250149286,-0.544340060091016,0.664764566741129,0.191541140066065,-0.435641898326282,-0.120600317526304,"annual",457.122,4919.283,"2012","4"
"469",4,"rear",1215,2013,"Alsea",3157,457122,4919283,0.778157981004415,-0.811696155552367,1.24024822311135,0.017053250149286,-0.586838085574433,0.664764566741129,0.191541140066065,-0.435641898326282,-0.120600317526304,"annual",457.122,4919.283,"2013","4"
"470",4,"rear",943,2014,"Alsea",3157,457122,4919283,0.778157981004415,-0.704178403044946,1.47994583119466,0.017053250149286,-0.6038372957678,0.664764566741129,0.191541140066065,-0.435641898326282,-0.120600317526304,"annual",457.122,4919.283,"2014","4"
"438",4,"rear",1624,2015,"Alsea",3157,457121,4919282,0.778157981004415,0.177467167515903,1.51989543254187,0.017053250149286,-1.47079701562951,0.664764566741129,0.191541140066065,-0.435641898326282,-0.120600317526304,"annual",457.121,4919.282,"2015","4"
"439",4,"rear",659,2016,"Alsea",3157,457121,4919282,0.778157981004415,0.0914529655099669,0.641004202903087,0.017053250149286,-1.03731715569865,0.664764566741129,0.191541140066065,-0.435641898326282,-0.120600317526304,"annual",457.121,4919.282,"2016","4"
"440",4,"rear",924,2017,"Alsea",3157,457121,4919282,0.778157981004415,0.134460066512935,0.880701810986393,0.017053250149286,-0.12785941035353,0.664764566741129,0.191541140066065,-0.435641898326282,-0.120600317526304,"annual",457.121,4919.282,"2017","4"
"441",4,"rear",747,2018,"Alsea",3157,457121,4919282,0.778157981004415,0.134460066512935,1.24024822311135,0.017053250149286,0.59460702286456,0.664764566741129,0.191541140066065,-0.435641898326282,-0.120600317526304,"annual",457.121,4919.282,"2018","4"
"437",4,"rear",1435,2019,"Alsea",3157,457122,4919283,0.778157981004415,0.672048829050039,0.361356993472565,0.017053250149286,1.33407266627602,0.664764566741129,0.191541140066065,-0.435641898326282,-0.120600317526304,"annual",457.122,4919.283,"2019","4"
"316",4,"rear",775,2020,"Alsea",3157,457122,4919283,0.778157981004415,-0.0160647869974538,0.76085300694474,0.017053250149286,0.441614131124259,0.664764566741129,0.191541140066065,-0.435641898326282,-0.120600317526304,"annual",457.122,4919.283,"2020","4"
"317",4,"rear",541,2021,"Alsea",3157,457122,4919283,0.778157981004415,-0.575157100036041,0.76085300694474,0.017053250149286,0.0931303221602389,0.664764566741129,0.191541140066065,-0.435641898326282,-0.120600317526304,"annual",457.122,4919.283,"2021","4"
"1630",3,"rear",19,2005,"Alsea",3184,449992,4908624,-0.703901249874184,-0.0805754385019062,0.481205797514218,-0.645015575575486,0.475612551510992,0.932040639189117,0.816885121533936,0.58483432925994,-0.139584352941423,"nine",449.992,4908.624,"2005","3"
"3306",3,"rear",162,2005,"Alsea",3187,450548,4907290,-0.385178834631474,-0.0805754385019062,0.0817097840420431,0.120112809709235,0.475612551510992,-0.404339723050823,0.790193610129819,1.60531055684616,-0.128905833020419,"once",450.548,4907.29,"2005","3"
"3271",4,"rear",691,2004,"Alsea",3190,451883,4907883,-0.066456419388765,-0.510646448531589,-0.35773583077735,0.264040815301576,-0.484842824414232,0.0411203976958234,0.290681039567069,1.26515181431742,-0.132465339660753,"once",451.883,4907.883,"2004","4"
"1779",3,"rear",462,2012,"Alsea",3194,453932,4909353,-0.337370472345068,2.17729736415393,-0.277836628082914,0.468383045463543,0.56910820757451,-1.11707591624546,0.843576632938052,1.26515181431742,-0.156195383929653,"three",453.932,4909.353,"2012","3"
"1777",3,"rear",498,2015,"Alsea",3194,453931,4909352,-0.337370472345068,0.607538177545586,0.521155398861436,0.468383045463543,-0.97781992002187,-1.11707591624546,0.843576632938052,1.26515181431742,-0.156195383929653,"three",453.931,4909.352,"2015","3"
"1778",3,"rear",413,2018,"Alsea",3194,453931,4909352,-0.337370472345068,0.586034627044102,0.441256196167,0.468383045463543,-0.357348747963981,-1.11707591624546,0.843576632938052,1.26515181431742,-0.156195383929653,"three",453.931,4909.352,"2018","3"
"1739",3,"rear",210,2021,"Alsea",3194,453932,4909353,-0.337370472345068,0.134460066512935,-0.197937425388479,0.468383045463543,0.713601494218127,-1.11707591624546,0.843576632938052,1.26515181431742,-0.156195383929653,"three",453.932,4909.353,"2021","3"
"2193",5,"rear",76,2006,"Alsea",3198,455020,4909519,1.49528341530051,0.327992021026292,1.51989543254187,0.793909102556346,-0.399846773447398,-0.0925176385281708,0.0161397794104424,-0.775800640855023,-0.136024846301088,"nine",455.02,4909.519,"2006","5"
"3307",5,"rear",92,2005,"Alsea",3209,458763,4909217,1.16062487929567,-0.725681953546431,1.04050021637526,-0.391275832383062,-0.365848353060665,-0.00342561437884133,-0.24314918851526,-0.775800640855023,-0.0672077179212793,"once",458.763,4909.217,"2005","5"
"3228",5,"rear",189,2003,"Beaver",3229,419100,4928865,1.06500815472285,-0.403128696024168,0.401306594819783,-0.73599229022151,0.16962676803039,1.15477069956244,1.48035983357912,-1.11595938338376,-1.05793706614784,"once",419.1,4928.865,"2003","5"
"1213",4,"rear",284,1999,"Beaver",3231,422014,4927816,-0.146137023199442,1.08061628857824,-1.07682865502726,0.682320475998333,-0.255353486803781,0.932040639189117,1.01135184747821,-0.435641898326282,-1.01047697761004,"three",422.014,4927.816,"1999","4"
"1214",4,"rear",1342,2002,"Beaver",3231,422014,4927816,-0.146137023199442,-0.596660650537526,-0.557483837513437,0.682320475998333,-0.518841244800966,0.932040639189117,1.01135184747821,-0.435641898326282,-1.01047697761004,"three",422.014,4927.816,"2002","4"
"1215",4,"rear",832,2005,"Beaver",3231,422014,4927816,-0.146137023199442,-0.446135797027137,-0.677332641555089,0.682320475998333,0.433114526027575,0.932040639189117,1.01135184747821,-0.435641898326282,-1.01047697761004,"three",422.014,4927.816,"2005","4"
"1216",4,"rear",807,2008,"Beaver",3231,422014,4927816,-0.146137023199442,0.134460066512935,-1.23662706041613,0.682320475998333,-0.586838085574433,0.932040639189117,1.01135184747821,-0.435641898326282,-1.01047697761004,"three",422.014,4927.816,"2008","4"
"1217",4,"rear",380,2011,"Beaver",3231,422014,4927816,-0.146137023199442,0.241977819020356,-1.1567278577217,0.682320475998333,0.577607812671193,0.932040639189117,1.01135184747821,-0.435641898326282,-1.01047697761004,"three",422.014,4927.816,"2011","4"
"1218",4,"rear",453,2014,"Beaver",3231,422014,4927816,-0.146137023199442,-0.919213908059788,-0.517534236166219,0.682320475998333,0.0421326915801385,0.932040639189117,1.01135184747821,-0.435641898326282,-1.01047697761004,"three",422.014,4927.816,"2014","4"
"1212",4,"rear",289,2017,"Beaver",3231,422014,4927816,-0.146137023199442,0.177467167515903,-0.996929452332829,0.682320475998333,-0.986319525118553,0.932040639189117,1.01135184747821,-0.435641898326282,-1.01047697761004,"three",422.014,4927.816,"2017","4"
"3380",4,"rear",1213,2007,"Beaver",3247,421949,4930652,0.507243928048112,-0.596660650537526,0.241508189430913,-0.776149980670731,-0.790828607894835,0.130212421845153,1.57949973308012,-0.775800640855023,-0.979627920060472,"once",421.949,4930.652,"2007","4"
"406",2,"rear",65,2007,"Beaver",3249,426312,4931636,-0.735773491398455,-0.596660650537526,-1.27657666176335,-0.269381249869053,-0.790828607894835,-1.42889800076811,1.13718325838333,0.58483432925994,-0.904878280613438,"annual",426.312,4931.636,"2007","2"
"407",2,"rear",4,2008,"Beaver",3249,426312,4931636,-0.735773491398455,0.0914529655099669,-1.95571988466605,-0.269381249869053,-0.493342429510916,-1.42889800076811,1.13718325838333,0.58483432925994,-0.904878280613438,"annual",426.312,4931.636,"2008","2"
"408",2,"rear",102,2009,"Beaver",3249,426312,4931636,-0.735773491398455,-0.166589640507843,-1.63612307388831,-0.269381249869053,0.0251334813867717,-1.42889800076811,1.13718325838333,0.58483432925994,-0.904878280613438,"annual",426.312,4931.636,"2009","2"
"409",2,"rear",50,2010,"Beaver",3249,426312,4931636,-0.735773491398455,-0.682674852543462,-2.0755686887077,-0.269381249869053,1.01108767260205,-1.42889800076811,1.13718325838333,0.58483432925994,-0.904878280613438,"annual",426.312,4931.636,"2010","2"
"410",2,"rear",29,2011,"Beaver",3249,426312,4931636,-0.735773491398455,0.177467167515903,-2.03561908736048,-0.269381249869053,0.628605443251293,-1.42889800076811,1.13718325838333,0.58483432925994,-0.904878280613438,"annual",426.312,4931.636,"2011","2"
"411",2,"rear",90,2012,"Beaver",3249,426312,4931636,-0.735773491398455,1.76872990462573,-1.8358710806244,-0.269381249869053,0.56910820757451,-1.42889800076811,1.13718325838333,0.58483432925994,-0.904878280613438,"annual",426.312,4931.636,"2012","2"
"412",2,"rear",133,2013,"Beaver",3249,426312,4931636,-0.735773491398455,-0.682674852543462,-1.71602227658274,-0.269381249869053,0.0421326915801385,-1.42889800076811,1.13718325838333,0.58483432925994,-0.904878280613438,"annual",426.312,4931.636,"2013","2"
"413",2,"rear",1,2014,"Beaver",3249,426312,4931636,-0.735773491398455,-0.811696155552367,-1.396425465805,-0.269381249869053,0.0506322966768219,-1.42889800076811,1.13718325838333,0.58483432925994,-0.904878280613438,"annual",426.312,4931.636,"2014","2"
"402",2,"rear",8,2015,"Beaver",3249,426312,4931636,-0.735773491398455,-0.682674852543462,-1.19667745906892,-0.269381249869053,0.0421326915801385,-1.42889800076811,1.13718325838333,0.58483432925994,-0.904878280613438,"annual",426.312,4931.636,"2015","2"
"403",2,"rear",0,2016,"Beaver",3249,426312,4931636,-0.735773491398455,-0.811696155552367,-1.67607267523553,-0.269381249869053,0.0506322966768219,-1.42889800076811,1.13718325838333,0.58483432925994,-0.904878280613438,"annual",426.312,4931.636,"2016","2"
"404",2,"rear",49,2017,"Beaver",3249,426312,4931636,-0.735773491398455,0.177467167515903,-1.8358710806244,-0.269381249869053,-0.986319525118553,-1.42889800076811,1.13718325838333,0.58483432925994,-0.904878280613438,"annual",426.312,4931.636,"2017","2"
"405",2,"rear",14,2018,"Beaver",3249,426312,4931636,-0.735773491398455,0.435509773533713,-1.51627426984666,-0.269381249869053,-1.10531399647212,-1.42889800076811,1.13718325838333,0.58483432925994,-0.904878280613438,"annual",426.312,4931.636,"2018","2"
"401",2,"rear",38,2019,"Beaver",3249,426312,4931636,-0.735773491398455,0.414006223032229,-1.55622387119387,-0.269381249869053,0.866594385958429,-1.42889800076811,1.13718325838333,0.58483432925994,-0.904878280613438,"annual",426.312,4931.636,"2019","2"
"313",2,"rear",37,2020,"Beaver",3249,426312,4931636,-0.735773491398455,0.414006223032229,-1.8358710806244,-0.269381249869053,0.866594385958429,-1.42889800076811,1.13718325838333,0.58483432925994,-0.904878280613438,"annual",426.312,4931.636,"2020","2"
"3227",3,"rear",24,2003,"Yaquina",3262,426338,4938090,-0.735773491398455,-0.532149999033073,1.08044981772248,-0.752339668634467,-0.0513629644833789,1.55568480823442,-1.4442672017005,0.244675586731199,-0.949965364724347,"once",426.338,4938.09,"2003","3"
"2627",3,"rear",195,2004,"Yaquina",3264,422773,4944444,-0.735773491398455,-0.639667751540494,0.441256196167,-0.619072996789706,-0.722831767121368,0.798402602965123,-1.74549997326124,-0.0954831557975414,-0.849112676581523,"nine",422.773,4944.444,"2004","3"
"2307",4,"rear",275,2010,"Yaquina",3265,423126,4943406,-0.592348404539236,-0.704178403044946,-0.797181445596741,-0.619072996789706,0.637105048347977,1.60023082030909,-1.74549997326124,-0.0954831557975414,-0.864537205356308,"three",423.126,4943.406,"2010","4"
"2308",4,"rear",0,2013,"Yaquina",3265,423126,4943406,-0.592348404539236,-0.854703256555335,-0.477584634819001,-0.619072996789706,-0.374347958157348,1.60023082030909,-1.74549997326124,-0.0954831557975414,-0.864537205356308,"three",423.126,4943.406,"2013","4"
"2091",4,"rear",53,2021,"Yaquina",3276,423419,4949363,-0.640156766825642,0.758063031055975,-0.797181445596741,-0.531650060059543,1.2405770102125,-0.359793710976159,-1.0743991151006,-0.435641898326282,-0.781482050415159,"nine",423.419,4949.363,"2021","4"
"1762",2,"rear",76,2000,"Yaquina",3280,427455,4944622,-0.815454095209132,-0.446135797027137,0.00181058134760843,-0.674156554485541,-0.15335822564358,0.798402602965123,-0.792231708828513,0.924993071788681,-0.830128641166404,"three",427.455,4944.622,"2000","2"
"1763",2,"rear",70,2006,"Yaquina",3280,427455,4944622,-0.815454095209132,-0.381625145522684,-0.118038222694044,-0.674156554485541,-0.807827818088202,0.798402602965123,-0.792231708828513,0.924993071788681,-0.830128641166404,"three",427.455,4944.622,"2006","2"
"1207",3,"rear",6,2002,"Yaquina",3285,426703,4945857,-0.735773491398455,-0.833199706053851,0.401306594819783,-0.79143122570893,-0.765329792604785,1.55568480823442,-1.58535090483654,-0.435641898326282,-0.808771601324394,"three",426.703,4945.857,"2002","3"
"1208",3,"rear",15,2005,"Yaquina",3285,426703,4945857,-0.735773491398455,-0.661171302041978,0.321407392125349,-0.79143122570893,0.263122424093907,1.55568480823442,-1.58535090483654,-0.435641898326282,-0.808771601324394,"three",426.703,4945.857,"2005","3"
"1209",3,"rear",24,2008,"Yaquina",3285,426703,4945857,-0.735773491398455,-0.188093191009327,-0.277836628082914,-0.79143122570893,-0.612336900864484,1.55568480823442,-1.58535090483654,-0.435641898326282,-0.808771601324394,"three",426.703,4945.857,"2008","3"
"1210",3,"rear",13,2011,"Yaquina",3285,426703,4945857,-0.735773491398455,0.112956516011451,-0.197937425388479,-0.79143122570893,0.24612321390054,1.55568480823442,-1.58535090483654,-0.435641898326282,-0.808771601324394,"three",426.703,4945.857,"2011","3"
"1211",3,"rear",14,2014,"Yaquina",3285,426703,4945857,-0.735773491398455,-1.06973876157018,0.521155398861436,-0.79143122570893,-0.306351117383881,1.55568480823442,-1.58535090483654,-0.435641898326282,-0.808771601324394,"three",426.703,4945.857,"2014","3"
"1206",3,"rear",142,2017,"Yaquina",3285,426703,4945857,-0.735773491398455,0.392502672530745,-0.0381390199996096,-0.79143122570893,-0.97781992002187,1.55568480823442,-1.58535090483654,-0.435641898326282,-0.808771601324394,"three",426.703,4945.857,"2017","3"
"1191",3,"rear",35,2020,"Yaquina",3285,426703,4945857,-0.735773491398455,0.392502672530745,-0.0780886213468263,-0.79143122570893,-0.97781992002187,1.55568480823442,-1.58535090483654,-0.435641898326282,-0.808771601324394,"three",426.703,4945.857,"2020","3"
"1993",3,"rear",298,2000,"Yaquina",3289,428651,4936769,-0.831390215971268,-0.446135797027137,1.1203994190697,-0.158503378894212,-0.15335822564358,0.174758433919818,1.35071534961626,-0.775800640855023,-0.852672183221858,"nine",428.651,4936.769,"2000","3"
"3304",3,"rear",47,2005,"Yaquina",3293,429643,4942242,-0.799517974446997,-0.661171302041978,0.321407392125349,-0.777571491837075,0.280121634287274,1.46659278408509,-1.70736924268393,-0.0954831557975414,-0.728089450810135,"once",429.643,4942.242,"2005","3"
"1766",4,"rear",39,2000,"Yaquina",3296,433819,4937999,-0.034584177864494,-0.446135797027137,0.241508189430913,-0.464128279658197,-0.15335822564358,-0.0925176385281708,-0.170700800418373,-0.0954831557975414,-0.637915282588316,"three",433.819,4937.999,"2000","4"
"1767",4,"rear",293,2003,"Yaquina",3296,433819,4937999,-0.034584177864494,-0.317114494018232,0.561105000208653,-0.464128279658197,0.297120844480641,-0.0925176385281708,-0.170700800418373,-0.0954831557975414,-0.637915282588316,"three",433.819,4937.999,"2003","4"
"1768",4,"rear",333,2009,"Yaquina",3296,433819,4937999,-0.034584177864494,-0.0375683374989379,0.441256196167,-0.464128279658197,0.19512558332044,-0.0925176385281708,-0.170700800418373,-0.0954831557975414,-0.637915282588316,"three",433.819,4937.999,"2009","4"
"1769",4,"rear",953,2012,"Yaquina",3296,433819,4937999,-0.034584177864494,1.85474410663167,0.121659385389261,-0.464128279658197,0.467112946414309,-0.0925176385281708,-0.170700800418373,-0.0954831557975414,-0.637915282588316,"three",433.819,4937.999,"2012","4"
"1764",4,"rear",735,2015,"Yaquina",3296,433819,4938000,-0.034584177864494,0.392502672530745,0.920651412333611,-0.464128279658197,-0.97781992002187,-0.0925176385281708,-0.170700800418373,-0.0954831557975414,-0.637915282588316,"three",433.819,4938,"2015","4"
"1765",4,"rear",534,2018,"Yaquina",3296,433819,4938000,-0.034584177864494,0.457013324035197,0.561105000208653,-0.464128279658197,-0.0513629644833789,-0.0925176385281708,-0.170700800418373,-0.0954831557975414,-0.637915282588316,"three",433.819,4938,"2018","4"
"3194",4,"rear",124,2002,"Yaquina",3300,434706,4936695,-0.22581762701012,-0.704178403044946,0.880701810986393,-0.551551216388361,-0.5528396651877,0.0411203976958234,-0.426176695286344,-0.775800640855023,-0.605879722825302,"once",434.706,4936.695,"2002","4"
"2311",4,"rear",45,1998,"Yaquina",3311,438174,4935483,-0.146137023199442,-0.854703256555335,0.920651412333611,-0.330150852230264,-0.450844404027499,-0.226155674752164,-0.796044781886243,-0.435641898326282,-0.456380443931234,"three",438.174,4935.483,"1998","4"
"2312",4,"rear",386,2001,"Yaquina",3311,438174,4935483,-0.146137023199442,-0.897710357558304,0.0417601826948251,-0.330150852230264,-0.357348747963981,-0.226155674752164,-0.796044781886243,-0.435641898326282,-0.456380443931234,"three",438.174,4935.483,"2001","4"
"2313",4,"rear",502,2004,"Yaquina",3311,438174,4935483,-0.146137023199442,-0.61816420103901,1.1203994190697,-0.330150852230264,-0.62933611105785,-0.226155674752164,-0.796044781886243,-0.435641898326282,-0.456380443931234,"three",438.174,4935.483,"2004","4"
"2310",4,"rear",83,2016,"Yaquina",3311,438174,4935483,-0.146137023199442,-0.596660650537526,0.361356993472565,-0.330150852230264,0.178126373127073,-0.226155674752164,-0.796044781886243,-0.435641898326282,-0.456380443931234,"three",438.174,4935.483,"2016","4"
"2309",4,"rear",338,2019,"Yaquina",3311,438174,4935483,-0.146137023199442,0.758063031055975,0.481205797514218,-0.330150852230264,1.40206950704948,-0.226155674752164,-0.796044781886243,-0.435641898326282,-0.456380443931234,"three",438.174,4935.483,"2019","4"
"2100",4,"rear",493,2003,"Yaquina",3317,444203,4936498,-0.512667800728558,-0.639667751540494,0.481205797514218,-0.576072284007797,0.161127162933706,1.28840873578643,0.790193610129819,-0.0954831557975414,-0.327051702665731,"nine",444.203,4936.498,"2003","4"
"2101",4,"rear",366,2012,"Yaquina",3317,444203,4936498,-0.512667800728558,1.8117370056287,-0.277836628082914,-0.576072284007797,0.127128742546973,1.28840873578643,0.790193610129819,-0.0954831557975414,-0.327051702665731,"nine",444.203,4936.498,"2012","4"
"2092",4,"rear",44,2021,"Yaquina",3317,444203,4936498,-0.512667800728558,0.758063031055975,-0.797181445596741,-0.576072284007797,1.2405770102125,1.28840873578643,0.790193610129819,-0.0954831557975414,-0.327051702665731,"nine",444.203,4936.498,"2021","4"
"2774",3,"rear",0,1999,"Yaquina",3325,441265,4926494,-0.640156766825642,2.04827606114502,-1.11677825637448,0.621550873637122,0.127128742546973,-0.448885735125488,-0.193579238764758,0.924993071788681,-0.234504530017022,"once",441.265,4926.494,"1999","3"
"370",5,"rear",66,1998,"Yaquina",3336,445412,4933430,0.459435565761706,-0.919213908059788,1.28019782445857,-0.589576640088066,-0.433845193834132,-0.1816096626775,0.492773911626807,-0.775800640855023,-0.284337622981711,"annual",445.412,4933.43,"1998","5"
"371",5,"rear",532,1999,"Yaquina",3336,445412,4933430,0.459435565761706,1.05911273807675,0.241508189430913,-0.589576640088066,-0.586838085574433,-0.1816096626775,0.492773911626807,-0.775800640855023,-0.284337622981711,"annual",445.412,4933.43,"1999","5"
"372",5,"rear",735,2000,"Yaquina",3336,445412,4933430,0.459435565761706,-0.897710357558304,0.521155398861436,-0.589576640088066,-0.484842824414232,-0.1816096626775,0.492773911626807,-0.775800640855023,-0.284337622981711,"annual",445.412,4933.43,"2000","5"
"373",5,"rear",597,2001,"Yaquina",3336,445412,4933430,0.459435565761706,-0.897710357558304,0.321407392125349,-0.589576640088066,-0.52734084989765,-0.1816096626775,0.492773911626807,-0.775800640855023,-0.284337622981711,"annual",445.412,4933.43,"2001","5"
"374",5,"rear",725,2002,"Yaquina",3336,445412,4933430,0.459435565761706,-0.510646448531589,1.08044981772248,-0.589576640088066,-0.748330582411418,-0.1816096626775,0.492773911626807,-0.775800640855023,-0.284337622981711,"annual",445.412,4933.43,"2002","5"
"375",5,"rear",268,2003,"Yaquina",3336,445412,4933430,0.459435565761706,-0.596660650537526,1.28019782445857,-0.589576640088066,0.0506322966768219,-0.1816096626775,0.492773911626807,-0.775800640855023,-0.284337622981711,"annual",445.412,4933.43,"2003","5"
"376",5,"rear",500,2004,"Yaquina",3336,445412,4933430,0.459435565761706,-0.661171302041978,1.43999622984744,-0.589576640088066,-0.671834136541267,-0.1816096626775,0.492773911626807,-0.775800640855023,-0.284337622981711,"annual",445.412,4933.43,"2004","5"
"377",5,"rear",391,2005,"Yaquina",3336,445412,4933430,0.459435565761706,-0.231100292012295,1.20029862176413,-0.589576640088066,-0.000365333903278495,-0.1816096626775,0.492773911626807,-0.775800640855023,-0.284337622981711,"annual",445.412,4933.43,"2005","5"
"378",5,"rear",1162,2006,"Yaquina",3336,445412,4933430,0.459435565761706,0.0699494150084828,1.28019782445857,-0.589576640088066,-0.833326633378252,-0.1816096626775,0.492773911626807,-0.775800640855023,-0.284337622981711,"annual",445.412,4933.43,"2006","5"
"379",5,"rear",490,2007,"Yaquina",3336,445412,4933430,0.459435565761706,-0.639667751540494,1.32014742580579,-0.589576640088066,-0.918322684345086,-0.1816096626775,0.492773911626807,-0.775800640855023,-0.284337622981711,"annual",445.412,4933.43,"2007","5"
"380",5,"rear",786,2008,"Yaquina",3336,445412,4933430,0.459435565761706,0.306488470524808,0.521155398861436,-0.589576640088066,-0.314850722480564,-0.1816096626775,0.492773911626807,-0.775800640855023,-0.284337622981711,"annual",445.412,4933.43,"2008","5"
"381",5,"rear",738,2009,"Yaquina",3336,445412,4933430,0.459435565761706,-0.338618044519716,0.960601013680828,-0.589576640088066,-0.110860200160163,-0.1816096626775,0.492773911626807,-0.775800640855023,-0.284337622981711,"annual",445.412,4933.43,"2009","5"
"382",5,"rear",362,2010,"Yaquina",3336,445412,4933430,0.459435565761706,-1.00522811006572,0.201558588083696,-0.589576640088066,0.62010583815461,-0.1816096626775,0.492773911626807,-0.775800640855023,-0.284337622981711,"annual",445.412,4933.43,"2010","5"
"383",5,"rear",860,2011,"Yaquina",3336,445412,4933430,0.459435565761706,-0.338618044519716,-0.0381390199996096,-0.589576640088066,0.458613341317625,-0.1816096626775,0.492773911626807,-0.775800640855023,-0.284337622981711,"annual",445.412,4933.43,"2011","5"
"384",5,"rear",565,2012,"Yaquina",3336,445412,4933430,0.459435565761706,1.68271570261979,0.481205797514218,-0.589576640088066,-0.102360595063479,-0.1816096626775,0.492773911626807,-0.775800640855023,-0.284337622981711,"annual",445.412,4933.43,"2012","5"
"385",5,"rear",518,2013,"Yaquina",3336,445412,4933430,0.459435565761706,-0.919213908059788,0.880701810986393,-0.589576640088066,-0.280852302093831,-0.1816096626775,0.492773911626807,-0.775800640855023,-0.284337622981711,"annual",445.412,4933.43,"2013","5"
"386",5,"rear",430,2014,"Yaquina",3336,445412,4933430,0.459435565761706,-0.682674852543462,1.08044981772248,-0.589576640088066,-0.306351117383881,-0.1816096626775,0.492773911626807,-0.775800640855023,-0.284337622981711,"annual",445.412,4933.43,"2014","5"
"366",5,"rear",836,2015,"Yaquina",3336,445412,4933430,0.459435565761706,-0.919213908059788,1.04050021637526,-0.589576640088066,-0.280852302093831,-0.1816096626775,0.492773911626807,-0.775800640855023,-0.284337622981711,"annual",445.412,4933.43,"2015","5"
"367",5,"rear",393,2016,"Yaquina",3336,445412,4933430,0.459435565761706,-0.682674852543462,0.720903405597524,-0.589576640088066,-0.306351117383881,-0.1816096626775,0.492773911626807,-0.775800640855023,-0.284337622981711,"annual",445.412,4933.43,"2016","5"
"368",5,"rear",833,2017,"Yaquina",3336,445412,4933430,0.459435565761706,0.758063031055975,0.601054601555871,-0.589576640088066,1.40206950704948,-0.1816096626775,0.492773911626807,-0.775800640855023,-0.284337622981711,"annual",445.412,4933.43,"2017","5"
"369",5,"rear",900,2018,"Yaquina",3336,445412,4933430,0.459435565761706,0.134460066512935,1.08044981772248,-0.589576640088066,-0.994819130215237,-0.1816096626775,0.492773911626807,-0.775800640855023,-0.284337622981711,"annual",445.412,4933.43,"2018","5"
"365",5,"rear",1144,2019,"Yaquina",3336,445412,4933430,0.459435565761706,0.758063031055975,0.361356993472565,-0.589576640088066,1.40206950704948,-0.1816096626775,0.492773911626807,-0.775800640855023,-0.284337622981711,"annual",445.412,4933.43,"2019","5"
"309",5,"rear",1227,2020,"Yaquina",3336,445412,4933430,0.459435565761706,0.758063031055975,0.441256196167,-0.589576640088066,1.40206950704948,-0.1816096626775,0.492773911626807,-0.775800640855023,-0.284337622981711,"annual",445.412,4933.43,"2020","5"
"310",5,"rear",1146,2021,"Yaquina",3336,445412,4933430,0.459435565761706,-0.338618044519716,0.441256196167,-0.589576640088066,0.458613341317625,-0.1816096626775,0.492773911626807,-0.775800640855023,-0.284337622981711,"annual",445.412,4933.43,"2021","5"
"1995",4,"rear",71,2000,"Yaquina",3346,445006,4931584,0.810030222528686,-0.897710357558304,0.441256196167,-0.654255398156723,-0.484842824414232,1.28840873578643,0.713932148975201,-1.11595938338376,-0.299762151756496,"nine",445.006,4931.584,"2000","4"
"1994",4,"rear",36,2018,"Yaquina",3346,445006,4931584,0.810030222528686,0.736559480554491,1.00055061502805,-0.654255398156723,-0.195856251126997,1.28840873578643,0.713932148975201,-1.11595938338376,-0.299762151756496,"nine",445.006,4931.584,"2018","4"
"2190",1,"rear",224,2006,"Yaquina",3367,432881,4948472,-1.08636814816544,-0.317114494018232,0.00181058134760843,0.26013165959413,-0.807827818088202,-0.0925176385281708,-2.53861916926927,-0.0954831557975414,-0.611812233892527,"nine",432.881,4948.472,"2006","1"
"1997",1,"rear",115,2009,"Yaquina",3370,433583,4945312,-1.18198487273825,-0.274107393015263,0.521155398861436,-0.722487934141241,0.0166338762900883,-0.0925176385281708,-2.26789098217038,-0.775800640855023,-0.612998736105972,"nine",433.583,4945.312,"2009","1"
"1996",1,"rear",75,2018,"Yaquina",3370,433583,4945312,-1.18198487273825,0.198970718017388,0.840752209639175,-0.722487934141241,-0.195856251126997,-0.0925176385281708,-2.26789098217038,-0.775800640855023,-0.612998736105972,"nine",433.583,4945.312,"2018","1"
"3195",5,"rear",450,2002,"Yaquina",3372,434563,4947468,-0.273625989296526,-0.747185504047915,0.800802608291958,-0.722487934141241,-0.688833346734634,-0.1816096626775,-2.26789098217038,-0.775800640855023,-0.580963176342957,"once",434.563,4947.468,"2002","5"
"3196",4,"rear",395,2002,"Yaquina",3375,434580,4948454,-0.640156766825642,-0.747185504047915,0.481205797514218,-0.503575214524247,-0.688833346734634,0.0411203976958234,-0.944754631137749,-0.0954831557975414,-0.566725149781617,"once",434.58,4948.454,"2002","4"
"2628",2,"rear",61,2004,"Yaquina",3382,439362,4941306,-0.92700694054408,-0.747185504047915,0.601054601555871,-0.417573788960428,-0.739830977314735,-2.09708818188808,-1.39469725195,1.60531055684616,-0.457566946144679,"nine",439.362,4941.306,"2004","2"
"2629",2,"rear",73,2013,"Yaquina",3382,439362,4941306,-0.92700694054408,-1.09124231207166,0.0817097840420431,-0.417573788960428,-0.331849932673931,-2.09708818188808,-1.39469725195,1.60531055684616,-0.457566946144679,"nine",439.362,4941.306,"2013","2"
"387",2,"rear",12,1998,"Yaquina",3390,442396,4943036,-0.89513469901981,-0.87620680705682,0.840752209639175,-0.62049450795605,-0.510341639704283,-0.9388918679468,-0.170700800418373,0.924993071788681,-0.382817306697645,"annual",442.396,4943.036,"1998","2"
"388",2,"rear",52,1999,"Yaquina",3390,442396,4943036,-0.89513469901981,0.52152397553965,-0.0780886213468263,-0.62049450795605,-0.569838875381067,-0.9388918679468,-0.170700800418373,0.924993071788681,-0.382817306697645,"annual",442.396,4943.036,"1999","2"
"389",2,"rear",168,2000,"Yaquina",3390,442396,4943036,-0.89513469901981,-0.897710357558304,0.281457790778131,-0.62049450795605,-0.484842824414232,-0.9388918679468,-0.170700800418373,0.924993071788681,-0.382817306697645,"annual",442.396,4943.036,"2000","2"
"390",2,"rear",16,2001,"Yaquina",3390,442396,4943036,-0.89513469901981,-1.26327071608353,-0.0381390199996096,-0.62049450795605,-0.6038372957678,-0.9388918679468,-0.170700800418373,0.924993071788681,-0.382817306697645,"annual",442.396,4943.036,"2001","2"
"391",2,"rear",78,2002,"Yaquina",3390,442396,4943036,-0.89513469901981,-0.940717458561272,0.680953804250306,-0.62049450795605,-0.748330582411418,-0.9388918679468,-0.170700800418373,0.924993071788681,-0.382817306697645,"annual",442.396,4943.036,"2002","2"
"392",2,"rear",111,2003,"Yaquina",3390,442396,4943036,-0.89513469901981,-0.725681953546431,0.76085300694474,-0.62049450795605,-0.000365333903278495,-0.9388918679468,-0.170700800418373,0.924993071788681,-0.382817306697645,"annual",442.396,4943.036,"2003","2"
"393",2,"rear",70,2004,"Yaquina",3390,442396,4943036,-0.89513469901981,-0.747185504047915,1.08044981772248,-0.62049450795605,-0.739830977314735,-0.9388918679468,-0.170700800418373,0.924993071788681,-0.382817306697645,"annual",442.396,4943.036,"2004","2"
"394",2,"rear",54,2005,"Yaquina",3390,442396,4943036,-0.89513469901981,-0.725681953546431,0.76085300694474,-0.62049450795605,-0.0343637542900121,-0.9388918679468,-0.170700800418373,0.924993071788681,-0.382817306697645,"annual",442.396,4943.036,"2005","2"
"395",2,"rear",148,2006,"Yaquina",3390,442396,4943036,-0.89513469901981,-0.403128696024168,0.840752209639175,-0.62049450795605,-0.875824658861669,-0.9388918679468,-0.170700800418373,0.924993071788681,-0.382817306697645,"annual",442.396,4943.036,"2006","2"
"3378",4,"rear",153,2007,"Yaquina",3395,445109,4940881,-0.034584177864494,-0.510646448531589,1.20029862176413,-0.722843311932827,-0.773829397701468,1.68932284445842,0.115279678911446,-1.11595938338376,-0.368579280136305,"once",445.109,4940.881,"2007","4"
"3270",3,"rear",287,2004,"Yaquina",3402,440031,4947708,-0.799517974446997,-0.61816420103901,0.720903405597524,-0.188355113387439,-0.714332162024684,-2.09708818188808,-1.10109062650472,0.924993071788681,-0.37925780005731,"once",440.031,4947.708,"2004","3"
"2703",3,"rear",0,2007,"Yaquina",3406,444959,4944039,-0.719837370636319,-0.833199706053851,0.481205797514218,-0.561857172344356,-1.00331873531192,1.11022468748778,-1.68449080433755,-0.0954831557975414,-0.337730222586736,"nine",444.959,4944.039,"2007","3"
"2702",3,"rear",179,2016,"Yaquina",3406,444959,4944039,-0.719837370636319,-0.338618044519716,0.00181058134760843,-0.561857172344356,-0.102360595063479,1.11022468748778,-1.68449080433755,-0.0954831557975414,-0.337730222586736,"nine",444.959,4944.039,"2016","3"
"1552",2,"rear",11,2002,"Yaquina",3411,447797,4946699,-0.831390215971268,-0.661171302041978,0.241508189430913,-0.307051295777173,-0.705832556928001,-1.82981210944009,-1.57772475872108,0.58483432925994,-0.291456636262381,"nine",447.797,4946.699,"2002","2"
"1553",2,"rear",5,2011,"Yaquina",3411,447797,4946699,-0.831390215971268,-0.188093191009327,-0.637383040207872,-0.307051295777173,0.577607812671193,-1.82981210944009,-1.57772475872108,0.58483432925994,-0.291456636262381,"nine",447.797,4946.699,"2011","2"
"1771",4,"rear",788,2009,"Yaquina",3429,451878,4944697,0.666605135669467,-0.188093191009327,1.1203994190697,-0.767620913672666,-0.263853091900464,1.73386885653308,0.458456254107229,-1.11595938338376,-0.229758521163242,"three",451.878,4944.697,"2009","4"
"1772",4,"rear",589,2012,"Yaquina",3429,451878,4944697,0.666605135669467,1.79023345512721,0.441256196167,-0.767620913672666,-0.246853881707097,1.73386885653308,0.458456254107229,-1.11595938338376,-0.229758521163242,"three",451.878,4944.697,"2012","4"
"1770",4,"rear",1052,2015,"Yaquina",3429,451878,4944696,0.666605135669467,0.435509773533713,1.28019782445857,-0.767620913672666,-1.24130767801906,1.73386885653308,0.458456254107229,-1.11595938338376,-0.229758521163242,"three",451.878,4944.696,"2015","4"
"3388",5,"rear",48,2007,"MCDependent",3438,416215,4953435,0.220393754329674,-0.61816420103901,0.521155398861436,-0.427524367124836,-0.841826238474935,-0.0925176385281708,-1.32606193691084,-0.775800640855023,-1.11844867903353,"once",416.215,4953.435,"2007","5"
"3193",4,"rear",509,2002,"Siletz",3460,427194,4969015,0.0291603051840479,0.0484458645069986,-0.597433438860654,-0.779703758586591,-0.0258641491933287,1.77841486860775,0.740623660379317,0.58483432925994,-0.976068413420137,"once",427.194,4969.015,"2002","4"
"2699",3,"rear",58,2007,"Siletz",3466,426287,4966576,-0.815454095209132,-0.596660650537526,0.0817097840420431,-0.376705342928034,-0.612336900864484,-0.0925176385281708,0.119092751969177,-0.0954831557975414,-0.887080747411763,"nine",426.287,4966.576,"2007","3"
"1435",2,"rear",0,2017,"Siletz",3467,424048,4968375,-0.89513469901981,0.26348136952184,-1.03687905368005,-0.685528643816294,0.977089252215313,0.0411203976958234,-0.0830001200905615,-0.435641898326282,-0.908437787253773,"nine",424.048,4968.375,"2017","2"
"2187",3,"rear",252,2015,"Siletz",3471,423472,4965415,-0.544540042252829,0.241977819020356,0.201558588083696,-0.738479934762612,-0.901323474151719,1.60023082030909,-1.6044162701252,-0.775800640855023,-0.846739672154634,"nine",423.472,4965.415,"2015","3"
"3342",4,"rear",252,2006,"Siletz",3478,423145,4959477,-0.544540042252829,-0.274107393015263,-0.0381390199996096,-0.606634774084195,-0.705832556928001,-0.00342561437884133,-2.53861916926927,-0.435641898326282,-0.713851424248795,"once",423.145,4959.477,"2006","4"
"3301",5,"rear",394,2005,"Siletz",3506,429151,4958628,1.20843324158207,-0.424632246525653,0.121659385389261,-0.765133269131564,0.552108997381143,0.130212421845153,0.321185624028916,-0.775800640855023,-0.627236762667312,"once",429.151,4958.628,"2005","5"
"1622",5,"rear",580,2005,"Siletz",3517,425574,4952204,-0.00271193634022317,-0.61816420103901,0.0817097840420431,-0.486872458319703,0.390616500544158,0.0856664097704881,-1.59679012400974,-0.775800640855023,-0.39586883104554,"nine",425.574,4952.204,"2005","5"
"1623",5,"rear",293,2014,"Siletz",3517,425574,4952204,-0.00271193634022317,-0.919213908059788,0.241508189430913,-0.486872458319703,-0.102360595063479,0.0856664097704881,-1.59679012400974,-0.775800640855023,-0.39586883104554,"nine",425.574,4952.204,"2014","5"
"1190",4,"rear",0,2020,"Siletz",3518,423949,4953762,-0.432987196917881,0.52152397553965,-0.317786229430132,-0.711471222602074,0.603106627961243,-0.00342561437884133,-1.9247144069746,-0.775800640855023,-0.361460266855635,"three",423.949,4953.762,"2020","4"
"3124",3,"rear",471,1998,"Siletz",3524,432884,4956400,-0.496731679966423,-0.252603842513779,0.241508189430913,-0.771885447171699,-0.467843614220866,-0.1816096626775,-1.42901490946958,-0.435641898326282,-0.246369552151472,"once",432.884,4956.4,"1998","3"
"3034",4,"rear",10,2000,"Siletz",3528,433793,4953106,0.714413497955873,0.0914529655099669,-0.0780886213468263,-0.71715726726745,-0.0088649389999619,0.0856664097704881,-0.361354453304919,-1.11595938338376,-0.271286098633817,"once",433.793,4953.106,"2000","4"
"2625",2,"rear",0,2004,"Siletz",3541,442430,4950609,-0.783581853684861,-0.403128696024168,0.0417601826948251,-0.160635645643729,-0.654834926347901,0.0856664097704881,-0.998137653945982,0.244675586731199,-0.136024846301088,"nine",442.43,4950.609,"2004","2"
"2626",2,"rear",0,2013,"Siletz",3541,442430,4950609,-0.783581853684861,-0.833199706053851,-0.397685432124567,-0.160635645643729,-0.246853881707097,0.0856664097704881,-0.998137653945982,0.244675586731199,-0.136024846301088,"nine",442.43,4950.609,"2013","2"
"2296",3,"rear",680,2007,"Siletz",3542,441478,4951362,-0.560476163014965,-0.61816420103901,-0.0780886213468263,-0.160635645643729,-0.807827818088202,-0.137063650602836,-0.998137653945982,0.244675586731199,-0.151449375075873,"three",441.478,4951.362,"2007","3"
"2297",3,"rear",421,2010,"Siletz",3542,441478,4951362,-0.560476163014965,-0.661171302041978,-0.797181445596741,-0.160635645643729,0.807097150281645,-0.137063650602836,-0.998137653945982,0.244675586731199,-0.151449375075873,"three",441.478,4951.362,"2010","3"
"2298",3,"rear",279,2013,"Siletz",3542,441478,4951362,-0.560476163014965,-0.833199706053851,-0.397685432124567,-0.160635645643729,-0.246853881707097,-0.137063650602836,-0.998137653945982,0.244675586731199,-0.151449375075873,"three",441.478,4951.362,"2013","3"
"2295",3,"rear",631,2019,"Siletz",3542,441478,4951362,-0.560476163014965,0.414006223032229,-0.477584634819001,-0.160635645643729,0.951590436925263,-0.137063650602836,-0.998137653945982,0.244675586731199,-0.151449375075873,"three",441.478,4951.362,"2019","3"
"1436",3,"rear",142,1999,"Siletz",3544,437783,4951893,-0.193945385485849,0.500020425038166,-0.597433438860654,-0.586378239963792,-0.399846773447398,-0.0925176385281708,-0.834175512463553,-0.775800640855023,-0.200095965827118,"nine",437.783,4951.893,"1999","3"
"1437",3,"rear",676,2008,"Siletz",3544,437783,4951893,-0.193945385485849,0.52152397553965,-0.35773583077735,-0.586378239963792,-0.450844404027499,-0.0925176385281708,-0.834175512463553,-0.775800640855023,-0.200095965827118,"nine",437.783,4951.893,"2008","3"
"3302",5,"rear",679,2005,"Siletz",3559,443126,4952937,1.57496401911119,-0.510646448531589,0.161608986736478,-0.583535217631103,0.297120844480641,0.709310578815794,0.511839276915462,-0.775800640855023,-0.126532828593529,"once",443.126,4952.937,"2005","5"
"3153",3,"rear",2022,2001,"Siletz",3574,447867,4952469,0.395691082713164,-1.22026361508057,-0.597433438860654,-0.59099815125441,-0.484842824414232,-0.0479716264535061,0.656736053109237,-0.775800640855023,-0.0458506780792697,"once",447.867,4952.469,"2001","3"
"1549",3,"rear",0,2002,"Siletz",3578,446769,4947859,-0.672029008349913,-0.833199706053851,0.201558588083696,-0.662429087363202,-0.858825448668302,0.174758433919818,-1.36037959443042,-0.435641898326282,-0.0411046692254897,"nine",446.769,4947.859,"2002","3"
"1550",3,"rear",38,2011,"Siletz",3578,446769,4947859,-0.672029008349913,-0.252603842513779,-0.677332641555089,-0.662429087363202,0.297120844480641,0.174758433919818,-1.36037959443042,-0.435641898326282,-0.0411046692254897,"nine",446.769,4947.859,"2011","3"
"1544",3,"rear",65,2020,"Siletz",3578,446769,4947859,-0.672029008349913,0.52152397553965,-0.277836628082914,-0.662429087363202,0.603106627961243,0.174758433919818,-1.36037959443042,-0.435641898326282,-0.0411046692254897,"nine",446.769,4947.859,"2020","3"
"1551",3,"rear",232,2011,"Siletz",3583,449441,4949433,-0.209881506247984,-0.252603842513779,-1.03687905368005,-0.66704899865382,0.297120844480641,1.42204677201043,0.652922980051506,0.244675586731199,-0.0138151183162551,"nine",449.441,4949.433,"2011","3"
"1545",3,"rear",19,2020,"Siletz",3583,449441,4949433,-0.209881506247984,0.52152397553965,-0.637383040207872,-0.66704899865382,0.603106627961243,1.42204677201043,0.652922980051506,0.244675586731199,-0.0138151183162551,"nine",449.441,4949.433,"2020","3"
"1624",3,"rear",414,2014,"Siletz",3584,450576,4950059,-0.305498230820797,-0.274107393015263,0.0817097840420431,-0.66704899865382,-0.000365333903278495,-1.33980597661878,0.652922980051506,0.244675586731199,0.00398241488541966,"nine",450.576,4950.059,"2014","3"
"3035",4,"rear",32,2000,"Siletz",3587,438210,4956232,-0.178009264723713,0.0914529655099669,-0.757231844249525,-0.54444366055664,-0.0088649389999619,0.0856664097704881,-0.380419818593573,-0.775800640855023,-0.187044441479223,"once",438.21,4956.232,"2000","4"
"341",4,"rear",19,1998,"Siletz",3597,439896,4957274,0.236329875091809,-0.145086090006359,-0.717282242902307,-0.303142140069726,-0.459344009124182,0.976586651263782,0.13053197114237,0.924993071788681,-0.155008881716208,"annual",439.896,4957.274,"1998","4"
"342",4,"rear",0,1999,"Siletz",3597,439896,4957274,0.236329875091809,0.715055930053007,-1.55622387119387,-0.303142140069726,-0.365848353060665,0.976586651263782,0.13053197114237,0.924993071788681,-0.155008881716208,"annual",439.896,4957.274,"1999","4"
"343",4,"rear",746,2000,"Siletz",3597,439896,4957274,0.236329875091809,0.0914529655099669,-1.27657666176335,-0.303142140069726,-0.0088649389999619,0.976586651263782,0.13053197114237,0.924993071788681,-0.155008881716208,"annual",439.896,4957.274,"2000","4"
"344",4,"rear",800,2001,"Siletz",3597,439896,4957274,0.236329875091809,-1.15575296357611,-1.51627426984666,-0.303142140069726,-0.272352696997147,0.976586651263782,0.13053197114237,0.924993071788681,-0.155008881716208,"annual",439.896,4957.274,"2001","4"
"345",4,"rear",838,2002,"Siletz",3597,439896,4957274,0.236329875091809,-0.446135797027137,-0.83713104694396,-0.303142140069726,-0.459344009124182,0.976586651263782,0.13053197114237,0.924993071788681,-0.155008881716208,"annual",439.896,4957.274,"2002","4"
"346",4,"rear",991,2003,"Siletz",3597,439896,4957274,0.236329875091809,-0.381625145522684,-0.757231844249525,-0.303142140069726,0.101629927256922,0.976586651263782,0.13053197114237,0.924993071788681,-0.155008881716208,"annual",439.896,4957.274,"2003","4"
"347",4,"rear",1036,2004,"Siletz",3597,439896,4957274,0.236329875091809,-0.123582539504875,-0.557483837513437,-0.303142140069726,-0.6038372957678,0.976586651263782,0.13053197114237,0.924993071788681,-0.155008881716208,"annual",439.896,4957.274,"2004","4"
"348",4,"rear",768,2005,"Siletz",3597,439896,4957274,0.236329875091809,-0.381625145522684,-0.797181445596741,-0.303142140069726,0.390616500544158,0.976586651263782,0.13053197114237,0.924993071788681,-0.155008881716208,"annual",439.896,4957.274,"2005","4"
"349",4,"rear",1265,2006,"Siletz",3597,439896,4957274,0.236329875091809,0.0484458645069986,-0.677332641555089,-0.303142140069726,-0.714332162024684,0.976586651263782,0.13053197114237,0.924993071788681,-0.155008881716208,"annual",439.896,4957.274,"2006","4"
"350",4,"rear",1051,2007,"Siletz",3597,439896,4957274,0.236329875091809,-0.661171302041978,-0.637383040207872,-0.303142140069726,-0.782329002798152,0.976586651263782,0.13053197114237,0.924993071788681,-0.155008881716208,"annual",439.896,4957.274,"2007","4"
"351",4,"rear",908,2008,"Siletz",3597,439896,4957274,0.236329875091809,0.543027526041134,-1.07682865502726,-0.303142140069726,-0.391347168350715,0.976586651263782,0.13053197114237,0.924993071788681,-0.155008881716208,"annual",439.896,4957.274,"2008","4"
"352",4,"rear",1251,2009,"Siletz",3597,439896,4957274,0.236329875091809,0.134460066512935,-0.717282242902307,-0.303142140069726,0.0421326915801385,0.976586651263782,0.13053197114237,0.924993071788681,-0.155008881716208,"annual",439.896,4957.274,"2009","4"
"353",4,"rear",996,2010,"Siletz",3597,439896,4957274,0.236329875091809,-0.553653549534557,-1.27657666176335,-0.303142140069726,0.841095570668378,0.976586651263782,0.13053197114237,0.924993071788681,-0.155008881716208,"annual",439.896,4957.274,"2010","4"
"354",4,"rear",681,2011,"Siletz",3597,439896,4957274,0.236329875091809,-0.123582539504875,-1.55622387119387,-0.303142140069726,0.59460702286456,0.976586651263782,0.13053197114237,0.924993071788681,-0.155008881716208,"annual",439.896,4957.274,"2011","4"
"355",4,"rear",1038,2012,"Siletz",3597,439896,4957274,0.236329875091809,1.89775120763464,-1.27657666176335,-0.303142140069726,0.0506322966768219,0.976586651263782,0.13053197114237,0.924993071788681,-0.155008881716208,"annual",439.896,4957.274,"2012","4"
"356",4,"rear",1191,2013,"Siletz",3597,439896,4957274,0.236329875091809,-0.790192605050883,-0.917030249638394,-0.303142140069726,-0.255353486803781,0.976586651263782,0.13053197114237,0.924993071788681,-0.155008881716208,"annual",439.896,4957.274,"2013","4"
"357",4,"rear",754,2014,"Siletz",3597,439896,4957274,0.236329875091809,-0.467639347528621,-0.517534236166219,-0.303142140069726,-0.0598625695800623,0.976586651263782,0.13053197114237,0.924993071788681,-0.155008881716208,"annual",439.896,4957.274,"2014","4"
"337",4,"rear",1330,2015,"Siletz",3597,439896,4957274,0.236329875091809,0.650545278548555,-0.437635033471785,-0.303142140069726,-1.1138136015688,0.976586651263782,0.13053197114237,0.924993071788681,-0.155008881716208,"annual",439.896,4957.274,"2015","4"
"338",4,"rear",1319,2016,"Siletz",3597,439896,4957274,0.236329875091809,0.284984920023324,-1.19667745906892,-0.303142140069726,-0.935321894538453,0.976586651263782,0.13053197114237,0.924993071788681,-0.155008881716208,"annual",439.896,4957.274,"2016","4"
"339",4,"rear",639,2017,"Siletz",3597,439896,4957274,0.236329875091809,0.52152397553965,-1.03687905368005,-0.303142140069726,0.603106627961243,0.976586651263782,0.13053197114237,0.924993071788681,-0.155008881716208,"annual",439.896,4957.274,"2017","4"
"340",4,"rear",775,2018,"Siletz",3597,439896,4957274,0.236329875091809,0.52152397553965,-0.597433438860654,-0.303142140069726,-0.0343637542900121,0.976586651263782,0.13053197114237,0.924993071788681,-0.155008881716208,"annual",439.896,4957.274,"2018","4"
"336",4,"rear",1417,2019,"Siletz",3597,439896,4957274,0.236329875091809,0.52152397553965,-1.07682865502726,-0.303142140069726,0.603106627961243,0.976586651263782,0.13053197114237,0.924993071788681,-0.155008881716208,"annual",439.896,4957.274,"2019","4"
"305",4,"rear",655,2020,"Siletz",3597,439896,4957274,0.236329875091809,0.52152397553965,-1.1567278577217,-0.303142140069726,0.603106627961243,0.976586651263782,0.13053197114237,0.924993071788681,-0.155008881716208,"annual",439.896,4957.274,"2020","4"
"306",4,"rear",1156,2021,"Siletz",3597,439896,4957274,0.236329875091809,-0.123582539504875,-1.1567278577217,-0.303142140069726,0.59460702286456,0.976586651263782,0.13053197114237,0.924993071788681,-0.155008881716208,"annual",439.896,4957.274,"2021","4"
"3303",3,"rear",0,2005,"Siletz",3601,435085,4961119,-0.5764122837771,0.198970718017388,-1.31652626311057,0.474424467920506,0.960090042021946,0.308396470143812,1.27445388846165,3.64626301201861,-0.101616282111184,"once",435.085,4961.119,"2005","3"
"2188",3,"rear",0,2006,"Siletz",3604,437312,4964444,-0.496731679966423,1.55369439961089,-1.43637506715222,-0.0952461319918992,-0.187356646030313,-1.51799002491744,1.07236101640191,2.62578678443239,-0.00669610503558525,"nine",437.312,4964.444,"2006","3"
"2773",5,"rear",29,1999,"Siletz",3616,441404,4961746,0.634732894145196,2.3493257681658,-2.71476231026318,-0.344721341685292,0.407615710737525,-0.404339723050823,-0.277466846034838,-0.435641898326282,0.0217799480870944,"once",441.404,4961.746,"1999","5"
"3343",4,"rear",2193,2006,"Siletz",3618,444095,4962731,-0.114264781675171,1.46768019760495,-2.71476231026318,-0.619072996789706,-0.221355066417047,1.15477069956244,-0.69690488238524,-0.435641898326282,0.0704265388383387,"once",444.095,4962.731,"2006","4"
"1439",3,"rear",521,2008,"Siletz",3622,444310,4961271,-0.432987196917881,1.33865889459605,-1.47632466849944,-0.784679047668796,0.0591319017735053,0.48658051844247,-0.681652590154316,0.244675586731199,0.0704265388383387,"nine",444.31,4961.271,"2008","3"
"1438",3,"rear",1115,2017,"Siletz",3622,444310,4961271,-0.432987196917881,2.13429026315096,-1.51627426984666,-0.784679047668796,1.495565163113,0.48658051844247,-0.681652590154316,0.244675586731199,0.0704265388383387,"nine",444.31,4961.271,"2017","3"
"2541",3,"rear",197,2019,"Siletz",3623,444260,4960335,-0.528603921490694,2.13429026315096,-1.59617347254109,-0.763356380173634,1.495565163113,1.55568480823442,-0.178326946533834,-0.775800640855023,0.0644940277711138,"nine",444.26,4960.335,"2019","3"
"2189",6,"rear",0,2015,"Siletz",3646,444685,4969612,2.41957841950437,2.67187902568806,-0.437635033471785,-0.484029435987015,-0.5528396651877,-0.0479716264535061,-0.182140019591565,-0.775800640855023,0.143989676071928,"nine",444.685,4969.612,"2015","6"
"1755",4,"rear",0,2015,"Siletz",3655,448203,4970208,-0.0823925401509004,2.67187902568806,-0.437635033471785,1.49258184081448,-0.5528396651877,-2.05254216981342,-1.17735208765934,2.28562804190364,0.238909853147526,"three",448.203,4970.208,"2015","4"
"2542",4,"rear",0,2019,"Siletz",3704,444609,4976718,-0.369242713869339,2.13429026315096,-1.59617347254109,1.85719945498175,1.495565163113,-0.983437880021464,-1.51290251673966,1.60531055684616,-1.06031007057473,"nine",444.609,4976.718,"2019","4"
"1756",6,"rear",2,2000,"Siletz",3718,424605,4971430,2.46738678179078,0.758063031055975,0.441256196167,7.08836054712809,0.237623608803857,-0.9388918679468,0.427951669645382,-0.775800640855023,-0.989119937768032,"three",424.605,4971.43,"2000","6"
"1757",6,"rear",82,2003,"Siletz",3718,424605,4971430,2.46738678179078,0.177467167515903,0.880701810986393,7.08836054712809,0.331119264867374,-0.9388918679468,0.427951669645382,-0.775800640855023,-0.989119937768032,"three",424.605,4971.43,"2003","6"
"1758",6,"rear",479,2006,"Siletz",3718,424605,4971430,2.46738678179078,0.327992021026292,0.880701810986393,7.08836054712809,-0.459344009124182,-0.9388918679468,0.427951669645382,-0.775800640855023,-0.989119937768032,"three",424.605,4971.43,"2006","6"
"1759",6,"rear",414,2012,"Siletz",3718,424605,4971430,2.46738678179078,1.89775120763464,0.281457790778131,7.08836054712809,0.356618080157424,-0.9388918679468,0.427951669645382,-0.775800640855023,-0.989119937768032,"three",424.605,4971.43,"2012","6"
"1202",6,"rear",11,1999,"Siletz",3719,422853,4973312,2.53113126483932,0.77956658155746,0.241508189430913,-0.715735756101106,-0.119359805256846,0.753856590890459,0.511839276915462,-1.11595938338376,-1.0567505639344,"three",422.853,4973.312,"1999","6"
"1203",6,"rear",229,2005,"Siletz",3719,422853,4973312,2.53113126483932,-0.209596741510811,1.28019782445857,-0.715735756101106,0.798597545184962,0.753856590890459,0.511839276915462,-1.11595938338376,-1.0567505639344,"three",422.853,4973.312,"2005","6"
"1204",6,"rear",368,2011,"Siletz",3719,422853,4973312,2.53113126483932,0.177467167515903,0.321407392125349,-0.715735756101106,0.977089252215313,0.753856590890459,0.511839276915462,-1.11595938338376,-1.0567505639344,"three",422.853,4973.312,"2011","6"
"1441",4,"rear",42,1999,"Siletz",3724,428529,4973788,0.0450964259461834,1.38166599559902,-1.55622387119387,-0.0749895978714955,0.0336330864834551,-0.448885735125488,0.408886304356727,-0.0954831557975414,-0.894199760692433,"nine",428.529,4973.788,"1999","4"
"1442",4,"rear",73,2008,"Siletz",3724,428529,4973788,0.0450964259461834,0.672048829050039,-0.996929452332829,-0.0749895978714955,0.0761311119668721,-0.448885735125488,0.408886304356727,-0.0954831557975414,-0.894199760692433,"nine",428.529,4973.788,"2008","4"
"1440",4,"rear",151,2017,"Siletz",3724,428529,4973788,0.0450964259461834,0.77956658155746,-1.07682865502726,-0.0749895978714955,1.30007424588928,-0.448885735125488,0.408886304356727,-0.0954831557975414,-0.894199760692433,"nine",428.529,4973.788,"2017","4"
"1991",4,"rear",640,2000,"Siletz",3725,429728,4972069,-0.337370472345068,0.758063031055975,-1.11677825637448,-0.216074581131149,0.237623608803857,-0.582523771349482,0.75206287955251,0.924993071788681,-0.859791196502528,"nine",429.728,4972.069,"2000","4"
"1992",4,"rear",1051,2009,"Siletz",3725,429728,4972069,-0.337370472345068,1.59670150061386,-0.757231844249525,-0.216074581131149,0.365117685254108,-0.582523771349482,0.75206287955251,0.924993071788681,-0.859791196502528,"nine",429.728,4972.069,"2009","4"
"1625",6,"rear",954,2005,"Siletz",3726,431962,4973170,1.90962255511603,0.607538177545586,0.321407392125349,-0.628312819370943,1.22357780001913,0.0411203976958234,0.0428312908145589,-1.11595938338376,-0.819450121245399,"nine",431.962,4973.17,"2005","6"
"1626",6,"rear",3415,2014,"Siletz",3726,431962,4973170,1.90962255511603,0.0269423140055145,0.481205797514218,-0.628312819370943,0.824096360475012,0.0411203976958234,0.0428312908145589,-1.11595938338376,-0.819450121245399,"nine",431.962,4973.17,"2014","6"
"3125",5,"rear",51,1998,"Siletz",3728,433629,4972447,0.76222186024228,0.844077233061912,-0.557483837513437,0.184791567777892,-0.255353486803781,-0.315247698901494,0.225858797585643,-0.435641898326282,-0.786228059268939,"once",433.629,4972.447,"1998","5"
"1443",5,"rear",3,1999,"Siletz",3731,434849,4971772,0.491307807285977,3.40299974273853,-1.51627426984666,0.584591583312175,0.64560465344466,-0.582523771349482,0.0313920716413661,0.244675586731199,-0.766057521640374,"nine",434.849,4971.772,"1999","5"
"3226",4,"rear",0,2003,"Siletz",3740,434475,4974106,0.172585392043267,0.930091435067849,-0.677332641555089,0.202560457357193,0.688102678928077,-0.582523771349482,-0.689278736269778,0.244675586731199,-0.763684517213485,"once",434.475,4974.106,"2003","4"
"3126",3,"rear",34,1998,"Siletz",3757,429394,4976669,0.156649271281132,1.10211983907972,-0.917030249638394,-0.443871745537794,-0.221355066417047,-0.1816096626775,0.0618966561032135,0.244675586731199,-0.980814422273917,"once",429.394,4976.669,"1998","3"
"2723",3,"rear",4,2007,"MCDependent",3761,424416,4981924,-0.799517974446997,-0.295610943516748,-1.23662706041613,0.237032103141038,-0.459344009124182,-1.33980597661878,-1.47477178616235,1.26515181431742,-1.06031007057473,"nine",424.416,4981.924,"2007","3"
"1750",3,"rear",1,2000,"Salmon",3766,422345,4988781,-0.496731679966423,0.198970718017388,-1.63612307388831,0.961292042393366,0.0676315068701887,-0.270701686826829,0.790193610129819,2.96594552696113,-1.13031370116798,"three",422.345,4988.781,"2000","3"
"1751",3,"rear",0,2003,"Salmon",3766,422345,4988781,-0.496731679966423,0.26348136952184,-1.396425465805,0.961292042393366,0.254622818997224,-0.270701686826829,0.790193610129819,2.96594552696113,-1.13031370116798,"three",422.345,4988.781,"2003","3"
"1752",3,"rear",17,2006,"Salmon",3766,422345,4988781,-0.496731679966423,0.112956516011451,-1.35647586445779,0.961292042393366,-0.382847563254032,-0.270701686826829,0.790193610129819,2.96594552696113,-1.13031370116798,"three",422.345,4988.781,"2006","3"
"1753",3,"rear",9,2009,"Salmon",3766,422345,4988781,-0.496731679966423,0.435509773533713,-1.43637506715222,0.961292042393366,0.101629927256922,-0.270701686826829,0.790193610129819,2.96594552696113,-1.13031370116798,"three",422.345,4988.781,"2009","3"
"1754",3,"rear",47,2012,"Salmon",3766,422345,4988781,-0.496731679966423,1.20963759158714,-1.79592147927718,0.961292042393366,0.186625978223756,-0.270701686826829,0.790193610129819,2.96594552696113,-1.13031370116798,"three",422.345,4988.781,"2012","3"
"1748",3,"rear",14,2015,"Salmon",3766,422345,4988781,-0.496731679966423,0.284984920023324,-1.03687905368005,0.961292042393366,1.96304344343059,-0.270701686826829,0.790193610129819,2.96594552696113,-1.13031370116798,"three",422.345,4988.781,"2015","3"
"1749",3,"rear",0,2018,"Salmon",3766,422345,4988781,-0.496731679966423,0.951594985569333,-1.47632466849944,0.961292042393366,-0.637835716154534,-0.270701686826829,0.790193610129819,2.96594552696113,-1.13031370116798,"three",422.345,4988.781,"2018","3"
"2624",4,"rear",119,2013,"Salmon",3777,426244,4986435,-0.00271193634022317,-0.317114494018232,-0.35773583077735,-0.431433522832283,0.926091621635213,-0.1816096626775,1.56043436779146,-0.435641898326282,-1.07217509270918,"nine",426.244,4986.435,"2013","4"
"3341",4,"rear",205,2006,"Salmon",3790,429691,4982227,0.108840908994725,0.500020425038166,-0.677332641555089,-0.239884893167413,-0.263853091900464,-0.270701686826829,-0.277466846034838,-0.435641898326282,-0.986746933341141,"once",429.691,4982.227,"2006","4"
"2772",3,"rear",235,1999,"Salmon",3794,430438,4981403,-0.162073143961578,1.72572280362276,-1.67607267523553,-0.789654336751,0.203625188417123,1.77841486860775,-0.487185864210039,-0.435641898326282,-0.963016889072242,"once",430.438,4981.403,"1999","3"
"3033",4,"rear",1050,2000,"Salmon",3823,437985,4988515,1.01719979243645,0.198970718017388,-0.277836628082914,-0.263695205203677,0.0676315068701887,-0.00342561437884133,0.100027386680523,-0.775800640855023,-0.869283214210088,"once",437.985,4988.515,"2000","4"
"3225",4,"rear",1449,2003,"Salmon",3830,440734,4988516,0.778157981004415,1.57519795011237,0.00181058134760843,0.41045646543502,1.26607582550255,0.174758433919818,-0.060121681744176,-0.435641898326282,-0.826569134526069,"once",440.734,4988.516,"2003","4"
"1201",4,"rear",1037,2017,"Salmon",3831,440161,4988479,0.810030222528686,2.95142518220736,-0.35773583077735,0.41045646543502,2.52401737981169,0.798402602965123,-0.060121681744176,-0.435641898326282,-0.833688147806739,"three",440.161,4988.479,"2017","4"
"3207",4,"rear",22,2002,"Coquille",3840,437511,4757040,-0.640156766825642,-1.54281687260283,-0.437635033471785,2.36076978565915,-1.53879385640297,0.0856664097704881,-0.868493169983131,3.64626301201861,0.119073129589583,"once",437.511,4757.04,"2002","4"
"1858",3,"rear",0,2009,"Coquille",3862,413662,4762619,-0.911070819781945,-0.145086090006359,-0.0780886213468263,1.27402449898907,-0.697332951831318,-1.51799002491744,-0.654961078750199,3.64626301201861,-0.289083631835491,"three",413.662,4762.619,"2009","3"
"1857",3,"rear",0,2018,"Coquille",3862,413662,4762619,-0.911070819781945,0.220474268518872,0.00181058134760843,1.27402449898907,-1.23280807292237,-1.51799002491744,-0.654961078750199,3.64626301201861,-0.289083631835491,"three",413.662,4762.619,"2018","3"
"1310",3,"rear",0,2011,"Coquille",3897,418188,4772759,-0.783581853684861,-0.768689054549399,-0.877080648291176,1.72144513859588,-0.0258641491933287,-0.315247698901494,0.0924012405650608,1.9454692993749,-0.196536459186783,"three",418.188,4772.759,"2011","3"
"1311",3,"rear",0,2014,"Coquille",3897,418188,4772759,-0.783581853684861,-0.87620680705682,-0.157987824041262,1.72144513859588,-0.425345588737449,-0.315247698901494,0.0924012405650608,1.9454692993749,-0.196536459186783,"three",418.188,4772.759,"2014","3"
"1309",3,"rear",0,2017,"Coquille",3897,418187,4772762,-0.783581853684861,-0.661171302041978,-0.597433438860654,1.72144513859588,-1.34330293917926,-0.315247698901494,0.0924012405650608,1.9454692993749,-0.196536459186783,"three",418.187,4772.762,"2017","3"
"1308",3,"rear",52,2020,"Coquille",3897,418188,4772759,-0.783581853684861,-0.661171302041978,-0.557483837513437,1.72144513859588,-1.34330293917926,-0.315247698901494,0.0924012405650608,1.9454692993749,-0.196536459186783,"three",418.188,4772.759,"2020","3"
"836",3,"rear",67,2008,"Floras",3928,379063,4746545,-0.799517974446997,-0.338618044519716,0.161608986736478,-0.685528643816294,-0.986319525118553,-0.84979984379747,-0.483372791152308,0.924993071788681,-1.0911591281243,"annual",379.063,4746.545,"2008","3"
"837",3,"rear",510,2010,"Floras",3928,379063,4746545,-0.799517974446997,-0.3601215950212,0.241508189430913,-0.685528643816294,2.11603633517089,-0.84979984379747,-0.483372791152308,0.924993071788681,-1.0911591281243,"annual",379.063,4746.545,"2010","3"
"838",3,"rear",307,2011,"Floras",3928,379063,4746545,-0.799517974446997,-0.10207898900339,0.401306594819783,-0.685528643816294,0.985588857311996,-0.84979984379747,-0.483372791152308,0.924993071788681,-1.0911591281243,"annual",379.063,4746.545,"2011","3"
"839",3,"rear",265,2012,"Floras",3928,379063,4746545,-0.799517974446997,2.43533997017174,0.401306594819783,-0.685528643816294,0.832595965571695,-0.84979984379747,-0.483372791152308,0.924993071788681,-1.0911591281243,"annual",379.063,4746.545,"2012","3"
"840",3,"rear",136,2013,"Floras",3928,379063,4746545,-0.799517974446997,-0.403128696024168,0.00181058134760843,-0.685528643816294,-0.0683621746767457,-0.84979984379747,-0.483372791152308,0.924993071788681,-1.0911591281243,"annual",379.063,4746.545,"2013","3"
"841",3,"rear",261,2014,"Floras",3928,379063,4746545,-0.799517974446997,0.112956516011451,0.880701810986393,-0.685528643816294,-0.238354276610414,-0.84979984379747,-0.483372791152308,0.924993071788681,-1.0911591281243,"annual",379.063,4746.545,"2014","3"
"832",3,"rear",90,2015,"Floras",3928,379063,4746545,-0.799517974446997,0.973098536070817,1.28019782445857,-0.685528643816294,-0.986319525118553,-0.84979984379747,-0.483372791152308,0.924993071788681,-1.0911591281243,"annual",379.063,4746.545,"2015","3"
"833",3,"rear",243,2016,"Floras",3928,379063,4746545,-0.799517974446997,1.16663049058417,0.800802608291958,-0.685528643816294,-0.892823869055036,-0.84979984379747,-0.483372791152308,0.924993071788681,-1.0911591281243,"annual",379.063,4746.545,"2016","3"
"834",3,"rear",465,2017,"Floras",3928,379063,4746545,-0.799517974446997,0.564531076542618,0.401306594819783,-0.685528643816294,2.09053751988084,-0.84979984379747,-0.483372791152308,0.924993071788681,-1.0911591281243,"annual",379.063,4746.545,"2017","3"
"835",3,"rear",386,2018,"Floras",3928,379063,4746545,-0.799517974446997,0.564531076542618,0.76085300694474,-0.685528643816294,-0.637835716154534,-0.84979984379747,-0.483372791152308,0.924993071788681,-1.0911591281243,"annual",379.063,4746.545,"2018","3"
"829",3,"rear",367,2019,"Floras",3928,379063,4746545,-0.799517974446997,0.564531076542618,1.16034902041692,-0.685528643816294,2.09053751988084,-0.84979984379747,-0.483372791152308,0.924993071788681,-1.0911591281243,"annual",379.063,4746.545,"2019","3"
"830",3,"rear",432,2020,"Floras",3928,379063,4746545,-0.799517974446997,0.564531076542618,0.321407392125349,-0.685528643816294,2.09053751988084,-0.84979984379747,-0.483372791152308,0.924993071788681,-1.0911591281243,"annual",379.063,4746.545,"2020","3"
"831",3,"rear",382,2021,"Floras",3928,379063,4746545,-0.799517974446997,-0.10207898900339,0.321407392125349,-0.685528643816294,0.985588857311996,-0.84979984379747,-0.483372791152308,0.924993071788681,-1.0911591281243,"annual",379.063,4746.545,"2021","3"
"1313",2,"rear",0,2011,"Coquille",3967,391490,4783878,-0.942943061306216,-0.833199706053851,-0.877080648291176,-0.428235122708009,-0.119359805256846,-0.1816096626775,-1.32224886385311,1.60531055684616,-0.967762897926022,"three",391.49,4783.878,"2011","2"
"1312",2,"rear",0,2017,"Coquille",3967,391490,4783878,-0.942943061306216,-0.61816420103901,-0.917030249638394,-0.428235122708009,1.12158253885893,-0.1816096626775,-1.32224886385311,1.60531055684616,-0.967762897926022,"three",391.49,4783.878,"2017","2"
"2582",3,"rear",0,2010,"Sixes",3986,385643,4744524,-0.783581853684861,0.543027526041134,-1.47632466849944,2.55658294882305,3.60346722709048,-1.16162192832012,-0.0486824625709832,1.26515181431742,-0.951151866937792,"nine",385.643,4744.524,"2010","3"
"3358",4,"rear",84,2006,"Sixes",3988,382126,4739858,-0.672029008349913,-0.0375683374989379,0.0417601826948251,-0.590287395671238,-0.17885704093363,-0.537977759274818,-1.0248291653501,0.244675586731199,-1.00098495990248,"once",382.126,4739.858,"2006","4"
"3242",6,"rear",0,2003,"Sixes",3989,382175,4740983,0.570988411096654,0.52152397553965,1.99929064870848,-0.129007022192572,1.30007424588928,1.77841486860775,-0.155448508187449,-1.11595938338376,-1.01047697761004,"once",382.175,4740.983,"2003","6"
"1886",6,"rear",0,2000,"Sixes",3993,383848,4740744,0.507243928048112,0.306488470524808,0.920651412333611,-0.718578778433794,-0.484842824414232,1.64477683238375,-0.250775334630722,-1.11595938338376,-0.955897875791572,"three",383.848,4740.744,"2000","6"
"1887",6,"rear",0,2006,"Sixes",3993,383848,4740744,0.507243928048112,-0.0375683374989379,1.71964343927796,-0.718578778433794,-0.17885704093363,1.64477683238375,-0.250775334630722,-1.11595938338376,-0.955897875791572,"three",383.848,4740.744,"2006","6"
"1888",6,"rear",3,2012,"Sixes",3993,383848,4740744,0.507243928048112,2.32782221766432,1.20029862176413,-0.718578778433794,0.764599124798228,1.64477683238375,-0.250775334630722,-1.11595938338376,-0.955897875791572,"three",383.848,4740.744,"2012","6"
"1885",6,"rear",0,2015,"Sixes",3993,383848,4740744,0.507243928048112,0.951594985569333,2.31888745948622,-0.718578778433794,-0.97781992002187,1.64477683238375,-0.250775334630722,-1.11595938338376,-0.955897875791572,"three",383.848,4740.744,"2015","6"
"1331",5,"rear",32,1999,"Sixes",3994,385913,4736392,-0.273625989296526,1.44617664710347,-0.637383040207872,-0.667404376445406,0.951590436925263,0.130212421845153,-0.494812010325501,-0.775800640855023,-0.875215725277313,"three",385.913,4736.392,"1999","5"
"1332",5,"rear",0,2002,"Sixes",3994,385913,4736392,-0.273625989296526,2.11278671264948,0.281457790778131,-0.667404376445406,0.688102678928077,0.130212421845153,-0.494812010325501,-0.775800640855023,-0.875215725277313,"three",385.913,4736.392,"2002","5"
"1333",5,"rear",230,2005,"Sixes",3994,385913,4736392,-0.273625989296526,0.26348136952184,0.281457790778131,-0.667404376445406,2.53251698490838,0.130212421845153,-0.494812010325501,-0.775800640855023,-0.875215725277313,"three",385.913,4736.392,"2005","5"
"1334",5,"rear",100,2011,"Sixes",3994,385913,4736392,-0.273625989296526,0.693552379551523,-0.237887026735697,-0.667404376445406,1.91204581285049,0.130212421845153,-0.494812010325501,-0.775800640855023,-0.875215725277313,"three",385.913,4736.392,"2011","5"
"1335",5,"rear",93,2014,"Sixes",3994,385913,4736392,-0.273625989296526,0.844077233061912,0.281457790778131,-0.667404376445406,0.390616500544158,0.130212421845153,-0.494812010325501,-0.775800640855023,-0.875215725277313,"three",385.913,4736.392,"2014","5"
"1330",5,"rear",4,2017,"Sixes",3994,385913,4736392,-0.273625989296526,1.18813404108566,-0.197937425388479,-0.667404376445406,2.96599684483923,0.130212421845153,-0.494812010325501,-0.775800640855023,-0.875215725277313,"three",385.913,4736.392,"2017","5"
"1329",5,"rear",203,2020,"Sixes",3994,385913,4736392,-0.273625989296526,1.18813404108566,-0.237887026735697,-0.667404376445406,2.96599684483923,0.130212421845153,-0.494812010325501,-0.775800640855023,-0.875215725277313,"three",385.913,4736.392,"2020","5"
"1586",6,"rear",0,2002,"Sixes",4001,386783,4740379,0.395691082713164,2.11278671264948,1.67969383793074,-0.743810601636402,0.688102678928077,0.798402602965123,-0.24314918851526,-1.11595938338376,-0.896572765119323,"nine",386.783,4740.379,"2002","6"
"1587",6,"rear",2,2011,"Sixes",4001,386783,4740379,0.395691082713164,0.693552379551523,1.00055061502805,-0.743810601636402,1.91204581285049,0.798402602965123,-0.24314918851526,-1.11595938338376,-0.896572765119323,"nine",386.783,4740.379,"2011","6"
"3243",6,"rear",0,2003,"Sixes",4002,385890,4740381,0.411627203475299,0.478516874536682,1.75959304062518,-0.743810601636402,2.64301185116526,0.620218554666464,-0.24314918851526,-1.11595938338376,-0.907251285040328,"once",385.89,4740.381,"2003","6"
"3169",6,"rear",0,2001,"Sixes",4003,385969,4739805,0.411627203475299,-0.553653549534557,1.28019782445857,-0.718578778433794,0.535109787187776,0.130212421845153,-0.24314918851526,-1.11595938338376,-0.916743302747888,"once",385.969,4739.805,"2001","6"
"2583",6,"rear",1,2010,"Sixes",4004,385426,4740091,0.411627203475299,0.543027526041134,1.08044981772248,-0.718578778433794,3.60346722709048,0.130212421845153,-0.24314918851526,-1.11595938338376,-0.930981329309227,"nine",385.426,4740.091,"2010","6"
"864",6,"rear",2,1998,"Sixes",4006,393170,4739878,0.316010478902486,0.650545278548555,1.28019782445857,-0.749852024093365,1.45306713762958,0.130212421845153,-0.296532211323493,-0.775800640855023,-0.805212094684059,"annual",393.17,4739.878,"1998","6"
"865",6,"rear",0,2000,"Sixes",4006,393170,4739878,0.316010478902486,0.306488470524808,0.281457790778131,-0.749852024093365,-0.484842824414232,0.130212421845153,-0.296532211323493,-0.775800640855023,-0.805212094684059,"annual",393.17,4739.878,"2000","6"
"866",6,"rear",0,2001,"Sixes",4006,393170,4739878,0.316010478902486,-0.403128696024168,0.800802608291958,-0.749852024093365,0.934591226731896,0.130212421845153,-0.296532211323493,-0.775800640855023,-0.805212094684059,"annual",393.17,4739.878,"2001","6"
"867",6,"rear",0,2002,"Sixes",4006,393170,4739878,0.316010478902486,2.65037547518658,1.360097027153,-0.749852024093365,1.23207740511581,0.130212421845153,-0.296532211323493,-0.775800640855023,-0.805212094684059,"annual",393.17,4739.878,"2002","6"
"868",6,"rear",0,2003,"Sixes",4006,393170,4739878,0.316010478902486,0.478516874536682,1.40004662850022,-0.749852024093365,2.65151145626194,0.130212421845153,-0.296532211323493,-0.775800640855023,-0.805212094684059,"annual",393.17,4739.878,"2003","6"
"869",6,"rear",0,2004,"Sixes",4006,393170,4739878,0.316010478902486,3.25247488922814,1.40004662850022,-0.749852024093365,1.06208530318215,0.130212421845153,-0.296532211323493,-0.775800640855023,-0.805212094684059,"annual",393.17,4739.878,"2004","6"
"870",6,"rear",0,2005,"Sixes",4006,393170,4739878,0.316010478902486,0.650545278548555,1.360097027153,-0.749852024093365,3.1359889467729,0.130212421845153,-0.296532211323493,-0.775800640855023,-0.805212094684059,"annual",393.17,4739.878,"2005","6"
"871",6,"rear",1,2006,"Sixes",4006,393170,4739878,0.316010478902486,0.543027526041134,1.28019782445857,-0.749852024093365,1.01108767260205,0.130212421845153,-0.296532211323493,-0.775800640855023,-0.805212094684059,"annual",393.17,4739.878,"2006","6"
"872",6,"rear",0,2007,"Sixes",4006,393170,4739878,0.316010478902486,0.241977819020356,1.47994583119466,-0.749852024093365,-0.297851512287198,0.130212421845153,-0.296532211323493,-0.775800640855023,-0.805212094684059,"annual",393.17,4739.878,"2007","6"
"873",6,"rear",0,2008,"Sixes",4006,393170,4739878,0.316010478902486,0.284984920023324,0.880701810986393,-0.749852024093365,-0.416845983640765,0.130212421845153,-0.296532211323493,-0.775800640855023,-0.805212094684059,"annual",393.17,4739.878,"2008","6"
"874",6,"rear",5,2010,"Sixes",4006,393170,4739878,0.316010478902486,0.62904172804707,0.840752209639175,-0.749852024093365,3.75646011883079,0.130212421845153,-0.296532211323493,-0.775800640855023,-0.805212094684059,"annual",393.17,4739.878,"2010","6"
"875",6,"rear",4,2011,"Sixes",4006,393170,4739878,0.316010478902486,1.12362338958121,0.680953804250306,-0.749852024093365,2.55801580019843,0.130212421845153,-0.296532211323493,-0.775800640855023,-0.805212094684059,"annual",393.17,4739.878,"2011","6"
"876",6,"rear",0,2013,"Sixes",4006,393170,4739878,0.316010478902486,0.198970718017388,1.1203994190697,-0.749852024093365,1.38507029685612,0.130212421845153,-0.296532211323493,-0.775800640855023,-0.805212094684059,"annual",393.17,4739.878,"2013","6"
"877",6,"rear",14,2014,"Sixes",4006,393170,4739878,0.316010478902486,1.33865889459605,1.43999622984744,-0.749852024093365,0.790097940088278,0.130212421845153,-0.296532211323493,-0.775800640855023,-0.805212094684059,"annual",393.17,4739.878,"2014","6"
"861",6,"rear",0,2015,"Sixes",4006,393170,4739878,0.316010478902486,2.84390742969994,1.83949224331961,-0.749852024093365,-0.756830187508101,0.130212421845153,-0.296532211323493,-0.775800640855023,-0.805212094684059,"annual",393.17,4739.878,"2015","6"
"862",6,"rear",0,2016,"Sixes",4006,393170,4739878,0.316010478902486,2.77939677819549,1.08044981772248,-0.749852024093365,-0.442344798930816,0.130212421845153,-0.296532211323493,-0.775800640855023,-0.805212094684059,"annual",393.17,4739.878,"2016","6"
"863",6,"rear",0,2017,"Sixes",4006,393170,4739878,0.316010478902486,1.68271570261979,0.960601013680828,-0.749852024093365,3.53547038631702,0.130212421845153,-0.296532211323493,-0.775800640855023,-0.805212094684059,"annual",393.17,4739.878,"2017","6"
"2744",3,"rear",0,2016,"Sixes",4009,394964,4741663,-0.863262457495539,2.77939677819549,1.08044981772248,-0.0206167957588331,-0.442344798930816,0.130212421845153,-0.334662941900802,5.34705672466231,-0.680629362272336,"nine",394.964,4741.663,"2016","3"
"2782",5,"rear",0,1999,"Sixes",4017,400969,4740558,0.0132241844219125,1.27414824309159,0.521155398861436,-0.588865884504894,0.764599124798228,1.64477683238375,-0.212644604053413,-1.11595938338376,-0.684188868912671,"once",400.969,4740.558,"1999","5"
"2456",5,"rear",49,1998,"Sixes",4020,402322,4741557,-0.034584177864494,0.112956516011451,1.71964343927796,-0.37883760967755,1.16408056434235,1.77841486860775,-0.208831530995682,-1.11595938338376,-0.652153309149656,"three",402.322,4741.557,"1998","5"
"2457",5,"rear",64,2001,"Sixes",4020,402322,4741557,-0.034584177864494,-0.61816420103901,0.880701810986393,-0.37883760967755,0.509610971897726,1.77841486860775,-0.208831530995682,-1.11595938338376,-0.652153309149656,"three",402.322,4741.557,"2001","5"
"2458",5,"rear",0,2004,"Sixes",4020,402322,4741557,-0.034584177864494,2.77939677819549,1.55984503388909,-0.37883760967755,0.305620449577324,1.77841486860775,-0.208831530995682,-1.11595938338376,-0.652153309149656,"three",402.322,4741.557,"2004","5"
"2459",5,"rear",634,2007,"Sixes",4020,402322,4741557,-0.034584177864494,0.327992021026292,1.55984503388909,-0.37883760967755,-0.654834926347901,1.77841486860775,-0.208831530995682,-1.11595938338376,-0.652153309149656,"three",402.322,4741.557,"2007","5"
"2460",5,"rear",735,2010,"Sixes",4020,402322,4741557,-0.034584177864494,0.198970718017388,1.04050021637526,-0.37883760967755,2.72800790213209,1.77841486860775,-0.208831530995682,-1.11595938338376,-0.652153309149656,"three",402.322,4741.557,"2010","5"
"2461",5,"rear",354,2013,"Sixes",4020,402322,4741557,-0.034584177864494,-0.0590718880004221,1.51989543254187,-0.37883760967755,0.467112946414309,1.77841486860775,-0.208831530995682,-1.11595938338376,-0.652153309149656,"three",402.322,4741.557,"2013","5"
"2455",5,"rear",282,2016,"Sixes",4020,402323,4741557,-0.034584177864494,1.74722635412425,1.32014742580579,-0.37883760967755,-0.637835716154534,1.77841486860775,-0.208831530995682,-1.11595938338376,-0.652153309149656,"three",402.323,4741.557,"2016","5"
"3284",5,"rear",0,2004,"Sixes",4021,402548,4743574,-0.162073143961578,2.77939677819549,1.40004662850022,-0.37883760967755,0.305620449577324,1.77841486860775,-0.163074654302911,-0.775800640855023,-0.618931247173197,"once",402.548,4743.574,"2004","5"
"3359",4,"rear",0,2006,"Sixes",4025,400030,4748818,-0.687965129112048,0.112956516011451,0.641004202903087,0.858587860625003,-0.0258641491933287,-2.14163419396275,0.271615674278414,-0.0954831557975414,-0.529943581164823,"once",400.03,4748.818,"2006","4"
"1647",4,"rear",506,2005,"Sixes",4027,401616,4746730,-0.432987196917881,0.306488470524808,0.880701810986393,-0.507839748023279,1.75905292111019,-0.0479716264535061,-0.155448508187449,-0.775800640855023,-0.567911651995062,"nine",401.616,4746.73,"2005","4"
"3318",1,"rear",1486,2005,"Floras",4049,389122,4761395,-1.16604875197611,-0.231100292012295,0.561105000208653,-0.520988726311962,1.07908451337551,0.48658051844247,-3.37749524197008,-0.775800640855023,-1.00810397318315,"once",389.122,4761.395,"2005","1"
"3393",4,"rear",1232,2007,"Floras",4050,390175,4760631,-0.432987196917881,0.284984920023324,0.880701810986393,-0.520988726311962,-1.05431636589202,-0.137063650602836,-3.37749524197008,-0.775800640855023,-0.990306439981476,"once",390.175,4760.631,"2007","4"
"848",4,"rear",178,1998,"Floras",4054,391363,4760222,-0.528603921490694,-0.317114494018232,0.641004202903087,-0.520988726311962,0.56910820757451,1.06567867541311,-3.37749524197008,-0.775800640855023,-0.972508906779802,"annual",391.363,4760.222,"1998","4"
"849",4,"rear",514,1999,"Floras",4054,391363,4760222,-0.528603921490694,0.414006223032229,-0.437635033471785,-0.520988726311962,0.127128742546973,1.06567867541311,-3.37749524197008,-0.775800640855023,-0.972508906779802,"annual",391.363,4760.222,"1999","4"
"850",4,"rear",504,2000,"Floras",4054,391363,4760222,-0.528603921490694,0.306488470524808,-0.118038222694044,-0.520988726311962,-0.484842824414232,1.06567867541311,-3.37749524197008,-0.775800640855023,-0.972508906779802,"annual",391.363,4760.222,"2000","4"
"851",4,"rear",188,2002,"Floras",4054,391363,4760222,-0.528603921490694,0.736559480554491,0.561105000208653,-0.520988726311962,-0.442344798930816,1.06567867541311,-3.37749524197008,-0.775800640855023,-0.972508906779802,"annual",391.363,4760.222,"2002","4"
"852",4,"rear",648,2004,"Floras",4054,391363,4760222,-0.528603921490694,1.87624765713315,0.720903405597524,-0.520988726311962,-0.391347168350715,1.06567867541311,-3.37749524197008,-0.775800640855023,-0.972508906779802,"annual",391.363,4760.222,"2004","4"
"853",4,"rear",810,2005,"Floras",4054,391363,4760222,-0.528603921490694,-0.0160647869974538,0.561105000208653,-0.520988726311962,1.23207740511581,1.06567867541311,-3.37749524197008,-0.775800640855023,-0.972508906779802,"annual",391.363,4760.222,"2005","4"
"854",4,"rear",6,2006,"Floras",4054,391363,4760222,-0.528603921490694,-0.145086090006359,0.481205797514218,-0.520988726311962,-0.442344798930816,1.06567867541311,-3.37749524197008,-0.775800640855023,-0.972508906779802,"annual",391.363,4760.222,"2006","4"
"855",4,"rear",235,2009,"Floras",4054,391363,4760222,-0.528603921490694,1.33865889459605,0.0817097840420431,-0.520988726311962,-0.459344009124182,1.06567867541311,-3.37749524197008,-0.775800640855023,-0.972508906779802,"annual",391.363,4760.222,"2009","4"
"856",4,"rear",851,2010,"Floras",4054,391363,4760222,-0.528603921490694,-0.768689054549399,-0.237887026735697,-0.520988726311962,1.57206160898315,1.06567867541311,-3.37749524197008,-0.775800640855023,-0.972508906779802,"annual",391.363,4760.222,"2010","4"
"857",4,"rear",1496,2011,"Floras",4054,391363,4760222,-0.528603921490694,-0.61816420103901,0.00181058134760843,-0.520988726311962,0.577607812671193,1.06567867541311,-3.37749524197008,-0.775800640855023,-0.972508906779802,"annual",391.363,4760.222,"2011","4"
"858",4,"rear",407,2012,"Floras",4054,391363,4760222,-0.528603921490694,1.42467309660198,-0.0381390199996096,-0.520988726311962,0.348118475060741,1.06567867541311,-3.37749524197008,-0.775800640855023,-0.972508906779802,"annual",391.363,4760.222,"2012","4"
"859",4,"rear",977,2013,"Floras",4054,391363,4760222,-0.528603921490694,-0.424632246525653,-0.0780886213468263,-0.520988726311962,-0.357348747963981,1.06567867541311,-3.37749524197008,-0.775800640855023,-0.972508906779802,"annual",391.363,4760.222,"2013","4"
"860",4,"rear",927,2014,"Floras",4054,391363,4760222,-0.528603921490694,-0.317114494018232,0.561105000208653,-0.520988726311962,-0.501842034607599,1.06567867541311,-3.37749524197008,-0.775800640855023,-0.972508906779802,"annual",391.363,4760.222,"2014","4"
"845",4,"rear",50,2015,"Floras",4054,391363,4760222,-0.528603921490694,0.973098536070817,1.00055061502805,-0.520988726311962,-0.986319525118553,1.06567867541311,-3.37749524197008,-0.775800640855023,-0.972508906779802,"annual",391.363,4760.222,"2015","4"
"846",4,"rear",552,2016,"Floras",4054,391363,4760222,-0.528603921490694,-0.553653549534557,0.361356993472565,-0.520988726311962,-0.756830187508101,1.06567867541311,-3.37749524197008,-0.775800640855023,-0.972508906779802,"annual",391.363,4760.222,"2016","4"
"847",4,"rear",896,2018,"Floras",4054,391363,4760222,-0.528603921490694,1.16663049058417,0.361356993472565,-0.520988726311962,-0.892823869055036,1.06567867541311,-3.37749524197008,-0.775800640855023,-0.972508906779802,"annual",391.363,4760.222,"2018","4"
"844",4,"rear",115,2019,"Floras",4054,391363,4760222,-0.528603921490694,-0.166589640507843,0.76085300694474,-0.520988726311962,0.841095570668378,1.06567867541311,-3.37749524197008,-0.775800640855023,-0.972508906779802,"annual",391.363,4760.222,"2019","4"
"842",4,"rear",933,2020,"Floras",4054,391363,4760222,-0.528603921490694,-0.553653549534557,0.161608986736478,-0.520988726311962,-0.756830187508101,1.06567867541311,-3.37749524197008,-0.775800640855023,-0.972508906779802,"annual",391.363,4760.222,"2020","4"
"843",4,"rear",619,2021,"Floras",4054,391363,4760222,-0.528603921490694,-0.10207898900339,0.321407392125349,-0.520988726311962,0.985588857311996,1.06567867541311,-3.37749524197008,-0.775800640855023,-0.972508906779802,"annual",391.363,4760.222,"2021","4"
"2743",4,"rear",0,1998,"Floras",4074,380748,4756565,-0.512667800728558,-0.467639347528621,1.51989543254187,-0.756959579925086,0.365117685254108,1.68932284445842,2.59377716643654,-0.775800640855023,-1.04132603515961,"nine",380.748,4756.565,"1998","4"
"3046",3,"rear",27,2000,"Floras",4075,384163,4756456,-0.815454095209132,0.306488470524808,-0.237887026735697,-0.606990151875781,-0.484842824414232,-1.56253603699211,2.30398361404899,-0.435641898326282,-1.00573096875626,"once",384.163,4756.456,"2000","3"
"1646",4,"rear",507,2014,"Floras",4096,380613,4749730,-0.480795559204287,-0.553653549534557,1.04050021637526,-0.723554067515999,-0.756830187508101,1.55568480823442,0.302120258740261,0.244675586731199,-1.07098859049574,"nine",380.613,4749.73,"2014","4"
"3394",6,"rear",27,2007,"Floras",4102,380535,4752402,0.284138237378215,0.586034627044102,2.47868586487509,-0.749496646301779,-1.1138136015688,1.51113879615976,-0.300345284381224,-1.11595938338376,-1.08404011484363,"once",380.535,4752.402,"2007","6"
"2448",6,"rear",12,1998,"Floras",4107,385385,4752051,0.252265995853945,0.88708433406488,2.27893785813901,-0.749496646301779,1.4445675325329,0.130212421845153,-0.300345284381224,-1.11595938338376,-1.00454446654282,"three",385.385,4752.051,"1998","6"
"2449",6,"rear",34,2001,"Floras",4107,385385,4752051,0.252265995853945,-0.403128696024168,1.67969383793074,-0.749496646301779,0.977089252215313,0.130212421845153,-0.300345284381224,-1.11595938338376,-1.00454446654282,"three",385.385,4752.051,"2001","6"
"2450",6,"rear",0,2004,"Floras",4107,385385,4752051,0.252265995853945,3.33848909123407,2.35883706083344,-0.749496646301779,1.01958727769873,0.130212421845153,-0.300345284381224,-1.11595938338376,-1.00454446654282,"three",385.385,4752.051,"2004","6"
"2451",6,"rear",145,2007,"Floras",4107,385385,4752051,0.252265995853945,0.435509773533713,2.47868586487509,-0.749496646301779,-0.365848353060665,0.130212421845153,-0.300345284381224,-1.11595938338376,-1.00454446654282,"three",385.385,4752.051,"2007","6"
"2452",6,"rear",257,2010,"Floras",4107,385385,4752051,0.252265995853945,0.370999122029261,1.28019782445857,-0.749496646301779,4.07094550740807,0.130212421845153,-0.300345284381224,-1.11595938338376,-1.00454446654282,"three",385.385,4752.051,"2010","6"
"2453",6,"rear",546,2013,"Floras",4107,385385,4752051,0.252265995853945,0.00543876350403035,1.1203994190697,-0.749496646301779,1.14708135414898,0.130212421845153,-0.300345284381224,-1.11595938338376,-1.00454446654282,"three",385.385,4752.051,"2013","6"
"2447",6,"rear",2,2016,"Floras",4107,385385,4752051,0.252265995853945,-0.553653549534557,2.07918985140292,-0.749496646301779,-0.756830187508101,0.130212421845153,-0.300345284381224,-1.11595938338376,-1.00454446654282,"three",385.385,4752.051,"2016","6"
"2446",6,"rear",20,2019,"Floras",4107,385385,4752051,0.252265995853945,-0.166589640507843,2.63848427026396,-0.749496646301779,0.841095570668378,0.130212421845153,-0.300345284381224,-1.11595938338376,-1.00454446654282,"three",385.385,4752.051,"2019","6"
"2454",6,"rear",0,2019,"Floras",4115,390514,4752274,0.252265995853945,-0.166589640507843,2.63848427026396,-0.749496646301779,0.841095570668378,0.130212421845153,-0.300345284381224,-1.11595938338376,-1.00454446654282,"three",390.514,4752.274,"2019","6"
"3141",3,"rear",154,1998,"MSDependent",4135,384937,4765843,-0.656092887587778,-0.897710357558304,0.920651412333611,-0.79320811466686,0.203625188417123,1.02113266333845,6.51361626978393,-0.435641898326282,-1.10065114583186,"once",384.937,4765.843,"1998","3"
"2783",4,"rear",28,1999,"MSDependent",4140,389575,4763973,-0.608284525301371,0.0914529655099669,-0.557483837513437,-0.630800463912045,-0.0513629644833789,1.15477069956244,-1.14303443013976,-0.435641898326282,-1.03183401745205,"once",389.575,4763.973,"1999","4"
"3355",4,"rear",564,2006,"Coquille",4176,390749,4768472,-0.544540042252829,-0.123582539504875,0.401306594819783,-0.690148555106912,-0.782329002798152,-0.00342561437884133,-0.979072288657328,-0.775800640855023,-0.869283214210088,"once",390.749,4768.472,"2006","4"
"3165",2,"rear",0,2001,"Coquille",4193,391439,4768742,-0.942943061306216,-0.919213908059788,-0.477584634819001,-0.475144991197364,-0.263853091900464,0.263850458069147,-1.79125684995401,-0.0954831557975414,-0.865723707569753,"once",391.439,4768.742,"2001","2"
"3237",4,"rear",25,2003,"Coquille",4196,393491,4769549,-0.385178834631474,0.801070132058944,0.0417601826948251,-0.680553354734089,0.747599914604861,1.06567867541311,-0.689278736269778,-1.11595938338376,-0.849112676581523,"once",393.491,4769.549,"2003","4"
"1573",4,"rear",94,2011,"Coquille",4199,392536,4769832,-0.369242713869339,-0.725681953546431,-0.477584634819001,-0.680553354734089,0.399116105640841,1.55568480823442,-0.689278736269778,-1.11595938338376,-0.869283214210088,"nine",392.536,4769.832,"2011","4"
"3279",3,"rear",80,2004,"Coquille",4204,395018,4766791,-0.815454095209132,1.25264469259011,-0.118038222694044,-0.148552800729804,-0.705832556928001,-1.74072008529076,-1.29555735244899,0.244675586731199,-0.798093081403389,"once",395.018,4766.791,"2004","3"
"3313",4,"rear",2079,2005,"Coquille",4207,394651,4766640,-0.592348404539236,-0.381625145522684,-0.397685432124567,-0.711115844810488,0.943090831828579,1.60023082030909,-0.803670928001705,-0.435641898326282,-0.800466085830279,"once",394.651,4766.64,"2005","4"
"1861",4,"rear",393,2009,"Coquille",4215,396349,4771366,-0.624220646063506,-0.403128696024168,-0.956979850985612,-0.780769891961349,-0.994819130215237,1.51113879615976,-1.79125684995401,-0.435641898326282,-0.882334738557983,"three",396.349,4771.366,"2009","4"
"1862",4,"rear",231,2012,"Coquille",4215,396349,4771366,-0.624220646063506,0.0699494150084828,-0.996929452332829,-0.780769891961349,-0.238354276610414,1.51113879615976,-1.79125684995401,-0.435641898326282,-0.882334738557983,"three",396.349,4771.366,"2012","4"
"1860",4,"rear",120,2018,"Coquille",4215,396349,4771366,-0.624220646063506,-0.790192605050883,-0.677332641555089,-0.780769891961349,-0.620836505961167,1.51113879615976,-1.79125684995401,-0.435641898326282,-0.882334738557983,"three",396.349,4771.366,"2018","4"
"1859",4,"rear",195,2021,"Coquille",4215,396349,4771366,-0.624220646063506,-0.854703256555335,0.481205797514218,-0.780769891961349,-0.17885704093363,1.51113879615976,-1.79125684995401,-0.435641898326282,-0.882334738557983,"three",396.349,4771.366,"2021","4"
"2654",4,"rear",245,2013,"Coquille",4220,396382,4770840,-0.640156766825642,-0.747185504047915,-1.19667745906892,-0.780769891961349,-0.697332951831318,1.19931671163711,-1.79125684995401,-0.435641898326282,-0.875215725277313,"nine",396.382,4770.84,"2013","4"
"3280",5,"rear",6,2004,"Coquille",4268,405390,4782733,-0.337370472345068,0.543027526041134,1.71964343927796,-0.3546719198497,-0.850325843571619,1.77841486860775,0.54615693443504,-1.11595938338376,-0.650966806936211,"once",405.39,4782.733,"2004","5"
"2734",3,"rear",11,1998,"Coquille",4313,397920,4773852,-0.767645732922726,-0.661171302041978,0.0817097840420431,-0.466971301990886,0.373617290350791,-1.16162192832012,-1.23073511046757,0.244675586731199,-0.524011070097598,"nine",397.92,4773.852,"1998","3"
"1643",4,"rear",202,2005,"Coquille",4334,398582,4768721,-0.592348404539236,-0.575157100036041,0.0417601826948251,-0.788232825584656,0.739100309508178,1.73386885653308,-1.80650914218494,-0.435641898326282,-0.414852866460659,"nine",398.582,4768.721,"2005","4"
"2573",3,"rear",0,2010,"Coquille",4341,403527,4767480,-0.879198578257674,-1.09124231207166,0.241508189430913,-0.534493082392231,0.399116105640841,-1.20616794039479,-0.837988585521284,-0.435641898326282,-0.394682328832095,"nine",403.527,4767.48,"2010","3"
"2572",3,"rear",0,2019,"Coquille",4341,403527,4767480,-0.879198578257674,-0.467639347528621,1.16034902041692,-0.534493082392231,0.951590436925263,-1.20616794039479,-0.837988585521284,-0.435641898326282,-0.394682328832095,"nine",403.527,4767.48,"2019","3"
"3238",4,"rear",134,2003,"Coquille",4356,401307,4763888,-0.719837370636319,0.62904172804707,0.800802608291958,-0.507128992440107,0.0506322966768219,0.0411203976958234,-1.40613647112319,-0.0954831557975414,-0.270099596420371,"once",401.307,4763.888,"2003","4"
"729",3,"rear",44,2003,"Coquille",4362,399242,4766282,-0.879198578257674,0.650545278548555,0.76085300694474,-0.633288108453147,0.118629137450289,-1.20616794039479,-1.62729470847158,-0.775800640855023,-0.226199014522907,"annual",399.242,4766.282,"2003","3"
"730",3,"rear",149,2004,"Coquille",4362,399242,4766282,-0.879198578257674,0.715055930053007,0.960601013680828,-0.633288108453147,-0.884324263958353,-1.20616794039479,-1.62729470847158,-0.775800640855023,-0.226199014522907,"annual",399.242,4766.282,"2004","3"
"731",3,"rear",161,2005,"Coquille",4362,399242,4766282,-0.879198578257674,-0.553653549534557,0.840752209639175,-0.633288108453147,0.722101099314811,-1.20616794039479,-1.62729470847158,-0.775800640855023,-0.226199014522907,"annual",399.242,4766.282,"2005","3"
"732",3,"rear",10,2006,"Coquille",4362,399242,4766282,-0.879198578257674,-0.489142898030105,0.840752209639175,-0.633288108453147,-1.12231320666549,-1.20616794039479,-1.62729470847158,-0.775800640855023,-0.226199014522907,"annual",399.242,4766.282,"2006","3"
"733",3,"rear",190,2007,"Coquille",4362,399242,4766282,-0.879198578257674,0.0699494150084828,1.1203994190697,-0.633288108453147,-1.19880965253564,-1.20616794039479,-1.62729470847158,-0.775800640855023,-0.226199014522907,"annual",399.242,4766.282,"2007","3"
"734",3,"rear",34,2008,"Coquille",4362,399242,4766282,-0.879198578257674,-0.854703256555335,0.401306594819783,-0.633288108453147,-1.1138136015688,-1.20616794039479,-1.62729470847158,-0.775800640855023,-0.226199014522907,"annual",399.242,4766.282,"2008","3"
"735",3,"rear",216,2010,"Coquille",4362,399242,4766282,-0.879198578257674,-1.06973876157018,0.0417601826948251,-0.633288108453147,0.501111366801042,-1.20616794039479,-1.62729470847158,-0.775800640855023,-0.226199014522907,"annual",399.242,4766.282,"2010","3"
"736",3,"rear",108,2011,"Coquille",4362,399242,4766282,-0.879198578257674,-0.854703256555335,0.361356993472565,-0.633288108453147,-0.17885704093363,-1.20616794039479,-1.62729470847158,-0.775800640855023,-0.226199014522907,"annual",399.242,4766.282,"2011","3"
"737",3,"rear",143,2012,"Coquille",4362,399242,4766282,-0.879198578257674,0.0699494150084828,0.401306594819783,-0.633288108453147,-0.289351907190514,-1.20616794039479,-1.62729470847158,-0.775800640855023,-0.226199014522907,"annual",399.242,4766.282,"2012","3"
"738",3,"rear",44,2013,"Coquille",4362,399242,4766282,-0.879198578257674,-0.747185504047915,0.561105000208653,-0.633288108453147,-0.714332162024684,-1.20616794039479,-1.62729470847158,-0.775800640855023,-0.226199014522907,"annual",399.242,4766.282,"2013","3"
"739",3,"rear",4,2014,"Coquille",4362,399242,4766282,-0.879198578257674,-0.940717458561272,1.08044981772248,-0.633288108453147,-0.816327423184885,-1.20616794039479,-1.62729470847158,-0.775800640855023,-0.226199014522907,"annual",399.242,4766.282,"2014","3"
"728",3,"rear",57,2015,"Coquille",4362,399242,4766282,-0.879198578257674,-0.61816420103901,1.43999622984744,-0.633288108453147,-1.31780412388921,-1.20616794039479,-1.62729470847158,-0.775800640855023,-0.226199014522907,"annual",399.242,4766.282,"2015","3"
"727",3,"rear",0,2019,"Coquille",4362,399242,4766282,-0.879198578257674,-0.467639347528621,0.920651412333611,-0.633288108453147,0.951590436925263,-1.20616794039479,-1.62729470847158,-0.775800640855023,-0.226199014522907,"annual",399.242,4766.282,"2019","3"
"725",3,"rear",0,2020,"Coquille",4362,399242,4766282,-0.879198578257674,-0.61816420103901,0.481205797514218,-0.633288108453147,-1.31780412388921,-1.20616794039479,-1.62729470847158,-0.775800640855023,-0.226199014522907,"annual",399.242,4766.282,"2020","3"
"726",3,"rear",0,2021,"Coquille",4362,399242,4766282,-0.879198578257674,-0.854703256555335,0.481205797514218,-0.633288108453147,-0.17885704093363,-1.20616794039479,-1.62729470847158,-0.775800640855023,-0.226199014522907,"annual",399.242,4766.282,"2021","3"
"1863",6,"rear",509,2009,"Coquille",4385,400619,4761562,-0.209881506247984,-0.489142898030105,0.561105000208653,-0.639684908701696,-1.1138136015688,0.620218554666464,0.233484943701105,-0.775800640855023,-0.227385516736352,"three",400.619,4761.562,"2009","6"
"1479",4,"rear",142,2017,"Coquille",4395,396661,4761849,-0.719837370636319,-0.596660650537526,-0.996929452332829,-0.756248824341913,0.756099519701544,0.308396470143812,0.0275789985836352,0.924993071788681,-0.175179419344773,"nine",396.661,4761.849,"2017","4"
"2129",4,"rear",166,2012,"Coquille",4405,399751,4757528,-0.687965129112048,0.177467167515903,-0.157987824041262,-0.666338243070648,-0.365848353060665,0.442034506367805,-0.0334301703400595,0.58483432925994,-0.162127894996878,"nine",399.751,4757.528,"2012","4"
"2128",4,"rear",610,2021,"Coquille",4405,399751,4757528,-0.687965129112048,-0.854703256555335,0.481205797514218,-0.666338243070648,-0.17885704093363,0.442034506367805,-0.0334301703400595,0.58483432925994,-0.162127894996878,"nine",399.751,4757.528,"2021","4"
"2203",5,"rear",888,2006,"Coquille",4421,416499,4765850,-0.592348404539236,-0.446135797027137,0.161608986736478,-0.753050424217639,-1.10531399647212,-0.226155674752164,0.191541140066065,-0.435641898326282,-0.239250538870802,"nine",416.499,4765.85,"2006","5"
"2202",5,"rear",1124,2015,"Coquille",4421,416503,4765848,-0.592348404539236,-0.639667751540494,0.800802608291958,-0.753050424217639,-1.22430846782569,-0.226155674752164,0.191541140066065,-0.435641898326282,-0.239250538870802,"nine",416.503,4765.848,"2015","5"
"2574",4,"rear",1,2019,"Coquille",4426,417027,4766878,-0.624220646063506,-0.833199706053851,-0.477584634819001,-0.753050424217639,0.314120054674007,-0.0925176385281708,0.191541140066065,-0.435641898326282,-0.230945023376687,"nine",417.027,4766.878,"2019","4"
"1314",5,"rear",20,1999,"Coquille",4427,417570,4764411,-0.0505202986266294,-0.532149999033073,0.521155398861436,-0.366754764763626,0.00813427119340491,0.932040639189117,0.454643181049498,-1.11595938338376,-0.221453005669127,"three",417.57,4764.411,"1999","5"
"1315",5,"rear",108,1999,"Coquille",4441,420752,4767646,-0.146137023199442,-0.424632246525653,0.241508189430913,-0.697611488730219,0.254622818997224,0.664764566741129,0.427951669645382,-1.11595938338376,-0.138397850727978,"three",420.752,4767.646,"1999","5"
"2131",5,"rear",852,2012,"Coquille",4456,422958,4768875,-0.257689868534391,0.392502672530745,0.201558588083696,-0.0419394632539948,-0.144858620546896,-0.137063650602836,0.405073231298996,-0.775800640855023,-0.0921242644036239,"nine",422.958,4768.875,"2012","5"
"2130",5,"rear",208,2021,"Coquille",4456,422958,4768875,-0.257689868534391,-0.317114494018232,0.481205797514218,-0.0419394632539948,0.212124793513807,-0.137063650602836,0.405073231298996,-0.775800640855023,-0.0921242644036239,"nine",422.958,4768.875,"2021","5"
"3136",5,"rear",0,1998,"Coquille",4461,426419,4771924,-0.417051076155745,-1.02673166056721,0.441256196167,1.50111090781254,0.815596755378328,-0.894345855872135,0.42032552352992,-0.0954831557975414,-0.01974762938348,"once",426.419,4771.924,"1998","5"
"2655",4,"rear",0,2004,"Coquille",4479,427703,4772791,-0.656092887587778,0.672048829050039,0.121659385389261,-0.399094143797954,-0.467843614220866,-0.627069783424147,1.3926591532513,-0.0954831557975414,0.000422908245084748,"nine",427.703,4772.791,"2004","4"
"1575",6,"rear",22,2002,"Coquille",4497,424520,4753057,-0.0983286609130359,0.284984920023324,0.561105000208653,2.47875521246571,-0.807827818088202,-0.582523771349482,0.473708546338153,0.244675586731199,0.0656805299845588,"nine",424.52,4753.057,"2002","6"
"1576",6,"rear",15,2011,"Coquille",4497,424520,4753057,-0.0983286609130359,-0.317114494018232,-0.437635033471785,2.47875521246571,0.0506322966768219,-0.582523771349482,0.473708546338153,0.244675586731199,0.0656805299845588,"nine",424.52,4753.057,"2011","6"
"1574",6,"rear",417,2020,"Coquille",4497,424520,4753057,-0.0983286609130359,-0.61816420103901,0.0817097840420431,2.47875521246571,-1.31780412388921,-0.582523771349482,0.473708546338153,0.244675586731199,0.0656805299845588,"nine",424.52,4753.057,"2020","6"
"1864",6,"rear",1634,2000,"Coquille",4504,424203,4755582,-0.034584177864494,0.0699494150084828,0.00181058134760843,0.0696491633040184,-0.442344798930816,-0.0925176385281708,0.366942500721687,-0.435641898326282,0.0324584680080993,"three",424.203,4755.582,"2000","6"
"1865",6,"rear",1336,2003,"Coquille",4504,424203,4755582,-0.034584177864494,0.457013324035197,1.04050021637526,0.0696491633040184,1.00258806750536,-0.0925176385281708,0.366942500721687,-0.435641898326282,0.0324584680080993,"three",424.203,4755.582,"2003","6"
"1866",6,"rear",1066,2006,"Coquille",4504,424203,4755582,-0.034584177864494,-0.381625145522684,0.920651412333611,0.0696491633040184,-1.05431636589202,-0.0925176385281708,0.366942500721687,-0.435641898326282,0.0324584680080993,"three",424.203,4755.582,"2006","6"
"1867",6,"rear",720,2012,"Coquille",4504,424203,4755582,-0.034584177864494,0.801070132058944,0.121659385389261,0.0696491633040184,-0.297851512287198,-0.0925176385281708,0.366942500721687,-0.435641898326282,0.0324584680080993,"three",424.203,4755.582,"2012","6"
"3166",6,"rear",2972,2001,"Coquille",4507,424270,4754389,-0.0505202986266294,-1.13424941307463,0.00181058134760843,-0.541245260432366,-0.323350327577248,0.0411203976958234,0.355503281548494,-1.11595938338376,0.0478829967828841,"once",424.27,4754.389,"2001","6"
"3356",5,"rear",465,2006,"Coquille",4517,417252,4758470,-0.0505202986266294,-0.231100292012295,1.16034902041692,-0.534848460183817,-1.07131557608539,-0.0925176385281708,0.164849628661948,-0.775800640855023,-0.0814457444826192,"once",417.252,4758.47,"2006","5"
"3239",4,"rear",197,2003,"Coquille",4525,421951,4764261,-0.687965129112048,0.134460066512935,-0.237887026735697,-0.610188552000056,0.603106627961243,0.130212421845153,0.405073231298996,0.924993071788681,-0.138397850727978,"once",421.951,4764.261,"2003","4"
"3208",5,"rear",1133,2002,"Coquille",4539,429134,4763794,-0.193945385485849,-1.13424941307463,1.51989543254187,0.160270500158456,-1.25830688821242,1.77841486860775,0.946529605496787,-1.11595938338376,-0.0316126515179298,"once",429.134,4763.794,"2002","5"
"1481",5,"rear",725,1999,"Coquille",4546,429587,4765248,-0.241753747772255,-0.854703256555335,0.481205797514218,-0.310605073693033,-0.263853091900464,1.46659278408509,0.916025021034939,-0.775800640855023,-0.00195009618180525,"nine",429.587,4765.248,"1999","5"
"1482",5,"rear",652,2008,"Coquille",4546,429587,4765248,-0.241753747772255,-1.11274586257315,0.840752209639175,-0.310605073693033,-0.858825448668302,1.46659278408509,0.916025021034939,-0.775800640855023,-0.00195009618180525,"nine",429.587,4765.248,"2008","5"
"1480",5,"rear",700,2017,"Coquille",4546,429588,4765249,-0.241753747772255,-0.811696155552367,1.1203994190697,-0.310605073693033,0.212124793513807,1.46659278408509,0.916025021034939,-0.775800640855023,-0.00195009618180525,"nine",429.588,4765.249,"2017","5"
"3314",5,"rear",258,2005,"Coquille",4547,428189,4762599,-0.162073143961578,-0.596660650537526,1.99929064870848,0.160270500158456,0.62010583815461,1.77841486860775,0.931277313265863,-0.775800640855023,-0.0553426957868295,"once",428.189,4762.599,"2005","5"
"3137",5,"rear",300,1998,"Coquille",4582,430885,4760940,-0.0983286609130359,-1.1772565140776,0.401306594819783,1.47054841773615,0.331119264867374,-0.0479716264535061,-0.0715609009173687,0.924993071788681,-0.000763593968360336,"once",430.885,4760.94,"1998","5"
"1578",4,"rear",1371,2011,"Coquille",4592,434778,4755089,-0.464859438442152,-0.768689054549399,-0.797181445596741,0.363546596945664,-0.297851512287198,0.308396470143812,0.576661518896888,-0.0954831557975414,0.100089094174463,"nine",434.778,4755.089,"2011","4"
"1577",4,"rear",980,2020,"Coquille",4592,434778,4755089,-0.464859438442152,-0.725681953546431,-0.157987824041262,0.363546596945664,0.518110576994409,0.308396470143812,0.576661518896888,-0.0954831557975414,0.100089094174463,"nine",434.778,4755.089,"2020","4"
"2029",4,"rear",0,2018,"Coquille",4628,408625,4761461,-0.719837370636319,-0.854703256555335,0.601054601555871,-0.53911299368285,-0.943821499635136,-0.0479716264535061,0.141971190315563,0.924993071788681,-0.300948653969941,"nine",408.625,4761.461,"2018","4"
"2423",4,"rear",25,2013,"Coquille",4629,409276,4761435,-0.719837370636319,-0.768689054549399,0.720903405597524,-0.53911299368285,-0.697332951831318,-0.0479716264535061,0.141971190315563,0.924993071788681,-0.300948653969941,"three",409.276,4761.435,"2013","4"
"2422",4,"rear",4,2019,"Coquille",4629,409276,4761435,-0.719837370636319,-0.725681953546431,0.680953804250306,-0.53911299368285,0.518110576994409,-0.0479716264535061,0.141971190315563,0.924993071788681,-0.300948653969941,"three",409.276,4761.435,"2019","4"
"2424",4,"rear",381,1998,"Coquille",4648,401248,4755072,-0.703901249874184,-0.919213908059788,-0.118038222694044,0.385580020023998,0.144127952740339,-0.716161807573476,-0.380419818593573,0.244675586731199,-0.093310766617069,"three",401.248,4755.072,"1998","4"
"3167",4,"rear",0,2001,"Coquille",4669,403666,4750754,-0.703901249874184,-1.1772565140776,0.241508189430913,-0.0387410631297205,-0.501842034607599,-1.33980597661878,-0.82273629329036,-0.435641898326282,0.056188512276999,"once",403.666,4750.754,"2001","4"
"2575",5,"rear",64,2001,"Coquille",4672,409061,4750572,-0.480795559204287,-1.26327071608353,0.00181058134760843,-0.470880457698332,-0.518841244800966,0.976586651263782,-0.69690488238524,0.244675586731199,0.0241529525139844,"nine",409.061,4750.572,"2001","5"
"2576",5,"rear",280,2010,"Coquille",4672,409061,4750572,-0.480795559204287,-0.854703256555335,0.201558588083696,-0.470880457698332,0.917592016538529,0.976586651263782,-0.69690488238524,0.244675586731199,0.0241529525139844,"nine",409.061,4750.572,"2010","5"
"1868",5,"rear",0,2015,"Coquille",4676,413012,4750751,-0.544540042252829,-0.424632246525653,1.63974423658352,0.304198505750798,-1.20730925763232,-1.29525996454412,-0.227896896284336,-0.0954831557975414,0.0727995432652287,"three",413.012,4750.751,"2015","5"
"2735",5,"rear",0,1998,"Coquille",4691,409867,4744564,-0.193945385485849,-0.532149999033073,1.16034902041692,-0.606990151875781,0.603106627961243,0.397488494293141,-0.0639347548019069,-0.775800640855023,0.166533218127382,"nine",409.867,4744.564,"1998","5"
"746",5,"rear",783,1998,"Coquille",4699,409489,4744428,-0.193945385485849,-0.532149999033073,1.16034902041692,-0.606990151875781,0.603106627961243,0.0411203976958234,-0.0639347548019069,-0.775800640855023,0.171279226981162,"annual",409.489,4744.428,"1998","5"
"747",5,"rear",0,1999,"Coquille",4699,409489,4744428,-0.193945385485849,-0.0590718880004221,0.161608986736478,-0.606990151875781,-0.136359015450213,0.0411203976958234,-0.0639347548019069,-0.775800640855023,0.171279226981162,"annual",409.489,4744.428,"1999","5"
"748",5,"rear",809,2003,"Coquille",4699,409489,4744428,-0.193945385485849,0.693552379551523,0.960601013680828,-0.606990151875781,1.01108767260205,0.0411203976958234,-0.0639347548019069,-0.775800640855023,0.171279226981162,"annual",409.489,4744.428,"2003","5"
"749",5,"rear",1211,2004,"Coquille",4699,409489,4744428,-0.193945385485849,1.42467309660198,1.04050021637526,-0.606990151875781,-0.654834926347901,0.0411203976958234,-0.0639347548019069,-0.775800640855023,0.171279226981162,"annual",409.489,4744.428,"2004","5"
"750",5,"rear",607,2005,"Coquille",4699,409489,4744428,-0.193945385485849,0.0699494150084828,0.960601013680828,-0.606990151875781,0.909092411441846,0.0411203976958234,-0.0639347548019069,-0.775800640855023,0.171279226981162,"annual",409.489,4744.428,"2005","5"
"751",5,"rear",599,2006,"Coquille",4699,409489,4744428,-0.193945385485849,-0.274107393015263,0.840752209639175,-0.606990151875781,-0.909823079248403,0.0411203976958234,-0.0639347548019069,-0.775800640855023,0.171279226981162,"annual",409.489,4744.428,"2006","5"
"752",5,"rear",990,2011,"Coquille",4699,409489,4744428,-0.193945385485849,-0.317114494018232,0.0817097840420431,-0.606990151875781,0.212124793513807,0.0411203976958234,-0.0639347548019069,-0.775800640855023,0.171279226981162,"annual",409.489,4744.428,"2011","5"
"753",5,"rear",1085,2012,"Coquille",4699,409489,4744428,-0.193945385485849,1.29565179359308,0.201558588083696,-0.606990151875781,-0.0938609899667959,0.0411203976958234,-0.0639347548019069,-0.775800640855023,0.171279226981162,"annual",409.489,4744.428,"2012","5"
"754",5,"rear",630,2014,"Coquille",4699,409489,4744428,-0.193945385485849,-0.446135797027137,1.00055061502805,-0.606990151875781,-0.671834136541267,0.0411203976958234,-0.0639347548019069,-0.775800640855023,0.171279226981162,"annual",409.489,4744.428,"2014","5"
"743",5,"rear",556,2015,"Coquille",4699,409489,4744428,-0.193945385485849,-0.10207898900339,1.40004662850022,-0.606990151875781,-1.12231320666549,0.0411203976958234,-0.0639347548019069,-0.775800640855023,0.171279226981162,"annual",409.489,4744.428,"2015","5"
"744",5,"rear",496,2017,"Coquille",4699,409489,4744428,-0.193945385485849,-0.424632246525653,0.641004202903087,-0.606990151875781,-1.20730925763232,0.0411203976958234,-0.0639347548019069,-0.775800640855023,0.171279226981162,"annual",409.489,4744.428,"2017","5"
"745",5,"rear",600,2018,"Coquille",4699,409489,4744428,-0.193945385485849,-0.0805754385019062,1.00055061502805,-0.606990151875781,-0.714332162024684,0.0411203976958234,-0.0639347548019069,-0.775800640855023,0.171279226981162,"annual",409.489,4744.428,"2018","5"
"742",5,"rear",399,2019,"Coquille",4699,409489,4744428,-0.193945385485849,-0.725681953546431,0.561105000208653,-0.606990151875781,0.518110576994409,0.0411203976958234,-0.0639347548019069,-0.775800640855023,0.171279226981162,"annual",409.489,4744.428,"2019","5"
"740",5,"rear",1607,2020,"Coquille",4699,409489,4744428,-0.193945385485849,-0.725681953546431,0.481205797514218,-0.606990151875781,0.518110576994409,0.0411203976958234,-0.0639347548019069,-0.775800640855023,0.171279226981162,"annual",409.489,4744.428,"2020","5"
"741",5,"rear",355,2021,"Coquille",4699,409489,4744428,-0.193945385485849,-0.317114494018232,0.481205797514218,-0.606990151875781,0.212124793513807,0.0411203976958234,-0.0639347548019069,-0.775800640855023,0.171279226981162,"annual",409.489,4744.428,"2021","5"
"1869",3,"rear",0,2015,"Coquille",4702,409766,4742910,-0.89513469901981,-0.10207898900339,1.40004662850022,0.918646707403042,-1.12231320666549,-2.09708818188808,-0.0791870470328306,4.32658049707609,0.200941782317287,"three",409.766,4742.91,"2015","3"
"1870",3,"rear",0,2018,"Coquille",4702,409766,4742910,-0.89513469901981,-0.0805754385019062,1.00055061502805,0.918646707403042,-0.714332162024684,-2.09708818188808,-0.0791870470328306,4.32658049707609,0.200941782317287,"three",409.766,4742.91,"2018","3"
"1484",4,"rear",0,1999,"Coquille",4732,414089,4741670,-0.735773491398455,-0.0590718880004221,-0.797181445596741,1.05511177937208,-0.187356646030313,-1.29525996454412,0.0199528524681733,2.28562804190364,0.218739315518962,"nine",414.089,4741.67,"1999","4"
"1483",4,"rear",0,2017,"Coquille",4732,414089,4741670,-0.735773491398455,0.0484458645069986,-0.237887026735697,1.05511177937208,0.985588857311996,-1.29525996454412,0.0199528524681733,2.28562804190364,0.218739315518962,"nine",414.089,4741.67,"2017","4"
"2030",4,"rear",0,2000,"Coquille",4735,416818,4737125,-0.624220646063506,0.715055930053007,-1.99566948601327,2.29111573850829,0.127128742546973,-1.02798389209613,1.09905252780602,6.70769169477728,0.288742946112216,"nine",416.818,4737.125,"2000","4"
"3045",5,"rear",0,2000,"Coquille",4739,411687,4734229,-0.22581762701012,0.715055930053007,-0.637383040207872,0.126509609957783,0.127128742546973,0.174758433919818,-0.776979416597589,-0.435641898326282,0.372984603266809,"once",411.687,4734.229,"2000","5"
"3138",5,"rear",0,1998,"Coquille",4742,409401,4734512,-0.40111495539361,0.327992021026292,0.0417601826948251,3.56407898796944,1.2915746407926,-1.91890413358942,-1.07821218815833,0.244675586731199,0.408579669670159,"once",409.401,4734.512,"1998","5"
"3315",6,"rear",126,2005,"Coquille",4749,412742,4734546,0.347882720426757,0.586034627044102,1.83949224331961,-0.426813611541664,1.28307503569592,0.0856664097704881,-0.227896896284336,-1.11595938338376,0.36349258555925,"once",412.742,4734.546,"2005","6"
"1580",6,"rear",1647,2011,"Coquille",4753,413574,4731881,0.316010478902486,0.134460066512935,0.00181058134760843,0.599517450558788,0.322619659770691,-0.0479716264535061,-0.307971430496686,-0.775800640855023,0.400274154176044,"nine",413.574,4731.881,"2011","6"
"1579",6,"rear",39,2020,"Coquille",4753,413574,4731881,0.316010478902486,-0.725681953546431,0.840752209639175,0.599517450558788,0.518110576994409,-0.0479716264535061,-0.307971430496686,-0.775800640855023,0.400274154176044,"nine",413.574,4731.881,"2020","6"
"2779",3,"rear",0,1999,"Coquille",4755,412772,4731072,-0.847326336733403,0.435509773533713,-1.95571988466605,2.14434471058326,-0.442344798930816,-1.02798389209613,-0.296532211323493,5.68721546719105,0.414512180737384,"once",412.772,4731.072,"1999","3"
"2133",5,"rear",281,2003,"Coquille",4757,414807,4730332,-0.257689868534391,0.844077233061912,0.201558588083696,-0.255876893788784,1.10458332866556,-0.0925176385281708,-0.742661759078011,-0.0954831557975414,0.428750207298724,"nine",414.807,4730.332,"2003","5"
"2134",5,"rear",155,2012,"Coquille",4757,414807,4730332,-0.257689868534391,2.3493257681658,-1.19667745906892,-0.255876893788784,-0.0428633593866955,-0.0925176385281708,-0.742661759078011,-0.0954831557975414,0.428750207298724,"nine",414.807,4730.332,"2012","5"
"2132",5,"rear",156,2021,"Coquille",4757,414807,4730332,-0.257689868534391,-0.317114494018232,0.481205797514218,-0.255876893788784,0.212124793513807,-0.0925176385281708,-0.742661759078011,-0.0954831557975414,0.428750207298724,"nine",414.807,4730.332,"2021","5"
"2205",2,"rear",0,2006,"Coquille",4758,412562,4729279,-0.958879182068351,0.155963617014419,-1.47632466849944,-0.0412287076708227,-0.612336900864484,-1.20616794039479,-0.563447325364657,5.34705672466231,0.465531775915518,"nine",412.562,4729.279,"2006","2"
"2204",2,"rear",0,2015,"Coquille",4758,412563,4729279,-0.958879182068351,0.650545278548555,-1.1567278577217,-0.0412287076708227,-0.943821499635136,-1.20616794039479,-0.563447325364657,5.34705672466231,0.465531775915518,"nine",412.563,4729.279,"2015","2"
"761",4,"rear",0,1998,"Coquille",4794,413620,4770016,-0.687965129112048,-1.00522811006572,0.481205797514218,-0.418995300126772,0.475612551510992,-0.1816096626775,-0.494812010325501,0.924993071788681,-0.318746187171616,"annual",413.62,4770.016,"1998","4"
"762",4,"rear",0,1999,"Coquille",4794,413620,4770016,-0.687965129112048,-0.489142898030105,-0.437635033471785,-0.418995300126772,-0.0853613848701125,-0.1816096626775,-0.494812010325501,0.924993071788681,-0.318746187171616,"annual",413.62,4770.016,"1999","4"
"763",4,"rear",0,2000,"Coquille",4794,413620,4770016,-0.687965129112048,-0.209596741510811,-0.237887026735697,-0.418995300126772,-0.5528396651877,-0.1816096626775,-0.494812010325501,0.924993071788681,-0.318746187171616,"annual",413.62,4770.016,"2000","4"
"764",4,"rear",397,2001,"Coquille",4794,413620,4770016,-0.687965129112048,-1.19876006457908,-0.197937425388479,-0.418995300126772,-0.399846773447398,-0.1816096626775,-0.494812010325501,0.924993071788681,-0.318746187171616,"annual",413.62,4770.016,"2001","4"
"765",4,"rear",273,2002,"Coquille",4794,413620,4770016,-0.687965129112048,-0.317114494018232,0.281457790778131,-0.418995300126772,-0.816327423184885,-0.1816096626775,-0.494812010325501,0.924993071788681,-0.318746187171616,"annual",413.62,4770.016,"2002","4"
"766",4,"rear",144,2003,"Coquille",4794,413620,4770016,-0.687965129112048,0.478516874536682,0.321407392125349,-0.418995300126772,0.577607812671193,-0.1816096626775,-0.494812010325501,0.924993071788681,-0.318746187171616,"annual",413.62,4770.016,"2003","4"
"767",4,"rear",124,2004,"Coquille",4794,413620,4770016,-0.687965129112048,0.672048829050039,0.481205797514218,-0.418995300126772,-0.705832556928001,-0.1816096626775,-0.494812010325501,0.924993071788681,-0.318746187171616,"annual",413.62,4770.016,"2004","4"
"768",4,"rear",161,2005,"Coquille",4794,413620,4770016,-0.687965129112048,-0.295610943516748,0.321407392125349,-0.418995300126772,0.968589647118629,-0.1816096626775,-0.494812010325501,0.924993071788681,-0.318746187171616,"annual",413.62,4770.016,"2005","4"
"769",4,"rear",276,2006,"Coquille",4794,413620,4770016,-0.687965129112048,-0.403128696024168,0.241508189430913,-0.418995300126772,-0.994819130215237,-0.1816096626775,-0.494812010325501,0.924993071788681,-0.318746187171616,"annual",413.62,4770.016,"2006","4"
"770",4,"rear",322,2009,"Coquille",4794,413620,4770016,-0.687965129112048,-0.381625145522684,0.121659385389261,-0.418995300126772,-0.688833346734634,-0.1816096626775,-0.494812010325501,0.924993071788681,-0.318746187171616,"annual",413.62,4770.016,"2009","4"
"771",4,"rear",289,2011,"Coquille",4794,413620,4770016,-0.687965129112048,-0.725681953546431,-0.237887026735697,-0.418995300126772,0.0166338762900883,-0.1816096626775,-0.494812010325501,0.924993071788681,-0.318746187171616,"annual",413.62,4770.016,"2011","4"
"772",4,"rear",207,2012,"Coquille",4794,413620,4770016,-0.687965129112048,0.241977819020356,-0.157987824041262,-0.418995300126772,-0.17885704093363,-0.1816096626775,-0.494812010325501,0.924993071788681,-0.318746187171616,"annual",413.62,4770.016,"2012","4"
"773",4,"rear",235,2013,"Coquille",4794,413620,4770016,-0.687965129112048,-0.747185504047915,0.241508189430913,-0.418995300126772,-0.425345588737449,-0.1816096626775,-0.494812010325501,0.924993071788681,-0.318746187171616,"annual",413.62,4770.016,"2013","4"
"774",4,"rear",204,2014,"Coquille",4794,413620,4770016,-0.687965129112048,-0.854703256555335,0.481205797514218,-0.418995300126772,-0.62933611105785,-0.1816096626775,-0.494812010325501,0.924993071788681,-0.318746187171616,"annual",413.62,4770.016,"2014","4"
"758",4,"rear",204,2015,"Coquille",4794,413620,4770016,-0.687965129112048,-0.489142898030105,0.840752209639175,-0.418995300126772,-1.26680649330911,-0.1816096626775,-0.494812010325501,0.924993071788681,-0.318746187171616,"annual",413.62,4770.016,"2015","4"
"759",4,"rear",231,2016,"Coquille",4794,413620,4770016,-0.687965129112048,-0.123582539504875,0.0417601826948251,-0.418995300126772,-1.17331083724559,-0.1816096626775,-0.494812010325501,0.924993071788681,-0.318746187171616,"annual",413.62,4770.016,"2016","4"
"760",4,"rear",111,2018,"Coquille",4794,413620,4770016,-0.687965129112048,-0.790192605050883,0.321407392125349,-0.418995300126772,-0.867325053764986,-0.1816096626775,-0.494812010325501,0.924993071788681,-0.318746187171616,"annual",413.62,4770.016,"2018","4"
"755",4,"rear",83,2019,"Coquille",4794,413620,4770016,-0.687965129112048,-0.87620680705682,0.281457790778131,-0.418995300126772,-0.0173645440966453,-0.1816096626775,-0.494812010325501,0.924993071788681,-0.318746187171616,"annual",413.62,4770.016,"2019","4"
"756",4,"rear",70,2020,"Coquille",4794,413620,4770016,-0.687965129112048,-0.747185504047915,0.0817097840420431,-0.418995300126772,-0.425345588737449,-0.1816096626775,-0.494812010325501,0.924993071788681,-0.318746187171616,"annual",413.62,4770.016,"2020","4"
"757",4,"rear",184,2021,"Coquille",4794,413620,4770016,-0.687965129112048,-0.747185504047915,0.0817097840420431,-0.418995300126772,-0.425345588737449,-0.1816096626775,-0.494812010325501,0.924993071788681,-0.318746187171616,"annual",413.62,4770.016,"2021","4"
"2427",4,"rear",361,1998,"Coquille",4797,414469,4773036,-0.544540042252829,-1.15575296357611,1.47994583119466,-0.592419662420754,0.390616500544158,0.798402602965123,0.427951669645382,-0.775800640855023,-0.252302063218697,"three",414.469,4773.036,"1998","4"
"2428",4,"rear",932,2001,"Coquille",4797,414469,4773036,-0.544540042252829,-1.19876006457908,0.76085300694474,-0.592419662420754,-0.391347168350715,0.798402602965123,0.427951669645382,-0.775800640855023,-0.252302063218697,"three",414.469,4773.036,"2001","4"
"2429",4,"rear",248,2007,"Coquille",4797,414469,4773036,-0.544540042252829,-0.145086090006359,1.59979463523631,-0.592419662420754,-1.1138136015688,0.798402602965123,0.427951669645382,-0.775800640855023,-0.252302063218697,"three",414.469,4773.036,"2007","4"
"2430",4,"rear",878,2010,"Coquille",4797,414469,4773036,-0.544540042252829,-1.11274586257315,0.441256196167,-0.592419662420754,0.688102678928077,0.798402602965123,0.427951669645382,-0.775800640855023,-0.252302063218697,"three",414.469,4773.036,"2010","4"
"2431",4,"rear",640,2013,"Coquille",4797,414469,4773036,-0.544540042252829,-0.833199706053851,1.08044981772248,-0.592419662420754,-0.535840454994333,0.798402602965123,0.427951669645382,-0.775800640855023,-0.252302063218697,"three",414.469,4773.036,"2013","4"
"2426",4,"rear",257,2016,"Coquille",4797,414468,4773035,-0.544540042252829,-0.3601215950212,1.00055061502805,-0.592419662420754,-1.31780412388921,0.798402602965123,0.427951669645382,-0.775800640855023,-0.252302063218697,"three",414.468,4773.035,"2016","4"
"2425",4,"rear",636,2019,"Coquille",4797,414469,4773036,-0.544540042252829,-0.87620680705682,1.28019782445857,-0.592419662420754,-0.0173645440966453,0.798402602965123,0.427951669645382,-0.775800640855023,-0.252302063218697,"three",414.469,4773.036,"2019","4"
"2032",5,"rear",364,2000,"Coquille",4811,418613,4773522,-0.273625989296526,-0.510646448531589,-0.437635033471785,-0.779703758586591,-0.595337690671117,0.932040639189117,0.649109906993775,-0.775800640855023,-0.196536459186783,"nine",418.613,4773.522,"2000","5"
"2033",5,"rear",878,2009,"Coquille",4811,418613,4773522,-0.273625989296526,-0.575157100036041,-0.197937425388479,-0.779703758586591,-0.467843614220866,0.932040639189117,0.649109906993775,-0.775800640855023,-0.196536459186783,"nine",418.613,4773.522,"2009","5"
"2031",5,"rear",966,2018,"Coquille",4811,418579,4773521,-0.273625989296526,-0.209596741510811,0.0417601826948251,-0.779703758586591,-1.21580886272901,0.932040639189117,0.649109906993775,-0.775800640855023,-0.196536459186783,"nine",418.579,4773.521,"2018","5"
"3357",4,"rear",1706,2006,"Coquille",4814,420744,4773319,-0.40111495539361,-0.467639347528621,-0.197937425388479,-0.080320264745286,-1.07981518118207,0.531126530517135,0.816885121533936,-0.775800640855023,-0.153822379502763,"once",420.744,4773.319,"2006","4"
"2780",4,"rear",917,1999,"Coquille",4828,422769,4772702,-0.512667800728558,-0.424632246525653,-1.19667745906892,0.362480463570906,0.373617290350791,-0.582523771349482,1.56043436779146,-0.775800640855023,-0.122973321953194,"once",422.769,4772.702,"1999","4"
"1317",4,"rear",0,1999,"Coquille",4829,420769,4774629,-0.640156766825642,-0.188093191009327,-0.157987824041262,-0.581758328673173,0.297120844480641,-0.537977759274818,0.115279678911446,-0.435641898326282,-0.160941392783433,"three",420.769,4774.629,"1999","4"
"1318",4,"rear",515,2002,"Coquille",4829,420769,4774629,-0.640156766825642,-0.424632246525653,0.601054601555871,-0.581758328673173,-0.833326633378252,-0.537977759274818,0.115279678911446,-0.435641898326282,-0.160941392783433,"three",420.769,4774.629,"2002","4"
"1319",4,"rear",591,2005,"Coquille",4829,420769,4774629,-0.640156766825642,-0.596660650537526,0.641004202903087,-0.581758328673173,0.883593596151796,-0.537977759274818,0.115279678911446,-0.435641898326282,-0.160941392783433,"three",420.769,4774.629,"2005","4"
"1320",4,"rear",299,2008,"Coquille",4829,420769,4774629,-0.640156766825642,-1.06973876157018,0.201558588083696,-0.581758328673173,-0.884324263958353,-0.537977759274818,0.115279678911446,-0.435641898326282,-0.160941392783433,"three",420.769,4774.629,"2008","4"
"1321",4,"rear",294,2011,"Coquille",4829,420769,4774629,-0.640156766825642,-0.919213908059788,0.00181058134760843,-0.581758328673173,-0.187356646030313,-0.537977759274818,0.115279678911446,-0.435641898326282,-0.160941392783433,"three",420.769,4774.629,"2011","4"
"1322",4,"rear",285,2014,"Coquille",4829,420769,4774629,-0.640156766825642,-0.98372455956424,0.840752209639175,-0.581758328673173,-0.671834136541267,-0.537977759274818,0.115279678911446,-0.435641898326282,-0.160941392783433,"three",420.769,4774.629,"2014","4"
"1316",4,"rear",164,2020,"Coquille",4829,420769,4774629,-0.640156766825642,-0.188093191009327,0.321407392125349,-0.581758328673173,0.297120844480641,-0.537977759274818,0.115279678911446,-0.435641898326282,-0.160941392783433,"three",420.769,4774.629,"2020","4"
"3281",4,"rear",1138,2004,"Coquille",4832,416076,4776673,-0.592348404539236,0.392502672530745,1.32014742580579,-0.643594064409142,-0.782329002798152,1.51113879615976,-0.552008106191465,-0.775800640855023,-0.178738925985108,"once",416.076,4776.673,"2004","4"
"781",4,"rear",1069,2007,"Coquille",4851,421763,4778901,-0.544540042252829,-0.231100292012295,0.161608986736478,0.0781782303020831,-1.09681439137544,1.11022468748778,0.595726884185542,0.58483432925994,-0.0411046692254897,"annual",421.763,4778.901,"2007","4"
"782",4,"rear",1177,2008,"Coquille",4851,421763,4778901,-0.544540042252829,-1.06973876157018,-0.437635033471785,0.0781782303020831,-0.884324263958353,1.11022468748778,0.595726884185542,0.58483432925994,-0.0411046692254897,"annual",421.763,4778.901,"2008","4"
"783",4,"rear",1830,2009,"Coquille",4851,421763,4778901,-0.544540042252829,-0.811696155552367,-0.0381390199996096,0.0781782303020831,-0.748330582411418,1.11022468748778,0.595726884185542,0.58483432925994,-0.0411046692254897,"annual",421.763,4778.901,"2009","4"
"784",4,"rear",732,2010,"Coquille",4851,421763,4778901,-0.544540042252829,-1.11274586257315,-0.557483837513437,0.0781782303020831,0.67110346873471,1.11022468748778,0.595726884185542,0.58483432925994,-0.0411046692254897,"annual",421.763,4778.901,"2010","4"
"785",4,"rear",1294,2011,"Coquille",4851,421763,4778901,-0.544540042252829,-0.919213908059788,-0.677332641555089,0.0781782303020831,-0.187356646030313,1.11022468748778,0.595726884185542,0.58483432925994,-0.0411046692254897,"annual",421.763,4778.901,"2011","4"
"786",4,"rear",834,2012,"Coquille",4851,421763,4778901,-0.544540042252829,0.284984920023324,-0.557483837513437,0.0781782303020831,-0.272352696997147,1.11022468748778,0.595726884185542,0.58483432925994,-0.0411046692254897,"annual",421.763,4778.901,"2012","4"
"787",4,"rear",671,2013,"Coquille",4851,421763,4778901,-0.544540042252829,-0.87620680705682,0.00181058134760843,0.0781782303020831,-0.52734084989765,1.11022468748778,0.595726884185542,0.58483432925994,-0.0411046692254897,"annual",421.763,4778.901,"2013","4"
"788",4,"rear",1259,2014,"Coquille",4851,421763,4778901,-0.544540042252829,-0.98372455956424,0.161608986736478,0.0781782303020831,-0.671834136541267,1.11022468748778,0.595726884185542,0.58483432925994,-0.0411046692254897,"annual",421.763,4778.901,"2014","4"
"777",4,"rear",533,2015,"Coquille",4851,421772,4778907,-0.544540042252829,-0.661171302041978,0.441256196167,0.0781782303020831,-1.34330293917926,1.11022468748778,0.595726884185542,0.58483432925994,-0.0411046692254897,"annual",421.772,4778.907,"2015","4"
"778",4,"rear",750,2016,"Coquille",4851,421772,4778907,-0.544540042252829,-0.3601215950212,-0.437635033471785,0.0781782303020831,-1.30080491369584,1.11022468748778,0.595726884185542,0.58483432925994,-0.0411046692254897,"annual",421.772,4778.907,"2016","4"
"779",4,"rear",1139,2017,"Coquille",4851,421772,4778907,-0.544540042252829,-0.87620680705682,-0.35773583077735,0.0781782303020831,-0.0173645440966453,1.11022468748778,0.595726884185542,0.58483432925994,-0.0411046692254897,"annual",421.772,4778.907,"2017","4"
"780",4,"rear",1313,2018,"Coquille",4851,421772,4778907,-0.544540042252829,-0.87620680705682,0.121659385389261,0.0781782303020831,-1.08831478627875,1.11022468748778,0.595726884185542,0.58483432925994,-0.0411046692254897,"annual",421.772,4778.907,"2018","4"
"775",4,"rear",628,2019,"Coquille",4851,421763,4778901,-0.544540042252829,-0.87620680705682,-0.277836628082914,0.0781782303020831,-0.0173645440966453,1.11022468748778,0.595726884185542,0.58483432925994,-0.0411046692254897,"annual",421.763,4778.901,"2019","4"
"776",4,"rear",1581,2020,"Coquille",4851,421763,4778901,-0.544540042252829,-0.87620680705682,-0.317786229430132,0.0781782303020831,-0.0173645440966453,1.11022468748778,0.595726884185542,0.58483432925994,-0.0411046692254897,"annual",421.763,4778.901,"2020","4"
"1582",4,"rear",834,2002,"Coquille",4852,421806,4779248,-0.544540042252829,-0.424632246525653,0.00181058134760843,0.0781782303020831,-0.833326633378252,-0.270701686826829,0.595726884185542,0.58483432925994,-0.0363586603717098,"nine",421.806,4779.248,"2002","4"
"1583",4,"rear",1344,2011,"Coquille",4852,421806,4779248,-0.544540042252829,-0.919213908059788,-0.677332641555089,0.0781782303020831,-0.187356646030313,-0.270701686826829,0.595726884185542,0.58483432925994,-0.0363586603717098,"nine",421.806,4779.248,"2011","4"
"1581",4,"rear",1581,2020,"Coquille",4852,421806,4779248,-0.544540042252829,-0.87620680705682,-0.317786229430132,0.0781782303020831,-0.0173645440966453,-0.270701686826829,0.595726884185542,0.58483432925994,-0.0363586603717098,"nine",421.806,4779.248,"2020","4"
"3240",3,"rear",44,2003,"Coquille",4896,409124,4777144,-0.783581853684861,0.693552379551523,0.840752209639175,-0.634709619619491,0.331119264867374,-0.671615795498811,-0.346102161073995,-0.0954831557975414,-0.170433410490993,"once",409.124,4777.144,"2003","3"
"1644",6,"rear",690,2005,"Coquille",4905,415450,4780217,0.188521512805403,-0.639667751540494,1.47994583119466,-0.0390964409213066,0.934591226731896,0.130212421845153,0.778754390956626,-1.11595938338376,-0.0648347134943893,"nine",415.45,4780.217,"2005","6"
"2781",3,"rear",0,1999,"Coquille",4932,423879,4785562,-0.719837370636319,-0.188093191009327,-0.996929452332829,-0.152817334228836,0.62010583815461,-1.25071395246945,2.10570381504699,0.924993071788681,0.162973711487048,"once",423.879,4785.562,"1999","3"
"2656",3,"rear",281,2013,"Coquille",4945,416993,4784863,-0.767645732922726,-0.87620680705682,0.361356993472565,-0.66704899865382,-0.459344009124182,-0.404339723050823,1.14099633144106,-0.0954831557975414,0.0977160897475734,"nine",416.993,4784.863,"2013","3"
"2207",5,"rear",1414,2006,"Coquille",4960,420215,4787127,-0.0983286609130359,-0.209596741510811,0.960601013680828,-0.24557093783279,-0.95232110473182,0.130212421845153,0.508026203857731,-1.11595938338376,0.168906222554272,"nine",420.215,4787.127,"2006","5"
"2206",5,"rear",2855,2015,"Coquille",4960,420215,4787127,-0.0983286609130359,-0.274107393015263,1.55984503388909,-0.24557093783279,-1.10531399647212,0.130212421845153,0.508026203857731,-1.11595938338376,0.168906222554272,"nine",420.215,4787.127,"2015","5"
"3139",5,"rear",1211,1998,"Coquille",4963,418683,4786924,-0.0823925401509004,-0.811696155552367,1.20029862176413,-0.24557093783279,0.458613341317625,0.0411203976958234,0.508026203857731,-1.11595938338376,0.148735684925708,"once",418.683,4786.924,"1998","5"
"2657",5,"rear",609,2004,"Coquille",4964,418418,4786830,-0.0823925401509004,1.05911273807675,1.24024822311135,-0.24557093783279,-0.688833346734634,1.02113266333845,0.508026203857731,-1.11595938338376,0.140430169431593,"nine",418.418,4786.83,"2004","5"
"2658",5,"rear",1176,2013,"Coquille",4964,418418,4786830,-0.0823925401509004,-0.87620680705682,1.00055061502805,-0.24557093783279,-0.459344009124182,1.02113266333845,0.508026203857731,-1.11595938338376,0.140430169431593,"nine",418.418,4786.83,"2013","5"
"2736",3,"rear",69,2007,"Coquille",4966,420881,4788117,-0.75170961216059,0.112956516011451,-0.157987824041262,0.737759411485753,-1.00331873531192,-2.31981824226141,-0.124943923725602,1.60531055684616,0.186703755755947,"nine",420.881,4788.117,"2007","3"
"1645",5,"rear",1655,2005,"Coquille",4970,422153,4788214,-0.146137023199442,-0.188093191009327,0.800802608291958,-0.477277257946881,1.35957148156607,-0.0479716264535061,0.607166103358735,-0.775800640855023,0.200941782317287,"nine",422.153,4788.214,"2005","5"
"3282",5,"rear",1340,2004,"Coquille",4971,421842,4787986,-0.146137023199442,1.27414824309159,0.960601013680828,-0.477277257946881,-0.442344798930816,-0.0479716264535061,0.607166103358735,-0.775800640855023,0.192636266823172,"once",421.842,4787.986,"2004","5"
"3283",5,"rear",1468,2004,"Coquille",4989,426781,4788921,-0.369242713869339,1.44617664710347,0.840752209639175,2.71081691037139,-0.17885704093363,-1.51799002491744,0.591913811127811,-0.775800640855023,0.287556443898771,"once",426.781,4788.921,"2004","5"
"3241",3,"rear",63,2003,"Coquille",4996,427230,4789903,-0.831390215971268,1.33865889459605,-0.437635033471785,0.582814694354244,1.50406476820968,-0.1816096626775,1.25157545011526,3.30610426948987,0.31128648816767,"once",427.23,4789.903,"2003","3"
"1486",4,"rear",108,1999,"Coquille",5003,428615,4789657,-0.719837370636319,-0.145086090006359,-1.1567278577217,-0.321977163023786,1.38507029685612,-0.404339723050823,0.206793432296988,2.28562804190364,0.31603249702145,"nine",428.615,4789.657,"1999","4"
"1487",4,"rear",192,2008,"Coquille",5003,428615,4789657,-0.719837370636319,-0.596660650537526,-0.797181445596741,-0.321977163023786,0.297120844480641,-0.404339723050823,0.206793432296988,2.28562804190364,0.31603249702145,"nine",428.615,4789.657,"2008","4"
"1485",4,"rear",180,2017,"Coquille",5003,428615,4789657,-0.719837370636319,-0.61816420103901,-0.677332641555089,-0.321977163023786,1.12158253885893,-0.404339723050823,0.206793432296988,2.28562804190364,0.31603249702145,"nine",428.615,4789.657,"2017","4"
"3209",3,"rear",12,2002,"Coquille",5005,429549,4789049,-0.942943061306216,-0.10207898900339,-0.517534236166219,-0.240240270958999,0.0761311119668721,-0.1816096626775,-0.674026444038854,2.96594552696113,0.3278975191559,"once",429.549,4789.049,"2002","3"
"2434",4,"rear",498,1998,"Coquille",5008,428526,4787552,-0.672029008349913,-0.532149999033073,-0.477584634819001,-0.0408733298792367,1.10458332866556,-0.805253831722806,0.435577815760844,2.28562804190364,0.31603249702145,"three",428.526,4787.552,"1998","4"
"2435",4,"rear",0,2001,"Coquille",5008,428526,4787552,-0.672029008349913,-1.02673166056721,-1.03687905368005,-0.0408733298792367,0.909092411441846,-0.805253831722806,0.435577815760844,2.28562804190364,0.31603249702145,"three",428.526,4787.552,"2001","4"
"2436",4,"rear",188,2004,"Coquille",5008,428526,4787552,-0.672029008349913,1.44617664710347,-0.317786229430132,-0.0408733298792367,-0.17885704093363,-0.805253831722806,0.435577815760844,2.28562804190364,0.31603249702145,"three",428.526,4787.552,"2004","4"
"2437",4,"rear",997,2007,"Coquille",5008,428526,4787552,-0.672029008349913,0.220474268518872,-0.397685432124567,-0.0408733298792367,-0.901323474151719,-0.805253831722806,0.435577815760844,2.28562804190364,0.31603249702145,"three",428.526,4787.552,"2007","4"
"2438",4,"rear",1129,2010,"Coquille",5008,428526,4787552,-0.672029008349913,-0.768689054549399,-0.83713104694396,-0.0408733298792367,1.17258016943903,-0.805253831722806,0.435577815760844,2.28562804190364,0.31603249702145,"three",428.526,4787.552,"2010","4"
"2439",4,"rear",736,2013,"Coquille",5008,428526,4787552,-0.672029008349913,-0.768689054549399,-0.397685432124567,-0.0408733298792367,0.365117685254108,-0.805253831722806,0.435577815760844,2.28562804190364,0.31603249702145,"three",428.526,4787.552,"2013","4"
"2433",4,"rear",422,2016,"Coquille",5008,428526,4787552,-0.672029008349913,0.0699494150084828,-1.1567278577217,-0.0408733298792367,-1.15631162705222,-0.805253831722806,0.435577815760844,2.28562804190364,0.31603249702145,"three",428.526,4787.552,"2016","4"
"2432",4,"rear",86,2019,"Coquille",5008,428526,4787552,-0.672029008349913,-0.747185504047915,-0.83713104694396,-0.0408733298792367,0.654104258541344,-0.805253831722806,0.435577815760844,2.28562804190364,0.31603249702145,"three",428.526,4787.552,"2019","4"
"2034",4,"rear",139,2009,"Coquille",5030,411232,4784445,-0.560476163014965,-0.704178403044946,0.281457790778131,-0.656032287114653,-0.918322684345086,1.3329547478611,-0.281279919092569,-0.775800640855023,0.00516891709886458,"nine",411.232,4784.445,"2009","4"
"2440",6,"rear",53,1998,"Coquille",5036,412368,4783800,0.316010478902486,-1.06973876157018,1.55984503388909,-0.67060277656968,0.322619659770691,1.73386885653308,0.267802601220683,-1.11595938338376,0.00398241488541966,"three",412.368,4783.8,"1998","6"
"2659",4,"rear",708,2004,"Coquille",5049,413766,4791631,-0.640156766825642,1.36016244509753,0.281457790778131,-0.586733617755378,-0.714332162024684,1.37750075993576,-0.914250046675902,-1.11595938338376,0.128565147297143,"nine",413.766,4791.631,"2004","4"
"2660",4,"rear",1235,2013,"Coquille",5049,413766,4791631,-0.640156766825642,-0.811696155552367,-0.197937425388479,-0.586733617755378,-0.535840454994333,1.37750075993576,-0.914250046675902,-1.11595938338376,0.128565147297143,"nine",413.766,4791.631,"2013","4"
"1489",4,"rear",32,1999,"Coquille",5050,413511,4791030,-0.592348404539236,0.0484458645069986,-0.677332641555089,0.169510322739693,-0.0683621746767457,1.28840873578643,-0.69690488238524,-0.435641898326282,0.120259631803028,"nine",413.511,4791.03,"1999","4"
"1490",4,"rear",953,2008,"Coquille",5050,413511,4791030,-0.592348404539236,-0.661171302041978,-0.477584634819001,0.169510322739693,-0.620836505961167,1.28840873578643,-0.69690488238524,-0.435641898326282,0.120259631803028,"nine",413.511,4791.03,"2008","4"
"1488",4,"rear",639,2017,"Coquille",5050,413511,4791030,-0.592348404539236,-0.768689054549399,-0.317786229430132,0.169510322739693,0.458613341317625,1.28840873578643,-0.69690488238524,-0.435641898326282,0.120259631803028,"nine",413.511,4791.03,"2017","4"
"1874",4,"rear",836,2009,"Coquille",5051,413136,4790528,-0.560476163014965,-0.231100292012295,-0.118038222694044,0.169510322739693,-0.6038372957678,-0.270701686826829,-0.69690488238524,-0.435641898326282,0.111954116308913,"three",413.136,4790.528,"2009","4"
"1875",4,"rear",1134,2012,"Coquille",5051,413136,4790528,-0.560476163014965,0.414006223032229,-0.317786229430132,0.169510322739693,-0.0513629644833789,-0.270701686826829,-0.69690488238524,-0.435641898326282,0.111954116308913,"three",413.136,4790.528,"2012","4"
"1872",4,"rear",750,2015,"Coquille",5051,413136,4790528,-0.560476163014965,-0.231100292012295,0.561105000208653,0.169510322739693,-1.24130767801906,-0.270701686826829,-0.69690488238524,-0.435641898326282,0.111954116308913,"three",413.136,4790.528,"2015","4"
"1873",4,"rear",522,2018,"Coquille",5051,413136,4790528,-0.560476163014965,-0.768689054549399,0.121659385389261,0.169510322739693,-0.935321894538453,-0.270701686826829,-0.69690488238524,-0.435641898326282,0.111954116308913,"three",413.136,4790.528,"2018","4"
"1871",4,"rear",359,2021,"Coquille",5051,413136,4790528,-0.560476163014965,-0.747185504047915,0.0817097840420431,0.169510322739693,-0.425345588737449,-0.270701686826829,-0.69690488238524,-0.435641898326282,0.111954116308913,"three",413.136,4790.528,"2021","4"
"3140",4,"rear",256,1998,"Coquille",5052,412667,4789329,-0.512667800728558,-0.747185504047915,0.561105000208653,-0.469814324323574,0.450113736220942,1.51113879615976,-0.315597576612148,-0.775800640855023,0.0965295875341283,"once",412.667,4789.329,"1998","4"
"2136",4,"rear",407,2012,"Coquille",5071,419096,4789864,-0.592348404539236,0.715055930053007,-0.35773583077735,-0.645015575575486,0.161127162933706,1.77841486860775,-0.178326946533834,-0.435641898326282,0.151108689352598,"nine",419.096,4789.864,"2012","4"
"2135",4,"rear",537,2021,"Coquille",5071,419096,4789864,-0.592348404539236,-0.231100292012295,-0.118038222694044,-0.645015575575486,0.152627557837023,1.77841486860775,-0.178326946533834,-0.435641898326282,0.151108689352598,"nine",419.096,4789.864,"2021","4"
"2036",4,"rear",849,2000,"Coquille",5072,418493,4789702,-0.5764122837771,-0.596660650537526,-0.437635033471785,-0.645015575575486,-0.119359805256846,-0.00342561437884133,-0.178326946533834,-0.435641898326282,0.142803173858483,"nine",418.493,4789.702,"2000","4"
"2037",4,"rear",482,2009,"Coquille",5072,418493,4789702,-0.5764122837771,-0.145086090006359,0.00181058134760843,-0.645015575575486,-0.807827818088202,-0.00342561437884133,-0.178326946533834,-0.435641898326282,0.142803173858483,"nine",418.493,4789.702,"2009","4"
"2035",4,"rear",63,2018,"Coquille",5072,418493,4789702,-0.5764122837771,-0.919213908059788,0.201558588083696,-0.645015575575486,-0.892823869055036,-0.00342561437884133,-0.178326946533834,-0.435641898326282,0.142803173858483,"nine",418.493,4789.702,"2018","4"
"796",4,"rear",641,2007,"Coquille",5073,420143,4790754,-0.656092887587778,0.241977819020356,0.281457790778131,-0.645015575575486,-1.0118183404086,-0.226155674752164,-0.178326946533834,-0.435641898326282,0.168906222554272,"annual",420.143,4790.754,"2007","4"
"797",4,"rear",284,2008,"Coquille",5073,420143,4790754,-0.656092887587778,-0.596660650537526,-0.35773583077735,-0.645015575575486,-0.0428633593866955,-0.226155674752164,-0.178326946533834,-0.435641898326282,0.168906222554272,"annual",420.143,4790.754,"2008","4"
"798",4,"rear",859,2009,"Coquille",5073,420143,4790754,-0.656092887587778,0.0484458645069986,0.00181058134760843,-0.645015575575486,-0.195856251126997,-0.226155674752164,-0.178326946533834,-0.435641898326282,0.168906222554272,"annual",420.143,4790.754,"2009","4"
"799",4,"rear",498,2010,"Coquille",5073,420143,4790754,-0.656092887587778,-0.768689054549399,-0.557483837513437,-0.645015575575486,1.07058490827883,-0.226155674752164,-0.178326946533834,-0.435641898326282,0.168906222554272,"annual",420.143,4790.754,"2010","4"
"800",4,"rear",1500,2011,"Coquille",5073,420143,4790754,-0.656092887587778,-0.231100292012295,-0.477584634819001,-0.645015575575486,0.152627557837023,-0.226155674752164,-0.178326946533834,-0.435641898326282,0.168906222554272,"annual",420.143,4790.754,"2011","4"
"801",4,"rear",593,2012,"Coquille",5073,420143,4790754,-0.656092887587778,0.715055930053007,-0.35773583077735,-0.645015575575486,0.161127162933706,-0.226155674752164,-0.178326946533834,-0.435641898326282,0.168906222554272,"annual",420.143,4790.754,"2012","4"
"802",4,"rear",853,2013,"Coquille",5073,420143,4790754,-0.656092887587778,-0.811696155552367,0.0817097840420431,-0.645015575575486,-0.136359015450213,-0.226155674752164,-0.178326946533834,-0.435641898326282,0.168906222554272,"annual",420.143,4790.754,"2013","4"
"803",4,"rear",1,2014,"Coquille",5073,420143,4790754,-0.656092887587778,-0.940717458561272,0.281457790778131,-0.645015575575486,-0.15335822564358,-0.226155674752164,-0.178326946533834,-0.435641898326282,0.168906222554272,"annual",420.143,4790.754,"2014","4"
"792",4,"rear",832,2015,"Coquille",5073,420144,4790754,-0.656092887587778,-0.188093191009327,0.601054601555871,-0.645015575575486,-1.10531399647212,-0.226155674752164,-0.178326946533834,-0.435641898326282,0.168906222554272,"annual",420.144,4790.754,"2015","4"
"793",4,"rear",529,2016,"Coquille",5073,420144,4790754,-0.656092887587778,0.0699494150084828,-0.197937425388479,-0.645015575575486,-1.24980728311574,-0.226155674752164,-0.178326946533834,-0.435641898326282,0.168906222554272,"annual",420.144,4790.754,"2016","4"
"794",4,"rear",672,2017,"Coquille",5073,420144,4790754,-0.656092887587778,-0.747185504047915,-0.157987824041262,-0.645015575575486,0.654104258541344,-0.226155674752164,-0.178326946533834,-0.435641898326282,0.168906222554272,"annual",420.144,4790.754,"2017","4"
"795",4,"rear",50,2018,"Coquille",5073,420144,4790754,-0.656092887587778,-0.747185504047915,0.201558588083696,-0.645015575575486,-0.892823869055036,-0.226155674752164,-0.178326946533834,-0.435641898326282,0.168906222554272,"annual",420.144,4790.754,"2018","4"
"789",4,"rear",0,2019,"Coquille",5073,420143,4790754,-0.656092887587778,-0.747185504047915,0.00181058134760843,-0.645015575575486,0.654104258541344,-0.226155674752164,-0.178326946533834,-0.435641898326282,0.168906222554272,"annual",420.143,4790.754,"2019","4"
"790",4,"rear",662,2020,"Coquille",5073,420143,4790754,-0.656092887587778,-0.747185504047915,-0.118038222694044,-0.645015575575486,0.654104258541344,-0.226155674752164,-0.178326946533834,-0.435641898326282,0.168906222554272,"annual",420.143,4790.754,"2020","4"
"791",4,"rear",348,2021,"Coquille",5073,420143,4790754,-0.656092887587778,-0.231100292012295,-0.118038222694044,-0.645015575575486,0.152627557837023,-0.226155674752164,-0.178326946533834,-0.435641898326282,0.168906222554272,"annual",420.143,4790.754,"2021","4"
"2661",4,"rear",67,2004,"Coquille",5075,419438,4789943,-0.608284525301371,1.57519795011237,0.321407392125349,-0.645015575575486,-0.493342429510916,-2.09708818188808,-0.178326946533834,-0.435641898326282,0.154668195992933,"nine",419.438,4789.943,"2004","4"
"2662",4,"rear",1009,2013,"Coquille",5075,419438,4789943,-0.608284525301371,-0.811696155552367,0.0817097840420431,-0.645015575575486,-0.136359015450213,-2.09708818188808,-0.178326946533834,-0.435641898326282,0.154668195992933,"nine",419.438,4789.943,"2013","4"
"2038",5,"rear",896,2000,"Coquille",5080,416040,4788767,-0.496731679966423,-0.596660650537526,-0.437635033471785,-0.645015575575486,-0.119359805256846,-0.0479716264535061,-0.178326946533834,-0.435641898326282,0.108394609668578,"nine",416.04,4788.767,"2000","5"
"811",5,"rear",1849,2007,"Coquille",5091,416716,4789867,0.108840908994725,0.112956516011451,0.920651412333611,-0.633998864036319,-1.1138136015688,0.709310578815794,0.0657097291609444,-1.11595938338376,0.143989676071928,"annual",416.716,4789.867,"2007","5"
"812",5,"rear",1202,2008,"Coquille",5091,416716,4789867,0.108840908994725,-0.790192605050883,0.121659385389261,-0.633998864036319,-0.824827028281569,0.709310578815794,0.0657097291609444,-1.11595938338376,0.143989676071928,"annual",416.716,4789.867,"2008","5"
"813",5,"rear",302,2009,"Coquille",5091,416716,4789867,0.108840908994725,-0.145086090006359,0.441256196167,-0.633998864036319,-0.807827818088202,0.709310578815794,0.0657097291609444,-1.11595938338376,0.143989676071928,"annual",416.716,4789.867,"2009","5"
"814",5,"rear",2148,2011,"Coquille",5091,416716,4789867,0.108840908994725,-0.381625145522684,0.121659385389261,-0.633998864036319,-0.0088649389999619,0.709310578815794,0.0657097291609444,-1.11595938338376,0.143989676071928,"annual",416.716,4789.867,"2011","5"
"815",5,"rear",3149,2012,"Coquille",5091,416716,4789867,0.108840908994725,0.327992021026292,0.281457790778131,-0.633998864036319,-0.17885704093363,0.709310578815794,0.0657097291609444,-1.11595938338376,0.143989676071928,"annual",416.716,4789.867,"2012","5"
"816",5,"rear",4062,2013,"Coquille",5091,416716,4789867,0.108840908994725,-0.811696155552367,0.561105000208653,-0.633998864036319,-0.535840454994333,0.709310578815794,0.0657097291609444,-1.11595938338376,0.143989676071928,"annual",416.716,4789.867,"2013","5"
"817",5,"rear",1399,2014,"Coquille",5091,416716,4789867,0.108840908994725,-1.02673166056721,0.840752209639175,-0.633998864036319,-0.646335321251217,0.709310578815794,0.0657097291609444,-1.11595938338376,0.143989676071928,"annual",416.716,4789.867,"2014","5"
"807",5,"rear",3594,2015,"Coquille",5091,416716,4789867,0.108840908994725,-0.188093191009327,1.16034902041692,-0.633998864036319,-1.30930451879252,0.709310578815794,0.0657097291609444,-1.11595938338376,0.143989676071928,"annual",416.716,4789.867,"2015","5"
"808",5,"rear",241,2016,"Coquille",5091,416716,4789867,0.108840908994725,-0.0375683374989379,0.401306594819783,-0.633998864036319,-1.30080491369584,0.709310578815794,0.0657097291609444,-1.11595938338376,0.143989676071928,"annual",416.716,4789.867,"2016","5"
"809",5,"rear",581,2017,"Coquille",5091,416716,4789867,0.108840908994725,-0.897710357558304,0.281457790778131,-0.633998864036319,0.0846307170635555,0.709310578815794,0.0657097291609444,-1.11595938338376,0.143989676071928,"annual",416.716,4789.867,"2017","5"
"810",5,"rear",1329,2018,"Coquille",5091,416716,4789867,0.108840908994725,-0.919213908059788,0.720903405597524,-0.633998864036319,-1.00331873531192,0.709310578815794,0.0657097291609444,-1.11595938338376,0.143989676071928,"annual",416.716,4789.867,"2018","5"
"804",5,"rear",424,2019,"Coquille",5091,416716,4789867,0.108840908994725,-0.747185504047915,0.641004202903087,-0.633998864036319,0.654104258541344,0.709310578815794,0.0657097291609444,-1.11595938338376,0.143989676071928,"annual",416.716,4789.867,"2019","5"
"805",5,"rear",743,2020,"Coquille",5091,416716,4789867,0.108840908994725,-0.897710357558304,0.401306594819783,-0.633998864036319,0.0846307170635555,0.709310578815794,0.0657097291609444,-1.11595938338376,0.143989676071928,"annual",416.716,4789.867,"2020","5"
"806",5,"rear",241,2021,"Coquille",5091,416716,4789867,0.108840908994725,-0.381625145522684,0.401306594819783,-0.633998864036319,-0.0088649389999619,0.709310578815794,0.0657097291609444,-1.11595938338376,0.143989676071928,"annual",416.716,4789.867,"2021","5"
"2738",5,"rear",99,1998,"Coquille",5096,416398,4790117,0.108840908994725,-0.725681953546431,0.880701810986393,-0.633998864036319,0.390616500544158,0.798402602965123,0.0657097291609444,-1.11595938338376,0.138057165004703,"nine",416.398,4790.117,"1998","5"
"2739",5,"rear",875,2007,"Coquille",5096,416398,4790117,0.108840908994725,0.112956516011451,0.920651412333611,-0.633998864036319,-1.1138136015688,0.798402602965123,0.0657097291609444,-1.11595938338376,0.138057165004703,"nine",416.398,4790.117,"2007","5"
"2737",5,"rear",606,2016,"Coquille",5096,416398,4790117,0.108840908994725,-0.0375683374989379,0.401306594819783,-0.633998864036319,-1.30080491369584,0.798402602965123,0.0657097291609444,-1.11595938338376,0.138057165004703,"nine",416.398,4790.117,"2016","5"
"2137",2,"rear",0,2003,"Coquille",5107,420746,4793724,-0.879198578257674,1.66121215211831,-0.437635033471785,-0.0490470190857154,0.67110346873471,-0.270701686826829,-0.239336115457529,1.9454692993749,0.236536848720636,"nine",420.746,4793.724,"2003","2"
"2138",2,"rear",0,2012,"Coquille",5107,420746,4793724,-0.879198578257674,0.715055930053007,-1.1567278577217,-0.0490470190857154,0.110129532353606,-0.270701686826829,-0.239336115457529,1.9454692993749,0.236536848720636,"nine",420.746,4793.724,"2012","2"
"1584",3,"rear",135,2002,"Coquille",5110,420280,4793460,-0.783581853684861,-0.166589640507843,-0.477584634819001,-0.448491656828412,-0.272352696997147,-1.47344401284278,-0.0296170972823286,0.924993071788681,0.236536848720636,"nine",420.28,4793.46,"2002","3"
"1585",3,"rear",0,2020,"Coquille",5110,420280,4793460,-0.783581853684861,-0.897710357558304,-0.717282242902307,-0.448491656828412,0.0846307170635555,-1.47344401284278,-0.0296170972823286,0.924993071788681,0.236536848720636,"nine",420.28,4793.46,"2020","3"
"2208",3,"rear",0,2006,"Coquille",5115,421994,4793738,-0.75170961216059,-0.10207898900339,-0.397685432124567,0.144278499537084,-0.960820709828503,-1.65162806114143,0.0466443638722898,0.58483432925994,0.243655862001306,"nine",421.994,4793.738,"2006","3"
"3316",5,"rear",1282,2005,"Coquille",5137,418958,4796694,-0.0983286609130359,-0.0160647869974538,0.521155398861436,-0.152817334228836,1.2915746407926,0.976586651263782,0.241111089816567,-0.775800640855023,0.291115950539106,"once",418.958,4796.694,"2005","5"
"1876",4,"rear",0,2018,"Coquille",5139,419944,4798445,-0.560476163014965,0.198970718017388,0.0417601826948251,-0.118701066236577,-1.23280807292237,0.976586651263782,0.309746404855723,0.924993071788681,0.31365949259456,"three",419.944,4798.445,"2018","4"
"2578",5,"rear",1567,2001,"Coquille",5150,421979,4796817,-0.241753747772255,-0.940717458561272,-0.477584634819001,-0.622982152497152,0.441614131124259,0.0411203976958234,0.374568646837149,-0.775800640855023,0.355187070065135,"nine",421.979,4796.817,"2001","5"
"2579",5,"rear",182,2010,"Coquille",5150,421979,4796817,-0.241753747772255,-0.639667751540494,-0.557483837513437,-0.622982152497152,1.19807898472908,0.0411203976958234,0.374568646837149,-0.775800640855023,0.355187070065135,"nine",421.979,4796.817,"2010","5"
"2577",5,"rear",653,2019,"Coquille",5150,421979,4796817,-0.241753747772255,-0.811696155552367,-0.237887026735697,-0.622982152497152,0.747599914604861,0.0411203976958234,0.374568646837149,-0.775800640855023,0.355187070065135,"nine",421.979,4796.817,"2019","5"
"3168",4,"rear",1247,2001,"Coquille",5154,423253,4795417,-0.608284525301371,-0.940717458561272,-0.477584634819001,0.397307487146337,0.441614131124259,0.0856664097704881,-0.61683034817289,-0.435641898326282,0.409766171883604,"once",423.253,4795.417,"2001","4"
"1880",4,"rear",1439,2000,"Coquille",5165,427715,4795442,-0.512667800728558,-0.596660650537526,-0.877080648291176,0.0504587625583728,-0.22985467151373,0.352942482218476,0.488960838569076,-0.775800640855023,0.480956304690303,"three",427.715,4795.442,"2000","4"
"1881",4,"rear",1577,2003,"Coquille",5165,427715,4795442,-0.512667800728558,1.5321908491094,0.161608986736478,0.0504587625583728,1.71655489562677,0.352942482218476,0.488960838569076,-0.775800640855023,0.480956304690303,"three",427.715,4795.442,"2003","4"
"1882",4,"rear",1700,2006,"Coquille",5165,427715,4795442,-0.512667800728558,-0.317114494018232,-0.118038222694044,0.0504587625583728,-0.901323474151719,0.352942482218476,0.488960838569076,-0.775800640855023,0.480956304690303,"three",427.715,4795.442,"2006","4"
"1883",4,"rear",2826,2009,"Coquille",5165,427715,4795442,-0.512667800728558,-0.145086090006359,-0.0780886213468263,0.0504587625583728,0.458613341317625,0.352942482218476,0.488960838569076,-0.775800640855023,0.480956304690303,"three",427.715,4795.442,"2009","4"
"1884",4,"rear",1121,2012,"Coquille",5165,427715,4795442,-0.512667800728558,0.62904172804707,-0.757231844249525,0.0504587625583728,0.951590436925263,0.352942482218476,0.488960838569076,-0.775800640855023,0.480956304690303,"three",427.715,4795.442,"2012","4"
"1878",4,"rear",1576,2015,"Coquille",5165,427715,4795442,-0.512667800728558,-0.188093191009327,0.321407392125349,0.0504587625583728,-1.30930451879252,0.352942482218476,0.488960838569076,-0.775800640855023,0.480956304690303,"three",427.715,4795.442,"2015","4"
"1879",4,"rear",1502,2018,"Coquille",5165,427715,4795442,-0.512667800728558,0.198970718017388,0.0417601826948251,0.0504587625583728,-1.23280807292237,0.352942482218476,0.488960838569076,-0.775800640855023,0.480956304690303,"three",427.715,4795.442,"2018","4"
"1877",4,"rear",720,2021,"Coquille",5165,427715,4795442,-0.512667800728558,-0.145086090006359,-0.397685432124567,0.0504587625583728,0.458613341317625,0.352942482218476,0.488960838569076,-0.775800640855023,0.480956304690303,"three",427.715,4795.442,"2021","4"
"3317",4,"rear",1962,2005,"Coquille",5167,426987,4796382,-0.464859438442152,-0.0590718880004221,-0.0780886213468263,0.0504587625583728,1.5465627936931,-0.315247698901494,0.488960838569076,-0.775800640855023,0.465531775915518,"once",426.987,4796.382,"2005","4"
"2209",4,"rear",1592,2015,"Coquille",5170,424594,4797396,-0.40111495539361,-0.188093191009327,0.321407392125349,0.0504587625583728,-1.30930451879252,-0.226155674752164,0.488960838569076,-0.775800640855023,0.437055722792839,"nine",424.594,4797.396,"2015","4"
"2392",3,"rear",1,2010,"Coos",5289,406130,4790665,-0.815454095209132,-1.11274586257315,0.0417601826948251,-0.562567927927528,0.628605443251293,-1.29525996454412,-0.620643421230621,-0.435641898326282,-0.699613397687455,"three",406.13,4790.665,"2010","3"
"2391",3,"rear",1,2019,"Coos",5289,406130,4790665,-0.815454095209132,0.177467167515903,1.360097027153,-0.562567927927528,0.985588857311996,-1.29525996454412,-0.620643421230621,-0.435641898326282,-0.699613397687455,"three",406.13,4790.665,"2019","3"
"632",4,"rear",38,1998,"Coos",5323,412595,4797053,-0.735773491398455,-0.747185504047915,-0.237887026735697,-0.789298958959414,0.407615710737525,-0.760707819648141,-0.525316594787348,1.60531055684616,-0.649780304722766,"annual",412.595,4797.053,"1998","4"
"633",4,"rear",49,1999,"Coos",5323,412595,4797053,-0.735773491398455,0.112956516011451,-1.07682865502726,-0.789298958959414,-0.0853613848701125,-0.760707819648141,-0.525316594787348,1.60531055684616,-0.649780304722766,"annual",412.595,4797.053,"1999","4"
"634",4,"rear",99,2000,"Coos",5323,412595,4797053,-0.735773491398455,-0.661171302041978,-0.757231844249525,-0.789298958959414,-0.510341639704283,-0.760707819648141,-0.525316594787348,1.60531055684616,-0.649780304722766,"annual",412.595,4797.053,"2000","4"
"635",4,"rear",177,2001,"Coos",5323,412595,4797053,-0.735773491398455,-1.00522811006572,-0.83713104694396,-0.789298958959414,-0.17885704093363,-0.760707819648141,-0.525316594787348,1.60531055684616,-0.649780304722766,"annual",412.595,4797.053,"2001","4"
"636",4,"rear",164,2002,"Coos",5323,412595,4797053,-0.735773491398455,-0.295610943516748,-0.35773583077735,-0.789298958959414,-0.663334531444584,-0.760707819648141,-0.525316594787348,1.60531055684616,-0.649780304722766,"annual",412.595,4797.053,"2002","4"
"637",4,"rear",250,2003,"Coos",5323,412595,4797053,-0.735773491398455,1.12362338958121,-0.277836628082914,-0.789298958959414,0.407615710737525,-0.760707819648141,-0.525316594787348,1.60531055684616,-0.649780304722766,"annual",412.595,4797.053,"2003","4"
"638",4,"rear",347,2004,"Coos",5323,412595,4797053,-0.735773491398455,1.12362338958121,-0.118038222694044,-0.789298958959414,-0.688833346734634,-0.760707819648141,-0.525316594787348,1.60531055684616,-0.649780304722766,"annual",412.595,4797.053,"2004","4"
"639",4,"rear",176,2005,"Coos",5323,412595,4797053,-0.735773491398455,-0.3601215950212,-0.317786229430132,-0.789298958959414,1.0365864878921,-0.760707819648141,-0.525316594787348,1.60531055684616,-0.649780304722766,"annual",412.595,4797.053,"2005","4"
"640",4,"rear",421,2006,"Coos",5323,412595,4797053,-0.735773491398455,-0.295610943516748,-0.437635033471785,-0.789298958959414,-1.0118183404086,-0.760707819648141,-0.525316594787348,1.60531055684616,-0.649780304722766,"annual",412.595,4797.053,"2006","4"
"641",4,"rear",388,2007,"Coos",5323,412595,4797053,-0.735773491398455,0.0269423140055145,-0.0780886213468263,-0.789298958959414,-1.1138136015688,-0.760707819648141,-0.525316594787348,1.60531055684616,-0.649780304722766,"annual",412.595,4797.053,"2007","4"
"642",4,"rear",274,2008,"Coos",5323,412595,4797053,-0.735773491398455,-0.768689054549399,-0.996929452332829,-0.789298958959414,-0.688833346734634,-0.760707819648141,-0.525316594787348,1.60531055684616,-0.649780304722766,"annual",412.595,4797.053,"2008","4"
"643",4,"rear",731,2009,"Coos",5323,412595,4797053,-0.735773491398455,-0.61816420103901,-0.597433438860654,-0.789298958959414,-0.433845193834132,-0.760707819648141,-0.525316594787348,1.60531055684616,-0.649780304722766,"annual",412.595,4797.053,"2009","4"
"644",4,"rear",286,2010,"Coos",5323,412595,4797053,-0.735773491398455,-0.940717458561272,-1.07682865502726,-0.789298958959414,1.02808688279541,-0.760707819648141,-0.525316594787348,1.60531055684616,-0.649780304722766,"annual",412.595,4797.053,"2010","4"
"645",4,"rear",337,2011,"Coos",5323,412595,4797053,-0.735773491398455,-0.532149999033073,-0.83713104694396,-0.789298958959414,0.00813427119340491,-0.760707819648141,-0.525316594787348,1.60531055684616,-0.649780304722766,"annual",412.595,4797.053,"2011","4"
"646",4,"rear",350,2012,"Coos",5323,412595,4797053,-0.735773491398455,0.414006223032229,-0.717282242902307,-0.789298958959414,0.135628347643656,-0.760707819648141,-0.525316594787348,1.60531055684616,-0.649780304722766,"annual",412.595,4797.053,"2012","4"
"647",4,"rear",401,2013,"Coos",5323,412595,4797053,-0.735773491398455,-0.661171302041978,-0.797181445596741,-0.789298958959414,-0.416845983640765,-0.760707819648141,-0.525316594787348,1.60531055684616,-0.649780304722766,"annual",412.595,4797.053,"2013","4"
"648",4,"rear",356,2014,"Coos",5323,412595,4797053,-0.735773491398455,-0.897710357558304,-0.237887026735697,-0.789298958959414,-0.467843614220866,-0.760707819648141,-0.525316594787348,1.60531055684616,-0.649780304722766,"annual",412.595,4797.053,"2014","4"
"628",4,"rear",426,2015,"Coos",5323,412595,4797053,-0.735773491398455,-0.166589640507843,0.121659385389261,-0.789298958959414,-1.12231320666549,-0.760707819648141,-0.525316594787348,1.60531055684616,-0.649780304722766,"annual",412.595,4797.053,"2015","4"
"629",4,"rear",272,2016,"Coos",5323,412595,4797053,-0.735773491398455,-0.0375683374989379,-0.517534236166219,-0.789298958959414,-1.19031004743895,-0.760707819648141,-0.525316594787348,1.60531055684616,-0.649780304722766,"annual",412.595,4797.053,"2016","4"
"630",4,"rear",245,2017,"Coos",5323,412595,4797053,-0.735773491398455,-0.704178403044946,-0.757231844249525,-0.789298958959414,0.467112946414309,-0.760707819648141,-0.525316594787348,1.60531055684616,-0.649780304722766,"annual",412.595,4797.053,"2017","4"
"631",4,"rear",52,2018,"Coos",5323,412595,4797053,-0.735773491398455,-0.704178403044946,-0.397685432124567,-0.789298958959414,-0.892823869055036,-0.760707819648141,-0.525316594787348,1.60531055684616,-0.649780304722766,"annual",412.595,4797.053,"2018","4"
"625",4,"rear",103,2019,"Coos",5323,412595,4797053,-0.735773491398455,-0.704178403044946,-0.277836628082914,-0.789298958959414,0.467112946414309,-0.760707819648141,-0.525316594787348,1.60531055684616,-0.649780304722766,"annual",412.595,4797.053,"2019","4"
"626",4,"rear",236,2020,"Coos",5323,412595,4797053,-0.735773491398455,-0.704178403044946,-0.597433438860654,-0.789298958959414,0.467112946414309,-0.760707819648141,-0.525316594787348,1.60531055684616,-0.649780304722766,"annual",412.595,4797.053,"2020","4"
"627",4,"rear",125,2021,"Coos",5323,412595,4797053,-0.735773491398455,-0.61816420103901,-0.597433438860654,-0.789298958959414,-0.0428633593866955,-0.760707819648141,-0.525316594787348,1.60531055684616,-0.649780304722766,"annual",412.595,4797.053,"2021","4"
"3043",4,"rear",45,2000,"Coos",5334,412266,4795242,-0.767645732922726,-0.661171302041978,-0.717282242902307,-0.485450947153359,-0.510341639704283,-0.716161807573476,-0.727409466847087,0.924993071788681,-0.629609767094201,"once",412.266,4795.242,"2000","4"
"1287",3,"rear",31,1999,"Coos",5338,414837,4802256,-0.815454095209132,-0.0160647869974538,-2.0755686887077,-0.529162415518441,-0.110860200160163,-1.82981210944009,-0.879932389156324,1.26515181431742,-0.699613397687455,"three",414.837,4802.256,"1999","3"
"1288",3,"rear",24,2002,"Coos",5338,414837,4802256,-0.815454095209132,-0.317114494018232,-1.43637506715222,-0.529162415518441,-0.722831767121368,-1.82981210944009,-0.879932389156324,1.26515181431742,-0.699613397687455,"three",414.837,4802.256,"2002","3"
"1289",3,"rear",68,2005,"Coos",5338,414837,4802256,-0.815454095209132,-0.467639347528621,-1.43637506715222,-0.529162415518441,0.951590436925263,-1.82981210944009,-0.879932389156324,1.26515181431742,-0.699613397687455,"three",414.837,4802.256,"2005","3"
"1290",3,"rear",28,2008,"Coos",5338,414837,4802256,-0.815454095209132,-0.854703256555335,-1.99566948601327,-0.529162415518441,-0.765329792604785,-1.82981210944009,-0.879932389156324,1.26515181431742,-0.699613397687455,"three",414.837,4802.256,"2008","3"
"1291",3,"rear",40,2011,"Coos",5338,414837,4802256,-0.815454095209132,-0.467639347528621,-1.8358710806244,-0.529162415518441,-0.0088649389999619,-1.82981210944009,-0.879932389156324,1.26515181431742,-0.699613397687455,"three",414.837,4802.256,"2011","3"
"1292",3,"rear",17,2014,"Coos",5338,414837,4802256,-0.815454095209132,-0.87620680705682,-1.35647586445779,-0.529162415518441,-0.493342429510916,-1.82981210944009,-0.879932389156324,1.26515181431742,-0.699613397687455,"three",414.837,4802.256,"2014","3"
"2561",3,"rear",0,2001,"Coos",5342,416617,4803592,-0.847326336733403,-1.00522811006572,-1.07682865502726,0.0767567191357389,-0.119359805256846,-0.805253831722806,-1.05152067675422,1.60531055684616,-0.669950842351331,"nine",416.617,4803.592,"2001","3"
"2562",3,"rear",0,2010,"Coos",5342,416617,4803592,-0.847326336733403,-0.87620680705682,-1.35647586445779,0.0767567191357389,1.15558095924566,-0.805253831722806,-1.05152067675422,1.60531055684616,-0.669950842351331,"nine",416.617,4803.592,"2010","3"
"2560",3,"rear",0,2019,"Coos",5342,416617,4803592,-0.847326336733403,-0.704178403044946,-0.517534236166219,0.0767567191357389,0.467112946414309,-0.805253831722806,-1.05152067675422,1.60531055684616,-0.669950842351331,"nine",416.617,4803.592,"2019","3"
"1462",4,"rear",31,1999,"Coos",5360,430128,4799954,-0.5764122837771,0.284984920023324,-0.83713104694396,0.989722265720248,1.62305923956325,-1.42889800076811,0.91983809409267,0.58483432925994,-0.315186680531281,"nine",430.128,4799.954,"1999","4"
"1463",4,"rear",0,2008,"Coos",5360,430128,4799954,-0.5764122837771,-0.467639347528621,-0.557483837513437,0.989722265720248,0.280121634287274,-1.42889800076811,0.91983809409267,0.58483432925994,-0.315186680531281,"nine",430.128,4799.954,"2008","4"
"1461",4,"rear",107,2017,"Coos",5360,430128,4799954,-0.5764122837771,-0.510646448531589,-0.437635033471785,0.989722265720248,1.01108767260205,-1.42889800076811,0.91983809409267,0.58483432925994,-0.315186680531281,"nine",430.128,4799.954,"2017","4"
"1569",3,"rear",0,2002,"Coos",5370,430626,4794714,-0.911070819781945,-0.10207898900339,-0.517534236166219,-0.704008288978767,0.56910820757451,-0.894345855872135,0.622418395589659,0.58483432925994,-0.190603948119558,"nine",430.626,4794.714,"2002","3"
"2200",4,"rear",0,2006,"Coos",5382,437841,4793686,-0.815454095209132,-0.3601215950212,-0.35773583077735,0.218552457978565,-0.960820709828503,-2.31981824226141,-1.59297705095201,1.9454692993749,-0.140770855154868,"nine",437.841,4793.686,"2006","4"
"1571",5,"rear",2023,2002,"Coos",5389,434552,4793299,0.0132241844219125,-0.188093191009327,1.59979463523631,-0.289993161781043,-0.17885704093363,0.130212421845153,0.25636338204749,-1.11595938338376,-0.149076370648983,"nine",434.552,4793.299,"2002","5"
"1572",5,"rear",1247,2011,"Coos",5389,434552,4793299,0.0132241844219125,-0.553653549534557,0.481205797514218,-0.289993161781043,0.390616500544158,0.130212421845153,0.25636338204749,-1.11595938338376,-0.149076370648983,"nine",434.552,4793.299,"2011","5"
"1570",5,"rear",2355,2020,"Coos",5389,434552,4793299,0.0132241844219125,-0.704178403044946,1.20029862176413,-0.289993161781043,1.10458332866556,0.130212421845153,0.25636338204749,-1.11595938338376,-0.149076370648983,"nine",434.552,4793.299,"2020","5"
"1295",5,"rear",1843,2008,"Coos",5402,434011,4790491,-0.066456419388765,-0.682674852543462,0.880701810986393,-0.677710332401401,0.144127952740339,1.46659278408509,0.313559477913454,-0.775800640855023,-0.100429779897739,"three",434.011,4790.491,"2008","5"
"1296",5,"rear",1676,2011,"Coos",5402,434011,4790491,-0.066456419388765,-0.575157100036041,0.321407392125349,-0.677710332401401,0.492611761704359,1.46659278408509,0.313559477913454,-0.775800640855023,-0.100429779897739,"three",434.011,4790.491,"2011","5"
"1294",5,"rear",1680,2017,"Coos",5402,434011,4790491,-0.066456419388765,-0.704178403044946,1.00055061502805,-0.677710332401401,1.10458332866556,1.46659278408509,0.313559477913454,-0.775800640855023,-0.100429779897739,"three",434.011,4790.491,"2017","5"
"1293",5,"rear",2625,2020,"Coos",5402,434011,4790491,-0.066456419388765,-0.704178403044946,1.04050021637526,-0.677710332401401,1.10458332866556,1.46659278408509,0.313559477913454,-0.775800640855023,-0.100429779897739,"three",434.011,4790.491,"2020","5"
"3235",5,"rear",1363,2003,"Coos",5404,434350,4791033,-0.066456419388765,1.23114114208863,1.71964343927796,-0.677710332401401,2.005541468914,0.0856664097704881,0.313559477913454,-0.775800640855023,-0.109921797605299,"once",434.35,4791.033,"2003","5"
"1845",5,"rear",2559,2009,"Coos",5416,433607,4789504,-0.162073143961578,-0.403128696024168,1.20029862176413,-0.320911029649028,0.101629927256922,1.55568480823442,-0.00673865893594309,-1.11595938338376,-0.0790727400557292,"three",433.607,4789.504,"2009","5"
"1846",5,"rear",2007,2012,"Coos",5416,433607,4789504,-0.162073143961578,0.500020425038166,0.401306594819783,-0.320911029649028,0.713601494218127,1.55568480823442,-0.00673865893594309,-1.11595938338376,-0.0790727400557292,"three",433.607,4789.504,"2012","5"
"1843",5,"rear",1167,2015,"Coos",5416,433607,4789505,-0.162073143961578,-0.3601215950212,1.40004662850022,-0.320911029649028,-0.833326633378252,1.55568480823442,-0.00673865893594309,-1.11595938338376,-0.0790727400557292,"three",433.607,4789.505,"2015","5"
"1844",5,"rear",781,2018,"Coos",5416,433607,4789505,-0.162073143961578,-0.682674852543462,1.32014742580579,-0.320911029649028,-0.612336900864484,1.55568480823442,-0.00673865893594309,-1.11595938338376,-0.0790727400557292,"three",433.607,4789.505,"2018","5"
"1842",5,"rear",414,2021,"Coos",5416,433607,4789504,-0.162073143961578,-0.61816420103901,-0.597433438860654,-0.320911029649028,-0.0428633593866955,1.55568480823442,-0.00673865893594309,-1.11595938338376,-0.0790727400557292,"three",433.607,4789.504,"2021","5"
"3132",3,"rear",327,1998,"Coos",5426,430663,4790098,-0.863262457495539,-0.661171302041978,-0.237887026735697,-0.630089708328873,1.00258806750536,-0.226155674752164,0.450830107991767,1.9454692993749,-0.0351721581582648,"once",430.663,4790.098,"1998","3"
"1464",4,"rear",0,2008,"Coos",5436,438534,4782801,-0.624220646063506,-0.510646448531589,-0.757231844249525,-0.664561354112718,-0.0768617797734291,-0.270701686826829,-0.662587224865661,0.58483432925994,0.0953430853206834,"nine",438.534,4782.801,"2008","4"
"2727",3,"rear",0,1998,"Coos",5437,438692,4782592,-0.831390215971268,-0.811696155552367,-0.637383040207872,-0.763356380173634,1.43606792743622,-1.60708204906677,0.145784263373294,-0.0954831557975414,0.0977160897475734,"nine",438.692,4782.592,"1998","3"
"3203",3,"rear",0,2002,"Coos",5438,440056,4782538,-0.942943061306216,-0.0375683374989379,-0.637383040207872,-0.763356380173634,-0.0938609899667959,-0.226155674752164,0.145784263373294,-0.0954831557975414,0.115513622949248,"once",440.056,4782.538,"2002","3"
"2564",5,"rear",12,2001,"Coos",5447,436119,4798625,-0.178009264723713,-1.15575296357611,-0.197937425388479,-0.166321690309105,0.722101099314811,0.753856590890459,-0.662587224865661,-0.775800640855023,-0.124159824166639,"nine",436.119,4798.625,"2001","5"
"2565",5,"rear",366,2010,"Coos",5447,436119,4798625,-0.178009264723713,-0.87620680705682,-0.0780886213468263,-0.166321690309105,1.07058490827883,0.753856590890459,-0.662587224865661,-0.775800640855023,-0.124159824166639,"nine",436.119,4798.625,"2010","5"
"2563",5,"rear",659,2019,"Coos",5447,436119,4798625,-0.178009264723713,-0.704178403044946,0.00181058134760843,-0.166321690309105,1.10458332866556,0.753856590890459,-0.662587224865661,-0.775800640855023,-0.124159824166639,"nine",436.119,4798.625,"2019","5"
"3133",5,"rear",15,1998,"Coos",5456,440787,4803963,-0.608284525301371,-0.98372455956424,0.0417601826948251,-0.0483362635025433,0.815596755378328,-0.448885735125488,-1.47477178616235,-0.0954831557975414,-0.00432310060869525,"once",440.787,4803.963,"1998","5"
"1637",5,"rear",525,2014,"Coos",5457,440520,4803403,-0.528603921490694,-0.811696155552367,0.121659385389261,-0.0483362635025433,-0.161857830740263,-0.404339723050823,-1.47477178616235,-0.0954831557975414,-0.0114421138893651,"nine",440.52,4803.403,"2014","5"
"2395",5,"rear",944,2010,"Coos",5460,439892,4801964,-0.464859438442152,-0.919213908059788,-0.35773583077735,-0.0483362635025433,1.01108767260205,1.15477069956244,-1.47477178616235,-0.0954831557975414,-0.0316126515179298,"three",439.892,4801.964,"2010","5"
"2396",5,"rear",2450,2013,"Coos",5460,439892,4801964,-0.464859438442152,-0.704178403044946,0.0817097840420431,-0.0483362635025433,-0.331849932673931,1.15477069956244,-1.47477178616235,-0.0954831557975414,-0.0316126515179298,"three",439.892,4801.964,"2013","5"
"2394",5,"rear",1108,2016,"Coos",5460,439892,4801964,-0.464859438442152,-0.446135797027137,-0.757231844249525,-0.0483362635025433,-1.12231320666549,1.15477069956244,-1.47477178616235,-0.0954831557975414,-0.0316126515179298,"three",439.892,4801.964,"2016","5"
"2393",5,"rear",906,2019,"Coos",5460,439892,4801964,-0.464859438442152,-0.725681953546431,-0.517534236166219,-0.0483362635025433,0.781598334991595,1.15477069956244,-1.47477178616235,-0.0954831557975414,-0.0316126515179298,"three",439.892,4801.964,"2019","5"
"3352",1,"rear",1496,2006,"Coos",5463,441541,4801394,-1.11824038968971,-0.317114494018232,0.481205797514218,-0.500021436608386,-0.97781992002187,-0.582523771349482,-0.960006923368673,-0.435641898326282,-0.0185611271700351,"once",441.541,4801.394,"2006","1"
"3277",6,"rear",873,2004,"Coos",5480,444345,4797418,-0.00271193634022317,0.457013324035197,0.720903405597524,-0.660652198405272,-0.280852302093831,0.308396470143812,-0.883745462214055,-1.11595938338376,0.0265259569408744,"once",444.345,4797.418,"2004","6"
"2399",6,"rear",481,2007,"Coos",5483,443139,4797443,0.0132241844219125,-0.0160647869974538,0.641004202903087,-0.660652198405272,-0.782329002798152,1.68932284445842,-0.883745462214055,-1.11595938338376,0.00279591267197475,"three",443.139,4797.443,"2007","6"
"2400",6,"rear",639,2010,"Coos",5483,443139,4797443,0.0132241844219125,-0.747185504047915,0.201558588083696,-0.660652198405272,1.11308293376225,1.68932284445842,-0.883745462214055,-1.11595938338376,0.00279591267197475,"three",443.139,4797.443,"2010","6"
"2401",6,"rear",2014,2013,"Coos",5483,443139,4797443,0.0132241844219125,-0.661171302041978,0.720903405597524,-0.660652198405272,-0.0343637542900121,1.68932284445842,-0.883745462214055,-1.11595938338376,0.00279591267197475,"three",443.139,4797.443,"2013","6"
"2398",6,"rear",178,2016,"Coos",5483,443139,4797443,0.0132241844219125,-0.317114494018232,-0.277836628082914,-0.660652198405272,-1.14781202195554,1.68932284445842,-0.883745462214055,-1.11595938338376,0.00279591267197475,"three",443.139,4797.443,"2016","6"
"2397",6,"rear",627,2019,"Coos",5483,443139,4797443,0.0132241844219125,-0.725681953546431,0.00181058134760843,-0.660652198405272,0.781598334991595,1.68932284445842,-0.883745462214055,-1.11595938338376,0.00279591267197475,"three",443.139,4797.443,"2019","6"
"1638",4,"rear",486,2005,"Coos",5491,446971,4794116,-0.40111495539361,-0.403128696024168,0.561105000208653,-0.264761338578435,0.875093991055112,1.02113266333845,-0.65877415180793,-0.0954831557975414,0.0965295875341283,"nine",446.971,4794.116,"2005","4"
"1639",4,"rear",53,2014,"Coos",5491,446971,4794116,-0.40111495539361,-0.833199706053851,0.76085300694474,-0.264761338578435,-0.365848353060665,1.02113266333845,-0.65877415180793,-0.0954831557975414,0.0965295875341283,"nine",446.971,4794.116,"2014","4"
"2117",5,"rear",2713,2003,"Coos",5514,444266,4787991,0.108840908994725,0.414006223032229,0.840752209639175,3.98449091541572,0.892093201248479,-0.582523771349482,-0.773166343539858,-0.775800640855023,0.0846645653996785,"nine",444.266,4787.991,"2003","5"
"2118",5,"rear",1037,2012,"Coos",5514,444266,4787991,0.108840908994725,0.241977819020356,-0.277836628082914,3.98449091541572,0.135628347643656,-0.582523771349482,-0.773166343539858,-0.775800640855023,0.0846645653996785,"nine",444.266,4787.991,"2012","5"
"654",5,"rear",1855,1998,"Coos",5523,445459,4787416,-0.00271193634022317,-0.919213908059788,0.720903405597524,1.65783251390198,0.586107417767876,-0.315247698901494,-0.986698434772789,-0.435641898326282,0.107208107455133,"annual",445.459,4787.416,"1998","5"
"655",5,"rear",846,1999,"Coos",5523,445459,4787416,-0.00271193634022317,-0.252603842513779,-0.118038222694044,1.65783251390198,0.356618080157424,-0.315247698901494,-0.986698434772789,-0.435641898326282,0.107208107455133,"annual",445.459,4787.416,"1999","5"
"656",5,"rear",1454,2000,"Coos",5523,445459,4787416,-0.00271193634022317,-0.3601215950212,-0.35773583077735,1.65783251390198,-0.748330582411418,-0.315247698901494,-0.986698434772789,-0.435641898326282,0.107208107455133,"annual",445.459,4787.416,"2000","5"
"657",5,"rear",3205,2001,"Coos",5523,445459,4787416,-0.00271193634022317,-1.22026361508057,-0.0780886213468263,1.65783251390198,-0.221355066417047,-0.315247698901494,-0.986698434772789,-0.435641898326282,0.107208107455133,"annual",445.459,4787.416,"2001","5"
"658",5,"rear",3029,2002,"Coos",5523,445459,4787416,-0.00271193634022317,-0.725681953546431,0.641004202903087,1.65783251390198,-0.731331372218051,-0.315247698901494,-0.986698434772789,-0.435641898326282,0.107208107455133,"annual",445.459,4787.416,"2002","5"
"659",5,"rear",2967,2003,"Coos",5523,445459,4787416,-0.00271193634022317,0.414006223032229,1.08044981772248,1.65783251390198,0.892093201248479,-0.315247698901494,-0.986698434772789,-0.435641898326282,0.107208107455133,"annual",445.459,4787.416,"2003","5"
"660",5,"rear",1181,2004,"Coos",5523,445459,4787416,-0.00271193634022317,0.801070132058944,0.840752209639175,1.65783251390198,-0.535840454994333,-0.315247698901494,-0.986698434772789,-0.435641898326282,0.107208107455133,"annual",445.459,4787.416,"2004","5"
"661",5,"rear",2984,2005,"Coos",5523,445459,4787416,-0.00271193634022317,-0.252603842513779,0.76085300694474,1.65783251390198,0.730600704411494,-0.315247698901494,-0.986698434772789,-0.435641898326282,0.107208107455133,"annual",445.459,4787.416,"2005","5"
"662",5,"rear",2303,2006,"Coos",5523,445459,4787416,-0.00271193634022317,-0.274107393015263,0.880701810986393,1.65783251390198,-0.97781992002187,-0.315247698901494,-0.986698434772789,-0.435641898326282,0.107208107455133,"annual",445.459,4787.416,"2006","5"
"663",5,"rear",2299,2007,"Coos",5523,445459,4787416,-0.00271193634022317,-0.0160647869974538,0.76085300694474,1.65783251390198,-1.0118183404086,-0.315247698901494,-0.986698434772789,-0.435641898326282,0.107208107455133,"annual",445.459,4787.416,"2007","5"
"664",5,"rear",1984,2008,"Coos",5523,445459,4787416,-0.00271193634022317,-0.661171302041978,0.441256196167,1.65783251390198,-0.323350327577248,-0.315247698901494,-0.986698434772789,-0.435641898326282,0.107208107455133,"annual",445.459,4787.416,"2008","5"
"665",5,"rear",4842,2009,"Coos",5523,445459,4787416,-0.00271193634022317,-0.317114494018232,1.08044981772248,1.65783251390198,-0.306351117383881,-0.315247698901494,-0.986698434772789,-0.435641898326282,0.107208107455133,"annual",445.459,4787.416,"2009","5"
"666",5,"rear",2116,2010,"Coos",5523,445459,4787416,-0.00271193634022317,-0.790192605050883,0.481205797514218,1.65783251390198,0.577607812671193,-0.315247698901494,-0.986698434772789,-0.435641898326282,0.107208107455133,"annual",445.459,4787.416,"2010","5"
"667",5,"rear",2216,2011,"Coos",5523,445459,4787416,-0.00271193634022317,-0.575157100036041,-0.35773583077735,1.65783251390198,0.178126373127073,-0.315247698901494,-0.986698434772789,-0.435641898326282,0.107208107455133,"annual",445.459,4787.416,"2011","5"
"668",5,"rear",1532,2012,"Coos",5523,445459,4787416,-0.00271193634022317,0.241977819020356,-0.0381390199996096,1.65783251390198,0.135628347643656,-0.315247698901494,-0.986698434772789,-0.435641898326282,0.107208107455133,"annual",445.459,4787.416,"2012","5"
"669",5,"rear",5935,2013,"Coos",5523,445459,4787416,-0.00271193634022317,-0.704178403044946,1.1203994190697,1.65783251390198,-0.382847563254032,-0.315247698901494,-0.986698434772789,-0.435641898326282,0.107208107455133,"annual",445.459,4787.416,"2013","5"
"670",5,"rear",546,2014,"Coos",5523,445459,4787416,-0.00271193634022317,-0.87620680705682,1.04050021637526,1.65783251390198,-0.416845983640765,-0.315247698901494,-0.986698434772789,-0.435641898326282,0.107208107455133,"annual",445.459,4787.416,"2014","5"
"650",5,"rear",779,2015,"Coos",5523,445459,4787416,-0.00271193634022317,-0.10207898900339,1.16034902041692,1.65783251390198,-1.10531399647212,-0.315247698901494,-0.986698434772789,-0.435641898326282,0.107208107455133,"annual",445.459,4787.416,"2015","5"
"651",5,"rear",1072,2016,"Coos",5523,445459,4787416,-0.00271193634022317,-0.0805754385019062,-0.157987824041262,1.65783251390198,-1.19880965253564,-0.315247698901494,-0.986698434772789,-0.435641898326282,0.107208107455133,"annual",445.459,4787.416,"2016","5"
"652",5,"rear",699,2017,"Coos",5523,445459,4787416,-0.00271193634022317,-0.661171302041978,0.401306594819783,1.65783251390198,0.178126373127073,-0.315247698901494,-0.986698434772789,-0.435641898326282,0.107208107455133,"annual",445.459,4787.416,"2017","5"
"653",5,"rear",1218,2018,"Coos",5523,445459,4787416,-0.00271193634022317,-0.166589640507843,1.20029862176413,1.65783251390198,-1.36030214937262,-0.315247698901494,-0.986698434772789,-0.435641898326282,0.107208107455133,"annual",445.459,4787.416,"2018","5"
"649",5,"rear",1052,2019,"Coos",5523,445459,4787416,-0.00271193634022317,-0.661171302041978,-0.118038222694044,1.65783251390198,0.178126373127073,-0.315247698901494,-0.986698434772789,-0.435641898326282,0.107208107455133,"annual",445.459,4787.416,"2019","5"
"671",5,"rear",873,2020,"Coos",5523,445459,4787416,-0.00271193634022317,-0.661171302041978,0.321407392125349,1.65783251390198,0.178126373127073,-0.315247698901494,-0.986698434772789,-0.435641898326282,0.107208107455133,"annual",445.459,4787.416,"2020","5"
"672",5,"rear",842,2021,"Coos",5523,445459,4787416,-0.00271193634022317,-0.61816420103901,-0.597433438860654,1.65783251390198,-0.0428633593866955,-0.315247698901494,-0.986698434772789,-0.435641898326282,0.107208107455133,"annual",445.459,4787.416,"2021","5"
"2777",5,"rear",258,1999,"Coos",5526,446499,4785492,-0.0823925401509004,-0.381625145522684,-0.35773583077735,1.95954825895852,0.110129532353606,-0.0479716264535061,-1.00957687311917,-0.435641898326282,0.139243667218148,"once",446.499,4785.492,"1999","5"
"2023",4,"rear",138,2000,"Coos",5533,449508,4782996,-0.305498230820797,-0.3601215950212,-0.877080648291176,-0.433921167373385,-0.748330582411418,-0.137063650602836,-1.1239690648511,-0.435641898326282,0.196195773463507,"nine",449.508,4782.996,"2000","4"
"2024",4,"rear",1508,2009,"Coos",5533,449508,4782996,-0.305498230820797,-0.381625145522684,0.441256196167,-0.433921167373385,-0.399846773447398,-0.137063650602836,-1.1239690648511,-0.435641898326282,0.196195773463507,"nine",449.508,4782.996,"2009","4"
"2022",4,"rear",878,2018,"Coos",5533,449508,4782996,-0.305498230820797,-0.725681953546431,0.521155398861436,-0.433921167373385,-1.25830688821242,-0.137063650602836,-1.1239690648511,-0.435641898326282,0.196195773463507,"nine",449.508,4782.996,"2018","4"
"3164",3,"rear",0,2001,"Coos",5539,450041,4782116,-0.592348404539236,-1.37078846859095,-0.397685432124567,-0.470525079906746,-1.07981518118207,-0.1816096626775,-0.841801658579014,-0.0954831557975414,0.211620302238292,"once",450.041,4782.116,"2001","3"
"2648",4,"rear",107,2004,"Coos",5552,452463,4785029,-0.624220646063506,0.0484458645069986,0.161608986736478,-0.34756436401798,-1.19031004743895,0.887494627114453,-1.23836125658303,-0.0954831557975414,0.249588373068531,"nine",452.463,4785.029,"2004","4"
"2649",4,"rear",368,2013,"Coos",5552,452463,4785029,-0.624220646063506,-1.11274586257315,0.521155398861436,-0.34756436401798,-1.28380570350247,0.887494627114453,-1.23836125658303,-0.0954831557975414,0.249588373068531,"nine",452.463,4785.029,"2013","4"
"679",3,"rear",14,2000,"Coos",5564,417021,4806256,-0.847326336733403,-0.3601215950212,-0.517534236166219,-0.213942314381633,-0.748330582411418,-2.27527223018674,-0.445242060574999,0.924993071788681,-0.688934877766451,"annual",417.021,4806.256,"2000","3"
"680",3,"rear",8,2001,"Coos",5564,417021,4806256,-0.847326336733403,-1.00522811006572,-0.597433438860654,-0.213942314381633,-0.119359805256846,-2.27527223018674,-0.445242060574999,0.924993071788681,-0.688934877766451,"annual",417.021,4806.256,"2001","3"
"681",3,"rear",41,2002,"Coos",5564,417021,4806256,-0.847326336733403,-0.338618044519716,-0.118038222694044,-0.213942314381633,-0.612336900864484,-2.27527223018674,-0.445242060574999,0.924993071788681,-0.688934877766451,"annual",417.021,4806.256,"2002","3"
"682",3,"rear",21,2005,"Coos",5564,417021,4806256,-0.847326336733403,-0.381625145522684,-0.118038222694044,-0.213942314381633,1.0365864878921,-2.27527223018674,-0.445242060574999,0.924993071788681,-0.688934877766451,"annual",417.021,4806.256,"2005","3"
"683",3,"rear",48,2006,"Coos",5564,417021,4806256,-0.847326336733403,-0.188093191009327,-0.237887026735697,-0.213942314381633,-0.986319525118553,-2.27527223018674,-0.445242060574999,0.924993071788681,-0.688934877766451,"annual",417.021,4806.256,"2006","3"
"684",3,"rear",0,2009,"Coos",5564,417021,4806256,-0.847326336733403,-0.596660650537526,-0.397685432124567,-0.213942314381633,-0.306351117383881,-2.27527223018674,-0.445242060574999,0.924993071788681,-0.688934877766451,"annual",417.021,4806.256,"2009","3"
"685",3,"rear",1,2010,"Coos",5564,417021,4806256,-0.847326336733403,-0.87620680705682,-0.917030249638394,-0.213942314381633,1.15558095924566,-2.27527223018674,-0.445242060574999,0.924993071788681,-0.688934877766451,"annual",417.021,4806.256,"2010","3"
"686",3,"rear",21,2011,"Coos",5564,417021,4806256,-0.847326336733403,-0.424632246525653,-0.637383040207872,-0.213942314381633,0.118629137450289,-2.27527223018674,-0.445242060574999,0.924993071788681,-0.688934877766451,"annual",417.021,4806.256,"2011","3"
"687",3,"rear",2,2012,"Coos",5564,417021,4806256,-0.847326336733403,0.349495571527777,-0.517534236166219,-0.213942314381633,0.186625978223756,-2.27527223018674,-0.445242060574999,0.924993071788681,-0.688934877766451,"annual",417.021,4806.256,"2012","3"
"688",3,"rear",0,2013,"Coos",5564,417021,4806256,-0.847326336733403,-0.639667751540494,-0.517534236166219,-0.213942314381633,-0.408346378544082,-2.27527223018674,-0.445242060574999,0.924993071788681,-0.688934877766451,"annual",417.021,4806.256,"2013","3"
"689",3,"rear",0,2014,"Coos",5564,417021,4806256,-0.847326336733403,-0.919213908059788,0.0417601826948251,-0.213942314381633,-0.297851512287198,-2.27527223018674,-0.445242060574999,0.924993071788681,-0.688934877766451,"annual",417.021,4806.256,"2014","3"
"675",3,"rear",11,2015,"Coos",5564,417021,4806256,-0.847326336733403,-0.10207898900339,0.321407392125349,-0.213942314381633,-1.10531399647212,-2.27527223018674,-0.445242060574999,0.924993071788681,-0.688934877766451,"annual",417.021,4806.256,"2015","3"
"676",3,"rear",0,2016,"Coos",5564,417021,4806256,-0.847326336733403,-0.0805754385019062,-0.35773583077735,-0.213942314381633,-1.19880965253564,-2.27527223018674,-0.445242060574999,0.924993071788681,-0.688934877766451,"annual",417.021,4806.256,"2016","3"
"677",3,"rear",5,2017,"Coos",5564,417021,4806256,-0.847326336733403,-0.682674852543462,-0.637383040207872,-0.213942314381633,0.458613341317625,-2.27527223018674,-0.445242060574999,0.924993071788681,-0.688934877766451,"annual",417.021,4806.256,"2017","3"
"678",3,"rear",0,2018,"Coos",5564,417021,4806256,-0.847326336733403,-0.682674852543462,-0.197937425388479,-0.213942314381633,-0.824827028281569,-2.27527223018674,-0.445242060574999,0.924993071788681,-0.688934877766451,"annual",417.021,4806.256,"2018","3"
"673",3,"rear",1,2019,"Coos",5564,417021,4806256,-0.847326336733403,-0.661171302041978,-0.118038222694044,-0.213942314381633,0.178126373127073,-2.27527223018674,-0.445242060574999,0.924993071788681,-0.688934877766451,"annual",417.021,4806.256,"2019","3"
"674",3,"rear",0,2020,"Coos",5564,417021,4806256,-0.847326336733403,-0.0805754385019062,-0.477584634819001,-0.213942314381633,-1.19880965253564,-2.27527223018674,-0.445242060574999,0.924993071788681,-0.688934877766451,"annual",417.021,4806.256,"2020","3"
"3044",4,"rear",694,2000,"Coos",5565,418156,4808403,-0.672029008349913,-0.467639347528621,-0.597433438860654,0.132906410206332,0.373617290350791,-0.359793710976159,-1.25742662187168,0.58483432925994,-0.614185238319417,"once",418.156,4808.403,"2000","4"
"1466",4,"rear",233,2008,"Coos",5566,417546,4808322,-0.640156766825642,-0.833199706053851,-0.637383040207872,0.132906410206332,-0.57833848047775,0.352942482218476,-1.25742662187168,0.58483432925994,-0.621304251600087,"nine",417.546,4808.322,"2008","4"
"1465",4,"rear",511,2017,"Coos",5566,417546,4808321,-0.640156766825642,-0.639667751540494,-0.677332641555089,0.132906410206332,0.441614131124259,0.352942482218476,-1.25742662187168,0.58483432925994,-0.621304251600087,"nine",417.546,4808.321,"2017","4"
"2404",4,"rear",265,2007,"Coos",5570,419480,4808315,-0.735773491398455,0.177467167515903,0.121659385389261,0.132906410206332,-0.994819130215237,-1.82981210944009,-1.25742662187168,0.58483432925994,-0.597574207331187,"three",419.48,4808.315,"2007","4"
"2405",4,"rear",162,2010,"Coos",5570,419480,4808315,-0.735773491398455,-0.790192605050883,-0.917030249638394,0.132906410206332,1.28307503569592,-1.82981210944009,-1.25742662187168,0.58483432925994,-0.597574207331187,"three",419.48,4808.315,"2010","4"
"2406",4,"rear",0,2013,"Coos",5570,419480,4808315,-0.735773491398455,-0.661171302041978,-0.35773583077735,0.132906410206332,-0.374347958157348,-1.82981210944009,-1.25742662187168,0.58483432925994,-0.597574207331187,"three",419.48,4808.315,"2013","4"
"2403",4,"rear",0,2016,"Coos",5570,419480,4808315,-0.735773491398455,0.0699494150084828,-0.477584634819001,0.132906410206332,-1.27530609840579,-1.82981210944009,-1.25742662187168,0.58483432925994,-0.597574207331187,"three",419.48,4808.315,"2016","4"
"2402",4,"rear",15,2019,"Coos",5570,419480,4808315,-0.735773491398455,-0.661171302041978,-0.35773583077735,0.132906410206332,0.178126373127073,-1.82981210944009,-1.25742662187168,0.58483432925994,-0.597574207331187,"three",419.48,4808.315,"2019","4"
"3204",4,"rear",535,2002,"Coos",5571,418893,4808520,-0.703901249874184,-0.188093191009327,-0.118038222694044,0.132906410206332,-0.195856251126997,-0.9388918679468,-1.25742662187168,0.58483432925994,-0.604693220611857,"once",418.893,4808.52,"2002","4"
"2728",4,"rear",1150,1998,"Coos",5581,419445,4813997,-0.656092887587778,-0.231100292012295,0.0417601826948251,-0.575006150633039,0.339618869964058,-0.894345855872135,-0.36516752636265,-0.0954831557975414,-0.531130083378268,"nine",419.445,4813.997,"1998","4"
"2120",3,"rear",245,2003,"Coos",5617,423335,4807794,-0.831390215971268,1.31715534409456,0.0817097840420431,-0.142156000481255,0.807097150281645,-2.09708818188808,-1.57009861260562,1.26515181431742,-0.4053608487531,"nine",423.335,4807.794,"2003","3"
"2121",3,"rear",141,2012,"Coos",5617,423335,4807794,-0.831390215971268,0.564531076542618,-0.637383040207872,-0.142156000481255,0.339618869964058,-2.09708818188808,-1.57009861260562,1.26515181431742,-0.4053608487531,"nine",423.335,4807.794,"2012","3"
"2119",3,"rear",39,2021,"Coos",5617,423335,4807794,-0.831390215971268,-0.467639347528621,-0.557483837513437,-0.142156000481255,-0.0343637542900121,-2.09708818188808,-1.57009861260562,1.26515181431742,-0.4053608487531,"nine",423.335,4807.794,"2021","3"
"2567",6,"rear",53,2010,"Coos",5619,423797,4808116,0.140713150518996,-0.704178403044946,-0.557483837513437,-0.323754051981716,1.40206950704948,0.130212421845153,-0.273653772977107,-1.11595938338376,-0.408920355393435,"nine",423.797,4808.116,"2010","6"
"2566",6,"rear",291,2019,"Coos",5619,423797,4808116,0.140713150518996,-0.403128696024168,-0.0381390199996096,-0.323754051981716,0.943090831828579,0.130212421845153,-0.273653772977107,-1.11595938338376,-0.408920355393435,"nine",423.797,4808.116,"2019","6"
"2650",6,"rear",892,2004,"Coos",5620,425201,4807980,0.124777029756861,1.20963759158714,0.361356993472565,-0.323754051981716,-0.399846773447398,-0.00342561437884133,-0.273653772977107,-1.11595938338376,-0.39112282219176,"nine",425.201,4807.98,"2004","6"
"2651",6,"rear",330,2013,"Coos",5620,425201,4807980,0.124777029756861,-0.596660650537526,0.121659385389261,-0.323754051981716,-0.331849932673931,-0.00342561437884133,-0.273653772977107,-1.11595938338376,-0.39112282219176,"nine",425.201,4807.98,"2013","6"
"2569",4,"rear",693,2010,"Coos",5624,426673,4809195,-0.5764122837771,-0.704178403044946,-1.11677825637448,0.385935397815584,1.40206950704948,-0.226155674752164,1.0838002355751,0.924993071788681,-0.363833271282525,"nine",426.673,4809.195,"2010","4"
"2568",4,"rear",437,2019,"Coos",5624,426673,4809195,-0.5764122837771,-0.403128696024168,-0.956979850985612,0.385935397815584,0.943090831828579,-0.226155674752164,1.0838002355751,0.924993071788681,-0.363833271282525,"nine",426.673,4809.195,"2019","4"
"1299",4,"rear",1393,2011,"Coos",5629,425973,4809285,-0.241753747772255,-0.446135797027137,-0.83713104694396,-0.340101430394673,0.399116105640841,0.130212421845153,0.115279678911446,0.244675586731199,-0.36976578234975,"three",425.973,4809.285,"2011","4"
"1300",4,"rear",593,2014,"Coos",5629,425973,4809285,-0.241753747772255,-0.940717458561272,0.00181058134760843,-0.340101430394673,0.297120844480641,0.130212421845153,0.115279678911446,0.244675586731199,-0.36976578234975,"three",425.973,4809.285,"2014","4"
"1298",4,"rear",814,2017,"Coos",5629,425973,4809285,-0.241753747772255,-0.403128696024168,-0.597433438860654,-0.340101430394673,0.943090831828579,0.130212421845153,0.115279678911446,0.244675586731199,-0.36976578234975,"three",425.973,4809.285,"2017","4"
"1297",4,"rear",624,2020,"Coos",5629,425973,4809285,-0.241753747772255,-0.403128696024168,-0.477584634819001,-0.340101430394673,0.943090831828579,0.130212421845153,0.115279678911446,0.244675586731199,-0.36976578234975,"three",425.973,4809.285,"2020","4"
"2409",5,"rear",311,1998,"Coos",5634,428656,4807280,-0.162073143961578,-0.295610943516748,0.201558588083696,0.851124927001697,0.628605443251293,0.397488494293141,-0.639708786519276,-0.775800640855023,-0.323492196025396,"three",428.656,4807.28,"1998","5"
"2410",5,"rear",1718,2001,"Coos",5634,428656,4807280,-0.162073143961578,-0.919213908059788,-0.437635033471785,0.851124927001697,1.01108767260205,0.397488494293141,-0.639708786519276,-0.775800640855023,-0.323492196025396,"three",428.656,4807.28,"2001","5"
"2411",5,"rear",1529,2004,"Coos",5634,428656,4807280,-0.162073143961578,1.31715534409456,0.281457790778131,0.851124927001697,-0.323350327577248,0.397488494293141,-0.639708786519276,-0.775800640855023,-0.323492196025396,"three",428.656,4807.28,"2004","5"
"2412",5,"rear",402,2007,"Coos",5634,428656,4807280,-0.162073143961578,0.349495571527777,0.281457790778131,0.851124927001697,-0.697332951831318,0.397488494293141,-0.639708786519276,-0.775800640855023,-0.323492196025396,"three",428.656,4807.28,"2007","5"
"2413",5,"rear",975,2010,"Coos",5634,428656,4807280,-0.162073143961578,-0.704178403044946,-0.517534236166219,0.851124927001697,1.51256437330637,0.397488494293141,-0.639708786519276,-0.775800640855023,-0.323492196025396,"three",428.656,4807.28,"2010","5"
"2414",5,"rear",1002,2013,"Coos",5634,428656,4807280,-0.162073143961578,-0.424632246525653,0.0817097840420431,0.851124927001697,-0.272352696997147,0.397488494293141,-0.639708786519276,-0.775800640855023,-0.323492196025396,"three",428.656,4807.28,"2013","5"
"2408",5,"rear",772,2016,"Coos",5634,428656,4807280,-0.162073143961578,0.435509773533713,-0.277836628082914,0.851124927001697,-1.30930451879252,0.397488494293141,-0.639708786519276,-0.775800640855023,-0.323492196025396,"three",428.656,4807.28,"2016","5"
"2407",5,"rear",376,2019,"Coos",5634,428656,4807280,-0.162073143961578,-0.317114494018232,-0.157987824041262,0.851124927001697,1.02808688279541,0.397488494293141,-0.639708786519276,-0.775800640855023,-0.323492196025396,"three",428.656,4807.28,"2019","5"
"697",5,"rear",943,1998,"Coos",5638,429106,4807755,-0.193945385485849,-0.295610943516748,0.0817097840420431,0.0874180528833198,0.628605443251293,0.0411203976958234,-0.571073471480119,-0.435641898326282,-0.316373182744726,"annual",429.106,4807.755,"1998","5"
"698",5,"rear",1050,1999,"Coos",5638,429106,4807755,-0.193945385485849,0.392502672530745,-0.677332641555089,0.0874180528833198,1.4445675325329,0.0411203976958234,-0.571073471480119,-0.435641898326282,-0.316373182744726,"annual",429.106,4807.755,"1999","5"
"699",5,"rear",2233,2000,"Coos",5638,429106,4807755,-0.193945385485849,-0.467639347528621,-0.717282242902307,0.0874180528833198,-0.0173645440966453,0.0411203976958234,-0.571073471480119,-0.435641898326282,-0.316373182744726,"annual",429.106,4807.755,"2000","5"
"700",5,"rear",2111,2001,"Coos",5638,429106,4807755,-0.193945385485849,-0.919213908059788,-0.597433438860654,0.0874180528833198,1.01108767260205,0.0411203976958234,-0.571073471480119,-0.435641898326282,-0.316373182744726,"annual",429.106,4807.755,"2001","5"
"701",5,"rear",2973,2002,"Coos",5638,429106,4807755,-0.193945385485849,0.0699494150084828,0.00181058134760843,0.0874180528833198,0.101629927256922,0.0411203976958234,-0.571073471480119,-0.435641898326282,-0.316373182744726,"annual",429.106,4807.755,"2002","5"
"702",5,"rear",902,2003,"Coos",5638,429106,4807755,-0.193945385485849,1.96226185913909,0.241508189430913,0.0874180528833198,1.23207740511581,0.0411203976958234,-0.571073471480119,-0.435641898326282,-0.316373182744726,"annual",429.106,4807.755,"2003","5"
"703",5,"rear",2164,2004,"Coos",5638,429106,4807755,-0.193945385485849,1.31715534409456,0.161608986736478,0.0874180528833198,-0.323350327577248,0.0411203976958234,-0.571073471480119,-0.435641898326282,-0.316373182744726,"annual",429.106,4807.755,"2004","5"
"704",5,"rear",1661,2005,"Coos",5638,429106,4807755,-0.193945385485849,-0.123582539504875,0.0417601826948251,0.0874180528833198,1.55506239878978,0.0411203976958234,-0.571073471480119,-0.435641898326282,-0.316373182744726,"annual",429.106,4807.755,"2005","5"
"705",5,"rear",1930,2006,"Coos",5638,429106,4807755,-0.193945385485849,-0.274107393015263,0.0417601826948251,0.0874180528833198,-0.901323474151719,0.0411203976958234,-0.571073471480119,-0.435641898326282,-0.316373182744726,"annual",429.106,4807.755,"2006","5"
"706",5,"rear",1993,2012,"Coos",5638,429106,4807755,-0.193945385485849,0.801070132058944,-0.597433438860654,0.0874180528833198,0.917592016538529,0.0411203976958234,-0.571073471480119,-0.435641898326282,-0.316373182744726,"annual",429.106,4807.755,"2012","5"
"707",5,"rear",1390,2013,"Coos",5638,429106,4807755,-0.193945385485849,-0.424632246525653,0.0417601826948251,0.0874180528833198,-0.272352696997147,0.0411203976958234,-0.571073471480119,-0.435641898326282,-0.316373182744726,"annual",429.106,4807.755,"2013","5"
"708",5,"rear",898,2014,"Coos",5638,429106,4807755,-0.193945385485849,-0.897710357558304,0.241508189430913,0.0874180528833198,0.356618080157424,0.0411203976958234,-0.571073471480119,-0.435641898326282,-0.316373182744726,"annual",429.106,4807.755,"2014","5"
"693",5,"rear",2668,2015,"Coos",5638,429106,4807754,-0.193945385485849,0.112956516011451,0.521155398861436,0.0874180528833198,-0.918322684345086,0.0411203976958234,-0.571073471480119,-0.435641898326282,-0.316373182744726,"annual",429.106,4807.754,"2015","5"
"694",5,"rear",1022,2016,"Coos",5638,429106,4807754,-0.193945385485849,0.435509773533713,-0.397685432124567,0.0874180528833198,-1.30930451879252,0.0411203976958234,-0.571073471480119,-0.435641898326282,-0.316373182744726,"annual",429.106,4807.754,"2016","5"
"695",5,"rear",1024,2017,"Coos",5638,429106,4807754,-0.193945385485849,-0.317114494018232,-0.277836628082914,0.0874180528833198,1.02808688279541,0.0411203976958234,-0.571073471480119,-0.435641898326282,-0.316373182744726,"annual",429.106,4807.754,"2017","5"
"696",5,"rear",1342,2018,"Coos",5638,429106,4807754,-0.193945385485849,-0.317114494018232,0.121659385389261,0.0874180528833198,-0.5528396651877,0.0411203976958234,-0.571073471480119,-0.435641898326282,-0.316373182744726,"annual",429.106,4807.754,"2018","5"
"690",5,"rear",564,2019,"Coos",5638,429106,4807755,-0.193945385485849,-0.317114494018232,-0.317786229430132,0.0874180528833198,1.02808688279541,0.0411203976958234,-0.571073471480119,-0.435641898326282,-0.316373182744726,"annual",429.106,4807.755,"2019","5"
"691",5,"rear",1120,2020,"Coos",5638,429106,4807755,-0.193945385485849,-0.317114494018232,-0.237887026735697,0.0874180528833198,1.02808688279541,0.0411203976958234,-0.571073471480119,-0.435641898326282,-0.316373182744726,"annual",429.106,4807.755,"2020","5"
"692",5,"rear",1015,2021,"Coos",5638,429106,4807755,-0.193945385485849,1.14512694008269,0.281457790778131,0.0874180528833198,2.54951619510174,0.0411203976958234,-0.571073471480119,-0.435641898326282,-0.316373182744726,"annual",429.106,4807.755,"2021","5"
"1468",5,"rear",889,1999,"Coos",5645,426253,4807141,-0.0983286609130359,0.370999122029261,-0.557483837513437,1.33017419005966,1.2405770102125,-0.359793710976159,-0.685465663212047,-0.775800640855023,-0.368579280136305,"nine",426.253,4807.141,"1999","5"
"1469",5,"rear",1011,2008,"Coos",5645,426253,4807141,-0.0983286609130359,-0.575157100036041,-0.397685432124567,1.33017419005966,0.118629137450289,-0.359793710976159,-0.685465663212047,-0.775800640855023,-0.368579280136305,"nine",426.253,4807.141,"2008","5"
"1467",5,"rear",631,2017,"Coos",5645,426253,4807141,-0.0983286609130359,-0.403128696024168,-0.317786229430132,1.33017419005966,0.943090831828579,-0.359793710976159,-0.685465663212047,-0.775800640855023,-0.368579280136305,"nine",426.253,4807.141,"2017","5"
"3205",5,"rear",2126,2002,"Coos",5655,431576,4808304,-0.273625989296526,0.0699494150084828,-0.237887026735697,1.44069668324292,0.101629927256922,-0.1816096626775,-0.571073471480119,-0.0954831557975414,-0.280778116341376,"once",431.576,4808.304,"2002","5"
"2122",6,"rear",1218,2012,"Coos",5663,414701,4810844,0.220393754329674,0.26348136952184,0.680953804250306,-0.688371666148982,0.135628347643656,0.219304445994482,0.0542705099877516,-0.775800640855023,-0.558419634287503,"nine",414.701,4810.844,"2012","6"
"2415",3,"rear",0,1998,"Coos",5670,415865,4814945,-0.831390215971268,-0.403128696024168,-0.517534236166219,0.639319763216423,0.416115315834208,-0.805253831722806,0.816885121533936,2.28562804190364,-0.459939950571569,"three",415.865,4814.945,"1998","3"
"2416",3,"rear",0,2001,"Coos",5670,415865,4814945,-0.831390215971268,-0.940717458561272,-1.07682865502726,0.639319763216423,-0.0173645440966453,-0.805253831722806,0.816885121533936,2.28562804190364,-0.459939950571569,"three",415.865,4814.945,"2001","3"
"2417",3,"rear",4,2004,"Coos",5670,415865,4814945,-0.831390215971268,0.973098536070817,-0.437635033471785,0.639319763216423,-0.416845983640765,-0.805253831722806,0.816885121533936,2.28562804190364,-0.459939950571569,"three",415.865,4814.945,"2004","3"
"2418",3,"rear",0,2007,"Coos",5670,415865,4814945,-0.831390215971268,0.220474268518872,-0.397685432124567,0.639319763216423,-0.960820709828503,-0.805253831722806,0.816885121533936,2.28562804190364,-0.459939950571569,"three",415.865,4814.945,"2007","3"
"2419",3,"rear",0,2013,"Coos",5670,415865,4814945,-0.831390215971268,-0.575157100036041,-0.797181445596741,0.639319763216423,-0.348849142867298,-0.805253831722806,0.816885121533936,2.28562804190364,-0.459939950571569,"three",415.865,4814.945,"2013","3"
"2729",6,"rear",532,1998,"Coos",5674,418416,4815777,0.124777029756861,-0.231100292012295,1.20029862176413,-0.0600637306248823,0.339618869964058,0.130212421845153,0.00851363329498059,-0.775800640855023,-0.38637681333798,"nine",418.416,4815.777,"1998","6"
"2730",6,"rear",966,2007,"Coos",5674,418416,4815777,0.124777029756861,0.220474268518872,1.360097027153,-0.0600637306248823,-0.875824658861669,0.130212421845153,0.00851363329498059,-0.775800640855023,-0.38637681333798,"nine",418.416,4815.777,"2007","6"
"3236",6,"rear",819,2003,"Coos",5676,420862,4818566,0.0610325467083188,2.56436127318064,1.43999622984744,0.530574158991098,1.52956358349973,-0.137063650602836,-0.0258040242245977,-0.775800640855023,-0.264167085353147,"once",420.862,4818.566,"2003","6"
"2123",6,"rear",196,2003,"Coos",5677,420084,4817942,0.0769686674704542,1.61820505111534,1.51989543254187,0.5813931831879,0.917592016538529,-0.137063650602836,-0.0258040242245977,-0.775800640855023,-0.299762151756496,"nine",420.084,4817.942,"2003","6"
"2124",6,"rear",11,2012,"Coos",5677,420084,4817942,0.0769686674704542,0.693552379551523,0.601054601555871,0.5813931831879,0.764599124798228,-0.137063650602836,-0.0258040242245977,-0.775800640855023,-0.299762151756496,"nine",420.084,4817.942,"2012","6"
"3278",3,"rear",386,2004,"Coos",5686,421970,4825110,-0.815454095209132,0.62904172804707,-0.0381390199996096,-0.694057710814358,-0.170357435836947,-1.11707591624546,-0.773166343539858,0.244675586731199,-0.115854308672524,"once",421.97,4825.11,"2004","3"
"2570",4,"rear",1082,2019,"Coos",5701,422528,4828481,-0.672029008349913,0.414006223032229,-0.157987824041262,-0.734926156846752,1.88654699756044,-0.493431747200153,-0.0982524123214852,-0.775800640855023,-0.0612752068540544,"nine",422.528,4828.481,"2019","4"
"1640",3,"rear",207,2005,"Coos",5703,423156,4829500,-0.879198578257674,-0.3601215950212,-0.277836628082914,-0.412598499878223,2.18403317594436,-0.805253831722806,-1.10490369956245,0.924993071788681,-0.0458506780792697,"nine",423.156,4829.5,"2005","3"
"3134",4,"rear",1189,1998,"Coos",5721,424520,4825606,-0.448923317680016,0.77956658155746,0.361356993472565,-0.353961164266528,0.178126373127073,0.5756725425918,0.370755573779418,-0.775800640855023,-0.0363586603717098,"once",424.52,4825.606,"1998","4"
"3206",4,"rear",2132,2002,"Coos",5727,424324,4823970,-0.496731679966423,0.62904172804707,0.321407392125349,-0.518145703979274,1.18107977453571,-0.270701686826829,0.324998697086647,-0.435641898326282,-0.00906910946247508,"once",424.324,4823.97,"2002","4"
"1471",4,"rear",429,1999,"Coos",5731,424478,4825124,-0.464859438442152,0.758063031055975,-0.397685432124567,-0.353961164266528,2.88950039896908,0.219304445994482,0.370755573779418,-0.775800640855023,-0.0280531448775949,"nine",424.478,4825.124,"1999","4"
"1472",4,"rear",616,2008,"Coos",5731,424478,4825124,-0.464859438442152,0.543027526041134,-0.0780886213468263,-0.353961164266528,1.07058490827883,0.219304445994482,0.370755573779418,-0.775800640855023,-0.0280531448775949,"nine",424.478,4825.124,"2008","4"
"1470",4,"rear",2043,2017,"Coos",5731,424478,4825124,-0.464859438442152,0.414006223032229,-0.157987824041262,-0.353961164266528,1.88654699756044,0.219304445994482,0.370755573779418,-0.775800640855023,-0.0280531448775949,"nine",424.478,4825.124,"2017","4"
"3353",4,"rear",3010,2006,"Coos",5735,423954,4821946,-0.5764122837771,-0.188093191009327,0.241508189430913,-0.775794602879145,-0.450844404027499,1.77841486860775,0.187728067008334,-0.775800640855023,0.0265259569408744,"once",423.954,4821.946,"2006","4"
"2652",4,"rear",559,2004,"Coos",5737,423758,4822807,-0.544540042252829,0.908587884566364,0.361356993472565,-0.775794602879145,0.0591319017735053,0.0856664097704881,0.187728067008334,-0.775800640855023,0.0122879303795346,"nine",423.758,4822.807,"2004","4"
"2653",4,"rear",3586,2013,"Coos",5737,423758,4822807,-0.544540042252829,-0.10207898900339,0.121659385389261,-0.775794602879145,-0.195856251126997,0.0856664097704881,0.187728067008334,-0.775800640855023,0.0122879303795346,"nine",423.758,4822.807,"2013","4"
"1641",3,"rear",1013,2005,"Coos",5743,424598,4819146,-0.75170961216059,-0.188093191009327,-0.118038222694044,-0.535203837975403,2.14153515046094,-0.448885735125488,0.248737235932029,-0.0954831557975414,0.0739860454786738,"nine",424.598,4819.146,"2005","3"
"2026",3,"rear",8,2009,"Coos",5768,428902,4827400,-0.911070819781945,-0.0375683374989379,0.00181058134760843,-0.792852736875274,1.3425722713727,-0.805253831722806,0.0390182177568279,-0.0954831557975414,0.0431369879291041,"nine",428.902,4827.4,"2009","3"
"2025",3,"rear",2,2018,"Coos",5768,428902,4827400,-0.911070819781945,0.801070132058944,0.121659385389261,-0.792852736875274,-1.18181044234227,-0.805253831722806,0.0390182177568279,-0.0954831557975414,0.0431369879291041,"nine",428.902,4827.4,"2018","3"
"2778",4,"rear",4,1999,"Coos",5770,428544,4826342,-0.75170961216059,0.543027526041134,-0.757231844249525,-0.792852736875274,3.186986577353,-0.716161807573476,0.0390182177568279,-0.0954831557975414,0.0265259569408744,"once",428.544,4826.342,"1999","4"
"1850",4,"rear",885,2000,"Coos",5776,406482,4807242,-0.560476163014965,-0.3601215950212,0.241508189430913,-0.703652911187181,-0.671834136541267,1.60023082030909,-0.635895713461545,-0.775800640855023,-0.887080747411763,"three",406.482,4807.242,"2000","4"
"1851",4,"rear",1421,2003,"Coos",5776,406482,4807242,-0.560476163014965,0.457013324035197,0.521155398861436,-0.703652911187181,0.288621239383957,1.60023082030909,-0.635895713461545,-0.775800640855023,-0.887080747411763,"three",406.482,4807.242,"2003","4"
"1848",4,"rear",414,2015,"Coos",5776,406482,4807242,-0.560476163014965,0.00543876350403035,0.920651412333611,-0.703652911187181,-0.314850722480564,1.60023082030909,-0.635895713461545,-0.775800640855023,-0.887080747411763,"three",406.482,4807.242,"2015","4"
"1849",4,"rear",276,2018,"Coos",5776,406482,4807242,-0.560476163014965,0.801070132058944,0.241508189430913,-0.703652911187181,-1.18181044234227,1.60023082030909,-0.635895713461545,-0.775800640855023,-0.887080747411763,"three",406.482,4807.242,"2018","4"
"1847",4,"rear",790,2021,"Coos",5776,406482,4807242,-0.560476163014965,-0.596660650537526,0.121659385389261,-0.703652911187181,-0.0343637542900121,1.60023082030909,-0.635895713461545,-0.775800640855023,-0.887080747411763,"three",406.482,4807.242,"2021","4"
"3354",4,"rear",87,2006,"Coos",5782,408641,4807726,-0.687965129112048,-0.424632246525653,-0.317786229430132,-0.751273535259709,-1.02881755060197,0.130212421845153,-0.399485183882228,-0.0954831557975414,-0.859791196502528,"once",408.641,4807.726,"2006","4"
"2731",2,"rear",0,1998,"Coos",5790,409200,4808385,-0.879198578257674,-0.661171302041978,0.121659385389261,0.254445614928754,0.433114526027575,0.753856590890459,-1.30318349856446,0.244675586731199,-0.849112676581523,"nine",409.2,4808.385,"1998","2"
"1474",3,"rear",342,1999,"Coos",5806,410762,4811331,-0.703901249874184,0.0914529655099669,-0.517534236166219,-0.446714767870482,0.186625978223756,0.0856664097704881,-0.582512690653312,1.9454692993749,-0.820636623458844,"nine",410.762,4811.331,"1999","3"
"1475",3,"rear",347,2008,"Coos",5806,410762,4811331,-0.703901249874184,-0.747185504047915,-0.35773583077735,-0.446714767870482,-0.238354276610414,0.0856664097704881,-0.582512690653312,1.9454692993749,-0.820636623458844,"nine",410.762,4811.331,"2008","3"
"1473",3,"rear",396,2017,"Coos",5806,410762,4811331,-0.703901249874184,0.500020425038166,-0.437635033471785,-0.446714767870482,-0.399846773447398,0.0856664097704881,-0.582512690653312,1.9454692993749,-0.820636623458844,"nine",410.762,4811.331,"2017","3"
"3135",3,"rear",20,1998,"Coos",5828,410045,4813476,-0.75170961216059,-0.661171302041978,-0.517534236166219,-0.461285257325509,0.467112946414309,0.308396470143812,0.916025021034939,0.244675586731199,-0.832501645593294,"once",410.045,4813.476,"1998","3"
"1642",3,"rear",0,2005,"Coos",5829,411791,4813820,-0.958879182068351,-0.317114494018232,-0.637383040207872,-0.461285257325509,1.15558095924566,0.308396470143812,0.916025021034939,0.244675586731199,-0.808771601324394,"nine",411.791,4813.82,"2005","3"
"2126",4,"rear",0,2003,"Coos",5834,411153,4816085,-0.735773491398455,0.930091435067849,0.0417601826948251,0.669882253292822,0.526610182091093,-2.18618020603741,0.0466443638722898,-0.0954831557975414,-0.817077116818509,"nine",411.153,4816.085,"2003","4"
"2127",4,"rear",0,2012,"Coos",5834,411153,4816085,-0.735773491398455,0.284984920023324,-0.397685432124567,0.669882253292822,0.365117685254108,-2.18618020603741,0.0466443638722898,-0.0954831557975414,-0.817077116818509,"nine",411.153,4816.085,"2012","4"
"2125",4,"rear",0,2021,"Coos",5834,411153,4816085,-0.735773491398455,-0.596660650537526,0.121659385389261,0.669882253292822,-0.0343637542900121,-2.18618020603741,0.0466443638722898,-0.0954831557975414,-0.817077116818509,"nine",411.153,4816.085,"2021","4"
"624",4,"rear",0,2000,"Tenmile",5885,404411,4826871,-0.417051076155745,-0.467639347528621,-0.35773583077735,-0.612676196541158,0.0166338762900883,1.77841486860775,-2.06579811011064,-1.11595938338376,-1.06624258164196,"annual",404.411,4826.871,"2000","4"
"623",4,"rear",1,2016,"Tenmile",5885,404411,4826871,-0.417051076155745,0.327992021026292,-0.397685432124567,-0.612676196541158,-1.20730925763232,1.77841486860775,-2.06579811011064,-1.11595938338376,-1.06624258164196,"annual",404.411,4826.871,"2016","4"
"3389",4,"rear",780,2007,"Tenmile",5935,415524,4819871,-0.592348404539236,0.284984920023324,0.361356993472565,-0.348630497392738,-0.816327423184885,-0.1816096626775,0.912211947977209,0.244675586731199,-0.888267249625208,"once",415.524,4819.871,"2007","4"
"1568",4,"rear",306,2002,"Tenmile",5940,415822,4819844,-0.608284525301371,0.0269423140055145,0.121659385389261,-0.348630497392738,-0.0173645440966453,0.174758433919818,0.912211947977209,0.244675586731199,-0.884707742984873,"nine",415.822,4819.844,"2002","4"
"2021",1,"rear",923,2000,"Tenmile",5947,413092,4823886,-1.13417651045184,-0.467639347528621,0.201558588083696,-0.539468371474436,0.0166338762900883,0.0411203976958234,0.0390182177568279,-0.435641898326282,-0.945219355870567,"nine",413.092,4823.886,"2000","1"
"2646",4,"rear",1257,2004,"Tenmile",5950,417299,4825107,-0.5764122837771,0.392502672530745,0.840752209639175,-0.539468371474436,-0.493342429510916,-0.9388918679468,0.0390182177568279,-0.435641898326282,-0.877588729704203,"nine",417.299,4825.107,"2004","4"
"2647",4,"rear",2326,2013,"Tenmile",5950,417299,4825107,-0.5764122837771,-0.575157100036041,0.281457790778131,-0.539468371474436,-0.365848353060665,-0.9388918679468,0.0390182177568279,-0.435641898326282,-0.877588729704203,"nine",417.299,4825.107,"2013","4"
"3390",4,"rear",199,2007,"Tenmile",5965,411807,4829697,-0.672029008349913,-0.188093191009327,0.641004202903087,-0.650346242449277,-1.0118183404086,0.976586651263782,-0.349915234131726,-0.0954831557975414,-0.945219355870567,"once",411.807,4829.697,"2007","4"
"2726",4,"rear",85,2007,"Tenmile",5968,412980,4830169,-0.719837370636319,-0.0590718880004221,0.641004202903087,-0.650346242449277,-0.714332162024684,0.174758433919818,-0.349915234131726,-0.0954831557975414,-0.929794827095782,"nine",412.98,4830.169,"2007","4"
"614",5,"rear",782,2005,"Tahkenitch",6033,417522,4854557,0.284138237378215,-0.725681953546431,0.201558588083696,-0.793563492458446,0.875093991055112,0.130212421845153,0.561409226665964,-1.11595938338376,-0.938100342589897,"annual",417.522,4854.557,"2005","5"
"615",5,"rear",242,2007,"Tahkenitch",6033,417522,4854557,0.284138237378215,-0.0805754385019062,0.401306594819783,-0.793563492458446,-0.790828607894835,0.130212421845153,0.561409226665964,-1.11595938338376,-0.938100342589897,"annual",417.522,4854.557,"2007","5"
"616",5,"rear",900,2008,"Tahkenitch",6033,417522,4854557,0.284138237378215,-0.338618044519716,-0.597433438860654,-0.793563492458446,-0.365848353060665,0.130212421845153,0.561409226665964,-1.11595938338376,-0.938100342589897,"annual",417.522,4854.557,"2008","5"
"617",5,"rear",416,2009,"Tahkenitch",6033,417522,4854557,0.284138237378215,-0.790192605050883,-0.118038222694044,-0.793563492458446,-0.314850722480564,0.130212421845153,0.561409226665964,-1.11595938338376,-0.938100342589897,"annual",417.522,4854.557,"2009","5"
"618",5,"rear",1597,2010,"Tahkenitch",6033,417522,4854557,0.284138237378215,-0.532149999033073,-0.797181445596741,-0.793563492458446,1.36807108666275,0.130212421845153,0.561409226665964,-1.11595938338376,-0.938100342589897,"annual",417.522,4854.557,"2010","5"
"619",5,"rear",2517,2011,"Tahkenitch",6033,417522,4854557,0.284138237378215,0.392502672530745,-0.317786229430132,-0.793563492458446,0.99408846240868,0.130212421845153,0.561409226665964,-1.11595938338376,-0.938100342589897,"annual",417.522,4854.557,"2011","5"
"620",5,"rear",2903,2012,"Tahkenitch",6033,417522,4854557,0.284138237378215,0.435509773533713,-0.237887026735697,-0.793563492458446,0.849595175765062,0.130212421845153,0.561409226665964,-1.11595938338376,-0.938100342589897,"annual",417.522,4854.557,"2012","5"
"621",5,"rear",1763,2013,"Tahkenitch",6033,417522,4854557,0.284138237378215,-0.510646448531589,-0.157987824041262,-0.793563492458446,0.19512558332044,0.130212421845153,0.561409226665964,-1.11595938338376,-0.938100342589897,"annual",417.522,4854.557,"2013","5"
"622",5,"rear",604,2014,"Tahkenitch",6033,417522,4854557,0.284138237378215,-0.725681953546431,0.361356993472565,-0.793563492458446,0.356618080157424,0.130212421845153,0.561409226665964,-1.11595938338376,-0.938100342589897,"annual",417.522,4854.557,"2014","5"
"610",5,"rear",252,2015,"Tahkenitch",6033,417521,4854545,0.284138237378215,-0.10207898900339,0.680953804250306,-0.793563492458446,-0.986319525118553,0.130212421845153,0.561409226665964,-1.11595938338376,-0.938100342589897,"annual",417.521,4854.545,"2015","5"
"611",5,"rear",331,2016,"Tahkenitch",6033,417521,4854545,0.284138237378215,0.327992021026292,0.00181058134760843,-0.793563492458446,-1.20730925763232,0.130212421845153,0.561409226665964,-1.11595938338376,-0.938100342589897,"annual",417.521,4854.545,"2016","5"
"612",5,"rear",1099,2017,"Tahkenitch",6033,417521,4854545,0.284138237378215,-0.0375683374989379,-0.317786229430132,-0.793563492458446,1.1385817490523,0.130212421845153,0.561409226665964,-1.11595938338376,-0.938100342589897,"annual",417.521,4854.545,"2017","5"
"613",5,"rear",228,2018,"Tahkenitch",6033,417521,4854545,0.284138237378215,-0.0375683374989379,0.00181058134760843,-0.793563492458446,-0.382847563254032,0.130212421845153,0.561409226665964,-1.11595938338376,-0.938100342589897,"annual",417.521,4854.545,"2018","5"
"1838",4,"rear",1333,2000,"Tahkenitch",6035,418595,4854733,-0.0983286609130359,-0.467639347528621,-0.597433438860654,0.734205633569893,0.0166338762900883,0.0856664097704881,1.32783691126988,-0.0954831557975414,-0.922675813815113,"three",418.595,4854.733,"2000","4"
"1839",4,"rear",659,2006,"Tahkenitch",6035,418595,4854733,-0.0983286609130359,-0.231100292012295,-0.197937425388479,0.734205633569893,-0.569838875381067,0.0856664097704881,1.32783691126988,-0.0954831557975414,-0.922675813815113,"three",418.595,4854.733,"2006","4"
"1840",4,"rear",517,2009,"Tahkenitch",6035,418595,4854733,-0.0983286609130359,-0.790192605050883,-0.437635033471785,0.734205633569893,-0.314850722480564,0.0856664097704881,1.32783691126988,-0.0954831557975414,-0.922675813815113,"three",418.595,4854.733,"2009","4"
"1841",4,"rear",2103,2012,"Tahkenitch",6035,418595,4854733,-0.0983286609130359,0.435509773533713,-0.677332641555089,0.734205633569893,0.849595175765062,0.0856664097704881,1.32783691126988,-0.0954831557975414,-0.922675813815113,"three",418.595,4854.733,"2012","4"
"1837",4,"rear",727,2015,"Tahkenitch",6035,418594,4854734,-0.0983286609130359,-0.10207898900339,0.241508189430913,0.734205633569893,-0.986319525118553,0.0856664097704881,1.32783691126988,-0.0954831557975414,-0.922675813815113,"three",418.594,4854.734,"2015","4"
"1284",5,"rear",1739,2008,"Tahkenitch",6041,418751,4854226,-0.241753747772255,-0.338618044519716,-0.797181445596741,0.214287924479532,-0.365848353060665,-0.137063650602836,0.54615693443504,-0.775800640855023,-0.922675813815113,"three",418.751,4854.226,"2008","5"
"1285",5,"rear",905,2011,"Tahkenitch",6041,418751,4854226,-0.241753747772255,0.392502672530745,-0.597433438860654,0.214287924479532,0.99408846240868,-0.137063650602836,0.54615693443504,-0.775800640855023,-0.922675813815113,"three",418.751,4854.226,"2011","5"
"1286",5,"rear",351,2014,"Tahkenitch",6041,418751,4854226,-0.241753747772255,-0.725681953546431,0.161608986736478,0.214287924479532,0.356618080157424,-0.137063650602836,0.54615693443504,-0.775800640855023,-0.922675813815113,"three",418.751,4854.226,"2014","5"
"1283",5,"rear",1131,2017,"Tahkenitch",6041,418750,4854234,-0.241753747772255,-0.0375683374989379,-0.597433438860654,0.214287924479532,1.1385817490523,-0.137063650602836,0.54615693443504,-0.775800640855023,-0.922675813815113,"three",418.75,4854.234,"2017","5"
"1282",5,"rear",1449,2020,"Tahkenitch",6041,418751,4854226,-0.241753747772255,-0.0375683374989379,-0.477584634819001,0.214287924479532,-0.382847563254032,-0.137063650602836,0.54615693443504,-0.775800640855023,-0.922675813815113,"three",418.751,4854.226,"2020","5"
"2725",5,"rear",395,2007,"Tahkenitch",6042,418504,4854355,-0.241753747772255,-0.0805754385019062,0.0417601826948251,0.214287924479532,-0.790828607894835,-0.716161807573476,0.54615693443504,-0.775800640855023,-0.926235320455447,"nine",418.504,4854.355,"2007","5"
"2724",5,"rear",156,2016,"Tahkenitch",6042,418504,4854359,-0.241753747772255,0.327992021026292,-0.317786229430132,0.214287924479532,-1.20730925763232,-0.716161807573476,0.54615693443504,-0.775800640855023,-0.926235320455447,"nine",418.504,4854.359,"2016","5"
"2390",2,"rear",0,2001,"Siltcoos",6049,414467,4864293,-0.958879182068351,-1.22026361508057,-0.0381390199996096,-0.529162415518441,-0.484842824414232,-2.00799615773875,-0.613017275115159,-0.435641898326282,-0.991492942194922,"three",414.467,4864.293,"2001","2"
"1281",3,"rear",100,2008,"Siltcoos",6080,421039,4861346,-0.719837370636319,-0.274107393015263,-1.1567278577217,-0.716446511684278,-0.365848353060665,0.130212421845153,0.561409226665964,1.9454692993749,-0.900132271759658,"three",421.039,4861.346,"2008","3"
"3234",2,"rear",184,2003,"Siltcoos",6086,424288,4862889,-1.08636814816544,0.52152397553965,0.241508189430913,-0.225314403712386,0.56910820757451,-0.582523771349482,3.90928737135371,0.244675586731199,-0.855045187648748,"once",424.288,4862.889,"2003","2"
"1834",3,"rear",31,2000,"Siltcoos",6092,421969,4859762,-0.75170961216059,-0.446135797027137,-1.19667745906892,-0.383457520968169,0.203625188417123,-0.582523771349482,1.45748139523273,0.58483432925994,-0.900132271759658,"three",421.969,4859.762,"2000","3"
"1835",3,"rear",41,2006,"Siltcoos",6092,421969,4859762,-0.75170961216059,-0.274107393015263,-0.717282242902307,-0.383457520968169,-0.518841244800966,-0.582523771349482,1.45748139523273,0.58483432925994,-0.900132271759658,"three",421.969,4859.762,"2006","3"
"1836",3,"rear",67,2012,"Siltcoos",6092,421969,4859762,-0.75170961216059,0.564531076542618,-1.23662706041613,-0.383457520968169,0.849595175765062,-0.582523771349482,1.45748139523273,0.58483432925994,-0.900132271759658,"three",421.969,4859.762,"2012","3"
"1832",3,"rear",40,2015,"Siltcoos",6092,421973,4859751,-0.75170961216059,0.0914529655099669,-0.35773583077735,-0.383457520968169,-0.926822289441769,-0.582523771349482,1.45748139523273,0.58483432925994,-0.900132271759658,"three",421.973,4859.751,"2015","3"
"1833",3,"rear",32,2018,"Siltcoos",6092,421973,4859751,-0.75170961216059,-0.252603842513779,-0.917030249638394,-0.383457520968169,-0.280852302093831,-0.582523771349482,1.45748139523273,0.58483432925994,-0.900132271759658,"three",421.973,4859.751,"2018","3"
"1831",3,"rear",62,2021,"Siltcoos",6092,421969,4859762,-0.75170961216059,-0.467639347528621,-0.597433438860654,-0.383457520968169,0.0166338762900883,-0.582523771349482,1.45748139523273,0.58483432925994,-0.900132271759658,"three",421.969,4859.762,"2021","3"
"1460",2,"rear",2,2008,"Siltcoos",6104,417078,4861795,-0.815454095209132,-0.596660650537526,-0.956979850985612,-0.231711203960934,-0.612336900864484,-2.14163419396275,-0.250775334630722,0.924993071788681,-0.986746933341141,"nine",417.078,4861.795,"2008","2"
"3042",2,"rear",3,2000,"Siltcoos",6108,418193,4862780,-0.703901249874184,-0.446135797027137,-0.35773583077735,-0.577493795174141,0.203625188417123,-1.29525996454412,0.233484943701105,0.924993071788681,-0.968949400139467,"once",418.193,4862.78,"2000","2"
"1656",4,"rear",994,2014,"Middle Umpqua",6268,449909,4804573,-0.5764122837771,-1.04823521106869,1.360097027153,-0.318068007316339,-1.0628159709887,0.442034506367805,-1.04770760369648,-0.0954831557975414,0.625709574730591,"nine",449.909,4804.573,"2014","4"
"2051",3,"rear",0,2009,"South Umpqua",6293,527532,4754845,-0.656092887587778,-0.467639347528621,-0.597433438860654,1.63117917953303,-0.136359015450213,-1.87435812151476,0.42032552352992,4.32658049707609,2.74954853679711,"nine",527.532,4754.845,"2009","3"
"2745",3,"rear",0,2007,"Lower Umpqua",6380,431892,4851434,-0.879198578257674,-0.10207898900339,0.281457790778131,0.172353345072381,-0.697332951831318,-0.404339723050823,-0.933315411964557,1.26515181431742,-0.475364479346354,"nine",431.892,4851.434,"2007","3"
"1492",3,"rear",121,2017,"Lower Umpqua",6383,434199,4860158,-0.831390215971268,-0.209596741510811,-0.317786229430132,0.178394767529343,0.985588857311996,-2.49800229056006,2.02944235389237,1.60531055684616,-0.264167085353147,"nine",434.199,4860.158,"2017","3"
"1337",4,"rear",95,2008,"Lower Umpqua",6385,452944,4844153,-0.831390215971268,-0.61816420103901,-0.477584634819001,-0.525253259810994,-1.12231320666549,-1.47344401284278,0.271615674278414,0.58483432925994,0.225858328799632,"three",452.944,4844.153,"2008","4"
"1338",4,"rear",78,2011,"Lower Umpqua",6385,452944,4844153,-0.831390215971268,-0.87620680705682,-1.1567278577217,-0.525253259810994,-0.136359015450213,-1.47344401284278,0.271615674278414,0.58483432925994,0.225858328799632,"three",452.944,4844.153,"2011","4"
"1339",4,"rear",101,2014,"Lower Umpqua",6385,452944,4844153,-0.831390215971268,-1.11274586257315,0.00181058134760843,-0.525253259810994,-0.671834136541267,-1.47344401284278,0.271615674278414,0.58483432925994,0.225858328799632,"three",452.944,4844.153,"2014","4"
"1336",4,"rear",83,2017,"Lower Umpqua",6385,452944,4844153,-0.831390215971268,-0.87620680705682,-0.237887026735697,-0.525253259810994,-0.12785941035353,-1.47344401284278,0.271615674278414,0.58483432925994,0.225858328799632,"three",452.944,4844.153,"2017","4"
"1340",4,"rear",92,2020,"Lower Umpqua",6385,452944,4844153,-0.831390215971268,-0.87620680705682,-0.397685432124567,-0.525253259810994,-0.12785941035353,-1.47344401284278,0.271615674278414,0.58483432925994,0.225858328799632,"three",452.944,4844.153,"2020","4"
"2663",3,"rear",85,2013,"Lower Umpqua",6391,461334,4846658,-0.863262457495539,-0.940717458561272,-0.557483837513437,-0.54266677159871,-0.824827028281569,-0.404339723050823,0.816885121533936,0.924993071788681,0.558078948564227,"nine",461.334,4846.658,"2013","3"
"880",3,"rear",6,2000,"Lower Umpqua",6419,414610,4832832,-0.92700694054408,0.306488470524808,-0.317786229430132,-0.414730766627739,-0.484842824414232,-2.27527223018674,-0.32703679578534,0.58483432925994,-0.786228059268939,"annual",414.61,4832.832,"2000","3"
"881",3,"rear",0,2002,"Lower Umpqua",6419,414610,4832832,-0.92700694054408,-0.188093191009327,0.0417601826948251,-0.414730766627739,-0.399846773447398,-2.27527223018674,-0.32703679578534,0.58483432925994,-0.786228059268939,"annual",414.61,4832.832,"2002","3"
"882",3,"rear",0,2007,"Lower Umpqua",6419,414610,4832832,-0.92700694054408,-0.295610943516748,0.321407392125349,-0.414730766627739,-0.858825448668302,-2.27527223018674,-0.32703679578534,0.58483432925994,-0.786228059268939,"annual",414.61,4832.832,"2007","3"
"883",3,"rear",0,2008,"Lower Umpqua",6419,414610,4832832,-0.92700694054408,-0.553653549534557,-0.477584634819001,-0.414730766627739,-0.22985467151373,-2.27527223018674,-0.32703679578534,0.58483432925994,-0.786228059268939,"annual",414.61,4832.832,"2008","3"
"884",3,"rear",0,2009,"Lower Umpqua",6419,414610,4832832,-0.92700694054408,-0.725681953546431,-0.237887026735697,-0.414730766627739,-0.15335822564358,-2.27527223018674,-0.32703679578534,0.58483432925994,-0.786228059268939,"annual",414.61,4832.832,"2009","3"
"885",3,"rear",0,2010,"Lower Umpqua",6419,414610,4832832,-0.92700694054408,-0.833199706053851,-0.797181445596741,-0.414730766627739,1.33407266627602,-2.27527223018674,-0.32703679578534,0.58483432925994,-0.786228059268939,"annual",414.61,4832.832,"2010","3"
"1889",3,"rear",0,2000,"Lower Umpqua",6424,417426,4833603,-0.89513469901981,-0.532149999033073,-0.237887026735697,-0.0920477318676249,-0.0683621746767457,-2.27527223018674,-1.20023052600572,0.58483432925994,-0.75063299286559,"three",417.426,4833.603,"2000","3"
"1890",3,"rear",0,2006,"Lower Umpqua",6424,417426,4833603,-0.89513469901981,-0.209596741510811,-0.118038222694044,-0.0920477318676249,-0.467843614220866,-2.27527223018674,-1.20023052600572,0.58483432925994,-0.75063299286559,"three",417.426,4833.603,"2006","3"
"1891",3,"rear",0,2009,"Lower Umpqua",6424,417426,4833603,-0.89513469901981,-0.338618044519716,-0.277836628082914,-0.0920477318676249,0.688102678928077,-2.27527223018674,-1.20023052600572,0.58483432925994,-0.75063299286559,"three",417.426,4833.603,"2009","3"
"3170",4,"rear",0,2001,"Lower Umpqua",6430,418138,4831020,-0.687965129112048,-0.704178403044946,0.161608986736478,0.309884550416174,0.866594385958429,-1.56253603699211,0.290681039567069,-0.0954831557975414,-0.7245299441698,"once",418.138,4831.02,"2001","4"
"1893",3,"rear",27,2009,"Lower Umpqua",6456,414424,4847673,-0.974815302830487,-0.98372455956424,0.241508189430913,-0.668115132028578,-0.595337690671117,-0.537977759274818,-1.83701372664678,-0.435641898326282,-0.812331107964729,"three",414.424,4847.673,"2009","3"
"1894",3,"rear",0,2012,"Lower Umpqua",6456,414424,4847673,-0.974815302830487,0.26348136952184,0.161608986736478,-0.668115132028578,0.433114526027575,-0.537977759274818,-1.83701372664678,-0.435641898326282,-0.812331107964729,"three",414.424,4847.673,"2012","3"
"1892",3,"rear",6,2018,"Lower Umpqua",6456,414424,4847673,-0.974815302830487,0.0484458645069986,0.401306594819783,-0.668115132028578,-0.561339270284383,-0.537977759274818,-1.83701372664678,-0.435641898326282,-0.812331107964729,"three",414.424,4847.673,"2018","3"
"2141",5,"rear",83,2003,"Lower Umpqua",6465,420243,4846271,-0.640156766825642,0.650545278548555,1.360097027153,-0.788943581167828,0.305620449577324,1.28840873578643,-0.0868131931482924,-1.11595938338376,-0.833688147806739,"nine",420.243,4846.271,"2003","5"
"1898",4,"rear",707,2003,"Lower Umpqua",6469,425886,4849967,-0.687965129112048,0.435509773533713,0.441256196167,-0.705074422353525,0.373617290350791,0.219304445994482,-1.32224886385311,0.58483432925994,-0.641474789228651,"three",425.886,4849.967,"2003","4"
"1899",4,"rear",711,2006,"Lower Umpqua",6469,425886,4849967,-0.687965129112048,-0.295610943516748,0.281457790778131,-0.705074422353525,-0.595337690671117,0.219304445994482,-1.32224886385311,0.58483432925994,-0.641474789228651,"three",425.886,4849.967,"2006","4"
"1900",4,"rear",933,2009,"Lower Umpqua",6469,425886,4849967,-0.687965129112048,-0.747185504047915,0.0817097840420431,-0.705074422353525,-0.263853091900464,0.219304445994482,-1.32224886385311,0.58483432925994,-0.641474789228651,"three",425.886,4849.967,"2009","4"
"1901",4,"rear",696,2012,"Lower Umpqua",6469,425886,4849967,-0.687965129112048,0.500020425038166,-0.277836628082914,-0.705074422353525,0.858094780861745,0.219304445994482,-1.32224886385311,0.58483432925994,-0.641474789228651,"three",425.886,4849.967,"2012","4"
"1896",4,"rear",515,2015,"Lower Umpqua",6469,425886,4849955,-0.687965129112048,0.306488470524808,0.680953804250306,-0.705074422353525,-0.875824658861669,0.219304445994482,-1.32224886385311,0.58483432925994,-0.641474789228651,"three",425.886,4849.955,"2015","4"
"1897",4,"rear",334,2018,"Lower Umpqua",6469,425886,4849955,-0.687965129112048,0.0484458645069986,0.241508189430913,-0.705074422353525,-0.561339270284383,0.219304445994482,-1.32224886385311,0.58483432925994,-0.641474789228651,"three",425.886,4849.955,"2018","4"
"1895",4,"rear",159,2021,"Lower Umpqua",6469,425886,4849967,-0.687965129112048,0.241977819020356,-0.118038222694044,-0.705074422353525,0.985588857311996,0.219304445994482,-1.32224886385311,0.58483432925994,-0.641474789228651,"three",425.886,4849.967,"2021","4"
"1493",3,"rear",0,2017,"Lower Umpqua",6472,425086,4852072,-0.847326336733403,-0.209596741510811,-0.477584634819001,-0.657453798280997,0.985588857311996,-0.404339723050823,-0.357541380247188,1.26515181431742,-0.611812233892527,"nine",425.086,4852.072,"2017","3"
"3244",5,"rear",907,2003,"Lower Umpqua",6474,423737,4853493,-0.687965129112048,0.650545278548555,0.561105000208653,-0.789654336751,0.492611761704359,-0.493431747200153,0.309746404855723,-0.435641898326282,-0.575030665275732,"once",423.737,4853.493,"2003","5"
"1341",4,"rear",1102,2011,"Lower Umpqua",6481,425641,4854820,-0.735773491398455,0.414006223032229,-0.717282242902307,-0.624759041455083,1.11308293376225,-0.0925176385281708,0.801632829303012,0.58483432925994,-0.556046629860613,"three",425.641,4854.82,"2011","4"
"1342",4,"rear",338,2014,"Lower Umpqua",6481,425641,4854820,-0.735773491398455,-0.833199706053851,0.161608986736478,-0.624759041455083,0.390616500544158,-0.0925176385281708,0.801632829303012,0.58483432925994,-0.556046629860613,"three",425.641,4854.82,"2014","4"
"1344",4,"rear",355,2008,"Lower Umpqua",6501,430804,4856047,-0.687965129112048,-0.0590718880004221,-0.237887026735697,0.130063387873643,-0.20435585622368,-0.0925176385281708,0.988473409131827,0.244675586731199,-0.328238204879176,"three",430.804,4856.047,"2008","4"
"1345",4,"rear",546,2011,"Lower Umpqua",6501,430804,4856047,-0.687965129112048,0.500020425038166,-0.477584634819001,0.130063387873643,1.43606792743622,-0.0925176385281708,0.988473409131827,0.244675586731199,-0.328238204879176,"three",430.804,4856.047,"2011","4"
"1346",4,"rear",69,2014,"Lower Umpqua",6501,430804,4856047,-0.687965129112048,-0.725681953546431,0.601054601555871,0.130063387873643,0.603106627961243,-0.0925176385281708,0.988473409131827,0.244675586731199,-0.328238204879176,"three",430.804,4856.047,"2014","4"
"1343",4,"rear",854,2020,"Lower Umpqua",6501,430804,4856047,-0.687965129112048,0.0484458645069986,0.00181058134760843,0.130063387873643,-1.07131557608539,-0.0925176385281708,0.988473409131827,0.244675586731199,-0.328238204879176,"three",430.804,4856.047,"2020","4"
"3047",5,"rear",1695,2000,"Lower Umpqua",6506,434036,4858381,-0.353306593107203,-0.704178403044946,0.521155398861436,-0.782191403127694,0.0421326915801385,0.753856590890459,1.51086441804096,-0.775800640855023,-0.286710627408601,"once",434.036,4858.381,"2000","5"
"3048",5,"rear",2983,2000,"Lower Umpqua",6512,433052,4859442,-0.130200902437307,-0.704178403044946,0.601054601555871,-0.577493795174141,0.0421326915801385,0.842948615039788,1.12574403921014,-0.775800640855023,-0.280778116341376,"once",433.052,4859.442,"2000","5"
"1589",5,"rear",1182,2011,"Lower Umpqua",6513,433735,4863323,-0.209881506247984,0.822573682560428,-0.197937425388479,2.11875750958906,2.03104028420405,-0.671615795498811,0.954155751612249,-0.0954831557975414,-0.222639507882572,"nine",433.735,4863.323,"2011","5"
"3319",6,"rear",149,2005,"Lower Umpqua",6522,427211,4845328,-0.034584177864494,-0.532149999033073,0.361356993472565,-0.261918316245747,1.19807898472908,-0.0479716264535061,1.06473487028645,-1.11595938338376,-0.552487123220278,"once",427.211,4845.328,"2005","6"
"2462",3,"rear",17,2004,"Lower Umpqua",6539,429984,4852377,-0.89513469901981,0.0699494150084828,-0.0381390199996096,0.149964544202461,-0.374347958157348,-0.404339723050823,-0.914250046675902,1.9454692993749,-0.468245466065684,"three",429.984,4852.377,"2004","3"
"2463",3,"rear",7,2013,"Lower Umpqua",6539,429984,4852377,-0.89513469901981,-0.338618044519716,-0.0381390199996096,0.149964544202461,0.0761311119668721,-0.404339723050823,-0.914250046675902,1.9454692993749,-0.468245466065684,"three",429.984,4852.377,"2013","3"
"3049",4,"rear",463,2000,"Lower Umpqua",6541,430647,4852222,-0.608284525301371,-0.704178403044946,0.00181058134760843,0.0145656056081838,0.27162202919059,-0.582523771349482,-0.128756996783333,-0.435641898326282,-0.469431968279129,"once",430.647,4852.222,"2000","4"
"2664",4,"rear",797,2013,"Lower Umpqua",6543,431612,4853412,-0.719837370636319,-0.338618044519716,0.321407392125349,-0.559724905594839,0.0761311119668721,-0.537977759274818,-0.144009289014256,0.244675586731199,-0.443328919583339,"nine",431.612,4853.412,"2013","4"
"1648",4,"rear",826,2005,"Lower Umpqua",6557,434801,4852632,-0.560476163014965,-0.489142898030105,1.04050021637526,-0.786455936626726,1.01958727769873,0.531126530517135,-0.11731777761014,-0.775800640855023,-0.34366273365396,"nine",434.801,4852.632,"2005","4"
"1649",4,"rear",352,2005,"Lower Umpqua",6577,439000,4855375,-0.767645732922726,-0.532149999033073,-0.35773583077735,-0.5632786835107,0.713601494218127,-0.448885735125488,-0.155448508187449,0.244675586731199,-0.211960987961567,"nine",439,4855.375,"2005","4"
"3320",4,"rear",260,2005,"Lower Umpqua",6578,439364,4854545,-0.719837370636319,-0.532149999033073,-0.35773583077735,-0.5632786835107,0.713601494218127,-0.537977759274818,-0.155448508187449,0.244675586731199,-0.223826010096017,"once",439.364,4854.545,"2005","4"
"1650",5,"rear",285,2005,"Lower Umpqua",6579,439695,4854560,-0.146137023199442,-0.532149999033073,1.63974423658352,-0.740967579303714,0.713601494218127,0.531126530517135,0.33643791625984,-0.775800640855023,-0.219080001242237,"nine",439.695,4854.56,"2005","5"
"3321",5,"rear",285,2005,"Lower Umpqua",6580,439626,4854752,-0.146137023199442,-0.532149999033073,1.63974423658352,-0.740967579303714,0.713601494218127,1.55568480823442,0.33643791625984,-0.775800640855023,-0.216706996815347,"once",439.626,4854.752,"2005","5"
"3322",2,"rear",0,2005,"Lower Umpqua",6582,439038,4857523,-0.958879182068351,-0.381625145522684,-0.877080648291176,-0.457731479409649,1.0875841184722,-0.270701686826829,-0.433802841401806,-0.435641898326282,-0.166873903850658,"once",439.038,4857.523,"2005","2"
"1349",3,"rear",112,2008,"Lower Umpqua",6592,439663,4859615,-0.847326336733403,-0.0805754385019062,-0.877080648291176,-0.705074422353525,-0.161857830740263,-0.270701686826829,0.0771489483341371,0.244675586731199,-0.0826322466960641,"three",439.663,4859.615,"2008","3"
"1350",3,"rear",113,2011,"Lower Umpqua",6592,439663,4859615,-0.847326336733403,0.370999122029261,-1.35647586445779,-0.705074422353525,1.35957148156607,-0.270701686826829,0.0771489483341371,0.244675586731199,-0.0826322466960641,"three",439.663,4859.615,"2011","3"
"1351",3,"rear",268,2014,"Lower Umpqua",6592,439663,4859615,-0.847326336733403,-0.833199706053851,-0.317786229430132,-0.705074422353525,0.560608602477826,-0.270701686826829,0.0771489483341371,0.244675586731199,-0.0826322466960641,"three",439.663,4859.615,"2014","3"
"1348",3,"rear",211,2017,"Lower Umpqua",6592,439664,4859616,-0.847326336733403,0.0484458645069986,-0.677332641555089,-0.705074422353525,-1.07131557608539,-0.270701686826829,0.0771489483341371,0.244675586731199,-0.0826322466960641,"three",439.664,4859.616,"2017","3"
"1347",3,"rear",260,2020,"Lower Umpqua",6592,439663,4859615,-0.847326336733403,0.0484458645069986,-0.797181445596741,-0.705074422353525,-1.07131557608539,-0.270701686826829,0.0771489483341371,0.244675586731199,-0.0826322466960641,"three",439.663,4859.615,"2020","3"
"3050",3,"rear",364,2000,"Lower Umpqua",6594,439896,4859330,-0.815454095209132,-0.61816420103901,-1.1567278577217,-0.705074422353525,-0.0938609899667959,-0.270701686826829,0.0771489483341371,0.244675586731199,-0.086191753336399,"once",439.896,4859.33,"2000","3"
"2143",3,"rear",499,2012,"Lower Umpqua",6598,442030,4857326,-0.592348404539236,0.607538177545586,-1.23662706041613,-0.714669622726348,0.67110346873471,0.531126530517135,0.374568646837149,0.58483432925994,-0.115854308672524,"nine",442.03,4857.326,"2012","3"
"2142",3,"rear",418,2021,"Lower Umpqua",6598,442030,4857326,-0.592348404539236,-0.532149999033073,0.281457790778131,-0.714669622726348,-0.187356646030313,0.531126530517135,0.374568646837149,0.58483432925994,-0.115854308672524,"nine",442.03,4857.326,"2021","3"
"1651",3,"rear",272,2005,"Lower Umpqua",6600,441784,4858432,-0.640156766825642,-0.381625145522684,-0.557483837513437,-0.714669622726348,1.0875841184722,-0.00342561437884133,0.374568646837149,0.58483432925994,-0.101616282111184,"nine",441.784,4858.432,"2005","3"
"3245",3,"rear",216,2003,"Lower Umpqua",6601,440784,4859923,-0.735773491398455,0.220474268518872,-0.35773583077735,-0.714669622726348,0.756099519701544,-2.05254216981342,0.374568646837149,0.58483432925994,-0.0778862378422843,"once",440.784,4859.923,"2003","3"
"1904",4,"rear",1768,2009,"Lower Umpqua",6603,443612,4858904,-0.528603921490694,-0.532149999033073,0.720903405597524,-0.311671207067791,-0.187356646030313,1.02113266333845,0.881707363515361,-0.775800640855023,-0.0683942201347243,"three",443.612,4858.904,"2009","4"
"1905",4,"rear",722,2012,"Lower Umpqua",6603,443612,4858904,-0.528603921490694,0.822573682560428,-0.118038222694044,-0.311671207067791,0.756099519701544,1.02113266333845,0.881707363515361,-0.775800640855023,-0.0683942201347243,"three",443.612,4858.904,"2012","4"
"1902",4,"rear",416,2015,"Lower Umpqua",6603,443616,4858879,-0.528603921490694,-0.3601215950212,1.08044981772248,-0.311671207067791,0.399116105640841,1.02113266333845,0.881707363515361,-0.775800640855023,-0.0683942201347243,"three",443.616,4858.879,"2015","4"
"1903",4,"rear",780,2018,"Lower Umpqua",6603,443616,4858879,-0.528603921490694,0.500020425038166,0.76085300694474,-0.311671207067791,-1.15631162705222,1.02113266333845,0.881707363515361,-0.775800640855023,-0.0683942201347243,"three",443.616,4858.879,"2018","4"
"1906",4,"rear",597,2021,"Lower Umpqua",6603,443612,4858904,-0.528603921490694,-0.532149999033073,0.281457790778131,-0.311671207067791,-0.187356646030313,1.02113266333845,0.881707363515361,-0.775800640855023,-0.0683942201347243,"three",443.612,4858.904,"2021","4"
"3051",4,"rear",840,2000,"Lower Umpqua",6610,440348,4847136,-0.544540042252829,-0.682674852543462,0.0417601826948251,-0.198661069343434,-0.000365333903278495,1.42204677201043,-0.609204202057428,-0.435641898326282,-0.232131525590132,"once",440.348,4847.136,"2000","4"
"1652",4,"rear",521,2005,"Lower Umpqua",6611,439847,4847818,-0.512667800728558,-0.575157100036041,0.76085300694474,-0.198661069343434,0.883593596151796,-0.226155674752164,-0.609204202057428,-0.435641898326282,-0.243996547724582,"nine",439.847,4847.818,"2005","4"
"2466",3,"rear",0,2001,"Lower Umpqua",6614,439500,4850856,-0.847326336733403,-1.02673166056721,-0.277836628082914,-0.457731479409649,0.101629927256922,-1.16162192832012,-0.269840699919377,0.924993071788681,-0.253488565432142,"three",439.5,4850.856,"2001","3"
"2467",3,"rear",15,2004,"Lower Umpqua",6614,439500,4850856,-0.847326336733403,0.112956516011451,0.641004202903087,-0.457731479409649,-0.450844404027499,-1.16162192832012,-0.269840699919377,0.924993071788681,-0.253488565432142,"three",439.5,4850.856,"2004","3"
"2468",3,"rear",0,2007,"Lower Umpqua",6614,439500,4850856,-0.847326336733403,-0.145086090006359,0.521155398861436,-0.457731479409649,-0.765329792604785,-1.16162192832012,-0.269840699919377,0.924993071788681,-0.253488565432142,"three",439.5,4850.856,"2007","3"
"2469",3,"rear",2,2010,"Lower Umpqua",6614,439500,4850856,-0.847326336733403,-0.467639347528621,-0.0780886213468263,-0.457731479409649,1.37657069175943,-1.16162192832012,-0.269840699919377,0.924993071788681,-0.253488565432142,"three",439.5,4850.856,"2010","3"
"2470",3,"rear",0,2013,"Lower Umpqua",6614,439500,4850856,-0.847326336733403,-0.467639347528621,0.641004202903087,-0.457731479409649,-0.0598625695800623,-1.16162192832012,-0.269840699919377,0.924993071788681,-0.253488565432142,"three",439.5,4850.856,"2013","3"
"2465",3,"rear",2,2016,"Lower Umpqua",6614,439500,4850856,-0.847326336733403,0.500020425038166,-0.197937425388479,-0.457731479409649,-1.15631162705222,-1.16162192832012,-0.269840699919377,0.924993071788681,-0.253488565432142,"three",439.5,4850.856,"2016","3"
"2464",3,"rear",0,2019,"Lower Umpqua",6614,439500,4850856,-0.847326336733403,-0.854703256555335,-0.157987824041262,-0.457731479409649,-0.144858620546896,-1.16162192832012,-0.269840699919377,0.924993071788681,-0.253488565432142,"three",439.5,4850.856,"2019","3"
"2473",5,"rear",650,2004,"Lower Umpqua",6628,446636,4853162,-0.305498230820797,0.177467167515903,1.40004662850022,-0.551195838596775,-0.884324263958353,1.55568480823442,-0.90662390056044,-0.775800640855023,-0.106362290964964,"three",446.636,4853.162,"2004","5"
"2474",5,"rear",476,2010,"Lower Umpqua",6628,446636,4853162,-0.305498230820797,-0.98372455956424,0.641004202903087,-0.551195838596775,0.0591319017735053,1.55568480823442,-0.90662390056044,-0.775800640855023,-0.106362290964964,"three",446.636,4853.162,"2010","5"
"2475",5,"rear",237,2013,"Lower Umpqua",6628,446636,4853162,-0.305498230820797,-0.897710357558304,1.24024822311135,-0.551195838596775,-0.714332162024684,1.55568480823442,-0.90662390056044,-0.775800640855023,-0.106362290964964,"three",446.636,4853.162,"2013","5"
"2472",5,"rear",163,2016,"Lower Umpqua",6628,446637,4853163,-0.305498230820797,-0.188093191009327,0.521155398861436,-0.551195838596775,-1.24130767801906,1.55568480823442,-0.90662390056044,-0.775800640855023,-0.106362290964964,"three",446.637,4853.163,"2016","5"
"2471",5,"rear",90,2019,"Lower Umpqua",6628,446636,4853162,-0.305498230820797,-0.854703256555335,0.641004202903087,-0.551195838596775,-0.144858620546896,1.55568480823442,-0.90662390056044,-0.775800640855023,-0.106362290964964,"three",446.636,4853.162,"2019","5"
"2784",4,"rear",28,1999,"Lower Umpqua",6639,453269,4853439,-0.735773491398455,0.241977819020356,-0.83713104694396,-0.624048285871911,-0.671834136541267,0.0411203976958234,-1.11252984567791,-0.0954831557975414,0.00279591267197475,"once",453.269,4853.439,"1999","4"
"893",5,"rear",974,2012,"Lower Umpqua",6647,446143,4854180,-0.321434351582932,0.500020425038166,-0.397685432124567,-0.730306245556133,-0.357348747963981,1.68932284445842,-0.544381960076003,-0.775800640855023,-0.102802784324629,"annual",446.143,4854.18,"2012","5"
"894",5,"rear",567,2013,"Lower Umpqua",6647,446143,4854180,-0.321434351582932,-0.897710357558304,0.241508189430913,-0.730306245556133,-0.714332162024684,1.68932284445842,-0.544381960076003,-0.775800640855023,-0.102802784324629,"annual",446.143,4854.18,"2013","5"
"895",5,"rear",1091,2014,"Lower Umpqua",6647,446143,4854180,-0.321434351582932,-1.13424941307463,0.441256196167,-0.730306245556133,-0.561339270284383,1.68932284445842,-0.544381960076003,-0.775800640855023,-0.102802784324629,"annual",446.143,4854.18,"2014","5"
"889",5,"rear",2057,2015,"Lower Umpqua",6647,446129,4854192,-0.321434351582932,-0.424632246525653,0.641004202903087,-0.730306245556133,-1.41979938504941,1.68932284445842,-0.544381960076003,-0.775800640855023,-0.102802784324629,"annual",446.129,4854.192,"2015","5"
"890",5,"rear",923,2016,"Lower Umpqua",6647,446129,4854192,-0.321434351582932,-0.188093191009327,-0.317786229430132,-0.730306245556133,-1.24130767801906,1.68932284445842,-0.544381960076003,-0.775800640855023,-0.102802784324629,"annual",446.129,4854.192,"2016","5"
"891",5,"rear",825,2017,"Lower Umpqua",6647,446129,4854192,-0.321434351582932,-0.854703256555335,0.0817097840420431,-0.730306245556133,-0.144858620546896,1.68932284445842,-0.544381960076003,-0.775800640855023,-0.102802784324629,"annual",446.129,4854.192,"2017","5"
"892",5,"rear",482,2018,"Lower Umpqua",6647,446129,4854192,-0.321434351582932,-0.854703256555335,0.441256196167,-0.730306245556133,-0.816327423184885,1.68932284445842,-0.544381960076003,-0.775800640855023,-0.102802784324629,"annual",446.129,4854.192,"2018","5"
"886",5,"rear",1130,2019,"Lower Umpqua",6647,446143,4854180,-0.321434351582932,-0.854703256555335,-0.237887026735697,-0.730306245556133,-0.144858620546896,1.68932284445842,-0.544381960076003,-0.775800640855023,-0.102802784324629,"annual",446.143,4854.18,"2019","5"
"887",5,"rear",646,2020,"Lower Umpqua",6647,446143,4854180,-0.321434351582932,-0.854703256555335,0.00181058134760843,-0.730306245556133,-0.144858620546896,1.68932284445842,-0.544381960076003,-0.775800640855023,-0.102802784324629,"annual",446.143,4854.18,"2020","5"
"888",5,"rear",555,2021,"Lower Umpqua",6647,446143,4854180,-0.321434351582932,-0.725681953546431,0.00181058134760843,-0.730306245556133,-0.15335822564358,1.68932284445842,-0.544381960076003,-0.775800640855023,-0.102802784324629,"annual",446.143,4854.18,"2021","5"
"903",3,"rear",162,2011,"Lower Umpqua",6673,447938,4848388,-0.799517974446997,-0.725681953546431,-1.11677825637448,-0.625469797038255,-0.0938609899667959,-0.805253831722806,-1.1849782337748,0.924993071788681,0.0134744325929795,"annual",447.938,4848.388,"2011","3"
"904",3,"rear",174,2012,"Lower Umpqua",6673,447938,4848388,-0.799517974446997,0.457013324035197,-0.757231844249525,-0.625469797038255,-0.297851512287198,-0.805253831722806,-1.1849782337748,0.924993071788681,0.0134744325929795,"annual",447.938,4848.388,"2012","3"
"905",3,"rear",213,2013,"Lower Umpqua",6673,447938,4848388,-0.799517974446997,-0.811696155552367,-0.0381390199996096,-0.625469797038255,-0.637835716154534,-0.805253831722806,-1.1849782337748,0.924993071788681,0.0134744325929795,"annual",447.938,4848.388,"2013","3"
"906",3,"rear",108,2014,"Lower Umpqua",6673,447938,4848388,-0.799517974446997,-1.09124231207166,0.0817097840420431,-0.625469797038255,-0.586838085574433,-0.805253831722806,-1.1849782337748,0.924993071788681,0.0134744325929795,"annual",447.938,4848.388,"2014","3"
"899",3,"rear",51,2015,"Lower Umpqua",6673,447951,4848451,-0.799517974446997,-0.446135797027137,0.361356993472565,-0.625469797038255,-1.44529820033946,-0.805253831722806,-1.1849782337748,0.924993071788681,0.0134744325929795,"annual",447.951,4848.451,"2015","3"
"900",3,"rear",43,2016,"Lower Umpqua",6673,447951,4848451,-0.799517974446997,-0.188093191009327,-0.597433438860654,-0.625469797038255,-1.23280807292237,-0.805253831722806,-1.1849782337748,0.924993071788681,0.0134744325929795,"annual",447.951,4848.451,"2016","3"
"901",3,"rear",98,2017,"Lower Umpqua",6673,447951,4848451,-0.799517974446997,-0.87620680705682,-0.237887026735697,-0.625469797038255,-0.12785941035353,-0.805253831722806,-1.1849782337748,0.924993071788681,0.0134744325929795,"annual",447.951,4848.451,"2017","3"
"902",3,"rear",216,2018,"Lower Umpqua",6673,447951,4848451,-0.799517974446997,-0.87620680705682,0.0817097840420431,-0.625469797038255,-0.858825448668302,-0.805253831722806,-1.1849782337748,0.924993071788681,0.0134744325929795,"annual",447.951,4848.451,"2018","3"
"896",3,"rear",173,2019,"Lower Umpqua",6673,447938,4848388,-0.799517974446997,-0.87620680705682,-0.597433438860654,-0.625469797038255,-0.12785941035353,-0.805253831722806,-1.1849782337748,0.924993071788681,0.0134744325929795,"annual",447.938,4848.388,"2019","3"
"897",3,"rear",86,2020,"Lower Umpqua",6673,447938,4848388,-0.799517974446997,-0.87620680705682,-0.397685432124567,-0.625469797038255,-0.12785941035353,-0.805253831722806,-1.1849782337748,0.924993071788681,0.0134744325929795,"annual",447.938,4848.388,"2020","3"
"898",3,"rear",58,2021,"Lower Umpqua",6673,447938,4848388,-0.799517974446997,-0.725681953546431,-0.397685432124567,-0.625469797038255,-0.0938609899667959,-0.805253831722806,-1.1849782337748,0.924993071788681,0.0134744325929795,"annual",447.938,4848.388,"2021","3"
"3323",4,"rear",423,2005,"Lower Umpqua",6680,445789,4846900,-0.719837370636319,-0.725681953546431,0.121659385389261,-0.319489518482684,0.747599914604861,-0.894345855872135,-0.90662390056044,0.244675586731199,0.0811050587593436,"once",445.789,4846.9,"2005","4"
"1495",5,"rear",873,2008,"Lower Umpqua",6690,445381,4843733,-0.5764122837771,-0.510646448531589,0.0817097840420431,-0.638618775326938,-0.518841244800966,0.709310578815794,-0.468120498921384,-0.775800640855023,0.111954116308913,"nine",445.381,4843.733,"2008","5"
"1494",5,"rear",1113,2017,"Lower Umpqua",6690,445381,4843733,-0.5764122837771,-0.87620680705682,0.361356993472565,-0.638618775326938,-0.12785941035353,0.709310578815794,-0.468120498921384,-0.775800640855023,0.111954116308913,"nine",445.381,4843.733,"2017","5"
"1653",3,"rear",50,2005,"Lower Umpqua",6695,447728,4846064,-0.783581853684861,-0.897710357558304,0.201558588083696,-0.351473519725426,0.110129532353606,-1.07252990417079,-1.06295989592741,-0.0954831557975414,0.0609345211307788,"nine",447.728,4846.064,"2005","3"
"2585",3,"rear",61,2010,"Lower Umpqua",6712,452905,4847719,-0.783581853684861,-0.87620680705682,-0.956979850985612,0.579971672021556,0.399116105640841,-0.9388918679468,-0.735035612962549,1.26515181431742,0.212806804451737,"nine",452.905,4847.719,"2010","3"
"2584",3,"rear",128,2019,"Lower Umpqua",6712,452905,4847719,-0.783581853684861,0.220474268518872,-0.996929452332829,0.579971672021556,1.43606792743622,-0.9388918679468,-0.735035612962549,1.26515181431742,0.212806804451737,"nine",452.905,4847.719,"2019","3"
"3285",4,"rear",1303,2004,"Lower Umpqua",6732,459110,4850887,-0.544540042252829,0.414006223032229,0.800802608291958,-0.643594064409142,-0.782329002798152,0.932040639189117,0.450830107991767,-0.775800640855023,0.452480251567624,"once",459.11,4850.887,"2004","4"
"1591",4,"rear",644,2002,"Lower Umpqua",6741,460547,4850619,-0.512667800728558,-1.15575296357611,-0.0780886213468263,-0.654610775948309,-0.901323474151719,1.73386885653308,-0.266027626861646,-0.775800640855023,0.463158771488628,"nine",460.547,4850.619,"2002","4"
"1592",4,"rear",409,2011,"Lower Umpqua",6741,460547,4850619,-0.512667800728558,-0.854703256555335,-1.07682865502726,-0.654610775948309,-0.187356646030313,1.73386885653308,-0.266027626861646,-0.775800640855023,0.463158771488628,"nine",460.547,4850.619,"2011","4"
"1590",4,"rear",310,2020,"Lower Umpqua",6741,460547,4850619,-0.512667800728558,-0.87620680705682,-0.397685432124567,-0.654610775948309,-0.12785941035353,1.73386885653308,-0.266027626861646,-0.775800640855023,0.463158771488628,"nine",460.547,4850.619,"2020","4"
"1593",4,"rear",269,2002,"Lower Umpqua",6744,461937,4852530,-0.640156766825642,-1.15575296357611,-0.0780886213468263,-0.654610775948309,-0.901323474151719,1.3329547478611,-0.266027626861646,-0.775800640855023,0.492821326824753,"nine",461.937,4852.53,"2002","4"
"2785",4,"rear",329,1999,"Lower Umpqua",6757,462570,4846904,-0.385178834631474,0.0699494150084828,0.241508189430913,-0.653544642573551,-0.833326633378252,1.77841486860775,0.671988345340161,-0.775800640855023,0.539094913149107,"once",462.57,4846.904,"1999","4"
"2747",4,"rear",200,2007,"Lower Umpqua",6762,467427,4843153,-0.640156766825642,-0.596660650537526,0.561105000208653,-0.726752467640273,-0.756830187508101,0.709310578815794,0.572848445839157,-0.775800640855023,0.623336570303701,"nine",467.427,4843.153,"2007","4"
"2746",4,"rear",175,2016,"Lower Umpqua",6762,467427,4843154,-0.640156766825642,-0.295610943516748,-0.277836628082914,-0.726752467640273,1.41906871724285,0.709310578815794,0.572848445839157,-0.775800640855023,0.623336570303701,"nine",467.427,4843.154,"2016","4"
"2211",4,"rear",502,2006,"Lower Umpqua",6763,466616,4843455,-0.592348404539236,-0.381625145522684,0.641004202903087,-0.726752467640273,-0.739830977314735,0.48658051844247,0.572848445839157,-0.775800640855023,0.611471548169251,"nine",466.616,4843.455,"2006","4"
"2210",4,"rear",719,2015,"Lower Umpqua",6763,466633,4843437,-0.592348404539236,-0.919213908059788,0.880701810986393,-0.726752467640273,-0.875824658861669,0.48658051844247,0.572848445839157,-0.775800640855023,0.611471548169251,"nine",466.633,4843.437,"2015","4"
"2213",3,"rear",187,2006,"Lower Umpqua",6764,464632,4848721,-0.75170961216059,-0.424632246525653,-0.157987824041262,-0.714669622726348,-0.663334531444584,-0.760707819648141,-1.1239690648511,0.244675586731199,0.566384464058342,"nine",464.632,4848.721,"2006","3"
"2212",3,"rear",53,2015,"Lower Umpqua",6764,464632,4848721,-0.75170961216059,-0.704178403044946,0.00181058134760843,-0.714669622726348,-1.33480333408257,-0.760707819648141,-1.1239690648511,0.244675586731199,0.566384464058342,"nine",464.632,4848.721,"2015","3"
"1497",3,"rear",144,2008,"Lower Umpqua",6765,464773,4849339,-0.799517974446997,-0.768689054549399,-0.557483837513437,-0.714669622726348,-1.1648112321489,-0.894345855872135,-1.1239690648511,0.244675586731199,0.573503477339012,"nine",464.773,4849.339,"2008","3"
"1496",3,"rear",6,2017,"Lower Umpqua",6765,464773,4849339,-0.799517974446997,-0.87620680705682,-0.517534236166219,-0.714669622726348,-0.12785941035353,-0.894345855872135,-1.1239690648511,0.244675586731199,0.573503477339012,"nine",464.773,4849.339,"2017","3"
"2786",5,"rear",0,1999,"Lower Umpqua",6781,469193,4847505,-0.337370472345068,0.0699494150084828,-0.83713104694396,-0.732083134514063,-0.833326633378252,1.68932284445842,-0.170700800418373,-1.11595938338376,0.647066614572601,"once",469.193,4847.505,"1999","5"
"2040",3,"rear",113,2009,"Lower Umpqua",6785,470015,4845996,-0.799517974446997,-0.747185504047915,0.121659385389261,-0.706140555728283,-0.773829397701468,-0.805253831722806,-1.10871677262018,-0.0954831557975414,0.67316966326839,"nine",470.015,4845.996,"2009","3"
"2039",3,"rear",32,2018,"Lower Umpqua",6785,470015,4845996,-0.799517974446997,-1.15575296357611,0.0417601826948251,-0.706140555728283,-0.773829397701468,-0.805253831722806,-1.10871677262018,-0.0954831557975414,0.67316966326839,"nine",470.015,4845.996,"2018","3"
"3286",3,"rear",109,2004,"Lower Umpqua",6786,468638,4845475,-0.92700694054408,-0.0160647869974538,0.0417601826948251,-0.706140555728283,-0.688833346734634,-0.404339723050823,-1.10871677262018,-0.0954831557975414,0.690967196470065,"once",468.638,4845.475,"2004","3"
"1909",4,"rear",678,2009,"Lower Umpqua",6791,471821,4845721,-0.544540042252829,-0.725681953546431,0.201558588083696,-0.718223400642208,-0.926822289441769,0.620218554666464,-0.163074654302911,-0.775800640855023,0.6945267031104,"three",471.821,4845.721,"2009","4"
"1910",4,"rear",132,2012,"Lower Umpqua",6791,471821,4845721,-0.544540042252829,0.284984920023324,-0.717282242902307,-0.718223400642208,-0.484842824414232,0.620218554666464,-0.163074654302911,-0.775800640855023,0.6945267031104,"three",471.821,4845.721,"2012","4"
"1908",4,"rear",616,2018,"Lower Umpqua",6791,471821,4845721,-0.544540042252829,-1.15575296357611,0.121659385389261,-0.718223400642208,-0.731331372218051,0.620218554666464,-0.163074654302911,-0.775800640855023,0.6945267031104,"three",471.821,4845.721,"2018","4"
"1907",4,"rear",153,2021,"Lower Umpqua",6791,471821,4845721,-0.544540042252829,-1.02673166056721,-0.397685432124567,-0.718223400642208,-0.119359805256846,0.620218554666464,-0.163074654302911,-0.775800640855023,0.6945267031104,"three",471.821,4845.721,"2021","4"
"3360",4,"rear",1025,2006,"Lower Umpqua",6810,419947,4833789,-0.496731679966423,-0.209596741510811,0.800802608291958,-0.292480806322145,-0.467843614220866,1.77841486860775,0.450830107991767,-1.11595938338376,-0.812331107964729,"once",419.947,4833.789,"2006","4"
"2586",4,"rear",920,2019,"Lower Umpqua",6817,424145,4838861,-0.672029008349913,0.220474268518872,1.00055061502805,-0.292480806322145,1.43606792743622,-0.270701686826829,1.54899514861827,0.58483432925994,-0.780295548201715,"nine",424.145,4838.861,"2019","4"
"1914",4,"rear",1428,2000,"Lower Umpqua",6831,425387,4834234,-0.5764122837771,-0.768689054549399,-0.677332641555089,-0.634709619619491,-0.442344798930816,0.48658051844247,1.12193096615241,-0.435641898326282,-0.776736041561379,"three",425.387,4834.234,"2000","4"
"1915",4,"rear",2168,2003,"Lower Umpqua",6831,425387,4834234,-0.5764122837771,0.951594985569333,-0.0780886213468263,-0.634709619619491,0.543609392284459,0.48658051844247,1.12193096615241,-0.435641898326282,-0.776736041561379,"three",425.387,4834.234,"2003","4"
"1916",4,"rear",1205,2006,"Lower Umpqua",6831,425387,4834234,-0.5764122837771,-0.231100292012295,-0.437635033471785,-0.634709619619491,-0.561339270284383,0.48658051844247,1.12193096615241,-0.435641898326282,-0.776736041561379,"three",425.387,4834.234,"2006","4"
"1917",4,"rear",482,2012,"Lower Umpqua",6831,425387,4834234,-0.5764122837771,0.88708433406488,-0.757231844249525,-0.634709619619491,1.41906871724285,0.48658051844247,1.12193096615241,-0.435641898326282,-0.776736041561379,"three",425.387,4834.234,"2012","4"
"1912",4,"rear",236,2015,"Lower Umpqua",6831,425387,4834234,-0.5764122837771,-0.0590718880004221,0.161608986736478,-0.634709619619491,-0.909823079248403,0.48658051844247,1.12193096615241,-0.435641898326282,-0.776736041561379,"three",425.387,4834.234,"2015","4"
"1913",4,"rear",584,2018,"Lower Umpqua",6831,425387,4834234,-0.5764122837771,-0.145086090006359,-0.397685432124567,-0.634709619619491,-0.510341639704283,0.48658051844247,1.12193096615241,-0.435641898326282,-0.776736041561379,"three",425.387,4834.234,"2018","4"
"1911",4,"rear",115,2021,"Lower Umpqua",6831,425387,4834234,-0.5764122837771,-0.553653549534557,-0.717282242902307,-0.634709619619491,0.288621239383957,0.48658051844247,1.12193096615241,-0.435641898326282,-0.776736041561379,"three",425.387,4834.234,"2021","4"
"2588",5,"rear",663,2010,"Lower Umpqua",6841,431838,4829588,0.0610325467083188,-0.596660650537526,0.840752209639175,1.02099551137982,1.61455963446657,-0.226155674752164,-0.0486824625709832,-0.775800640855023,-0.591641696263962,"nine",431.838,4829.588,"2010","5"
"2587",5,"rear",6,2019,"Lower Umpqua",6841,431838,4829588,0.0610325467083188,0.220474268518872,1.00055061502805,1.02099551137982,1.43606792743622,-0.226155674752164,-0.0486824625709832,-0.775800640855023,-0.591641696263962,"nine",431.838,4829.588,"2019","5"
"2749",5,"rear",24,2007,"Lower Umpqua",6846,433604,4829762,0.0450964259461834,0.0914529655099669,1.43999622984744,1.02099551137982,-0.680333741637951,-0.0479716264535061,-0.0486824625709832,-0.775800640855023,-0.554860127647168,"nine",433.604,4829.762,"2007","5"
"2748",5,"rear",1,2016,"Lower Umpqua",6846,433604,4829762,0.0450964259461834,-0.295610943516748,0.840752209639175,1.02099551137982,1.41906871724285,-0.0479716264535061,-0.0486824625709832,-0.775800640855023,-0.554860127647168,"nine",433.604,4829.762,"2016","5"
"1921",5,"rear",160,2000,"Lower Umpqua",6857,438362,4829827,-0.066456419388765,-0.553653549534557,0.441256196167,-0.371019298262658,-0.374347958157348,1.37750075993576,0.0466443638722898,-1.11595938338376,-0.470618470492574,"three",438.362,4829.827,"2000","5"
"1922",5,"rear",0,2006,"Lower Umpqua",6857,438362,4829827,-0.066456419388765,-0.231100292012295,1.43999622984744,-0.371019298262658,-0.790828607894835,1.37750075993576,0.0466443638722898,-1.11595938338376,-0.470618470492574,"three",438.362,4829.827,"2006","5"
"1923",5,"rear",2,2012,"Lower Umpqua",6857,438362,4829827,-0.066456419388765,0.155963617014419,0.641004202903087,-0.371019298262658,0.127128742546973,1.37750075993576,0.0466443638722898,-1.11595938338376,-0.470618470492574,"three",438.362,4829.827,"2012","5"
"1919",5,"rear",0,2015,"Lower Umpqua",6857,438362,4829827,-0.066456419388765,-0.231100292012295,2.11913945275014,-0.371019298262658,-1.24130767801906,1.37750075993576,0.0466443638722898,-1.11595938338376,-0.470618470492574,"three",438.362,4829.827,"2015","5"
"1920",5,"rear",0,2018,"Lower Umpqua",6857,438362,4829827,-0.066456419388765,-0.661171302041978,1.67969383793074,-0.371019298262658,-0.816327423184885,1.37750075993576,0.0466443638722898,-1.11595938338376,-0.470618470492574,"three",438.362,4829.827,"2018","5"
"1918",5,"rear",0,2021,"Lower Umpqua",6857,438362,4829827,-0.066456419388765,-0.553653549534557,-0.717282242902307,-0.371019298262658,0.288621239383957,1.37750075993576,0.0466443638722898,-1.11595938338376,-0.470618470492574,"three",438.362,4829.827,"2021","5"
"3324",6,"rear",0,2005,"Lower Umpqua",6870,431852,4828526,0.475371686523841,-0.209596741510811,0.641004202903087,-0.112304265988029,2.66851066645531,0.174758433919818,-0.338476014958533,-0.775800640855023,-0.586895687410182,"once",431.852,4828.526,"2005","6"
"3325",3,"rear",50,2005,"Lower Umpqua",6886,435699,4837120,-0.719837370636319,-0.3601215950212,0.321407392125349,0.0397974288107919,1.84404897207702,-0.9388918679468,0.202980359239257,3.30610426948987,-0.611812233892527,"once",435.699,4837.12,"2005","3"
"2477",4,"rear",40,2001,"Lower Umpqua",6887,435548,4836248,-0.624220646063506,-1.06973876157018,0.161608986736478,-0.439962589830347,0.0591319017735053,1.55568480823442,0.168662701719679,-0.0954831557975414,-0.623677256026977,"three",435.548,4836.248,"2001","4"
"2478",4,"rear",365,2004,"Lower Umpqua",6887,435548,4836248,-0.624220646063506,0.327992021026292,0.920651412333611,-0.439962589830347,-0.654834926347901,1.55568480823442,0.168662701719679,-0.0954831557975414,-0.623677256026977,"three",435.548,4836.248,"2004","4"
"2479",4,"rear",325,2007,"Lower Umpqua",6887,435548,4836248,-0.624220646063506,-0.231100292012295,0.800802608291958,-0.439962589830347,-0.901323474151719,1.55568480823442,0.168662701719679,-0.0954831557975414,-0.623677256026977,"three",435.548,4836.248,"2007","4"
"2476",4,"rear",95,2019,"Lower Umpqua",6887,435548,4836248,-0.624220646063506,0.220474268518872,0.401306594819783,-0.439962589830347,1.43606792743622,1.55568480823442,0.168662701719679,-0.0954831557975414,-0.623677256026977,"three",435.548,4836.248,"2019","4"
"3361",3,"rear",83,2006,"Lower Umpqua",6890,438377,4835136,-0.75170961216059,-0.252603842513779,0.121659385389261,-0.594196551378684,-0.722831767121368,-0.9388918679468,0.0809620213918681,1.60531055684616,-0.560792638714392,"once",438.377,4835.136,"2006","3"
"2482",5,"rear",1256,2001,"Lower Umpqua",6894,441265,4836699,-0.305498230820797,-1.24176716558205,0.641004202903087,-0.780414514169763,-0.637835716154534,1.73386885653308,0.618605322531928,-1.11595938338376,-0.515705554603483,"three",441.265,4836.699,"2001","5"
"2483",5,"rear",1055,2004,"Lower Umpqua",6894,441265,4836699,-0.305498230820797,0.392502672530745,1.47994583119466,-0.780414514169763,-0.782329002798152,1.73386885653308,0.618605322531928,-1.11595938338376,-0.515705554603483,"three",441.265,4836.699,"2004","5"
"2484",5,"rear",676,2010,"Lower Umpqua",6894,441265,4836699,-0.305498230820797,-0.919213908059788,0.840752209639175,-0.780414514169763,0.237623608803857,1.73386885653308,0.618605322531928,-1.11595938338376,-0.515705554603483,"three",441.265,4836.699,"2010","5"
"2485",5,"rear",448,2013,"Lower Umpqua",6894,441265,4836699,-0.305498230820797,-0.854703256555335,1.28019782445857,-0.780414514169763,-0.6038372957678,1.73386885653308,0.618605322531928,-1.11595938338376,-0.515705554603483,"three",441.265,4836.699,"2013","5"
"2481",5,"rear",250,2016,"Lower Umpqua",6894,441265,4836699,-0.305498230820797,-0.295610943516748,0.880701810986393,-0.780414514169763,-1.24980728311574,1.73386885653308,0.618605322531928,-1.11595938338376,-0.515705554603483,"three",441.265,4836.699,"2016","5"
"2480",5,"rear",863,2019,"Lower Umpqua",6894,441265,4836699,-0.305498230820797,0.220474268518872,0.960601013680828,-0.780414514169763,1.43606792743622,1.73386885653308,0.618605322531928,-1.11595938338376,-0.515705554603483,"three",441.265,4836.699,"2019","5"
"1654",4,"rear",0,2005,"Lower Umpqua",6903,446845,4839765,-0.767645732922726,-0.854703256555335,0.401306594819783,-0.779348380795005,-0.0088649389999619,-0.983437880021464,0.0390182177568279,-0.0954831557975414,-0.399428337685875,"nine",446.845,4839.765,"2005","4"
"1655",4,"rear",0,2014,"Lower Umpqua",6903,446845,4839765,-0.767645732922726,-1.06973876157018,0.680953804250306,-0.779348380795005,-0.773829397701468,-0.983437880021464,0.0390182177568279,-0.0954831557975414,-0.399428337685875,"nine",446.845,4839.765,"2014","4"
"2145",5,"rear",192,2012,"Lower Umpqua",6910,441996,4833427,-0.369242713869339,0.00543876350403035,0.201558588083696,0.0316237396043132,-0.425345588737449,1.3329547478611,-0.792231708828513,-0.775800640855023,-0.529943581164823,"nine",441.996,4833.427,"2012","5"
"2144",5,"rear",52,2021,"Lower Umpqua",6910,441996,4833427,-0.369242713869339,-1.26327071608353,0.720903405597524,0.0316237396043132,-0.799328212991518,1.3329547478611,-0.792231708828513,-0.775800640855023,-0.529943581164823,"nine",441.996,4833.427,"2021","5"
"3171",5,"rear",302,2001,"Lower Umpqua",6912,441384,4831714,-0.432987196917881,-1.26327071608353,0.201558588083696,0.0316237396043132,-0.799328212991518,1.11022468748778,-0.792231708828513,-0.775800640855023,-0.497908021401808,"once",441.384,4831.714,"2001","5"
"914",5,"rear",566,1999,"Lower Umpqua",6915,441992,4831340,-0.432987196917881,0.00543876350403035,-0.118038222694044,0.0316237396043132,-0.57833848047775,-0.0925176385281708,-0.792231708828513,-0.775800640855023,-0.489602505907693,"annual",441.992,4831.34,"1999","5"
"915",5,"rear",996,2000,"Lower Umpqua",6915,441992,4831340,-0.432987196917881,-0.725681953546431,0.0817097840420431,0.0316237396043132,-0.671834136541267,-0.0925176385281708,-0.792231708828513,-0.775800640855023,-0.489602505907693,"annual",441.992,4831.34,"2000","5"
"916",5,"rear",1068,2001,"Lower Umpqua",6915,441992,4831340,-0.432987196917881,-1.26327071608353,0.201558588083696,0.0316237396043132,-0.799328212991518,-0.0925176385281708,-0.792231708828513,-0.775800640855023,-0.489602505907693,"annual",441.992,4831.34,"2001","5"
"917",5,"rear",824,2002,"Lower Umpqua",6915,441992,4831340,-0.432987196917881,-1.11274586257315,0.601054601555871,0.0316237396043132,-0.986319525118553,-0.0925176385281708,-0.792231708828513,-0.775800640855023,-0.489602505907693,"annual",441.992,4831.34,"2002","5"
"918",5,"rear",921,2003,"Lower Umpqua",6915,441992,4831340,-0.432987196917881,0.284984920023324,1.08044981772248,0.0316237396043132,0.110129532353606,-0.0925176385281708,-0.792231708828513,-0.775800640855023,-0.489602505907693,"annual",441.992,4831.34,"2003","5"
"919",5,"rear",1078,2004,"Lower Umpqua",6915,441992,4831340,-0.432987196917881,0.414006223032229,1.08044981772248,0.0316237396043132,-0.765329792604785,-0.0925176385281708,-0.792231708828513,-0.775800640855023,-0.489602505907693,"annual",441.992,4831.34,"2004","5"
"920",5,"rear",531,2005,"Lower Umpqua",6915,441992,4831340,-0.432987196917881,-0.811696155552367,0.880701810986393,0.0316237396043132,0.178126373127073,-0.0925176385281708,-0.792231708828513,-0.775800640855023,-0.489602505907693,"annual",441.992,4831.34,"2005","5"
"921",5,"rear",463,2006,"Lower Umpqua",6915,441992,4831340,-0.432987196917881,-0.209596741510811,0.920651412333611,0.0316237396043132,-0.816327423184885,-0.0925176385281708,-0.792231708828513,-0.775800640855023,-0.489602505907693,"annual",441.992,4831.34,"2006","5"
"922",5,"rear",480,2007,"Lower Umpqua",6915,441992,4831340,-0.432987196917881,-0.489142898030105,0.880701810986393,0.0316237396043132,-1.1138136015688,-0.0925176385281708,-0.792231708828513,-0.775800640855023,-0.489602505907693,"annual",441.992,4831.34,"2007","5"
"923",5,"rear",628,2008,"Lower Umpqua",6915,441992,4831340,-0.432987196917881,-0.532149999033073,0.441256196167,0.0316237396043132,-1.0118183404086,-0.0925176385281708,-0.792231708828513,-0.775800640855023,-0.489602505907693,"annual",441.992,4831.34,"2008","5"
"924",5,"rear",1282,2009,"Lower Umpqua",6915,441992,4831340,-0.432987196917881,-0.87620680705682,1.08044981772248,0.0316237396043132,-0.586838085574433,-0.0925176385281708,-0.792231708828513,-0.775800640855023,-0.489602505907693,"annual",441.992,4831.34,"2009","5"
"925",5,"rear",616,2010,"Lower Umpqua",6915,441992,4831340,-0.432987196917881,-1.00522811006572,0.481205797514218,0.0316237396043132,0.212124793513807,-0.0925176385281708,-0.792231708828513,-0.775800640855023,-0.489602505907693,"annual",441.992,4831.34,"2010","5"
"926",5,"rear",861,2011,"Lower Umpqua",6915,441992,4831340,-0.432987196917881,-0.811696155552367,-0.197937425388479,0.0316237396043132,-0.12785941035353,-0.0925176385281708,-0.792231708828513,-0.775800640855023,-0.489602505907693,"annual",441.992,4831.34,"2011","5"
"927",5,"rear",383,2012,"Lower Umpqua",6915,441992,4831340,-0.432987196917881,0.00543876350403035,0.201558588083696,0.0316237396043132,-0.425345588737449,-0.0925176385281708,-0.792231708828513,-0.775800640855023,-0.489602505907693,"annual",441.992,4831.34,"2012","5"
"928",5,"rear",422,2013,"Lower Umpqua",6915,441992,4831340,-0.432987196917881,-0.87620680705682,0.880701810986393,0.0316237396043132,-0.722831767121368,-0.0925176385281708,-0.792231708828513,-0.775800640855023,-0.489602505907693,"annual",441.992,4831.34,"2013","5"
"929",5,"rear",774,2014,"Lower Umpqua",6915,441992,4831340,-0.432987196917881,-1.04823521106869,1.1203994190697,0.0316237396043132,-0.680333741637951,-0.0925176385281708,-0.792231708828513,-0.775800640855023,-0.489602505907693,"annual",441.992,4831.34,"2014","5"
"910",5,"rear",769,2015,"Lower Umpqua",6915,441992,4831340,-0.432987196917881,-0.940717458561272,1.43999622984744,0.0316237396043132,-1.0118183404086,-0.0925176385281708,-0.792231708828513,-0.775800640855023,-0.489602505907693,"annual",441.992,4831.34,"2015","5"
"911",5,"rear",263,2016,"Lower Umpqua",6915,441992,4831340,-0.432987196917881,-0.295610943516748,0.521155398861436,0.0316237396043132,-1.24980728311574,-0.0925176385281708,-0.792231708828513,-0.775800640855023,-0.489602505907693,"annual",441.992,4831.34,"2016","5"
"912",5,"rear",327,2017,"Lower Umpqua",6915,441992,4831340,-0.432987196917881,-0.403128696024168,0.800802608291958,0.0316237396043132,-1.35180254427594,-0.0925176385281708,-0.792231708828513,-0.775800640855023,-0.489602505907693,"annual",441.992,4831.34,"2017","5"
"913",5,"rear",518,2018,"Lower Umpqua",6915,441992,4831340,-0.432987196917881,-0.295610943516748,1.16034902041692,0.0316237396043132,-1.24980728311574,-0.0925176385281708,-0.792231708828513,-0.775800640855023,-0.489602505907693,"annual",441.992,4831.34,"2018","5"
"907",5,"rear",523,2019,"Lower Umpqua",6915,441992,4831340,-0.432987196917881,0.220474268518872,0.521155398861436,0.0316237396043132,1.43606792743622,-0.0925176385281708,-0.792231708828513,-0.775800640855023,-0.489602505907693,"annual",441.992,4831.34,"2019","5"
"908",5,"rear",471,2020,"Lower Umpqua",6915,441992,4831340,-0.432987196917881,-1.26327071608353,0.720903405597524,0.0316237396043132,-0.799328212991518,-0.0925176385281708,-0.792231708828513,-0.775800640855023,-0.489602505907693,"annual",441.992,4831.34,"2020","5"
"909",5,"rear",204,2021,"Lower Umpqua",6915,441992,4831340,-0.432987196917881,-1.26327071608353,0.720903405597524,0.0316237396043132,-0.799328212991518,-0.0925176385281708,-0.792231708828513,-0.775800640855023,-0.489602505907693,"annual",441.992,4831.34,"2021","5"
"1353",4,"rear",0,2008,"Lower Umpqua",6919,443248,4833373,-0.703901249874184,-0.532149999033073,0.281457790778131,1.20223818508869,-1.0118183404086,-0.627069783424147,-0.761727124366665,0.58483432925994,-0.515705554603483,"three",443.248,4833.373,"2008","4"
"1354",4,"rear",75,2011,"Lower Umpqua",6919,443248,4833373,-0.703901249874184,-0.811696155552367,-0.35773583077735,1.20223818508869,-0.12785941035353,-0.627069783424147,-0.761727124366665,0.58483432925994,-0.515705554603483,"three",443.248,4833.373,"2011","4"
"1355",4,"rear",100,2014,"Lower Umpqua",6919,443248,4833373,-0.703901249874184,-1.04823521106869,0.960601013680828,1.20223818508869,-0.680333741637951,-0.627069783424147,-0.761727124366665,0.58483432925994,-0.515705554603483,"three",443.248,4833.373,"2014","4"
"1352",4,"rear",54,2017,"Lower Umpqua",6919,443247,4833374,-0.703901249874184,-0.403128696024168,0.641004202903087,1.20223818508869,-1.35180254427594,-0.627069783424147,-0.761727124366665,0.58483432925994,-0.515705554603483,"three",443.247,4833.374,"2017","4"
"1594",4,"rear",464,2002,"Lower Umpqua",6929,450346,4835313,-0.464859438442152,-1.19876006457908,0.361356993472565,0.420762421391015,-1.24980728311574,0.887494627114453,-0.11731777761014,-0.775800640855023,-0.397055333258985,"nine",450.346,4835.313,"2002","4"
"3326",3,"rear",22,2005,"Lower Umpqua",6938,449266,4837106,-0.767645732922726,-0.87620680705682,0.361356993472565,0.618707851304433,-0.12785941035353,-1.51799002491744,-0.998137653945982,0.58483432925994,-0.387563315551425,"once",449.266,4837.106,"2005","3"
"3052",4,"rear",256,2000,"Lower Umpqua",6942,449156,4839300,-0.815454095209132,-0.725681953546431,-0.83713104694396,-0.0963122653666573,-0.671834136541267,-2.05254216981342,-0.273653772977107,0.58483432925994,-0.354341253574965,"once",449.156,4839.3,"2000","4"
"3287",6,"rear",1359,2004,"Middle Umpqua",6963,459457,4837522,-0.130200902437307,0.198970718017388,1.08044981772248,-0.774373091712801,-0.824827028281569,1.28840873578643,-0.391859037766766,-1.11595938338376,-0.0743267312019492,"once",459.457,4837.522,"2004","6"
"2787",6,"rear",86,1999,"Middle Umpqua",6964,458678,4836592,-0.114264781675171,-0.0375683374989379,-0.157987824041262,-0.774373091712801,-1.10531399647212,0.709310578815794,-0.391859037766766,-1.11595938338376,-0.093310766617069,"once",458.678,4836.592,"1999","6"
"2147",5,"rear",651,2012,"Middle Umpqua",6987,460952,4833684,-0.130200902437307,0.112956516011451,1.24024822311135,-0.510682770355967,-0.739830977314735,0.0856664097704881,-0.212644604053413,-0.775800640855023,-0.01974762938348,"nine",460.952,4833.684,"2012","5"
"3288",4,"rear",866,2004,"Middle Umpqua",7005,462767,4828121,-0.624220646063506,0.155963617014419,1.16034902041692,-0.643238686617556,-0.799328212991518,-0.00342561437884133,0.13053197114237,0.244675586731199,0.0858510676131236,"once",462.767,4828.121,"2004","4"
"1597",4,"rear",346,2002,"Middle Umpqua",7026,465081,4835019,-0.528603921490694,-1.15575296357611,1.1203994190697,-0.403358677296986,-1.0118183404086,0.842948615039788,-0.643521859577007,-0.435641898326282,0.0300854635812093,"nine",465.081,4835.019,"2002","4"
"2214",4,"rear",365,2015,"Middle Umpqua",7043,471559,4838807,-0.496731679966423,-0.575157100036041,2.51863546622231,-0.472657346656262,-1.49629583091956,1.37750075993576,0.473708546338153,-0.775800640855023,0.177211738048387,"nine",471.559,4838.807,"2015","4"
"1501",3,"rear",0,2017,"Middle Umpqua",7057,476567,4836452,-0.75170961216059,-1.28477426658502,0.481205797514218,-0.105552087947894,-0.782329002798152,-0.582523771349482,-0.891371608329516,0.244675586731199,0.240096355360971,"nine",476.567,4836.452,"2017","3"
"939",5,"rear",63,2012,"Middle Umpqua",7063,477464,4838552,-0.241753747772255,0.370999122029261,0.521155398861436,-0.51672419281293,-0.765329792604785,1.55568480823442,-0.231709969342067,-0.775800640855023,0.269758910697096,"annual",477.464,4838.552,"2012","5"
"940",5,"rear",4,2013,"Middle Umpqua",7063,477464,4838552,-0.241753747772255,-0.833199706053851,1.360097027153,-0.51672419281293,-1.00331873531192,1.55568480823442,-0.231709969342067,-0.775800640855023,0.269758910697096,"annual",477.464,4838.552,"2013","5"
"941",5,"rear",3,2014,"Middle Umpqua",7063,477464,4838552,-0.241753747772255,-1.19876006457908,1.51989543254187,-0.51672419281293,-1.05431636589202,1.55568480823442,-0.231709969342067,-0.775800640855023,0.269758910697096,"annual",477.464,4838.552,"2014","5"
"936",5,"rear",25,2015,"Middle Umpqua",7063,477464,4838552,-0.241753747772255,-0.940717458561272,1.71964343927796,-0.51672419281293,-1.52179464620961,1.55568480823442,-0.231709969342067,-0.775800640855023,0.269758910697096,"annual",477.464,4838.552,"2015","5"
"937",5,"rear",2,2016,"Middle Umpqua",7063,477464,4838552,-0.241753747772255,-0.854703256555335,0.641004202903087,-0.51672419281293,-1.17331083724559,1.55568480823442,-0.231709969342067,-0.775800640855023,0.269758910697096,"annual",477.464,4838.552,"2016","5"
"938",5,"rear",53,2017,"Middle Umpqua",7063,477464,4838552,-0.241753747772255,-1.28477426658502,1.00055061502805,-0.51672419281293,-0.782329002798152,1.55568480823442,-0.231709969342067,-0.775800640855023,0.269758910697096,"annual",477.464,4838.552,"2017","5"
"2788",2,"rear",16,1999,"Middle Umpqua",7075,473570,4842605,-0.990751423592622,-0.0375683374989379,-0.917030249638394,-0.582469084256345,-1.09681439137544,0.620218554666464,-1.28030506021807,0.58483432925994,0.350441061211355,"once",473.57,4842.605,"1999","2"
"942",4,"rear",359,2007,"Middle Umpqua",7077,475545,4840768,-0.608284525301371,-0.61816420103901,0.641004202903087,-0.678421087984573,-0.97781992002187,1.3329547478611,-0.578699617595581,-0.775800640855023,0.31128648816767,"annual",475.545,4840.768,"2007","4"
"943",4,"rear",29,2008,"Middle Umpqua",7077,475545,4840768,-0.608284525301371,-0.87620680705682,0.281457790778131,-0.678421087984573,-1.34330293917926,1.3329547478611,-0.578699617595581,-0.775800640855023,0.31128648816767,"annual",475.545,4840.768,"2008","4"
"2789",4,"rear",22,1999,"Middle Umpqua",7096,479893,4842414,-0.608284525301371,-0.231100292012295,-0.237887026735697,-0.482607924820671,-1.1648112321489,0.397488494293141,-0.468120498921384,-0.435641898326282,0.333830030223125,"once",479.893,4842.414,"1999","4"
"2216",4,"rear",153,2006,"Middle Umpqua",7104,481850,4842982,-0.560476163014965,-0.467639347528621,1.24024822311135,-0.723909445307585,-0.6038372957678,1.64477683238375,-0.670213370981123,-0.775800640855023,0.390782136468484,"nine",481.85,4842.982,"2006","4"
"2215",4,"rear",84,2015,"Middle Umpqua",7104,481850,4842982,-0.560476163014965,-1.04823521106869,1.55984503388909,-0.723909445307585,-1.20730925763232,1.64477683238375,-0.670213370981123,-0.775800640855023,0.390782136468484,"nine",481.85,4842.982,"2015","4"
"2790",5,"rear",0,1999,"Middle Umpqua",7124,476250,4831270,-0.0186480571023586,-0.188093191009327,0.561105000208653,-0.668470509820164,-1.24980728311574,1.68932284445842,3.71482064540943,-1.11595938338376,0.241282857574416,"once",476.25,4831.27,"1999","5"
"1657",3,"rear",40,2005,"Middle Umpqua",7146,479364,4831736,-0.831390215971268,-0.87620680705682,0.641004202903087,0.0902610752160081,-0.15335822564358,-2.40891026641073,0.980847263016365,1.26515181431742,0.289929448325661,"nine",479.364,4831.736,"2005","3"
"1658",3,"rear",0,2014,"Middle Umpqua",7146,479364,4831736,-0.831390215971268,-1.26327071608353,0.880701810986393,0.0902610752160081,-1.05431636589202,-2.40891026641073,0.980847263016365,1.26515181431742,0.289929448325661,"nine",479.364,4831.736,"2014","3"
"2217",4,"rear",26,2006,"Middle Umpqua",7147,479960,4834244,-0.703901249874184,-0.61816420103901,1.08044981772248,-0.595973440336614,-0.756830187508101,0.664764566741129,0.0275789985836352,-0.775800640855023,0.319592003661785,"nine",479.96,4834.244,"2006","4"
"3327",3,"rear",95,2005,"Middle Umpqua",7172,486716,4828706,-0.719837370636319,-0.897710357558304,1.59979463523631,-0.630800463912045,0.0591319017735053,-0.671615795498811,-0.388045964709035,-0.435641898326282,0.446547740500399,"once",486.716,4828.706,"2005","3"
"948",6,"rear",92,2007,"Middle Umpqua",7178,483220,4828089,0.0610325467083188,-0.790192605050883,2.39878666218066,-0.595973440336614,-0.926822289441769,1.77841486860775,0.729184441206124,-0.775800640855023,0.415698682950829,"annual",483.22,4828.089,"2007","6"
"949",6,"rear",3,2008,"Middle Umpqua",7178,483220,4828089,0.0610325467083188,-1.24176716558205,1.95934104736127,-0.595973440336614,-1.25830688821242,1.77841486860775,0.729184441206124,-0.775800640855023,0.415698682950829,"annual",483.22,4828.089,"2008","6"
"950",6,"rear",118,2009,"Middle Umpqua",7178,483220,4828089,0.0610325467083188,-0.424632246525653,2.59853466891675,-0.595973440336614,-0.969320314925187,1.77841486860775,0.729184441206124,-0.775800640855023,0.415698682950829,"annual",483.22,4828.089,"2009","6"
"951",6,"rear",172,2010,"Middle Umpqua",7178,483220,4828089,0.0610325467083188,-1.28477426658502,1.75959304062518,-0.595973440336614,-0.0343637542900121,1.77841486860775,0.729184441206124,-0.775800640855023,0.415698682950829,"annual",483.22,4828.089,"2010","6"
"952",6,"rear",31,2011,"Middle Umpqua",7178,483220,4828089,0.0610325467083188,-1.00522811006572,1.04050021637526,-0.595973440336614,-0.20435585622368,1.77841486860775,0.729184441206124,-0.775800640855023,0.415698682950829,"annual",483.22,4828.089,"2011","6"
"953",6,"rear",46,2012,"Middle Umpqua",7178,483220,4828089,0.0610325467083188,0.0699494150084828,1.47994583119466,-0.595973440336614,-0.518841244800966,1.77841486860775,0.729184441206124,-0.775800640855023,0.415698682950829,"annual",483.22,4828.089,"2012","6"
"954",6,"rear",69,2013,"Middle Umpqua",7178,483220,4828089,0.0610325467083188,-0.811696155552367,2.51863546622231,-0.595973440336614,-0.756830187508101,1.77841486860775,0.729184441206124,-0.775800640855023,0.415698682950829,"annual",483.22,4828.089,"2013","6"
"955",6,"rear",39,2014,"Middle Umpqua",7178,483220,4828089,0.0610325467083188,-1.1772565140776,2.59853466891675,-0.595973440336614,-0.654834926347901,1.77841486860775,0.729184441206124,-0.775800640855023,0.415698682950829,"annual",483.22,4828.089,"2014","6"
"945",6,"rear",30,2016,"Middle Umpqua",7178,483220,4828088,0.0610325467083188,-1.00522811006572,1.59979463523631,-0.595973440336614,-0.926822289441769,1.77841486860775,0.729184441206124,-0.775800640855023,0.415698682950829,"annual",483.22,4828.088,"2016","6"
"946",6,"rear",56,2017,"Middle Umpqua",7178,483220,4828088,0.0610325467083188,-1.22026361508057,2.07918985140292,-0.595973440336614,-0.416845983640765,1.77841486860775,0.729184441206124,-0.775800640855023,0.415698682950829,"annual",483.22,4828.088,"2017","6"
"947",6,"rear",0,2018,"Middle Umpqua",7178,483220,4828088,0.0610325467083188,-1.43529912009541,2.59853466891675,-0.595973440336614,-0.926822289441769,1.77841486860775,0.729184441206124,-0.775800640855023,0.415698682950829,"annual",483.22,4828.088,"2018","6"
"944",6,"rear",111,2019,"Middle Umpqua",7178,483220,4828089,0.0610325467083188,-1.24176716558205,1.91939144601405,-0.595973440336614,-0.807827818088202,1.77841486860775,0.729184441206124,-0.775800640855023,0.415698682950829,"annual",483.22,4828.089,"2019","6"
"930",6,"rear",25,2020,"Middle Umpqua",7178,483220,4828089,0.0610325467083188,-0.962221009062756,0.920651412333611,-0.595973440336614,-1.19880965253564,1.77841486860775,0.729184441206124,-0.775800640855023,0.415698682950829,"annual",483.22,4828.089,"2020","6"
"931",6,"rear",1,2021,"Middle Umpqua",7178,483220,4828089,0.0610325467083188,-0.381625145522684,0.241508189430913,-0.595973440336614,-0.799328212991518,1.77841486860775,0.729184441206124,-0.775800640855023,0.415698682950829,"annual",483.22,4828.089,"2021","6"
"1927",4,"rear",0,2009,"Middle Umpqua",7183,481803,4825148,-0.5764122837771,-0.381625145522684,0.840752209639175,0.907274618072289,-0.799328212991518,-1.25071395246945,0.33643791625984,0.58483432925994,0.459599264848293,"three",481.803,4825.148,"2009","4"
"1928",4,"rear",7,2012,"Middle Umpqua",7183,481803,4825148,-0.5764122837771,0.0484458645069986,-0.157987824041262,0.907274618072289,-0.391347168350715,-1.25071395246945,0.33643791625984,0.58483432925994,0.459599264848293,"three",481.803,4825.148,"2012","4"
"1925",4,"rear",189,2015,"Middle Umpqua",7183,481803,4825148,-0.5764122837771,-0.962221009062756,1.08044981772248,0.907274618072289,-1.19880965253564,-1.25071395246945,0.33643791625984,0.58483432925994,0.459599264848293,"three",481.803,4825.148,"2015","4"
"1926",4,"rear",50,2018,"Middle Umpqua",7183,481803,4825148,-0.5764122837771,-1.39229201909244,0.800802608291958,0.907274618072289,-0.926822289441769,-1.25071395246945,0.33643791625984,0.58483432925994,0.459599264848293,"three",481.803,4825.148,"2018","4"
"1924",4,"rear",0,2021,"Middle Umpqua",7183,481803,4825148,-0.5764122837771,-0.381625145522684,0.241508189430913,0.907274618072289,-0.799328212991518,-1.25071395246945,0.33643791625984,0.58483432925994,0.459599264848293,"three",481.803,4825.148,"2021","4"
"1363",4,"rear",231,2011,"Middle Umpqua",7190,486403,4822338,-0.624220646063506,-0.962221009062756,0.0417601826948251,-0.552617349763119,-0.0768617797734291,0.5756725425918,-0.124943923725602,-0.0954831557975414,0.555705944137337,"three",486.403,4822.338,"2011","4"
"1364",4,"rear",244,2014,"Middle Umpqua",7190,486403,4822338,-0.624220646063506,-1.11274586257315,1.51989543254187,-0.552617349763119,-0.476343219317549,0.5756725425918,-0.124943923725602,-0.0954831557975414,0.555705944137337,"three",486.403,4822.338,"2014","4"
"1362",4,"rear",83,2017,"Middle Umpqua",7190,486403,4822338,-0.624220646063506,-0.962221009062756,1.08044981772248,-0.552617349763119,-1.19880965253564,0.5756725425918,-0.124943923725602,-0.0954831557975414,0.555705944137337,"three",486.403,4822.338,"2017","4"
"1359",4,"rear",49,2020,"Middle Umpqua",7190,486403,4822338,-0.624220646063506,-0.962221009062756,0.920651412333611,-0.552617349763119,-1.19880965253564,0.5756725425918,-0.124943923725602,-0.0954831557975414,0.555705944137337,"three",486.403,4822.338,"2020","4"
"2488",5,"rear",0,2013,"Middle Umpqua",7195,485488,4822166,-0.321434351582932,-0.833199706053851,2.39878666218066,-0.732438512305649,-0.62933611105785,1.68932284445842,0.321185624028916,-1.11595938338376,0.552146437497002,"three",485.488,4822.166,"2013","5"
"2487",5,"rear",15,2016,"Middle Umpqua",7195,485488,4822167,-0.321434351582932,-1.00522811006572,1.32014742580579,-0.732438512305649,-0.926822289441769,1.68932284445842,0.321185624028916,-1.11595938338376,0.552146437497002,"three",485.488,4822.167,"2016","5"
"2486",5,"rear",18,2019,"Middle Umpqua",7195,485488,4822166,-0.321434351582932,-1.24176716558205,1.55984503388909,-0.732438512305649,-0.807827818088202,1.68932284445842,0.321185624028916,-1.11595938338376,0.552146437497002,"three",485.488,4822.166,"2019","5"
"2043",4,"rear",201,2009,"Middle Umpqua",7203,449877,4828521,-0.544540042252829,-0.725681953546431,0.720903405597524,-0.744876735011161,-0.909823079248403,0.397488494293141,-0.0944393392637542,0.924993071788681,-0.203655472467452,"nine",449.877,4828.521,"2009","4"
"2042",4,"rear",155,2018,"Middle Umpqua",7203,449877,4828521,-0.544540042252829,-1.06973876157018,0.800802608291958,-0.744876735011161,-1.05431636589202,0.397488494293141,-0.0944393392637542,0.924993071788681,-0.203655472467452,"nine",449.877,4828.521,"2018","4"
"3289",4,"rear",304,2004,"Middle Umpqua",7225,461023,4825666,-0.687965129112048,0.220474268518872,0.960601013680828,-0.516368815021344,-0.790828607894835,0.397488494293141,-0.666400297923392,0.244675586731199,-0.01974762938348,"once",461.023,4825.666,"2004","4"
"2590",5,"rear",18,2001,"Middle Umpqua",7230,455737,4818692,-0.512667800728558,-1.34928491808947,0.76085300694474,-0.0607744862080544,-1.28380570350247,0.0411203976958234,-0.395672110824497,-0.775800640855023,0.229417835439967,"nine",455.737,4818.692,"2001","5"
"2591",5,"rear",110,2010,"Middle Umpqua",7230,455737,4818692,-0.512667800728558,-1.09124231207166,1.04050021637526,-0.0607744862080544,-0.144858620546896,0.0411203976958234,-0.395672110824497,-0.775800640855023,0.229417835439967,"nine",455.737,4818.692,"2010","5"
"2589",5,"rear",46,2019,"Middle Umpqua",7230,455737,4818692,-0.512667800728558,-1.24176716558205,1.00055061502805,-0.0607744862080544,-0.807827818088202,0.0411203976958234,-0.395672110824497,-0.775800640855023,0.229417835439967,"nine",455.737,4818.692,"2019","5"
"2218",5,"rear",303,2006,"Middle Umpqua",7237,464843,4817711,-0.22581762701012,-0.467639347528621,1.40004662850022,1.02703693383678,-0.884324263958353,-0.226155674752164,-0.0181778781091358,-0.775800640855023,0.357560074492025,"nine",464.843,4817.711,"2006","5"
"2665",4,"rear",86,2004,"Middle Umpqua",7238,464218,4819494,-0.687965129112048,0.00543876350403035,-0.0381390199996096,0.975151776265221,-1.02031794550529,-2.18618020603741,-0.361354453304919,2.28562804190364,0.382476620974369,"nine",464.218,4819.494,"2004","4"
"2666",4,"rear",42,2013,"Middle Umpqua",7238,464218,4819494,-0.687965129112048,-0.919213908059788,-0.118038222694044,0.975151776265221,-1.08831478627875,-2.18618020603741,-0.361354453304919,2.28562804190364,0.382476620974369,"nine",464.218,4819.494,"2013","4"
"3210",4,"rear",950,2002,"Middle Umpqua",7240,466294,4818139,-0.385178834631474,-1.39229201909244,1.04050021637526,-0.37706072071962,-1.34330293917926,-0.983437880021464,-0.288906065208031,-0.435641898326282,0.378917114334034,"once",466.294,4818.139,"2002","4"
"1598",4,"rear",480,2002,"Middle Umpqua",7251,457784,4811982,-0.432987196917881,-1.34928491808947,1.7995426419724,1.28184281040396,-1.41129977995272,-0.84979984379747,0.180101920892872,-0.435641898326282,0.393155140895374,"nine",457.784,4811.982,"2002","4"
"1595",4,"rear",122,2020,"Middle Umpqua",7251,457784,4811982,-0.432987196917881,-0.897710357558304,1.51989543254187,1.28184281040396,-0.850325843571619,-0.84979984379747,0.180101920892872,-0.435641898326282,0.393155140895374,"nine",457.784,4811.982,"2020","4"
"2791",4,"rear",58,1999,"Middle Umpqua",7258,451363,4807787,-0.40111495539361,-0.639667751540494,0.241508189430913,-0.78254678091928,-1.26680649330911,0.976586651263782,0.660549126166968,-0.775800640855023,0.577062983979347,"once",451.363,4807.787,"1999","4"
"2751",4,"rear",1530,2007,"Middle Umpqua",7261,452509,4808999,-0.369242713869339,-0.747185504047915,1.20029862176413,-0.78254678091928,-1.38580096466267,1.73386885653308,0.660549126166968,-0.775800640855023,0.547400428643222,"nine",452.509,4808.999,"2007","4"
"2750",4,"rear",447,2016,"Middle Umpqua",7261,452509,4808999,-0.369242713869339,-0.489142898030105,0.441256196167,-0.78254678091928,-1.31780412388921,1.73386885653308,0.660549126166968,-0.775800640855023,0.547400428643222,"nine",452.509,4808.999,"2016","4"
"1929",4,"rear",1348,2000,"Middle Umpqua",7263,450296,4807092,-0.592348404539236,-0.682674852543462,-0.118038222694044,-0.46483903524137,-0.95232110473182,-0.1816096626775,0.561409226665964,-0.435641898326282,0.597233521607911,"three",450.296,4807.092,"2000","4"
"1930",4,"rear",1684,2003,"Middle Umpqua",7263,450296,4807092,-0.592348404539236,-0.446135797027137,0.880701810986393,-0.46483903524137,-0.595337690671117,-0.1816096626775,0.561409226665964,-0.435641898326282,0.597233521607911,"three",450.296,4807.092,"2003","4"
"1931",4,"rear",759,2006,"Middle Umpqua",7263,450296,4807092,-0.592348404539236,-0.381625145522684,0.76085300694474,-0.46483903524137,-0.943821499635136,-0.1816096626775,0.561409226665964,-0.435641898326282,0.597233521607911,"three",450.296,4807.092,"2006","4"
"3362",4,"rear",85,2006,"Middle Umpqua",7274,450542,4810570,-0.40111495539361,-0.381625145522684,0.800802608291958,-0.519922592937204,-0.943821499635136,0.397488494293141,0.0275789985836352,-0.435641898326282,0.575876481765902,"once",450.542,4810.57,"2006","4"
"3172",3,"rear",35,2001,"Middle Umpqua",7277,447207,4809696,-0.831390215971268,-1.32778136758799,-0.637383040207872,0.521689714201447,-1.03731715569865,0.130212421845153,0.176288847835141,1.60531055684616,0.628082579157481,"once",447.207,4809.696,"2001","3"
"961",5,"rear",145,1999,"Middle Umpqua",7285,450592,4811667,-0.193945385485849,-0.639667751540494,-0.0780886213468263,-0.745587490594333,-1.26680649330911,0.0856664097704881,0.260176455105221,-0.775800640855023,0.587741503900351,"annual",450.592,4811.667,"1999","5"
"962",5,"rear",163,2001,"Middle Umpqua",7285,450592,4811667,-0.193945385485849,-1.41379556959392,0.241508189430913,-0.745587490594333,-1.40280017485604,0.0856664097704881,0.260176455105221,-0.775800640855023,0.587741503900351,"annual",450.592,4811.667,"2001","5"
"963",5,"rear",2643,2002,"Middle Umpqua",7285,450592,4811667,-0.193945385485849,-1.37078846859095,0.880701810986393,-0.745587490594333,-1.41129977995272,0.0856664097704881,0.260176455105221,-0.775800640855023,0.587741503900351,"annual",450.592,4811.667,"2002","5"
"964",5,"rear",1608,2003,"Middle Umpqua",7285,450592,4811667,-0.193945385485849,-0.446135797027137,1.16034902041692,-0.745587490594333,-0.595337690671117,0.0856664097704881,0.260176455105221,-0.775800640855023,0.587741503900351,"annual",450.592,4811.667,"2003","5"
"965",5,"rear",831,2004,"Middle Umpqua",7285,450592,4811667,-0.193945385485849,0.00543876350403035,1.04050021637526,-0.745587490594333,-1.08831478627875,0.0856664097704881,0.260176455105221,-0.775800640855023,0.587741503900351,"annual",450.592,4811.667,"2004","5"
"966",5,"rear",708,2005,"Middle Umpqua",7285,450592,4811667,-0.193945385485849,-0.854703256555335,1.04050021637526,-0.745587490594333,-0.22985467151373,0.0856664097704881,0.260176455105221,-0.775800640855023,0.587741503900351,"annual",450.592,4811.667,"2005","5"
"967",5,"rear",52,2006,"Middle Umpqua",7285,450592,4811667,-0.193945385485849,-0.381625145522684,1.00055061502805,-0.745587490594333,-0.943821499635136,0.0856664097704881,0.260176455105221,-0.775800640855023,0.587741503900351,"annual",450.592,4811.667,"2006","5"
"968",5,"rear",2473,2007,"Middle Umpqua",7285,450592,4811667,-0.193945385485849,-0.639667751540494,0.960601013680828,-0.745587490594333,-1.30080491369584,0.0856664097704881,0.260176455105221,-0.775800640855023,0.587741503900351,"annual",450.592,4811.667,"2007","5"
"969",5,"rear",417,2008,"Middle Umpqua",7285,450592,4811667,-0.193945385485849,-1.00522811006572,0.601054601555871,-0.745587490594333,-1.36880175446931,0.0856664097704881,0.260176455105221,-0.775800640855023,0.587741503900351,"annual",450.592,4811.667,"2008","5"
"970",5,"rear",1158,2009,"Middle Umpqua",7285,450592,4811667,-0.193945385485849,-0.575157100036041,1.08044981772248,-0.745587490594333,-1.18181044234227,0.0856664097704881,0.260176455105221,-0.775800640855023,0.587741503900351,"annual",450.592,4811.667,"2009","5"
"971",5,"rear",1049,2010,"Middle Umpqua",7285,450592,4811667,-0.193945385485849,-1.15575296357611,0.481205797514218,-0.745587490594333,-0.0513629644833789,0.0856664097704881,0.260176455105221,-0.775800640855023,0.587741503900351,"annual",450.592,4811.667,"2010","5"
"972",5,"rear",1283,2011,"Middle Umpqua",7285,450592,4811667,-0.193945385485849,-0.833199706053851,-0.197937425388479,-0.745587490594333,-0.399846773447398,0.0856664097704881,0.260176455105221,-0.775800640855023,0.587741503900351,"annual",450.592,4811.667,"2011","5"
"973",5,"rear",1121,2012,"Middle Umpqua",7285,450592,4811667,-0.193945385485849,-0.0590718880004221,0.161608986736478,-0.745587490594333,-0.943821499635136,0.0856664097704881,0.260176455105221,-0.775800640855023,0.587741503900351,"annual",450.592,4811.667,"2012","5"
"974",5,"rear",325,2013,"Middle Umpqua",7285,450592,4811667,-0.193945385485849,-0.962221009062756,1.1203994190697,-0.745587490594333,-1.15631162705222,0.0856664097704881,0.260176455105221,-0.775800640855023,0.587741503900351,"annual",450.592,4811.667,"2013","5"
"975",5,"rear",476,2014,"Middle Umpqua",7285,450592,4811667,-0.193945385485849,-1.02673166056721,1.08044981772248,-0.745587490594333,-1.12231320666549,0.0856664097704881,0.260176455105221,-0.775800640855023,0.587741503900351,"annual",450.592,4811.667,"2014","5"
"957",5,"rear",900,2015,"Middle Umpqua",7285,450591,4811669,-0.193945385485849,-0.596660650537526,1.32014742580579,-0.745587490594333,-1.60679069717644,0.0856664097704881,0.260176455105221,-0.775800640855023,0.587741503900351,"annual",450.591,4811.669,"2015","5"
"958",5,"rear",617,2016,"Middle Umpqua",7285,450591,4811669,-0.193945385485849,-0.532149999033073,0.201558588083696,-0.745587490594333,-1.30930451879252,0.0856664097704881,0.260176455105221,-0.775800640855023,0.587741503900351,"annual",450.591,4811.669,"2016","5"
"959",5,"rear",143,2017,"Middle Umpqua",7285,450591,4811669,-0.193945385485849,-0.897710357558304,0.76085300694474,-0.745587490594333,-0.850325843571619,0.0856664097704881,0.260176455105221,-0.775800640855023,0.587741503900351,"annual",450.591,4811.669,"2017","5"
"960",5,"rear",396,2018,"Middle Umpqua",7285,450591,4811669,-0.193945385485849,-1.06973876157018,1.16034902041692,-0.745587490594333,-1.17331083724559,0.0856664097704881,0.260176455105221,-0.775800640855023,0.587741503900351,"annual",450.591,4811.669,"2018","5"
"956",5,"rear",926,2019,"Middle Umpqua",7285,450592,4811667,-0.193945385485849,-0.897710357558304,0.441256196167,-0.745587490594333,-0.850325843571619,0.0856664097704881,0.260176455105221,-0.775800640855023,0.587741503900351,"annual",450.592,4811.667,"2019","5"
"932",5,"rear",680,2020,"Middle Umpqua",7285,450592,4811667,-0.193945385485849,-0.897710357558304,1.51989543254187,-0.745587490594333,-0.850325843571619,0.0856664097704881,0.260176455105221,-0.775800640855023,0.587741503900351,"annual",450.592,4811.667,"2020","5"
"933",5,"rear",853,2021,"Middle Umpqua",7285,450592,4811667,-0.193945385485849,-0.381625145522684,0.241508189430913,-0.745587490594333,-0.799328212991518,0.0856664097704881,0.260176455105221,-0.775800640855023,0.587741503900351,"annual",450.592,4811.667,"2021","5"
"1599",3,"rear",1,2002,"Middle Umpqua",7308,449956,4801529,-0.815454095209132,-1.34928491808947,0.201558588083696,0.580327049813142,-1.45379780543614,-0.716161807573476,-1.84845294581998,1.9454692993749,0.66367764556083,"nine",449.956,4801.529,"2002","3"
"2220",3,"rear",0,2006,"Middle Umpqua",7334,453801,4794971,-0.703901249874184,-0.231100292012295,0.241508189430913,1.36500121363509,-0.909823079248403,-2.23072621811208,0.488960838569076,1.26515181431742,0.857077506352363,"nine",453.801,4794.971,"2006","3"
"2219",3,"rear",0,2015,"Middle Umpqua",7334,453801,4794971,-0.703901249874184,-0.317114494018232,0.561105000208653,1.36500121363509,-1.58129188188639,-2.23072621811208,0.488960838569076,1.26515181431742,0.857077506352363,"nine",453.801,4794.971,"2015","3"
"2490",4,"rear",0,2013,"Middle Umpqua",7351,459611,4800558,-0.40111495539361,-1.06973876157018,2.39878666218066,-0.521344104103548,-1.18181044234227,1.51113879615976,1.44222910300181,-0.775800640855023,0.755038315996094,"three",459.611,4800.558,"2013","4"
"2489",4,"rear",114,2019,"Middle Umpqua",7351,459611,4800558,-0.40111495539361,-0.87620680705682,1.43999622984744,-0.521344104103548,-0.841826238474935,1.51113879615976,1.44222910300181,-0.775800640855023,0.755038315996094,"three",459.611,4800.558,"2019","4"
"1600",4,"rear",492,2011,"Middle Umpqua",7352,459468,4801402,-0.353306593107203,-0.790192605050883,0.680953804250306,-0.521344104103548,-0.391347168350715,1.73386885653308,1.44222910300181,-0.775800640855023,0.743173293861644,"nine",459.468,4801.402,"2011","4"
"1596",4,"rear",3,2020,"Middle Umpqua",7352,459468,4801402,-0.353306593107203,-0.897710357558304,1.51989543254187,-0.521344104103548,-0.850325843571619,1.73386885653308,1.44222910300181,-0.775800640855023,0.743173293861644,"nine",459.468,4801.402,"2020","4"
"2592",4,"rear",688,2010,"Middle Umpqua",7358,467341,4804472,-0.432987196917881,-1.28477426658502,1.83949224331961,-0.312026584859377,-0.323350327577248,1.19931671163711,0.721558295090662,-0.775800640855023,0.911656608170832,"nine",467.341,4804.472,"2010","4"
"2045",2,"rear",17,2009,"Middle Umpqua",7360,469042,4806584,-0.92700694054408,-1.04823521106869,1.16034902041692,-0.717868022850622,-1.45379780543614,-0.137063650602836,-0.647334932634738,-0.775800640855023,0.949624679001071,"nine",469.042,4806.584,"2009","2"
"2044",2,"rear",3,2018,"Middle Umpqua",7360,469042,4806584,-0.92700694054408,-1.32778136758799,1.16034902041692,-0.717868022850622,-1.26680649330911,-0.137063650602836,-0.647334932634738,-0.775800640855023,0.949624679001071,"nine",469.042,4806.584,"2018","2"
"977",5,"rear",37,2015,"Middle Umpqua",7369,474648,4813457,-0.257689868534391,-1.09124231207166,2.11913945275014,-0.577138417382555,-1.66628793285323,1.64477683238375,1.80065797042851,-0.775800640855023,1.11810799331026,"annual",474.648,4813.457,"2015","5"
"978",5,"rear",36,2016,"Middle Umpqua",7369,474648,4813457,-0.257689868534391,-0.61816420103901,2.11913945275014,-0.577138417382555,-1.36880175446931,1.64477683238375,1.80065797042851,-0.775800640855023,1.11810799331026,"annual",474.648,4813.457,"2016","5"
"979",5,"rear",45,2017,"Middle Umpqua",7369,474648,4813457,-0.257689868534391,-0.962221009062756,2.11913945275014,-0.577138417382555,-0.97781992002187,1.64477683238375,1.80065797042851,-0.775800640855023,1.11810799331026,"annual",474.648,4813.457,"2017","5"
"980",5,"rear",50,2018,"Middle Umpqua",7369,474648,4813457,-0.257689868534391,-1.28477426658502,2.11913945275014,-0.577138417382555,-1.23280807292237,1.64477683238375,1.80065797042851,-0.775800640855023,1.11810799331026,"annual",474.648,4813.457,"2018","5"
"976",5,"rear",72,2019,"Middle Umpqua",7369,474648,4813457,-0.257689868534391,-0.87620680705682,2.11913945275014,-0.577138417382555,-0.841826238474935,1.64477683238375,1.80065797042851,-0.775800640855023,1.11810799331026,"annual",474.648,4813.457,"2019","5"
"934",5,"rear",36,2020,"Middle Umpqua",7369,474648,4813457,-0.257689868534391,-0.897710357558304,1.51989543254187,-0.577138417382555,-0.850325843571619,1.64477683238375,1.80065797042851,-0.775800640855023,1.11810799331026,"annual",474.648,4813.457,"2020","5"
"935",5,"rear",38,2021,"Middle Umpqua",7369,474648,4813457,-0.257689868534391,-0.381625145522684,0.241508189430913,-0.577138417382555,-0.799328212991518,1.64477683238375,1.80065797042851,-0.775800640855023,1.11810799331026,"annual",474.648,4813.457,"2021","5"
"2667",5,"rear",86,2013,"Middle Umpqua",7370,474585,4814617,-0.273625989296526,-1.06973876157018,2.63848427026396,-0.172007734974481,-1.22430846782569,0.308396470143812,1.72820958233163,-0.775800640855023,1.13471902429849,"nine",474.585,4814.617,"2013","5"
"1366",5,"rear",3,1999,"Middle Umpqua",7371,474354,4815611,-0.289562110058662,-0.768689054549399,1.360097027153,-0.172007734974481,-1.36880175446931,-0.137063650602836,1.72820958233163,-0.775800640855023,1.14777054864638,"three",474.354,4815.611,"1999","5"
"1365",5,"rear",0,2017,"Middle Umpqua",7371,474354,4815611,-0.289562110058662,-1.02673166056721,2.11913945275014,-0.172007734974481,-0.867325053764986,-0.137063650602836,1.72820958233163,-0.775800640855023,1.14777054864638,"three",474.354,4815.611,"2017","5"
"1360",5,"rear",318,2020,"Middle Umpqua",7371,474354,4815611,-0.289562110058662,-0.897710357558304,1.51989543254187,-0.172007734974481,-0.850325843571619,-0.137063650602836,1.72820958233163,-0.775800640855023,1.14777054864638,"three",474.354,4815.611,"2020","5"
"1502",6,"rear",0,2008,"Middle Umpqua",7379,484806,4812841,-0.209881506247984,-1.41379556959392,2.35883706083344,-0.414730766627739,-1.48779622582287,1.64477683238375,0.534717715261848,-0.775800640855023,1.21658767702619,"nine",484.806,4812.841,"2008","6"
"1367",6,"rear",0,2008,"Middle Umpqua",7382,483892,4812165,-0.193945385485849,-1.41379556959392,2.35883706083344,-0.414730766627739,-1.48779622582287,1.73386885653308,0.534717715261848,-0.775800640855023,1.19760364161107,"three",483.892,4812.165,"2008","6"
"1368",6,"rear",6,2014,"Middle Umpqua",7382,483892,4812165,-0.193945385485849,-1.24176716558205,2.9580810810417,-0.414730766627739,-1.21580886272901,1.73386885653308,0.534717715261848,-0.775800640855023,1.19760364161107,"three",483.892,4812.165,"2014","6"
"2668",3,"rear",0,2004,"Middle Umpqua",7384,490862,4813429,-0.942943061306216,0.370999122029261,1.63974423658352,-0.743810601636402,-0.595337690671117,0.0856664097704881,-1.60060319706747,-0.435641898326282,1.31388085852868,"nine",490.862,4813.429,"2004","3"
"3246",4,"rear",11,2003,"Middle Umpqua",7386,491336,4814863,-0.783581853684861,-0.661171302041978,0.800802608291958,0.272214504508055,0.229124003707173,0.0856664097704881,-0.0868131931482924,0.58483432925994,1.33405139615725,"once",491.336,4814.863,"2003","4"
"1369",5,"rear",77,2005,"Middle Umpqua",7397,486370,4804982,-0.512667800728558,-0.725681953546431,1.91939144601405,-0.564700194677044,0.365117685254108,1.46659278408509,2.00656391554598,-0.775800640855023,1.25574225006988,"three",486.37,4804.982,"2005","5"
"1370",5,"rear",839,2011,"Middle Umpqua",7397,486370,4804982,-0.512667800728558,-0.747185504047915,0.76085300694474,-0.564700194677044,0.407615710737525,1.46659278408509,2.00656391554598,-0.775800640855023,1.25574225006988,"three",486.37,4804.982,"2011","5"
"1371",5,"rear",40,2014,"Middle Umpqua",7397,486370,4804982,-0.512667800728558,-1.04823521106869,2.31888745948622,-0.564700194677044,-0.773829397701468,1.46659278408509,2.00656391554598,-0.775800640855023,1.25574225006988,"three",486.37,4804.982,"2014","5"
"1361",5,"rear",0,2020,"Middle Umpqua",7397,486370,4804982,-0.512667800728558,-0.897710357558304,1.51989543254187,-0.564700194677044,-0.850325843571619,1.46659278408509,2.00656391554598,-0.775800640855023,1.25574225006988,"three",486.37,4804.982,"2020","5"
"3211",4,"rear",0,2002,"Middle Umpqua",7408,491697,4802512,-0.767645732922726,-1.26327071608353,-0.0780886213468263,0.487573446209189,-0.909823079248403,-2.23072621811208,0.649109906993775,1.9454692993749,1.38981700018916,"once",491.697,4802.512,"2002","4"
"2046",3,"rear",0,2018,"Middle Umpqua",7411,494300,4807123,-0.75170961216059,-1.32778136758799,1.16034902041692,0.120468187500821,-1.0628159709887,0.397488494293141,-0.876119316098593,0.58483432925994,1.4040550267505,"nine",494.3,4807.123,"2018","3"
"2669",3,"rear",0,2004,"Middle Umpqua",7416,496330,4806946,-0.656092887587778,0.500020425038166,-0.517534236166219,1.9218782130504,-0.561339270284383,-0.716161807573476,-0.78079248965532,1.9454692993749,1.43134457765973,"nine",496.33,4806.946,"2004","3"
"3053",5,"rear",244,2000,"Middle Umpqua",7427,495571,4816530,-0.448923317680016,-0.510646448531589,-0.477584634819001,-0.328373963272334,-0.918322684345086,-0.137063650602836,0.115279678911446,-0.435641898326282,1.46812614627653,"once",495.571,4816.53,"2000","5"
"3054",6,"rear",1107,2000,"Middle Umpqua",7431,495351,4813294,-0.00271193634022317,-0.510646448531589,0.361356993472565,0.137170943705364,-0.918322684345086,1.02113266333845,-0.845614731636745,-0.775800640855023,1.43253107987318,"once",495.351,4813.294,"2000","6"
"2492",3,"rear",0,2010,"Middle Umpqua",7445,466191,4797918,-0.719837370636319,-1.32778136758799,1.75959304062518,-0.501087569983145,-0.20435585622368,0.0411203976958234,0.530904642204117,-0.0954831557975414,0.910470105957387,"three",466.191,4797.918,"2010","3"
"2491",3,"rear",0,2019,"Middle Umpqua",7445,466191,4797918,-0.719837370636319,-0.87620680705682,1.59979463523631,-0.501087569983145,-0.841826238474935,0.0411203976958234,0.530904642204117,-0.0954831557975414,0.910470105957387,"three",466.191,4797.918,"2019","3"
"3250",6,"rear",0,2003,"South Umpqua",7483,476855,4785092,0.236329875091809,-0.919213908059788,3.07792988508336,-0.485806324944945,-0.6038372957678,1.68932284445842,0.816885121533936,-0.775800640855023,1.22014718366653,"once",476.855,4785.092,"2003","6"
"2155",6,"rear",0,2003,"South Umpqua",7484,477075,4785135,0.236329875091809,-0.919213908059788,3.07792988508336,-0.485806324944945,-0.6038372957678,1.64477683238375,0.816885121533936,-0.775800640855023,1.22252018809342,"nine",477.075,4785.135,"2003","6"
"2156",6,"rear",3,2012,"South Umpqua",7484,477075,4785135,0.236329875091809,-0.768689054549399,1.91939144601405,-0.485806324944945,-0.943821499635136,1.64477683238375,0.816885121533936,-0.775800640855023,1.22252018809342,"nine",477.075,4785.135,"2012","6"
"1379",5,"rear",238,2011,"South Umpqua",7490,480429,4779542,-0.178009264723713,-0.811696155552367,1.63974423658352,-0.776149980670731,-0.280852302093831,1.73386885653308,0.210606505354719,-0.775800640855023,1.33642440058414,"three",480.429,4779.542,"2011","5"
"1380",5,"rear",417,2014,"South Umpqua",7490,480429,4779542,-0.178009264723713,-1.37078846859095,3.47742589855553,-0.776149980670731,-1.40280017485604,1.73386885653308,0.210606505354719,-0.775800640855023,1.33642440058414,"three",480.429,4779.542,"2014","5"
"1378",5,"rear",136,2017,"South Umpqua",7490,480429,4779542,-0.178009264723713,-0.833199706053851,2.99803068238892,-0.776149980670731,-1.67478753794991,1.73386885653308,0.210606505354719,-0.775800640855023,1.33642440058414,"three",480.429,4779.542,"2017","5"
"1377",5,"rear",60,2020,"South Umpqua",7490,480429,4779542,-0.178009264723713,-0.833199706053851,2.83823227700005,-0.776149980670731,-1.67478753794991,1.73386885653308,0.210606505354719,-0.775800640855023,1.33642440058414,"three",480.429,4779.542,"2020","5"
"2497",6,"rear",18,2019,"South Umpqua",7510,469166,4777360,-0.146137023199442,-0.811696155552367,1.91939144601405,-0.774373091712801,-0.960820709828503,1.73386885653308,1.36215456878946,-0.775800640855023,1.26760727220433,"three",469.166,4777.36,"2019","6"
"3364",6,"rear",0,2006,"South Umpqua",7533,453459,4770771,-0.00271193634022317,-0.446135797027137,2.9580810810417,0.0756905857609809,-1.31780412388921,1.77841486860775,0.580474591954618,-1.11595938338376,1.7232241221672,"once",453.459,4770.771,"2006","6"
"1509",3,"rear",75,2008,"South Umpqua",7535,448209,4771057,-0.783581853684861,-0.897710357558304,0.441256196167,-0.199727202718192,-1.44529820033946,-1.51799002491744,0.439390888818575,0.244675586731199,1.83000932137725,"nine",448.209,4771.057,"2008","3"
"1508",3,"rear",10,2017,"South Umpqua",7535,448209,4771057,-0.783581853684861,-0.833199706053851,0.601054601555871,-0.199727202718192,-1.67478753794991,-1.51799002491744,0.439390888818575,0.244675586731199,1.83000932137725,"nine",448.209,4771.057,"2017","3"
"1948",4,"rear",69,2000,"South Umpqua",7537,449721,4768294,-0.719837370636319,-0.725681953546431,0.281457790778131,-0.214297692173219,-1.0628159709887,-0.760707819648141,0.21441957841245,0.244675586731199,1.79085474833356,"three",449.721,4768.294,"2000","4"
"1949",4,"rear",210,2003,"South Umpqua",7537,449721,4768294,-0.719837370636319,-0.467639347528621,1.43999622984744,-0.214297692173219,-0.799328212991518,-0.760707819648141,0.21441957841245,0.244675586731199,1.79085474833356,"three",449.721,4768.294,"2003","4"
"1950",4,"rear",72,2006,"South Umpqua",7537,449721,4768294,-0.719837370636319,-0.467639347528621,1.20029862176413,-0.214297692173219,-1.23280807292237,-0.760707819648141,0.21441957841245,0.244675586731199,1.79085474833356,"three",449.721,4768.294,"2006","4"
"1951",4,"rear",722,2009,"South Umpqua",7537,449721,4768294,-0.719837370636319,-0.596660650537526,1.40004662850022,-0.214297692173219,-1.24980728311574,-0.760707819648141,0.21441957841245,0.244675586731199,1.79085474833356,"three",449.721,4768.294,"2009","4"
"1952",4,"rear",45,2012,"South Umpqua",7537,449721,4768294,-0.719837370636319,-0.209596741510811,0.481205797514218,-0.214297692173219,-1.1138136015688,-0.760707819648141,0.21441957841245,0.244675586731199,1.79085474833356,"three",449.721,4768.294,"2012","4"
"1946",4,"rear",110,2015,"South Umpqua",7537,449721,4768293,-0.719837370636319,-0.639667751540494,1.55984503388909,-0.214297692173219,-1.68328714304659,-0.760707819648141,0.21441957841245,0.244675586731199,1.79085474833356,"three",449.721,4768.293,"2015","4"
"1947",4,"rear",2,2018,"South Umpqua",7537,449721,4768293,-0.719837370636319,-0.940717458561272,1.47994583119466,-0.214297692173219,-1.39430056975936,-0.760707819648141,0.21441957841245,0.244675586731199,1.79085474833356,"three",449.721,4768.293,"2018","4"
"2158",3,"rear",11,2012,"South Umpqua",7545,454779,4765147,-0.687965129112048,-0.3601215950212,0.561105000208653,0.0835088971758735,-1.34330293917926,-0.84979984379747,-0.830362439405822,-0.0954831557975414,1.78373573505289,"nine",454.779,4765.147,"2012","3"
"2157",3,"rear",0,2021,"South Umpqua",7545,454779,4765147,-0.687965129112048,-0.962221009062756,-0.35773583077735,0.0835088971758735,-0.994819130215237,-0.84979984379747,-0.830362439405822,-0.0954831557975414,1.78373573505289,"nine",454.779,4765.147,"2021","3"
"2221",3,"rear",0,2006,"South Umpqua",7551,458497,4765312,-0.719837370636319,-0.467639347528621,0.321407392125349,0.00425964965218899,-1.07131557608539,-2.09708818188808,-0.757914051308934,0.244675586731199,1.8288228191638,"nine",458.497,4765.312,"2006","3"
"1601",3,"rear",28,2020,"South Umpqua",7555,457682,4764178,-0.735773491398455,-0.639667751540494,-1.1567278577217,1.06648386870283,-0.6038372957678,-2.18618020603741,-0.803670928001705,0.924993071788681,1.81221178817557,"nine",457.682,4764.178,"2020","3"
"1603",2,"rear",0,2011,"South Umpqua",7610,462168,4768944,-0.863262457495539,-0.87620680705682,0.121659385389261,-0.434276545164971,-0.52734084989765,-1.25071395246945,-0.933315411964557,0.244675586731199,1.49541569718576,"nine",462.168,4768.944,"2011","2"
"1602",2,"rear",0,2020,"South Umpqua",7610,462168,4768944,-0.863262457495539,-0.639667751540494,-1.1567278577217,-0.434276545164971,-0.6038372957678,-1.25071395246945,-0.933315411964557,0.244675586731199,1.49541569718576,"nine",462.168,4768.944,"2020","2"
"2159",3,"rear",0,2021,"South Umpqua",7613,461844,4767229,-0.75170961216059,-0.962221009062756,-0.35773583077735,-0.364622498014109,-0.994819130215237,-1.38435198869345,-1.11634291873564,0.244675586731199,1.51439973260088,"nine",461.844,4767.229,"2021","3"
"2498",5,"rear",138,2019,"South Umpqua",7620,465420,4767972,-0.321434351582932,-0.811696155552367,1.1203994190697,-0.286794761656769,-0.960820709828503,1.37750075993576,-0.11731777761014,-0.775800640855023,1.50134820825299,"three",465.42,4767.972,"2019","5"
"3290",4,"rear",634,2004,"South Umpqua",7624,463744,4765087,-0.448923317680016,-0.166589640507843,1.32014742580579,-0.404069432880159,-1.09681439137544,0.709310578815794,-0.36516752636265,-0.775800640855023,1.5464352923639,"once",463.744,4765.087,"2004","4"
"1659",5,"rear",64,2005,"South Umpqua",7668,483457,4763280,0.204457633567538,-0.811696155552367,2.55858506756953,-0.264050582995263,0.144127952740339,1.60023082030909,0.100027386680523,-0.775800640855023,1.80390627268146,"nine",483.457,4763.28,"2005","5"
"2160",5,"rear",385,2003,"South Umpqua",7699,494480,4765764,-0.114264781675171,-0.919213908059788,1.67969383793074,-0.635420375202664,-0.289351907190514,1.64477683238375,0.0924012405650608,-0.775800640855023,1.96764357813687,"nine",494.48,4765.764,"2003","5"
"2161",5,"rear",330,2012,"South Umpqua",7699,494480,4765764,-0.114264781675171,-0.639667751540494,0.601054601555871,-0.635420375202664,-0.5528396651877,1.64477683238375,0.0924012405650608,-0.775800640855023,1.96764357813687,"nine",494.48,4765.764,"2012","5"
"2500",4,"rear",311,2013,"South Umpqua",7703,494420,4767143,-0.480795559204287,-1.13424941307463,1.04050021637526,-0.260141427287817,-0.671834136541267,1.3329547478611,-0.20120538488022,-0.0954831557975414,1.98544111133854,"three",494.42,4767.143,"2013","4"
"2499",4,"rear",157,2019,"South Umpqua",7703,494420,4767143,-0.480795559204287,-0.811696155552367,0.281457790778131,-0.260141427287817,-0.960820709828503,1.3329547478611,-0.20120538488022,-0.0954831557975414,1.98544111133854,"three",494.42,4767.143,"2019","4"
"2757",5,"rear",45,2016,"South Umpqua",7708,495356,4766240,-0.114264781675171,-0.3601215950212,1.87944184466683,-0.635420375202664,-1.22430846782569,1.64477683238375,0.0924012405650608,-0.775800640855023,1.96764357813687,"nine",495.356,4766.24,"2016","5"
"3251",3,"rear",0,2003,"South Umpqua",7710,495593,4767744,-0.767645732922726,-0.919213908059788,0.281457790778131,-0.1282962666094,0.0166338762900883,-1.20616794039479,0.0580835830454825,0.924993071788681,2.00442514675366,"once",495.593,4767.744,"2003","3"
"3252",4,"rear",376,2003,"South Umpqua",7718,497164,4769184,-0.369242713869339,-0.919213908059788,1.00055061502805,1.48120975148373,0.0166338762900883,0.219304445994482,0.374568646837149,-0.0954831557975414,2.02696868880912,"once",497.164,4769.184,"2003","4"
"3212",6,"rear",318,2002,"South Umpqua",7725,478950,4765540,0.172585392043267,-1.56432042310431,2.79828267565283,-0.409044721962363,-1.53879385640297,1.64477683238375,-0.258401480746184,-1.11595938338376,1.72915663323443,"once",478.95,4765.54,"2002","6"
"3055",3,"rear",0,2000,"South Umpqua",7731,480975,4771503,-0.831390215971268,-0.919213908059788,-0.637383040207872,0.13930321045488,-0.748330582411418,-2.40891026641073,0.855015852111245,3.64626301201861,1.81221178817557,"once",480.975,4771.503,"2000","3"
"2503",6,"rear",685,2001,"South Umpqua",7739,482649,4766150,0.124777029756861,-1.82236302912212,1.67969383793074,-0.202214847259294,-1.28380570350247,1.55568480823442,-0.40711132999769,-0.775800640855023,1.78254923283945,"three",482.649,4766.15,"2001","6"
"2504",6,"rear",185,2004,"South Umpqua",7739,482649,4766150,0.124777029756861,-0.489142898030105,2.55858506756953,-0.202214847259294,-1.1138136015688,1.55568480823442,-0.40711132999769,-0.775800640855023,1.78254923283945,"three",482.649,4766.15,"2004","6"
"2505",6,"rear",214,2007,"South Umpqua",7739,482649,4766150,0.124777029756861,-0.940717458561272,2.47868586487509,-0.202214847259294,-1.47929662072619,1.55568480823442,-0.40711132999769,-0.775800640855023,1.78254923283945,"three",482.649,4766.15,"2007","6"
"2506",6,"rear",287,2010,"South Umpqua",7739,482649,4766150,0.124777029756861,-1.41379556959392,2.0392402500557,-0.202214847259294,-0.0173645440966453,1.55568480823442,-0.40711132999769,-0.775800640855023,1.78254923283945,"three",482.649,4766.15,"2010","6"
"2507",6,"rear",335,2013,"South Umpqua",7739,482649,4766150,0.124777029756861,-1.1772565140776,2.99803068238892,-0.202214847259294,-1.34330293917926,1.55568480823442,-0.40711132999769,-0.775800640855023,1.78254923283945,"three",482.649,4766.15,"2013","6"
"2502",6,"rear",72,2016,"South Umpqua",7739,482649,4766150,0.124777029756861,-0.3601215950212,1.87944184466683,-0.202214847259294,-1.22430846782569,1.55568480823442,-0.40711132999769,-0.775800640855023,1.78254923283945,"three",482.649,4766.15,"2016","6"
"2501",6,"rear",81,2019,"South Umpqua",7739,482649,4766150,0.124777029756861,-0.811696155552367,2.23898825679179,-0.202214847259294,-0.960820709828503,1.55568480823442,-0.40711132999769,-0.775800640855023,1.78254923283945,"three",482.649,4766.15,"2019","6"
"2597",4,"rear",8,2010,"South Umpqua",7752,484084,4772315,-0.640156766825642,-1.39229201909244,0.521155398861436,0.168799567156521,0.101629927256922,0.0411203976958234,-0.69690488238524,0.924993071788681,1.87153689884782,"nine",484.084,4772.315,"2010","4"
"1956",4,"rear",0,2012,"South Umpqua",7768,490004,4772381,-0.735773491398455,-0.532149999033073,-0.877080648291176,-0.71182660039366,-0.289351907190514,-0.00342561437884133,-0.307971430496686,0.58483432925994,1.92136999181251,"three",490.004,4772.381,"2012","4"
"1954",4,"rear",2,2015,"South Umpqua",7768,490004,4772381,-0.735773491398455,-0.833199706053851,0.0817097840420431,-0.71182660039366,-1.38580096466267,-0.00342561437884133,-0.307971430496686,0.58483432925994,1.92136999181251,"three",490.004,4772.381,"2015","4"
"1955",4,"rear",0,2018,"South Umpqua",7768,490004,4772381,-0.735773491398455,-1.22026361508057,0.0817097840420431,-0.71182660039366,-1.27530609840579,-0.00342561437884133,-0.307971430496686,0.58483432925994,1.92136999181251,"three",490.004,4772.381,"2018","4"
"1953",4,"rear",0,2021,"South Umpqua",7768,490004,4772381,-0.735773491398455,-0.962221009062756,-0.35773583077735,-0.71182660039366,-0.994819130215237,-0.00342561437884133,-0.307971430496686,0.58483432925994,1.92136999181251,"three",490.004,4772.381,"2021","4"
"1510",5,"rear",118,1999,"South Umpqua",7778,489740,4774323,-0.289562110058662,-1.24176716558205,0.601054601555871,4.89923335095815,-1.1138136015688,-1.6961740732161,-0.471933571979115,-0.775800640855023,1.94154052944108,"nine",489.74,4774.323,"1999","5"
"1511",5,"rear",355,2008,"South Umpqua",7778,489740,4774323,-0.289562110058662,-1.04823521106869,1.28019782445857,4.89923335095815,-1.31780412388921,-1.6961740732161,-0.471933571979115,-0.775800640855023,1.94154052944108,"nine",489.74,4774.323,"2008","5"
"988",3,"rear",0,2008,"South Umpqua",7813,467260,4756308,-0.799517974446997,-0.639667751540494,0.800802608291958,0.209312635397328,-1.30080491369584,-2.23072621811208,-0.292719138265762,1.9454692993749,1.95340555157553,"annual",467.26,4756.308,"2008","3"
"989",3,"rear",0,2009,"South Umpqua",7813,467260,4756308,-0.799517974446997,-0.790192605050883,1.360097027153,0.209312635397328,-1.18181044234227,-2.23072621811208,-0.292719138265762,1.9454692993749,1.95340555157553,"annual",467.26,4756.308,"2009","3"
"2053",4,"rear",2,2000,"South Umpqua",7844,456250,4751430,-0.799517974446997,-0.919213908059788,-0.797181445596741,1.408001926417,-0.748330582411418,-0.0925176385281708,-0.971446142541866,2.96594552696113,2.10765083932338,"nine",456.25,4751.43,"2000","4"
"2054",4,"rear",1,2009,"South Umpqua",7844,456250,4751430,-0.799517974446997,-0.661171302041978,0.321407392125349,1.408001926417,-1.31780412388921,-0.0925176385281708,-0.971446142541866,2.96594552696113,2.10765083932338,"nine",456.25,4751.43,"2009","4"
"2052",4,"rear",0,2018,"South Umpqua",7844,456250,4751430,-0.799517974446997,-0.940717458561272,0.401306594819783,1.408001926417,-1.40280017485604,-0.0925176385281708,-0.971446142541866,2.96594552696113,2.10765083932338,"nine",456.25,4751.43,"2018","4"
"3213",4,"rear",372,2002,"South Umpqua",7845,456991,4750768,-0.560476163014965,-1.37078846859095,0.201558588083696,-0.531650060059543,-1.39430056975936,0.174758433919818,-0.559634252306926,0.924993071788681,2.10409133268304,"once",456.991,4750.768,"2002","4"
"1604",6,"rear",329,2011,"South Umpqua",7869,445881,4739767,0.363818841188893,-0.61816420103901,0.161608986736478,-0.106973599114238,-0.408346378544082,1.60023082030909,-0.399485183882228,-0.435641898326282,2.41258190817874,"nine",445.881,4739.767,"2011","6"
"2759",6,"rear",968,2007,"South Umpqua",7881,442935,4741348,0.300074358140351,-0.467639347528621,1.51989543254187,-0.315224984983651,-1.30080491369584,1.55568480823442,-0.36516752636265,-0.0954831557975414,2.47309352106443,"nine",442.935,4741.348,"2007","6"
"2758",6,"rear",258,2016,"South Umpqua",7881,442940,4741357,0.300074358140351,-0.317114494018232,0.481205797514218,-0.315224984983651,-1.13931241685885,1.55568480823442,-0.36516752636265,-0.0954831557975414,2.47309352106443,"nine",442.94,4741.357,"2016","6"
"3328",6,"rear",313,2005,"South Umpqua",7883,440197,4742246,0.252265995853945,-0.790192605050883,1.28019782445857,-0.219628359047009,-0.442344798930816,-0.00342561437884133,-0.384232891651304,-1.11595938338376,2.51106159189467,"once",440.197,4742.246,"2005","6"
"1513",5,"rear",297,1999,"South Umpqua",7887,441203,4743232,-0.305498230820797,-1.06973876157018,-0.477584634819001,2.12160053192175,-1.24130767801906,-0.84979984379747,-0.837988585521284,-0.435641898326282,2.53479163616357,"nine",441.203,4743.232,"1999","5"
"1514",5,"rear",782,2008,"South Umpqua",7887,441203,4743232,-0.305498230820797,-0.747185504047915,0.0417601826948251,2.12160053192175,-1.37730135956599,-0.84979984379747,-0.837988585521284,-0.435641898326282,2.53479163616357,"nine",441.203,4743.232,"2008","5"
"1512",5,"rear",323,2017,"South Umpqua",7887,441206,4743243,-0.305498230820797,-0.639667751540494,0.241508189430913,2.12160053192175,-0.6038372957678,-0.84979984379747,-0.837988585521284,-0.435641898326282,2.53479163616357,"nine",441.206,4743.243,"2017","5"
"993",4,"rear",691,2013,"South Umpqua",7891,442225,4744557,-0.528603921490694,-1.19876006457908,-0.477584634819001,1.94497776950349,-1.31780412388921,-2.05254216981342,-1.18116516071707,1.26515181431742,2.55852168043247,"annual",442.225,4744.557,"2013","4"
"991",4,"rear",301,2017,"South Umpqua",7891,442178,4744561,-0.528603921490694,-0.639667751540494,-1.07682865502726,1.94497776950349,-0.6038372957678,-2.05254216981342,-1.18116516071707,1.26515181431742,2.55852168043247,"annual",442.178,4744.561,"2017","4"
"992",4,"rear",240,2018,"South Umpqua",7891,442178,4744561,-0.528603921490694,-0.940717458561272,-0.397685432124567,1.94497776950349,-1.40280017485604,-2.05254216981342,-1.18116516071707,1.26515181431742,2.55852168043247,"annual",442.178,4744.561,"2018","4"
"990",4,"rear",117,2019,"South Umpqua",7891,442225,4744557,-0.528603921490694,-0.811696155552367,-1.63612307388831,1.94497776950349,-0.960820709828503,-2.05254216981342,-1.18116516071707,1.26515181431742,2.55852168043247,"annual",442.225,4744.557,"2019","4"
"994",4,"rear",339,2020,"South Umpqua",7891,442225,4744557,-0.528603921490694,-0.639667751540494,-1.1567278577217,1.94497776950349,-0.6038372957678,-2.05254216981342,-1.18116516071707,1.26515181431742,2.55852168043247,"annual",442.225,4744.557,"2020","4"
"995",4,"rear",176,2021,"South Umpqua",7891,442225,4744557,-0.528603921490694,-0.596660650537526,-1.1567278577217,1.94497776950349,-0.374347958157348,-2.05254216981342,-1.18116516071707,1.26515181431742,2.55852168043247,"annual",442.225,4744.557,"2021","4"
"2792",4,"rear",0,1999,"South Umpqua",7894,441932,4747120,-0.608284525301371,-1.11274586257315,-0.757231844249525,-0.766910158089494,-1.14781202195554,1.51113879615976,-1.05533374981195,-0.0954831557975414,2.59293024462237,"once",441.932,4747.12,"1999","4"
"2162",4,"rear",1453,2003,"South Umpqua",7895,442022,4744901,-0.480795559204287,-0.403128696024168,0.880701810986393,-0.665627487487476,-0.510341639704283,-2.05254216981342,0.488960838569076,-0.435641898326282,2.55852168043247,"nine",442.022,4744.901,"2003","4"
"2761",5,"rear",464,2007,"South Umpqua",7926,455091,4742353,0.0769686674704542,-0.725681953546431,1.83949224331961,-0.00853395084490806,-1.46229741053282,-0.0479716264535061,-0.57488654453785,-0.775800640855023,2.40664939711151,"nine",455.091,4742.353,"2007","5"
"2760",5,"rear",590,2016,"South Umpqua",7926,455091,4742353,0.0769686674704542,-0.317114494018232,1.16034902041692,-0.00853395084490806,-1.26680649330911,-0.0479716264535061,-0.57488654453785,-0.775800640855023,2.40664939711151,"nine",455.091,4742.353,"2016","5"
"2599",4,"rear",104,2010,"South Umpqua",7937,460733,4740817,-0.560476163014965,-1.1772565140776,0.401306594819783,-0.504285970107419,0.144127952740339,1.37750075993576,-0.613017275115159,-0.435641898326282,2.50750208525433,"nine",460.733,4740.817,"2010","4"
"2598",4,"rear",113,2019,"South Umpqua",7937,460733,4740817,-0.560476163014965,-0.811696155552367,0.0417601826948251,-0.504285970107419,-0.960820709828503,1.37750075993576,-0.613017275115159,-0.435641898326282,2.50750208525433,"nine",460.733,4740.817,"2019","4"
"3214",4,"rear",0,2002,"South Umpqua",7941,461079,4739925,-0.719837370636319,-1.39229201909244,0.161608986736478,0.739180922652097,-1.45379780543614,0.48658051844247,-1.13159521096656,0.924993071788681,2.52055360960223,"once",461.079,4739.925,"2002","4"
"2670",4,"rear",0,2004,"South Umpqua",7947,461998,4744914,-0.767645732922726,-0.467639347528621,0.521155398861436,0.40157202064537,-1.13081281176217,-2.31981824226141,-0.719783320731625,0.924993071788681,2.52885912509634,"nine",461.998,4744.914,"2004","4"
"2671",4,"rear",14,2013,"South Umpqua",7947,461998,4744914,-0.767645732922726,-1.13424941307463,0.960601013680828,0.40157202064537,-1.27530609840579,-2.31981824226141,-0.719783320731625,0.924993071788681,2.52885912509634,"nine",461.998,4744.914,"2013","4"
"2164",5,"rear",270,2012,"South Umpqua",7952,464304,4743883,-0.337370472345068,-0.381625145522684,0.76085300694474,-0.470880457698332,-0.850325843571619,1.51113879615976,-0.685465663212047,-0.775800640855023,2.54191064944424,"nine",464.304,4743.883,"2012","5"
"2163",5,"rear",71,2021,"South Umpqua",7952,464304,4743883,-0.337370472345068,-0.725681953546431,0.00181058134760843,-0.470880457698332,-0.850325843571619,1.51113879615976,-0.685465663212047,-0.775800640855023,2.54191064944424,"nine",464.304,4743.883,"2021","5"
"1383",4,"rear",0,1999,"South Umpqua",7954,464605,4743575,-0.448923317680016,-1.00522811006572,0.0817097840420431,0.657799408378897,-1.21580886272901,1.02113266333845,-1.22692203740984,0.244675586731199,2.54784316051146,"three",464.605,4743.575,"1999","4"
"1384",4,"rear",35,2002,"South Umpqua",7954,464605,4743575,-0.448923317680016,-1.43529912009541,1.04050021637526,0.657799408378897,-1.42829899014609,1.02113266333845,-1.22692203740984,0.244675586731199,2.54784316051146,"three",464.605,4743.575,"2002","4"
"1385",4,"rear",0,2005,"South Umpqua",7954,464605,4743575,-0.448923317680016,-0.639667751540494,1.00055061502805,0.657799408378897,0.110129532353606,1.02113266333845,-1.22692203740984,0.244675586731199,2.54784316051146,"three",464.605,4743.575,"2005","4"
"1386",4,"rear",74,2011,"South Umpqua",7954,464605,4743575,-0.448923317680016,-0.596660650537526,-0.35773583077735,0.657799408378897,-0.15335822564358,1.02113266333845,-1.22692203740984,0.244675586731199,2.54784316051146,"three",464.605,4743.575,"2011","4"
"1387",4,"rear",82,2014,"South Umpqua",7954,464605,4743575,-0.448923317680016,-1.15575296357611,1.55984503388909,0.657799408378897,-1.30930451879252,1.02113266333845,-1.22692203740984,0.244675586731199,2.54784316051146,"three",464.605,4743.575,"2014","4"
"1382",4,"rear",0,2017,"South Umpqua",7954,464605,4743575,-0.448923317680016,-0.575157100036041,1.08044981772248,0.657799408378897,-0.790828607894835,1.02113266333845,-1.22692203740984,0.244675586731199,2.54784316051146,"three",464.605,4743.575,"2017","4"
"1381",4,"rear",67,2020,"South Umpqua",7954,464605,4743575,-0.448923317680016,-0.575157100036041,0.800802608291958,0.657799408378897,-0.790828607894835,1.02113266333845,-1.22692203740984,0.244675586731199,2.54784316051146,"three",464.605,4743.575,"2020","4"
"3253",4,"rear",23,2003,"South Umpqua",7965,450197,4734693,-0.512667800728558,-0.446135797027137,0.441256196167,3.24281746437567,-0.544340060091016,-1.38435198869345,-1.11634291873564,0.58483432925994,2.43749845466108,"once",450.197,4734.693,"2003","4"
"996",3,"rear",0,2015,"South Umpqua",7973,462029,4729813,-0.974815302830487,0.0914529655099669,0.680953804250306,-0.0838740426611462,-1.73428477362669,-2.09708818188808,-1.71499538879939,3.30610426948987,2.56445419149969,"annual",462.029,4729.813,"2015","3"
"997",3,"rear",0,2016,"South Umpqua",7973,462029,4729813,-0.974815302830487,-0.446135797027137,0.680953804250306,-0.0838740426611462,-1.49629583091956,-2.09708818188808,-1.71499538879939,3.30610426948987,2.56445419149969,"annual",462.029,4729.813,"2016","3"
"2222",3,"rear",0,2015,"South Umpqua",7974,461205,4730069,-0.847326336733403,0.0914529655099669,0.680953804250306,0.198651301649747,-1.73428477362669,-1.42889800076811,-1.54722017425923,1.60531055684616,2.55258916936524,"nine",461.205,4730.069,"2015","3"
"2672",3,"rear",270,2004,"South Umpqua",7976,460054,4729517,-0.687965129112048,-0.61816420103901,0.401306594819783,-0.475855746780536,-1.53879385640297,-0.805253831722806,-1.2345481835253,0.58483432925994,2.54428365387113,"nine",460.054,4729.517,"2004","3"
"2673",3,"rear",180,2013,"South Umpqua",7976,460054,4729517,-0.687965129112048,-1.11274586257315,0.76085300694474,-0.475855746780536,-1.53879385640297,-0.805253831722806,-1.2345481835253,0.58483432925994,2.54428365387113,"nine",460.054,4729.517,"2013","3"
"1004",5,"rear",486,1999,"South Umpqua",7999,467573,4736650,-0.464859438442152,-1.19876006457908,-0.677332641555089,1.40729117083383,-1.77678279911011,1.51113879615976,-1.08202526121606,-0.0954831557975414,2.69615593719209,"annual",467.573,4736.65,"1999","5"
"1005",5,"rear",520,2000,"South Umpqua",7999,467573,4736650,-0.464859438442152,-0.98372455956424,-0.757231844249525,1.40729117083383,-1.07981518118207,1.51113879615976,-1.08202526121606,-0.0954831557975414,2.69615593719209,"annual",467.573,4736.65,"2000","5"
"1006",5,"rear",683,2001,"South Umpqua",7999,467573,4736650,-0.464859438442152,-1.90837723112806,-0.557483837513437,1.40729117083383,-1.62378990736981,1.51113879615976,-1.08202526121606,-0.0954831557975414,2.69615593719209,"annual",467.573,4736.65,"2001","5"
"1007",5,"rear",864,2002,"South Umpqua",7999,467573,4736650,-0.464859438442152,-1.5858239736058,0.241508189430913,1.40729117083383,-1.68328714304659,1.51113879615976,-1.08202526121606,-0.0954831557975414,2.69615593719209,"annual",467.573,4736.65,"2002","5"
"1008",5,"rear",426,2003,"South Umpqua",7999,467573,4736650,-0.464859438442152,-0.661171302041978,0.521155398861436,1.40729117083383,-0.867325053764986,1.51113879615976,-1.08202526121606,-0.0954831557975414,2.69615593719209,"annual",467.573,4736.65,"2003","5"
"1009",5,"rear",141,2004,"South Umpqua",7999,467573,4736650,-0.464859438442152,-0.768689054549399,0.281457790778131,1.40729117083383,-1.57279227678971,1.51113879615976,-1.08202526121606,-0.0954831557975414,2.69615593719209,"annual",467.573,4736.65,"2004","5"
"1010",5,"rear",276,2005,"South Umpqua",7999,467573,4736650,-0.464859438442152,-0.811696155552367,0.241508189430913,1.40729117083383,-0.391347168350715,1.51113879615976,-1.08202526121606,-0.0954831557975414,2.69615593719209,"annual",467.573,4736.65,"2005","5"
"1011",5,"rear",779,2006,"South Umpqua",7999,467573,4736650,-0.464859438442152,-0.811696155552367,0.401306594819783,1.40729117083383,-1.13081281176217,1.51113879615976,-1.08202526121606,-0.0954831557975414,2.69615593719209,"annual",467.573,4736.65,"2006","5"
"1012",5,"rear",637,2009,"South Umpqua",7999,467573,4736650,-0.464859438442152,-1.13424941307463,0.521155398861436,1.40729117083383,-1.57279227678971,1.51113879615976,-1.08202526121606,-0.0954831557975414,2.69615593719209,"annual",467.573,4736.65,"2009","5"
"1013",5,"rear",316,2011,"South Umpqua",7999,467573,4736650,-0.464859438442152,-0.725681953546431,-1.07682865502726,1.40729117083383,-0.850325843571619,1.51113879615976,-1.08202526121606,-0.0954831557975414,2.69615593719209,"annual",467.573,4736.65,"2011","5"
"1014",5,"rear",277,2012,"South Umpqua",7999,467573,4736650,-0.464859438442152,-0.962221009062756,-0.477584634819001,1.40729117083383,-1.36880175446931,1.51113879615976,-1.08202526121606,-0.0954831557975414,2.69615593719209,"annual",467.573,4736.65,"2012","5"
"1015",5,"rear",532,2013,"South Umpqua",7999,467573,4736650,-0.464859438442152,-1.13424941307463,0.641004202903087,1.40729117083383,-1.57279227678971,1.51113879615976,-1.08202526121606,-0.0954831557975414,2.69615593719209,"annual",467.573,4736.65,"2013","5"
"1016",5,"rear",193,2014,"South Umpqua",7999,467573,4736650,-0.464859438442152,-1.11274586257315,0.76085300694474,1.40729117083383,-1.73428477362669,1.51113879615976,-1.08202526121606,-0.0954831557975414,2.69615593719209,"annual",467.573,4736.65,"2014","5"
"1000",5,"rear",289,2015,"South Umpqua",7999,467578,4736642,-0.464859438442152,0.0484458645069986,0.680953804250306,1.40729117083383,-1.76828319401343,1.51113879615976,-1.08202526121606,-0.0954831557975414,2.69615593719209,"annual",467.578,4736.642,"2015","5"
"1001",5,"rear",452,2016,"South Umpqua",7999,467578,4736642,-0.464859438442152,-0.424632246525653,-0.517534236166219,1.40729117083383,-1.49629583091956,1.51113879615976,-1.08202526121606,-0.0954831557975414,2.69615593719209,"annual",467.578,4736.642,"2016","5"
"1002",5,"rear",79,2017,"South Umpqua",7999,467578,4736642,-0.464859438442152,-0.489142898030105,0.321407392125349,1.40729117083383,-1.27530609840579,1.51113879615976,-1.08202526121606,-0.0954831557975414,2.69615593719209,"annual",467.578,4736.642,"2017","5"
"1003",5,"rear",23,2018,"South Umpqua",7999,467578,4736642,-0.464859438442152,-0.768689054549399,0.641004202903087,1.40729117083383,-1.47079701562951,1.51113879615976,-1.08202526121606,-0.0954831557975414,2.69615593719209,"annual",467.578,4736.642,"2018","5"
"998",5,"rear",1,2020,"South Umpqua",7999,467573,4736650,-0.464859438442152,-0.489142898030105,0.00181058134760843,1.40729117083383,-1.27530609840579,1.51113879615976,-1.08202526121606,-0.0954831557975414,2.69615593719209,"annual",467.573,4736.65,"2020","5"
"999",5,"rear",0,2021,"South Umpqua",7999,467573,4736650,-0.464859438442152,-0.725681953546431,0.00181058134760843,1.40729117083383,-0.850325843571619,1.51113879615976,-1.08202526121606,-0.0954831557975414,2.69615593719209,"annual",467.573,4736.65,"2021","5"
"3215",5,"rear",269,2002,"South Umpqua",8003,468743,4735636,-0.257689868534391,-1.5858239736058,1.00055061502805,0.887373461743472,-1.68328714304659,1.77841486860775,-0.841801658579014,-0.775800640855023,2.69140992833831,"once",468.743,4735.636,"2002","5"
"1960",3,"rear",42,2009,"South Umpqua",8008,469134,4737901,-0.687965129112048,-1.06973876157018,0.441256196167,0.261197792968888,-1.43679859524277,-0.84979984379747,-0.8646800969254,0.58483432925994,2.72581849252821,"three",469.134,4737.901,"2009","3"
"1961",3,"rear",0,2012,"South Umpqua",8008,469134,4737901,-0.687965129112048,-0.661171302041978,-0.517534236166219,0.261197792968888,-1.14781202195554,-0.84979984379747,-0.8646800969254,0.58483432925994,2.72581849252821,"three",469.134,4737.901,"2012","3"
"1958",3,"rear",7,2015,"South Umpqua",8008,469125,4737903,-0.687965129112048,0.0699494150084828,0.601054601555871,0.261197792968888,-1.63228951246649,-0.84979984379747,-0.8646800969254,0.58483432925994,2.72581849252821,"three",469.125,4737.903,"2015","3"
"1959",3,"rear",0,2018,"South Umpqua",8008,469125,4737903,-0.687965129112048,-0.897710357558304,0.481205797514218,0.261197792968888,-1.40280017485604,-0.84979984379747,-0.8646800969254,0.58483432925994,2.72581849252821,"three",469.125,4737.903,"2018","3"
"1957",3,"rear",0,2021,"South Umpqua",8008,469134,4737901,-0.687965129112048,-1.13424941307463,-0.0381390199996096,0.261197792968888,-1.57279227678971,-0.84979984379747,-0.8646800969254,0.58483432925994,2.72581849252821,"three",469.134,4737.901,"2021","3"
"2223",5,"rear",70,2015,"South Umpqua",8009,470542,4736656,-0.417051076155745,0.0699494150084828,0.800802608291958,0.0575663183900934,-1.63228951246649,0.976586651263782,-0.929502338906826,-0.435641898326282,2.71869947924754,"nine",470.542,4736.656,"2015","5"
"1606",5,"rear",6,2011,"South Umpqua",8010,469804,4736264,-0.385178834631474,-0.61816420103901,-0.956979850985612,0.0575663183900934,-0.52734084989765,0.5756725425918,-0.929502338906826,-0.435641898326282,2.70683445711309,"nine",469.804,4736.264,"2011","5"
"1605",5,"rear",66,2020,"South Umpqua",8010,469804,4736264,-0.385178834631474,-0.489142898030105,0.00181058134760843,0.0575663183900934,-1.27530609840579,0.5756725425918,-0.929502338906826,-0.435641898326282,2.70683445711309,"nine",469.804,4736.264,"2020","5"
"1963",4,"rear",66,2000,"South Umpqua",8024,474128,4735473,-0.528603921490694,-0.639667751540494,-0.956979850985612,-0.692636199648014,-0.994819130215237,1.60023082030909,-0.979072288657328,0.58483432925994,2.7649730655719,"three",474.128,4735.473,"2000","4"
"1964",4,"rear",121,2003,"South Umpqua",8024,474128,4735473,-0.528603921490694,-0.661171302041978,0.201558588083696,-0.692636199648014,-0.722831767121368,1.60023082030909,-0.979072288657328,0.58483432925994,2.7649730655719,"three",474.128,4735.473,"2003","4"
"1965",4,"rear",131,2006,"South Umpqua",8024,474128,4735473,-0.528603921490694,-0.704178403044946,0.121659385389261,-0.692636199648014,-1.15631162705222,1.60023082030909,-0.979072288657328,0.58483432925994,2.7649730655719,"three",474.128,4735.473,"2006","4"
"1966",4,"rear",289,2009,"South Umpqua",8024,474128,4735473,-0.528603921490694,-1.11274586257315,0.201558588083696,-0.692636199648014,-1.48779622582287,1.60023082030909,-0.979072288657328,0.58483432925994,2.7649730655719,"three",474.128,4735.473,"2009","4"
"1967",4,"rear",171,2012,"South Umpqua",8024,474128,4735473,-0.528603921490694,-0.682674852543462,-0.717282242902307,-0.692636199648014,-1.22430846782569,1.60023082030909,-0.979072288657328,0.58483432925994,2.7649730655719,"three",474.128,4735.473,"2012","4"
"1962",4,"rear",89,2015,"South Umpqua",8024,474127,4735473,-0.528603921490694,0.0699494150084828,0.361356993472565,-0.692636199648014,-1.66628793285323,1.60023082030909,-0.979072288657328,0.58483432925994,2.7649730655719,"three",474.127,4735.473,"2015","4"
"1024",3,"rear",340,1999,"South Umpqua",8033,479855,4733857,-0.687965129112048,-0.61816420103901,-0.877080648291176,0.352529885406498,-1.36880175446931,-1.25071395246945,-0.685465663212047,0.924993071788681,2.86463925150127,"annual",479.855,4733.857,"1999","3"
"1025",3,"rear",74,2000,"South Umpqua",8033,479855,4733857,-0.687965129112048,-0.768689054549399,-0.996929452332829,0.352529885406498,-0.790828607894835,-1.25071395246945,-0.685465663212047,0.924993071788681,2.86463925150127,"annual",479.855,4733.857,"2000","3"
"1026",3,"rear",25,2001,"South Umpqua",8033,479855,4733857,-0.687965129112048,-1.77935592811915,-0.797181445596741,0.352529885406498,-1.36880175446931,-1.25071395246945,-0.685465663212047,0.924993071788681,2.86463925150127,"annual",479.855,4733.857,"2001","3"
"1027",3,"rear",43,2002,"South Umpqua",8033,479855,4733857,-0.687965129112048,-1.45680267059689,0.161608986736478,0.352529885406498,-1.48779622582287,-1.25071395246945,-0.685465663212047,0.924993071788681,2.86463925150127,"annual",479.855,4733.857,"2002","3"
"1028",3,"rear",301,2003,"South Umpqua",8033,479855,4733857,-0.687965129112048,-0.489142898030105,0.281457790778131,0.352529885406498,-0.467843614220866,-1.25071395246945,-0.685465663212047,0.924993071788681,2.86463925150127,"annual",479.855,4733.857,"2003","3"
"1029",3,"rear",153,2004,"South Umpqua",8033,479855,4733857,-0.687965129112048,-0.295610943516748,0.00181058134760843,0.352529885406498,-1.25830688821242,-1.25071395246945,-0.685465663212047,0.924993071788681,2.86463925150127,"annual",479.855,4733.857,"2004","3"
"1030",3,"rear",108,2005,"South Umpqua",8033,479855,4733857,-0.687965129112048,-0.661171302041978,0.0417601826948251,0.352529885406498,-0.0258641491933287,-1.25071395246945,-0.685465663212047,0.924993071788681,2.86463925150127,"annual",479.855,4733.857,"2005","3"
"1031",3,"rear",334,2006,"South Umpqua",8033,479855,4733857,-0.687965129112048,-0.381625145522684,0.0817097840420431,0.352529885406498,-1.13081281176217,-1.25071395246945,-0.685465663212047,0.924993071788681,2.86463925150127,"annual",479.855,4733.857,"2006","3"
"1032",3,"rear",183,2007,"South Umpqua",8033,479855,4733857,-0.687965129112048,-0.274107393015263,-0.317786229430132,0.352529885406498,-1.55579306659634,-1.25071395246945,-0.685465663212047,0.924993071788681,2.86463925150127,"annual",479.855,4733.857,"2007","3"
"1033",3,"rear",77,2008,"South Umpqua",8033,479855,4733857,-0.687965129112048,-0.61816420103901,-0.237887026735697,0.352529885406498,-1.47079701562951,-1.25071395246945,-0.685465663212047,0.924993071788681,2.86463925150127,"annual",479.855,4733.857,"2008","3"
"1034",3,"rear",126,2009,"South Umpqua",8033,479855,4733857,-0.687965129112048,-0.919213908059788,0.241508189430913,0.352529885406498,-1.30930451879252,-1.25071395246945,-0.685465663212047,0.924993071788681,2.86463925150127,"annual",479.855,4733.857,"2009","3"
"1035",3,"rear",596,2010,"South Umpqua",8033,479855,4733857,-0.687965129112048,-1.13424941307463,-0.477584634819001,0.352529885406498,-0.0173645440966453,-1.25071395246945,-0.685465663212047,0.924993071788681,2.86463925150127,"annual",479.855,4733.857,"2010","3"
"1036",3,"rear",324,2011,"South Umpqua",8033,479855,4733857,-0.687965129112048,-0.61816420103901,-1.35647586445779,0.352529885406498,-0.382847563254032,-1.25071395246945,-0.685465663212047,0.924993071788681,2.86463925150127,"annual",479.855,4733.857,"2011","3"
"1037",3,"rear",235,2012,"South Umpqua",8033,479855,4733857,-0.687965129112048,-0.0805754385019062,-0.757231844249525,0.352529885406498,-1.02031794550529,-1.25071395246945,-0.685465663212047,0.924993071788681,2.86463925150127,"annual",479.855,4733.857,"2012","3"
"1038",3,"rear",478,2013,"South Umpqua",8033,479855,4733857,-0.687965129112048,-1.06973876157018,0.281457790778131,0.352529885406498,-1.27530609840579,-1.25071395246945,-0.685465663212047,0.924993071788681,2.86463925150127,"annual",479.855,4733.857,"2013","3"
"1039",3,"rear",44,2014,"South Umpqua",8033,479855,4733857,-0.687965129112048,-1.02673166056721,0.521155398861436,0.352529885406498,-1.53029425130629,-1.25071395246945,-0.685465663212047,0.924993071788681,2.86463925150127,"annual",479.855,4733.857,"2014","3"
"1020",3,"rear",302,2015,"South Umpqua",8033,479855,4733857,-0.687965129112048,0.0699494150084828,0.361356993472565,0.352529885406498,-1.43679859524277,-1.25071395246945,-0.685465663212047,0.924993071788681,2.86463925150127,"annual",479.855,4733.857,"2015","3"
"1021",3,"rear",391,2016,"South Umpqua",8033,479855,4733857,-0.687965129112048,-0.166589640507843,-0.83713104694396,0.352529885406498,-1.28380570350247,-1.25071395246945,-0.685465663212047,0.924993071788681,2.86463925150127,"annual",479.855,4733.857,"2016","3"
"1022",3,"rear",138,2017,"South Umpqua",8033,479855,4733857,-0.687965129112048,-0.317114494018232,0.241508189430913,0.352529885406498,-0.97781992002187,-1.25071395246945,-0.685465663212047,0.924993071788681,2.86463925150127,"annual",479.855,4733.857,"2017","3"
"1023",3,"rear",140,2018,"South Umpqua",8033,479855,4733857,-0.687965129112048,-0.811696155552367,0.521155398861436,0.352529885406498,-1.31780412388921,-1.25071395246945,-0.685465663212047,0.924993071788681,2.86463925150127,"annual",479.855,4733.857,"2018","3"
"1017",3,"rear",285,2019,"South Umpqua",8033,479855,4733857,-0.687965129112048,-0.317114494018232,-0.557483837513437,0.352529885406498,-0.97781992002187,-1.25071395246945,-0.685465663212047,0.924993071788681,2.86463925150127,"annual",479.855,4733.857,"2019","3"
"1018",3,"rear",119,2020,"South Umpqua",8033,479855,4733857,-0.687965129112048,-0.317114494018232,-0.197937425388479,0.352529885406498,-0.97781992002187,-1.25071395246945,-0.685465663212047,0.924993071788681,2.86463925150127,"annual",479.855,4733.857,"2020","3"
"1019",3,"rear",187,2021,"South Umpqua",8033,479855,4733857,-0.687965129112048,-0.61816420103901,-0.197937425388479,0.352529885406498,-0.382847563254032,-1.25071395246945,-0.685465663212047,0.924993071788681,2.86463925150127,"annual",479.855,4733.857,"2021","3"
"3173",4,"rear",520,2001,"South Umpqua",8037,478262,4732959,-0.385178834631474,-1.80085947862064,-0.35773583077735,-0.600948729418819,-1.42829899014609,1.55568480823442,-0.754100978251203,-0.0954831557975414,2.86463925150127,"once",478.262,4732.959,"2001","4"
"1047",4,"rear",65,1999,"South Umpqua",8056,479939,4738149,-0.592348404539236,-1.00522811006572,-0.317786229430132,-0.417573788960428,-1.49629583091956,1.15477069956244,0.717745222032932,-0.0954831557975414,2.85514723379371,"annual",479.939,4738.149,"1999","4"
"1048",4,"rear",289,2007,"South Umpqua",8056,479939,4738149,-0.592348404539236,-0.639667751540494,0.321407392125349,-0.417573788960428,-1.56429267169302,1.15477069956244,0.717745222032932,-0.0954831557975414,2.85514723379371,"annual",479.939,4738.149,"2007","4"
"1049",4,"rear",265,2008,"South Umpqua",8056,479939,4738149,-0.592348404539236,-0.704178403044946,0.321407392125349,-0.417573788960428,-1.57279227678971,1.15477069956244,0.717745222032932,-0.0954831557975414,2.85514723379371,"annual",479.939,4738.149,"2008","4"
"1050",4,"rear",453,2013,"South Umpqua",8056,479939,4738149,-0.592348404539236,-1.19876006457908,0.880701810986393,-0.417573788960428,-1.37730135956599,1.15477069956244,0.717745222032932,-0.0954831557975414,2.85514723379371,"annual",479.939,4738.149,"2013","4"
"1051",4,"rear",42,2014,"South Umpqua",8056,479939,4738149,-0.592348404539236,-1.13424941307463,1.1203994190697,-0.417573788960428,-1.55579306659634,1.15477069956244,0.717745222032932,-0.0954831557975414,2.85514723379371,"annual",479.939,4738.149,"2014","4"
"1043",4,"rear",139,2015,"South Umpqua",8056,479939,4738149,-0.592348404539236,0.0699494150084828,1.00055061502805,-0.417573788960428,-1.58129188188639,1.15477069956244,0.717745222032932,-0.0954831557975414,2.85514723379371,"annual",479.939,4738.149,"2015","4"
"1044",4,"rear",162,2016,"South Umpqua",8056,479939,4738149,-0.592348404539236,-0.317114494018232,-0.118038222694044,-0.417573788960428,-1.31780412388921,1.15477069956244,0.717745222032932,-0.0954831557975414,2.85514723379371,"annual",479.939,4738.149,"2016","4"
"1045",4,"rear",339,2017,"South Umpqua",8056,479939,4738149,-0.592348404539236,-0.553653549534557,0.880701810986393,-0.417573788960428,-1.10531399647212,1.15477069956244,0.717745222032932,-0.0954831557975414,2.85514723379371,"annual",479.939,4738.149,"2017","4"
"1046",4,"rear",488,2018,"South Umpqua",8056,479939,4738149,-0.592348404539236,-0.87620680705682,1.00055061502805,-0.417573788960428,-1.38580096466267,1.15477069956244,0.717745222032932,-0.0954831557975414,2.85514723379371,"annual",479.939,4738.149,"2018","4"
"1040",4,"rear",696,2019,"South Umpqua",8056,479939,4738149,-0.592348404539236,-0.553653549534557,0.121659385389261,-0.417573788960428,-1.10531399647212,1.15477069956244,0.717745222032932,-0.0954831557975414,2.85514723379371,"annual",479.939,4738.149,"2019","4"
"1041",4,"rear",483,2020,"South Umpqua",8056,479939,4738149,-0.592348404539236,-0.553653549534557,0.401306594819783,-0.417573788960428,-1.10531399647212,1.15477069956244,0.717745222032932,-0.0954831557975414,2.85514723379371,"annual",479.939,4738.149,"2020","4"
"1042",4,"rear",158,2021,"South Umpqua",8056,479939,4738149,-0.592348404539236,-0.639667751540494,0.401306594819783,-0.417573788960428,-0.476343219317549,1.15477069956244,0.717745222032932,-0.0954831557975414,2.85514723379371,"annual",479.939,4738.149,"2021","4"
"3174",5,"rear",0,2001,"South Umpqua",8071,486335,4739208,-0.40111495539361,-1.7148452766147,-0.996929452332829,0.506408469163248,-1.20730925763232,1.15477069956244,-0.925689265849095,-0.0954831557975414,2.95718642414998,"once",486.335,4739.208,"2001","5"
"1390",6,"rear",358,1999,"South Umpqua",8093,477294,4753686,0.0929047882325899,-1.00522811006572,1.00055061502805,0.147832277452945,-1.26680649330911,1.37750075993576,-0.395672110824497,-0.775800640855023,1.9130644763184,"three",477.294,4753.686,"1999","6"
"1391",6,"rear",184,2002,"South Umpqua",8093,477294,4753686,0.0929047882325899,-1.49980977159986,1.91939144601405,0.147832277452945,-1.38580096466267,1.37750075993576,-0.395672110824497,-0.775800640855023,1.9130644763184,"three",477.294,4753.686,"2002","6"
"1392",6,"rear",68,2005,"South Umpqua",8093,477294,4753686,0.0929047882325899,-0.704178403044946,1.83949224331961,0.147832277452945,0.127128742546973,1.37750075993576,-0.395672110824497,-0.775800640855023,1.9130644763184,"three",477.294,4753.686,"2005","6"
"1393",6,"rear",0,2008,"South Umpqua",8093,477294,4753686,0.0929047882325899,-0.639667751540494,1.63974423658352,0.147832277452945,-1.30080491369584,1.37750075993576,-0.395672110824497,-0.775800640855023,1.9130644763184,"three",477.294,4753.686,"2008","6"
"1394",6,"rear",911,2011,"South Umpqua",8093,477294,4753686,0.0929047882325899,-0.532149999033073,0.720903405597524,0.147832277452945,-0.000365333903278495,1.37750075993576,-0.395672110824497,-0.775800640855023,1.9130644763184,"three",477.294,4753.686,"2011","6"
"1395",6,"rear",49,2014,"South Umpqua",8093,477294,4753686,0.0929047882325899,-1.19876006457908,2.51863546622231,0.147832277452945,-1.36030214937262,1.37750075993576,-0.395672110824497,-0.775800640855023,1.9130644763184,"three",477.294,4753.686,"2014","6"
"1389",6,"rear",0,2017,"South Umpqua",8093,477294,4753686,0.0929047882325899,-0.682674852543462,1.99929064870848,0.147832277452945,-0.884324263958353,1.37750075993576,-0.395672110824497,-0.775800640855023,1.9130644763184,"three",477.294,4753.686,"2017","6"
"1388",6,"rear",28,2020,"South Umpqua",8093,477294,4753686,0.0929047882325899,-0.682674852543462,1.75959304062518,0.147832277452945,-0.884324263958353,1.37750075993576,-0.395672110824497,-0.775800640855023,1.9130644763184,"three",477.294,4753.686,"2020","6"
"3216",4,"rear",345,2002,"South Umpqua",8107,477374,4748129,-0.544540042252829,-1.45680267059689,0.76085300694474,0.653179497088278,-1.24980728311574,-0.84979984379747,-0.624456494288352,1.26515181431742,2.02459568438223,"once",477.374,4748.129,"2002","4"
"2056",5,"rear",0,2000,"South Umpqua",8115,479604,4749485,-0.289562110058662,-0.768689054549399,-0.477584634819001,-0.439251834247175,-0.790828607894835,-0.1816096626775,-0.376606745535842,-0.775800640855023,1.9842546091251,"nine",479.604,4749.485,"2000","5"
"2057",5,"rear",386,2009,"South Umpqua",8115,479604,4749485,-0.289562110058662,-0.98372455956424,0.641004202903087,-0.439251834247175,-0.969320314925187,-0.1816096626775,-0.376606745535842,-0.775800640855023,1.9842546091251,"nine",479.604,4749.485,"2009","5"
"2055",5,"rear",48,2018,"South Umpqua",8115,479604,4749485,-0.289562110058662,-1.15575296357611,0.76085300694474,-0.439251834247175,-1.22430846782569,-0.1816096626775,-0.376606745535842,-0.775800640855023,1.9842546091251,"nine",479.604,4749.485,"2018","5"
"1398",5,"rear",0,1999,"South Umpqua",8124,480576,4751441,-0.40111495539361,-1.09124231207166,0.161608986736478,1.26585080978259,-1.10531399647212,-0.226155674752164,-0.879932389156324,-0.0954831557975414,1.96645707592342,"three",480.576,4751.441,"1999","5"
"1399",5,"rear",505,2002,"South Umpqua",8124,480576,4751441,-0.40111495539361,-1.45680267059689,1.04050021637526,1.26585080978259,-1.31780412388921,-0.226155674752164,-0.879932389156324,-0.0954831557975414,1.96645707592342,"three",480.576,4751.441,"2002","5"
"1400",5,"rear",254,2008,"South Umpqua",8124,480576,4751441,-0.40111495539361,-0.768689054549399,0.76085300694474,1.26585080978259,-1.18181044234227,-0.226155674752164,-0.879932389156324,-0.0954831557975414,1.96645707592342,"three",480.576,4751.441,"2008","5"
"1401",5,"rear",650,2011,"South Umpqua",8124,480576,4751441,-0.40111495539361,-0.424632246525653,-0.118038222694044,1.26585080978259,0.0591319017735053,-0.226155674752164,-0.879932389156324,-0.0954831557975414,1.96645707592342,"three",480.576,4751.441,"2011","5"
"1397",5,"rear",0,2017,"South Umpqua",8124,480576,4751441,-0.40111495539361,-0.661171302041978,1.1203994190697,1.26585080978259,-0.841826238474935,-0.226155674752164,-0.879932389156324,-0.0954831557975414,1.96645707592342,"three",480.576,4751.441,"2017","5"
"1396",5,"rear",0,2020,"South Umpqua",8124,480576,4751441,-0.40111495539361,-0.682674852543462,1.75959304062518,1.26585080978259,-0.884324263958353,-0.226155674752164,-0.879932389156324,-0.0954831557975414,1.96645707592342,"three",480.576,4751.441,"2020","5"
"1403",5,"rear",0,1999,"South Umpqua",8142,487755,4759853,-0.480795559204287,-1.3062778170865,0.521155398861436,-0.500376814399973,-1.30930451879252,-0.0925176385281708,-0.712157174616163,-0.435641898326282,2.07680178177381,"three",487.755,4759.853,"1999","5"
"1404",5,"rear",0,2002,"South Umpqua",8142,487755,4759853,-0.480795559204287,-1.54281687260283,1.51989543254187,-0.500376814399973,-1.39430056975936,-0.0925176385281708,-0.712157174616163,-0.435641898326282,2.07680178177381,"three",487.755,4759.853,"2002","5"
"1405",5,"rear",117,2005,"South Umpqua",8142,487755,4759853,-0.480795559204287,-0.854703256555335,1.360097027153,-0.500376814399973,0.16962676803039,-0.0925176385281708,-0.712157174616163,-0.435641898326282,2.07680178177381,"three",487.755,4759.853,"2005","5"
"1406",5,"rear",635,2008,"South Umpqua",8142,487755,4759853,-0.480795559204287,-0.962221009062756,1.28019782445857,-0.500376814399973,-1.43679859524277,-0.0925176385281708,-0.712157174616163,-0.435641898326282,2.07680178177381,"three",487.755,4759.853,"2008","5"
"1407",5,"rear",416,2011,"South Umpqua",8142,487755,4759853,-0.480795559204287,-0.704178403044946,0.201558588083696,-0.500376814399973,0.0251334813867717,-0.0925176385281708,-0.712157174616163,-0.435641898326282,2.07680178177381,"three",487.755,4759.853,"2011","5"
"1408",5,"rear",17,2014,"South Umpqua",8142,487755,4759853,-0.480795559204287,-1.34928491808947,1.95934104736127,-0.500376814399973,-1.26680649330911,-0.0925176385281708,-0.712157174616163,-0.435641898326282,2.07680178177381,"three",487.755,4759.853,"2014","5"
"1402",5,"rear",0,2020,"South Umpqua",8142,487755,4759853,-0.480795559204287,-0.87620680705682,1.32014742580579,-0.500376814399973,-0.943821499635136,-0.0925176385281708,-0.712157174616163,-0.435641898326282,2.07680178177381,"three",487.755,4759.853,"2020","5"
"2674",5,"rear",556,2013,"South Umpqua",8144,488758,4758919,-0.0505202986266294,-1.15575296357611,2.75833307430561,-0.610188552000056,-1.19031004743895,1.64477683238375,0.13053197114237,-0.775800640855023,2.07561527956036,"nine",488.758,4758.919,"2013","5"
"2059",5,"rear",105,2000,"South Umpqua",8149,491091,4759023,-0.0983286609130359,-0.768689054549399,0.76085300694474,-0.136825333607465,-0.790828607894835,1.28840873578643,-0.124943923725602,-0.775800640855023,2.10765083932338,"nine",491.091,4759.023,"2000","5"
"2060",5,"rear",1403,2009,"South Umpqua",8149,491091,4759023,-0.0983286609130359,-1.22026361508057,2.07918985140292,-0.136825333607465,-1.27530609840579,1.28840873578643,-0.124943923725602,-0.775800640855023,2.10765083932338,"nine",491.091,4759.023,"2009","5"
"2058",5,"rear",597,2018,"South Umpqua",8149,491091,4759023,-0.0983286609130359,-1.37078846859095,2.11913945275014,-0.136825333607465,-1.39430056975936,1.28840873578643,-0.124943923725602,-0.775800640855023,2.10765083932338,"nine",491.091,4759.023,"2018","5"
"1608",4,"rear",403,2011,"South Umpqua",8153,491609,4760792,-0.656092887587778,-0.768689054549399,-0.397685432124567,-0.20079333609295,0.110129532353606,-0.315247698901494,-0.849427804694476,-0.435641898326282,2.13494039023261,"nine",491.609,4760.792,"2011","4"
"1607",4,"rear",0,2020,"South Umpqua",8153,491609,4760792,-0.656092887587778,-0.87620680705682,1.32014742580579,-0.20079333609295,-0.943821499635136,-0.315247698901494,-0.849427804694476,-0.435641898326282,2.13494039023261,"nine",491.609,4760.792,"2020","4"
"1660",4,"rear",70,2014,"South Umpqua",8154,491551,4760181,-0.624220646063506,-1.22026361508057,1.24024822311135,-0.20079333609295,-1.24130767801906,0.48658051844247,-0.849427804694476,-0.435641898326282,2.12663487473849,"nine",491.551,4760.181,"2014","4"
"1515",5,"rear",197,1999,"South Umpqua",8157,493008,4760111,-0.193945385485849,-1.34928491808947,0.601054601555871,-0.481897169237499,-1.26680649330911,1.55568480823442,-0.0410563164555214,-0.775800640855023,2.13849989687294,"nine",493.008,4760.111,"1999","5"
"3329",5,"rear",643,2005,"South Umpqua",8175,488631,4752867,-0.273625989296526,-0.768689054549399,0.521155398861436,0.436399044220801,-0.0258641491933287,-0.315247698901494,-1.26886584104488,-0.435641898326282,2.15392442564773,"once",488.631,4752.867,"2005","5"
"2508",4,"rear",0,2001,"South Umpqua",8177,489491,4748126,-0.672029008349913,-1.73634882711619,-1.03687905368005,-0.358936453348733,-1.0628159709887,-0.716161807573476,-1.36037959443042,0.58483432925994,2.22867406509476,"three",489.491,4748.126,"2001","4"
"2509",4,"rear",0,2004,"South Umpqua",8177,489491,4748126,-0.672029008349913,-0.338618044519716,-0.317786229430132,-0.358936453348733,-1.0628159709887,-0.716161807573476,-1.36037959443042,0.58483432925994,2.22867406509476,"three",489.491,4748.126,"2004","4"
"2510",4,"rear",0,2007,"South Umpqua",8177,489491,4748126,-0.672029008349913,-0.682674852543462,-0.597433438860654,-0.358936453348733,-1.48779622582287,-0.716161807573476,-1.36037959443042,0.58483432925994,2.22867406509476,"three",489.491,4748.126,"2007","4"
"1661",4,"rear",6,2005,"South Umpqua",8178,486595,4748535,-0.640156766825642,-0.682674852543462,-0.637383040207872,1.93822559146336,-0.0428633593866955,-0.9388918679468,-1.58535090483654,1.9454692993749,2.21443603853342,"nine",486.595,4748.535,"2005","4"
"1662",4,"rear",0,2014,"South Umpqua",8178,486595,4748535,-0.640156766825642,-1.02673166056721,-0.197937425388479,1.93822559146336,-1.26680649330911,-0.9388918679468,-1.58535090483654,1.9454692993749,2.21443603853342,"nine",486.595,4748.535,"2014","4"
"2763",4,"rear",0,2007,"South Umpqua",8180,491761,4752419,-0.703901249874184,-0.919213908059788,-0.237887026735697,0.233833703016764,-1.49629583091956,-1.29525996454412,-1.59297705095201,1.9454692993749,2.18595998541074,"nine",491.761,4752.419,"2007","4"
"2762",4,"rear",0,2016,"South Umpqua",8180,491761,4752419,-0.703901249874184,-0.317114494018232,-0.677332641555089,0.233833703016764,-1.31780412388921,-1.29525996454412,-1.59297705095201,1.9454692993749,2.18595998541074,"nine",491.761,4752.419,"2016","4"
"2601",5,"rear",0,2010,"South Umpqua",8205,496022,4746430,-0.496731679966423,-1.26327071608353,-0.0780886213468263,0.786446168933039,0.365117685254108,-0.137063650602836,-0.258401480746184,1.9454692993749,2.33545926430481,"nine",496.022,4746.43,"2010","5"
"2600",5,"rear",0,2019,"South Umpqua",8205,496022,4746430,-0.496731679966423,-0.87620680705682,0.00181058134760843,0.786446168933039,-0.943821499635136,-0.137063650602836,-0.258401480746184,1.9454692993749,2.33545926430481,"nine",496.022,4746.43,"2019","5"
"3254",4,"rear",122,2003,"South Umpqua",8227,501945,4752112,-0.496731679966423,-0.98372455956424,0.481205797514218,0.368166508236283,-0.476343219317549,-0.582523771349482,0.610979176416466,1.60531055684616,2.35207029529304,"once",501.945,4752.112,"2003","4"
"3056",5,"rear",33,2000,"South Umpqua",8229,506364,4748284,-0.22581762701012,-0.768689054549399,0.521155398861436,0.825537726007502,-0.663334531444584,-0.359793710976159,0.389820939068073,-0.0954831557975414,2.44936347679553,"once",506.364,4748.284,"2000","5"
"3057",3,"rear",0,2000,"South Umpqua",8235,509746,4745359,-0.703901249874184,-0.768689054549399,-0.557483837513437,0.314504461706792,-0.663334531444584,-1.56253603699211,-0.281279919092569,1.60531055684616,2.51343459632156,"once",509.746,4745.359,"2000","3"
"2166",4,"rear",428,2003,"South Umpqua",8236,510081,4744385,-0.448923317680016,-0.854703256555335,1.32014742580579,1.23208991958192,-0.314850722480564,-0.359793710976159,0.797819756245281,-0.0954831557975414,2.5276726228829,"nine",510.081,4744.385,"2003","4"
"2167",4,"rear",236,2012,"South Umpqua",8236,510081,4744385,-0.448923317680016,0.00543876350403035,0.281457790778131,1.23208991958192,-0.544340060091016,-0.359793710976159,0.797819756245281,-0.0954831557975414,2.5276726228829,"nine",510.081,4744.385,"2012","4"
"2165",4,"rear",127,2021,"South Umpqua",8236,510081,4744385,-0.448923317680016,-0.639667751540494,0.401306594819783,1.23208991958192,-0.476343219317549,-0.359793710976159,0.797819756245281,-0.0954831557975414,2.5276726228829,"nine",510.081,4744.385,"2021","4"
"1516",6,"rear",72,1999,"South Umpqua",8237,511962,4743784,0.0132241844219125,-1.24176716558205,0.641004202903087,0.57783940527204,-1.33480333408257,-0.137063650602836,0.237298016758836,-0.775800640855023,2.54665665829802,"nine",511.962,4743.784,"1999","6"
"2511",3,"rear",0,2007,"South Umpqua",8241,504250,4753804,-0.687965129112048,-1.11274586257315,0.0817097840420431,1.02348315592092,-1.44529820033946,-2.18618020603741,0.225858797585643,2.28562804190364,2.38647885948295,"three",504.25,4753.804,"2007","3"
"2603",5,"rear",0,2010,"South Umpqua",8254,515694,4751522,-0.0983286609130359,-1.32778136758799,0.241508189430913,0.303487750167626,-0.391347168350715,0.263850458069147,0.195354213123796,-0.0954831557975414,2.61072777782405,"nine",515.694,4751.522,"2010","5"
"2602",5,"rear",0,2019,"South Umpqua",8254,515694,4751522,-0.0983286609130359,-0.811696155552367,0.201558588083696,0.303487750167626,-0.17885704093363,0.263850458069147,0.195354213123796,-0.0954831557975414,2.61072777782405,"nine",515.694,4751.522,"2019","5"
"3365",4,"rear",9,2006,"South Umpqua",8264,522839,4757466,-0.496731679966423,-0.575157100036041,0.481205797514218,1.62371624590972,-1.23280807292237,-1.51799002491744,1.21725779259568,1.26515181431742,2.67123939070974,"once",522.839,4757.466,"2006","4"
"1056",4,"rear",0,1999,"South Umpqua",8266,525127,4754749,-0.448923317680016,-1.04823521106869,-0.437635033471785,2.18059324532503,-1.1138136015688,-1.78526609736543,0.363129427663956,0.58483432925994,2.71395347039376,"annual",525.127,4754.749,"1999","4"
"1057",4,"rear",0,2000,"South Umpqua",8266,525127,4754749,-0.448923317680016,-1.02673166056721,-0.477584634819001,2.18059324532503,-0.705832556928001,-1.78526609736543,0.363129427663956,0.58483432925994,2.71395347039376,"annual",525.127,4754.749,"2000","4"
"1058",4,"rear",0,2001,"South Umpqua",8266,525127,4754749,-0.448923317680016,-1.19876006457908,-0.237887026735697,2.18059324532503,-1.15631162705222,-1.78526609736543,0.363129427663956,0.58483432925994,2.71395347039376,"annual",525.127,4754.749,"2001","4"
"1059",4,"rear",0,2002,"South Umpqua",8266,525127,4754749,-0.448923317680016,-1.22026361508057,0.561105000208653,2.18059324532503,-1.33480333408257,-1.78526609736543,0.363129427663956,0.58483432925994,2.71395347039376,"annual",525.127,4754.749,"2002","4"
"1060",4,"rear",0,2003,"South Umpqua",8266,525127,4754749,-0.448923317680016,-0.682674852543462,0.840752209639175,2.18059324532503,-0.416845983640765,-1.78526609736543,0.363129427663956,0.58483432925994,2.71395347039376,"annual",525.127,4754.749,"2003","4"
"1061",4,"rear",0,2004,"South Umpqua",8266,525127,4754749,-0.448923317680016,-0.338618044519716,0.481205797514218,2.18059324532503,-0.773829397701468,-1.78526609736543,0.363129427663956,0.58483432925994,2.71395347039376,"annual",525.127,4754.749,"2004","4"
"1062",4,"rear",0,2005,"South Umpqua",8266,525127,4754749,-0.448923317680016,-0.10207898900339,0.481205797514218,2.18059324532503,0.19512558332044,-1.78526609736543,0.363129427663956,0.58483432925994,2.71395347039376,"annual",525.127,4754.749,"2005","4"
"1063",4,"rear",0,2006,"South Umpqua",8266,525127,4754749,-0.448923317680016,-0.209596741510811,0.76085300694474,2.18059324532503,-0.994819130215237,-1.78526609736543,0.363129427663956,0.58483432925994,2.71395347039376,"annual",525.127,4754.749,"2006","4"
"1064",4,"rear",0,2007,"South Umpqua",8266,525127,4754749,-0.448923317680016,-0.61816420103901,0.401306594819783,2.18059324532503,-1.24980728311574,-1.78526609736543,0.363129427663956,0.58483432925994,2.71395347039376,"annual",525.127,4754.749,"2007","4"
"1065",4,"rear",0,2008,"South Umpqua",8266,525127,4754749,-0.448923317680016,-1.06973876157018,0.321407392125349,2.18059324532503,-1.09681439137544,-1.78526609736543,0.363129427663956,0.58483432925994,2.71395347039376,"annual",525.127,4754.749,"2008","4"
"1066",4,"rear",0,2009,"South Umpqua",8266,525127,4754749,-0.448923317680016,-0.553653549534557,0.76085300694474,2.18059324532503,-0.884324263958353,-1.78526609736543,0.363129427663956,0.58483432925994,2.71395347039376,"annual",525.127,4754.749,"2009","4"
"1067",4,"rear",0,2010,"South Umpqua",8266,525127,4754749,-0.448923317680016,-1.11274586257315,0.0417601826948251,2.18059324532503,-0.238354276610414,-1.78526609736543,0.363129427663956,0.58483432925994,2.71395347039376,"annual",525.127,4754.749,"2010","4"
"1068",4,"rear",0,2011,"South Umpqua",8266,525127,4754749,-0.448923317680016,-0.897710357558304,-0.757231844249525,2.18059324532503,0.399116105640841,-1.78526609736543,0.363129427663956,0.58483432925994,2.71395347039376,"annual",525.127,4754.749,"2011","4"
"1069",4,"rear",0,2012,"South Umpqua",8266,525127,4754749,-0.448923317680016,0.155963617014419,-0.197937425388479,2.18059324532503,-0.433845193834132,-1.78526609736543,0.363129427663956,0.58483432925994,2.71395347039376,"annual",525.127,4754.749,"2012","4"
"1070",4,"rear",0,2013,"South Umpqua",8266,525127,4754749,-0.448923317680016,-0.919213908059788,0.960601013680828,2.18059324532503,-0.807827818088202,-1.78526609736543,0.363129427663956,0.58483432925994,2.71395347039376,"annual",525.127,4754.749,"2013","4"
"1071",4,"rear",0,2014,"South Umpqua",8266,525127,4754749,-0.448923317680016,-0.747185504047915,1.00055061502805,2.18059324532503,-0.654834926347901,-1.78526609736543,0.363129427663956,0.58483432925994,2.71395347039376,"annual",525.127,4754.749,"2014","4"
"1053",4,"rear",0,2015,"South Umpqua",8266,525127,4754749,-0.448923317680016,-0.811696155552367,0.720903405597524,2.18059324532503,-0.212855461320364,-1.78526609736543,0.363129427663956,0.58483432925994,2.71395347039376,"annual",525.127,4754.749,"2015","4"
"1054",4,"rear",0,2016,"South Umpqua",8266,525127,4754749,-0.448923317680016,-0.768689054549399,-0.237887026735697,2.18059324532503,-0.170357435836947,-1.78526609736543,0.363129427663956,0.58483432925994,2.71395347039376,"annual",525.127,4754.749,"2016","4"
"1055",4,"rear",0,2017,"South Umpqua",8266,525127,4754749,-0.448923317680016,0.220474268518872,0.840752209639175,2.18059324532503,-0.935321894538453,-1.78526609736543,0.363129427663956,0.58483432925994,2.71395347039376,"annual",525.127,4754.749,"2017","4"
"1052",4,"rear",0,2019,"South Umpqua",8266,525127,4754749,-0.448923317680016,-0.811696155552367,0.161608986736478,2.18059324532503,-0.17885704093363,-1.78526609736543,0.363129427663956,0.58483432925994,2.71395347039376,"annual",525.127,4754.749,"2019","4"
"1072",4,"rear",0,2020,"South Umpqua",8266,525127,4754749,-0.448923317680016,-0.811696155552367,0.321407392125349,2.18059324532503,-0.17885704093363,-1.78526609736543,0.363129427663956,0.58483432925994,2.71395347039376,"annual",525.127,4754.749,"2020","4"
"1073",4,"rear",0,2021,"South Umpqua",8266,525127,4754749,-0.448923317680016,-0.639667751540494,0.401306594819783,2.18059324532503,-0.476343219317549,-1.78526609736543,0.363129427663956,0.58483432925994,2.71395347039376,"annual",525.127,4754.749,"2021","4"
"2605",5,"rear",0,2001,"South Umpqua",8270,526432,4756420,-0.114264781675171,-1.54281687260283,-0.397685432124567,0.611600295472713,-1.30930451879252,-0.226155674752164,0.439390888818575,0.244675586731199,2.72581849252821,"nine",526.432,4756.42,"2001","5"
"2606",5,"rear",0,2010,"South Umpqua",8270,526432,4756420,-0.114264781675171,-1.43529912009541,-0.197937425388479,0.611600295472713,-0.561339270284383,-0.226155674752164,0.439390888818575,0.244675586731199,2.72581849252821,"nine",526.432,4756.42,"2010","5"
"2604",5,"rear",0,2019,"South Umpqua",8270,526432,4756420,-0.114264781675171,-0.811696155552367,0.00181058134760843,0.611600295472713,-0.17885704093363,-0.226155674752164,0.439390888818575,0.244675586731199,2.72581849252821,"nine",526.432,4756.42,"2019","5"
"3366",4,"rear",4,2006,"South Umpqua",8272,528171,4753658,-0.448923317680016,-0.0805754385019062,-0.35773583077735,7.17080819477605,-0.493342429510916,-1.25071395246945,0.283054893451607,2.28562804190364,2.76734606999879,"once",528.171,4753.658,"2006","4"
"3175",3,"rear",0,2001,"South Umpqua",8274,527940,4757105,-0.687965129112048,-1.45680267059689,-0.877080648291176,1.48120975148373,-1.23280807292237,-2.18618020603741,0.893146582688554,3.30610426948987,2.74836203458367,"once",527.94,4757.105,"2001","3"
"1079",5,"rear",0,1999,"South Umpqua",8275,536972,4760187,-0.273625989296526,-1.09124231207166,-0.477584634819001,2.73675948915717,-0.816327423184885,-1.02798389209613,0.580474591954618,-0.0954831557975414,2.87413126920883,"annual",536.972,4760.187,"1999","5"
"1080",5,"rear",0,2000,"South Umpqua",8275,536972,4760187,-0.273625989296526,-1.02673166056721,-0.557483837513437,2.73675948915717,-0.705832556928001,-1.02798389209613,0.580474591954618,-0.0954831557975414,2.87413126920883,"annual",536.972,4760.187,"2000","5"
"1081",5,"rear",0,2001,"South Umpqua",8275,536972,4760187,-0.273625989296526,-1.3062778170865,-0.277836628082914,2.73675948915717,-0.969320314925187,-1.02798389209613,0.580474591954618,-0.0954831557975414,2.87413126920883,"annual",536.972,4760.187,"2001","5"
"1082",5,"rear",0,2002,"South Umpqua",8275,536972,4760187,-0.273625989296526,-1.22026361508057,0.601054601555871,2.73675948915717,-1.23280807292237,-1.02798389209613,0.580474591954618,-0.0954831557975414,2.87413126920883,"annual",536.972,4760.187,"2002","5"
"1083",5,"rear",0,2003,"South Umpqua",8275,536972,4760187,-0.273625989296526,-0.768689054549399,0.920651412333611,2.73675948915717,-0.331849932673931,-1.02798389209613,0.580474591954618,-0.0954831557975414,2.87413126920883,"annual",536.972,4760.187,"2003","5"
"1084",5,"rear",0,2004,"South Umpqua",8275,536972,4760187,-0.273625989296526,-0.317114494018232,0.441256196167,2.73675948915717,-0.272352696997147,-1.02798389209613,0.580474591954618,-0.0954831557975414,2.87413126920883,"annual",536.972,4760.187,"2004","5"
"1085",5,"rear",0,2005,"South Umpqua",8275,536972,4760187,-0.273625989296526,-0.0375683374989379,0.521155398861436,2.73675948915717,0.288621239383957,-1.02798389209613,0.580474591954618,-0.0954831557975414,2.87413126920883,"annual",536.972,4760.187,"2005","5"
"1086",5,"rear",0,2006,"South Umpqua",8275,536972,4760187,-0.273625989296526,-0.274107393015263,0.920651412333611,2.73675948915717,-0.782329002798152,-1.02798389209613,0.580474591954618,-0.0954831557975414,2.87413126920883,"annual",536.972,4760.187,"2006","5"
"1087",5,"rear",0,2007,"South Umpqua",8275,536972,4760187,-0.273625989296526,-0.639667751540494,0.401306594819783,2.73675948915717,-1.03731715569865,-1.02798389209613,0.580474591954618,-0.0954831557975414,2.87413126920883,"annual",536.972,4760.187,"2007","5"
"1088",5,"rear",0,2008,"South Umpqua",8275,536972,4760187,-0.273625989296526,-1.24176716558205,0.281457790778131,2.73675948915717,-0.807827818088202,-1.02798389209613,0.580474591954618,-0.0954831557975414,2.87413126920883,"annual",536.972,4760.187,"2008","5"
"1089",5,"rear",0,2009,"South Umpqua",8275,536972,4760187,-0.273625989296526,-0.596660650537526,0.800802608291958,2.73675948915717,-0.586838085574433,-1.02798389209613,0.580474591954618,-0.0954831557975414,2.87413126920883,"annual",536.972,4760.187,"2009","5"
"1090",5,"rear",0,2010,"South Umpqua",8275,536972,4760187,-0.273625989296526,-1.04823521106869,-0.0381390199996096,2.73675948915717,0.101629927256922,-1.02798389209613,0.580474591954618,-0.0954831557975414,2.87413126920883,"annual",536.972,4760.187,"2010","5"
"1091",5,"rear",0,2011,"South Umpqua",8275,536972,4760187,-0.273625989296526,-0.811696155552367,-0.797181445596741,2.73675948915717,0.450113736220942,-1.02798389209613,0.580474591954618,-0.0954831557975414,2.87413126920883,"annual",536.972,4760.187,"2011","5"
"1092",5,"rear",0,2012,"South Umpqua",8275,536972,4760187,-0.273625989296526,0.177467167515903,-0.237887026735697,2.73675948915717,-0.20435585622368,-1.02798389209613,0.580474591954618,-0.0954831557975414,2.87413126920883,"annual",536.972,4760.187,"2012","5"
"1093",5,"rear",0,2013,"South Umpqua",8275,536972,4760187,-0.273625989296526,-0.811696155552367,1.00055061502805,2.73675948915717,-0.484842824414232,-1.02798389209613,0.580474591954618,-0.0954831557975414,2.87413126920883,"annual",536.972,4760.187,"2013","5"
"1094",5,"rear",0,2014,"South Umpqua",8275,536972,4760187,-0.273625989296526,-0.768689054549399,1.04050021637526,2.73675948915717,-0.170357435836947,-1.02798389209613,0.580474591954618,-0.0954831557975414,2.87413126920883,"annual",536.972,4760.187,"2014","5"
"1076",5,"rear",0,2015,"South Umpqua",8275,536972,4760187,-0.273625989296526,0.220474268518872,0.720903405597524,2.73675948915717,-0.935321894538453,-1.02798389209613,0.580474591954618,-0.0954831557975414,2.87413126920883,"annual",536.972,4760.187,"2015","5"
"1077",5,"rear",0,2016,"South Umpqua",8275,536972,4760187,-0.273625989296526,-0.381625145522684,-0.237887026735697,2.73675948915717,-1.18181044234227,-1.02798389209613,0.580474591954618,-0.0954831557975414,2.87413126920883,"annual",536.972,4760.187,"2016","5"
"1078",5,"rear",0,2017,"South Umpqua",8275,536972,4760187,-0.273625989296526,-0.811696155552367,0.920651412333611,2.73675948915717,-0.17885704093363,-1.02798389209613,0.580474591954618,-0.0954831557975414,2.87413126920883,"annual",536.972,4760.187,"2017","5"
"1074",5,"rear",0,2020,"South Umpqua",8275,536972,4760187,-0.273625989296526,-0.811696155552367,0.321407392125349,2.73675948915717,-0.17885704093363,-1.02798389209613,0.580474591954618,-0.0954831557975414,2.87413126920883,"annual",536.972,4760.187,"2020","5"
"1075",5,"rear",0,2021,"South Umpqua",8275,536972,4760187,-0.273625989296526,-0.639667751540494,0.401306594819783,2.73675948915717,-0.476343219317549,-1.02798389209613,0.580474591954618,-0.0954831557975414,2.87413126920883,"annual",536.972,4760.187,"2021","5"
"1409",5,"rear",0,2008,"South Umpqua",8304,514903,4770935,-0.321434351582932,-1.24176716558205,0.920651412333611,0.336893262576712,-0.986319525118553,-0.315247698901494,1.14862247755653,-0.435641898326282,2.6937829327652,"three",514.903,4770.935,"2008","5"
"1410",5,"rear",0,2011,"South Umpqua",8304,514903,4770935,-0.321434351582932,-0.962221009062756,-0.237887026735697,0.336893262576712,0.560608602477826,-0.315247698901494,1.14862247755653,-0.435641898326282,2.6937829327652,"three",514.903,4770.935,"2011","5"
"1102",6,"rear",0,1999,"South Umpqua",8306,517686,4768777,0.0450964259461834,-1.32778136758799,1.63974423658352,2.4382421442249,-0.926822289441769,-0.404339723050823,1.453668322175,-0.775800640855023,2.6807314084173,"annual",517.686,4768.777,"1999","6"
"1103",6,"rear",271,2000,"South Umpqua",8306,517686,4768777,0.0450964259461834,-1.02673166056721,1.59979463523631,2.4382421442249,-0.705832556928001,-0.404339723050823,1.453668322175,-0.775800640855023,2.6807314084173,"annual",517.686,4768.777,"2000","6"
"1104",6,"rear",205,2001,"South Umpqua",8306,517686,4768777,0.0450964259461834,-1.60732752410728,1.87944184466683,2.4382421442249,-0.97781992002187,-0.404339723050823,1.453668322175,-0.775800640855023,2.6807314084173,"annual",517.686,4768.777,"2001","6"
"1105",6,"rear",189,2003,"South Umpqua",8306,517686,4768777,0.0450964259461834,-1.09124231207166,3.31762749316666,2.4382421442249,-0.195856251126997,-0.404339723050823,1.453668322175,-0.775800640855023,2.6807314084173,"annual",517.686,4768.777,"2003","6"
"1106",6,"rear",0,2004,"South Umpqua",8306,517686,4768777,0.0450964259461834,-0.381625145522684,2.79828267565283,2.4382421442249,-0.595337690671117,-0.404339723050823,1.453668322175,-0.775800640855023,2.6807314084173,"annual",517.686,4768.777,"2004","6"
"1107",6,"rear",941,2005,"South Umpqua",8306,517686,4768777,0.0450964259461834,-0.661171302041978,2.83823227700005,2.4382421442249,0.509610971897726,-0.404339723050823,1.453668322175,-0.775800640855023,2.6807314084173,"annual",517.686,4768.777,"2005","6"
"1108",6,"rear",36,2006,"South Umpqua",8306,517686,4768777,0.0450964259461834,-0.661171302041978,3.19777868912501,2.4382421442249,-0.57833848047775,-0.404339723050823,1.453668322175,-0.775800640855023,2.6807314084173,"annual",517.686,4768.777,"2006","6"
"1109",6,"rear",296,2007,"South Umpqua",8306,517686,4768777,0.0450964259461834,-1.15575296357611,2.67843387161118,2.4382421442249,-1.29230530859916,-0.404339723050823,1.453668322175,-0.775800640855023,2.6807314084173,"annual",517.686,4768.777,"2007","6"
"1110",6,"rear",93,2008,"South Umpqua",8306,517686,4768777,0.0450964259461834,-1.24176716558205,2.59853466891675,2.4382421442249,-0.986319525118553,-0.404339723050823,1.453668322175,-0.775800640855023,2.6807314084173,"annual",517.686,4768.777,"2008","6"
"1111",6,"rear",981,2009,"South Umpqua",8306,517686,4768777,0.0450964259461834,-0.854703256555335,3.11787948643057,2.4382421442249,-0.765329792604785,-0.404339723050823,1.453668322175,-0.775800640855023,2.6807314084173,"annual",517.686,4768.777,"2009","6"
"1112",6,"rear",418,2010,"South Umpqua",8306,517686,4768777,0.0450964259461834,-1.43529912009541,2.11913945275014,2.4382421442249,0.229124003707173,-0.404339723050823,1.453668322175,-0.775800640855023,2.6807314084173,"annual",517.686,4768.777,"2010","6"
"1113",6,"rear",602,2011,"South Umpqua",8306,517686,4768777,0.0450964259461834,-0.962221009062756,1.20029862176413,2.4382421442249,0.560608602477826,-0.404339723050823,1.453668322175,-0.775800640855023,2.6807314084173,"annual",517.686,4768.777,"2011","6"
"1114",6,"rear",432,2012,"South Umpqua",8306,517686,4768777,0.0450964259461834,-0.209596741510811,1.87944184466683,2.4382421442249,-0.15335822564358,-0.404339723050823,1.453668322175,-0.775800640855023,2.6807314084173,"annual",517.686,4768.777,"2012","6"
"1115",6,"rear",14,2013,"South Umpqua",8306,517686,4768777,0.0450964259461834,-1.11274586257315,3.31762749316666,2.4382421442249,-0.671834136541267,-0.404339723050823,1.453668322175,-0.775800640855023,2.6807314084173,"annual",517.686,4768.777,"2013","6"
"1116",6,"rear",11,2014,"South Umpqua",8306,517686,4768777,0.0450964259461834,-1.1772565140776,3.3975266958611,2.4382421442249,-0.6038372957678,-0.404339723050823,1.453668322175,-0.775800640855023,2.6807314084173,"annual",517.686,4768.777,"2014","6"
"1098",6,"rear",4,2015,"South Umpqua",8306,517686,4768777,0.0450964259461834,-0.98372455956424,3.11787948643057,2.4382421442249,-0.969320314925187,-0.404339723050823,1.453668322175,-0.775800640855023,2.6807314084173,"annual",517.686,4768.777,"2015","6"
"1099",6,"rear",162,2016,"South Umpqua",8306,517686,4768777,0.0450964259461834,-0.489142898030105,1.87944184466683,2.4382421442249,-0.994819130215237,-0.404339723050823,1.453668322175,-0.775800640855023,2.6807314084173,"annual",517.686,4768.777,"2016","6"
"1100",6,"rear",0,2017,"South Umpqua",8306,517686,4768777,0.0450964259461834,-0.768689054549399,3.23772829047222,2.4382421442249,-0.357348747963981,-0.404339723050823,1.453668322175,-0.775800640855023,2.6807314084173,"annual",517.686,4768.777,"2017","6"
"1101",6,"rear",7,2018,"South Umpqua",8306,517686,4768777,0.0450964259461834,-1.3062778170865,3.23772829047222,2.4382421442249,-1.1138136015688,-0.404339723050823,1.453668322175,-0.775800640855023,2.6807314084173,"annual",517.686,4768.777,"2018","6"
"1095",6,"rear",0,2019,"South Umpqua",8306,517686,4768777,0.0450964259461834,-0.768689054549399,2.39878666218066,2.4382421442249,-0.357348747963981,-0.404339723050823,1.453668322175,-0.775800640855023,2.6807314084173,"annual",517.686,4768.777,"2019","6"
"1096",6,"rear",0,2020,"South Umpqua",8306,517686,4768777,0.0450964259461834,-0.768689054549399,2.63848427026396,2.4382421442249,-0.357348747963981,-0.404339723050823,1.453668322175,-0.775800640855023,2.6807314084173,"annual",517.686,4768.777,"2020","6"
"1097",6,"rear",0,2021,"South Umpqua",8306,517686,4768777,0.0450964259461834,-0.639667751540494,0.401306594819783,2.4382421442249,-0.476343219317549,-0.404339723050823,1.453668322175,-0.775800640855023,2.6807314084173,"annual",517.686,4768.777,"2021","6"
"1373",5,"rear",0,1999,"North Umpqua",8329,475578,4804024,-0.209881506247984,-0.98372455956424,2.51863546622231,-0.647147842325003,-1.28380570350247,1.73386885653308,2.06376001141195,-1.11595938338376,1.19404413497074,"three",475.578,4804.024,"1999","5"
"1374",5,"rear",0,2014,"North Umpqua",8329,475578,4804024,-0.209881506247984,-1.3062778170865,4.03672031741657,-0.647147842325003,-1.13081281176217,1.73386885653308,2.06376001141195,-1.11595938338376,1.19404413497074,"three",475.578,4804.024,"2014","5"
"1372",5,"rear",0,2020,"North Umpqua",8329,475578,4804024,-0.209881506247984,-0.962221009062756,0.720903405597524,-0.647147842325003,-0.875824658861669,1.73386885653308,2.06376001141195,-1.11595938338376,1.19404413497074,"three",475.578,4804.024,"2020","5"
"2047",5,"rear",0,2018,"North Umpqua",8330,474072,4803324,-0.178009264723713,-1.26327071608353,4.11661952011101,-0.647147842325003,-1.20730925763232,1.77841486860775,2.06376001141195,-1.11595938338376,1.17031409070184,"nine",474.072,4803.324,"2018","5"
"1933",4,"rear",0,2009,"North Umpqua",8333,476308,4791651,-0.719837370636319,-0.897710357558304,2.27893785813901,-0.488649347277633,-1.30080491369584,-0.00342561437884133,-1.05914682286968,-0.435641898326282,1.29252381868667,"three",476.308,4791.651,"2009","4"
"1934",4,"rear",0,2012,"North Umpqua",8333,476308,4791651,-0.719837370636319,-0.725681953546431,1.16034902041692,-0.488649347277633,-0.833326633378252,-0.00342561437884133,-1.05914682286968,-0.435641898326282,1.29252381868667,"three",476.308,4791.651,"2012","4"
"1932",4,"rear",0,2021,"North Umpqua",8333,476308,4791651,-0.719837370636319,-0.962221009062756,0.720903405597524,-0.488649347277633,-0.875824658861669,-0.00342561437884133,-1.05914682286968,-0.435641898326282,1.29252381868667,"three",476.308,4791.651,"2021","4"
"2048",4,"rear",28,2009,"North Umpqua",8336,487664,4795988,-0.464859438442152,-0.87620680705682,1.7995426419724,-0.76726553588108,-1.29230530859916,1.55568480823442,2.8721314996509,-0.435641898326282,1.43253107987318,"nine",487.664,4795.988,"2009","4"
"3363",5,"rear",0,2006,"North Umpqua",8342,497679,4781740,0.188521512805403,-0.489142898030105,2.23898825679179,0.0110118276923235,-0.450844404027499,0.263850458069147,-0.208831530995682,-0.435641898326282,1.71373210445964,"once",497.679,4781.74,"2006","5"
"2594",5,"rear",0,2001,"North Umpqua",8344,500421,4777578,-0.0186480571023586,-1.32778136758799,0.441256196167,0.482242779335398,-0.399846773447398,-0.137063650602836,0.187728067008334,-0.775800640855023,1.79797376161423,"nine",500.421,4777.578,"2001","5"
"2595",5,"rear",78,2010,"North Umpqua",8344,500421,4777578,-0.0186480571023586,-1.06973876157018,0.76085300694474,0.482242779335398,1.21507819492245,-0.137063650602836,0.187728067008334,-0.775800640855023,1.79797376161423,"nine",500.421,4777.578,"2010","5"
"2593",5,"rear",76,2019,"North Umpqua",8344,500421,4777578,-0.0186480571023586,-0.962221009062756,0.720903405597524,0.482242779335398,-0.875824658861669,-0.137063650602836,0.187728067008334,-0.775800640855023,1.79797376161423,"nine",500.421,4777.578,"2019","5"
"1938",5,"rear",0,2000,"North Umpqua",8345,501966,4777071,-0.0505202986266294,-0.510646448531589,-0.0381390199996096,4.70448632116901,-0.918322684345086,-0.983437880021464,0.275428747336145,-0.0954831557975414,1.82170380588313,"three",501.966,4777.071,"2000","5"
"1939",5,"rear",0,2003,"North Umpqua",8345,501966,4777071,-0.0505202986266294,-0.811696155552367,1.51989543254187,4.70448632116901,0.849595175765062,-0.983437880021464,0.275428747336145,-0.0954831557975414,1.82170380588313,"three",501.966,4777.071,"2003","5"
"1940",5,"rear",0,2006,"North Umpqua",8345,501966,4777071,-0.0505202986266294,-0.166589640507843,1.360097027153,4.70448632116901,-0.0768617797734291,-0.983437880021464,0.275428747336145,-0.0954831557975414,1.82170380588313,"three",501.966,4777.071,"2006","5"
"1941",5,"rear",0,2009,"North Umpqua",8345,501966,4777071,-0.0505202986266294,0.327992021026292,1.40004662850022,4.70448632116901,0.458613341317625,-0.983437880021464,0.275428747336145,-0.0954831557975414,1.82170380588313,"three",501.966,4777.071,"2009","5"
"1942",5,"rear",48,2012,"North Umpqua",8345,501966,4777071,-0.0505202986266294,0.758063031055975,0.161608986736478,4.70448632116901,1.17258016943903,-0.983437880021464,0.275428747336145,-0.0954831557975414,1.82170380588313,"three",501.966,4777.071,"2012","5"
"1936",5,"rear",0,2015,"North Umpqua",8345,501967,4777071,-0.0505202986266294,-0.639667751540494,1.40004662850022,4.70448632116901,-0.0768617797734291,-0.983437880021464,0.275428747336145,-0.0954831557975414,1.82170380588313,"three",501.967,4777.071,"2015","5"
"1937",5,"rear",0,2018,"North Umpqua",8345,501967,4777071,-0.0505202986266294,-1.19876006457908,1.55984503388909,4.70448632116901,-0.646335321251217,-0.983437880021464,0.275428747336145,-0.0954831557975414,1.82170380588313,"three",501.967,4777.071,"2018","5"
"1935",5,"rear",0,2021,"North Umpqua",8345,501966,4777071,-0.0505202986266294,-0.962221009062756,0.720903405597524,4.70448632116901,-0.875824658861669,-0.983437880021464,0.275428747336145,-0.0954831557975414,1.82170380588313,"three",501.966,4777.071,"2021","5"
"1943",3,"rear",0,2000,"North Umpqua",8366,513788,4803098,-0.863262457495539,-0.510646448531589,-1.59617347254109,0.136460188122192,-0.918322684345086,-1.07252990417079,-0.269840699919377,3.64626301201861,1.88577492540916,"three",513.788,4803.098,"2000","3"
"1944",3,"rear",0,2003,"North Umpqua",8366,513788,4803098,-0.863262457495539,-0.704178403044946,-0.317786229430132,0.136460188122192,0.662603863638027,-1.07252990417079,-0.269840699919377,3.64626301201861,1.88577492540916,"three",513.788,4803.098,"2003","3"
"1945",3,"rear",119,2006,"North Umpqua",8366,513788,4803098,-0.863262457495539,0.0699494150084828,-0.517534236166219,0.136460188122192,-0.416845983640765,-1.07252990417079,-0.269840699919377,3.64626301201861,1.88577492540916,"three",513.788,4803.098,"2006","3"
"2754",6,"rear",1065,2016,"North Umpqua",8367,508570,4810884,0.0450964259461834,-0.61816420103901,-0.557483837513437,0.0817320082179434,-1.36880175446931,-0.0479716264535061,-0.796044781886243,-0.775800640855023,1.81458479260246,"nine",508.57,4810.884,"2016","6"
"3247",6,"rear",73,2003,"North Umpqua",8368,507566,4807850,0.0610325467083188,-0.403128696024168,1.75959304062518,0.254445614928754,0.977089252215313,-0.0925176385281708,-0.803670928001705,-0.775800640855023,1.81339829038902,"once",507.566,4807.85,"2003","6"
"2148",6,"rear",0,2003,"North Umpqua",8369,509910,4812322,-0.241753747772255,-0.446135797027137,0.76085300694474,2.42082863243719,0.892093201248479,-0.805253831722806,-0.578699617595581,-0.0954831557975414,1.88458842319572,"nine",509.91,4812.322,"2003","6"
"2149",4,"rear",0,2003,"North Umpqua",8370,506671,4814909,-0.464859438442152,-0.510646448531589,-0.0780886213468263,1.42470468262155,0.790097940088278,-0.582523771349482,-0.994324580888251,0.58483432925994,1.91662398295873,"nine",506.671,4814.909,"2003","4"
"2049",4,"rear",2,2000,"North Umpqua",8372,504189,4795351,-0.512667800728558,-0.510646448531589,-0.197937425388479,0.318413617414239,-0.918322684345086,0.664764566741129,0.0390182177568279,-0.0954831557975414,1.69356156683108,"nine",504.189,4795.351,"2000","4"
"2050",4,"rear",132,2009,"North Umpqua",8372,504189,4795351,-0.512667800728558,0.241977819020356,1.00055061502805,0.318413617414239,-0.102360595063479,0.664764566741129,0.0390182177568279,-0.0954831557975414,1.69356156683108,"nine",504.189,4795.351,"2009","4"
"2150",5,"rear",0,2012,"North Umpqua",8382,519567,4812015,-0.162073143961578,0.564531076542618,-0.797181445596741,0.492193357499807,-0.0598625695800623,0.352942482218476,0.122905825026908,-0.775800640855023,2.16460294556873,"nine",519.567,4812.015,"2012","5"
"2151",5,"rear",0,2003,"North Umpqua",8384,528027,4804159,-0.22581762701012,-1.04823521106869,1.47994583119466,1.86572852197981,-0.433845193834132,-0.627069783424147,0.782567464014357,-0.0954831557975414,2.07324227513347,"nine",528.027,4804.159,"2003","5"
"2152",5,"rear",0,2012,"North Umpqua",8384,528027,4804159,-0.22581762701012,0.392502672530745,0.0417601826948251,1.86572852197981,-0.374347958157348,-0.627069783424147,0.782567464014357,-0.0954831557975414,2.07324227513347,"nine",528.027,4804.159,"2012","5"
"2755",5,"rear",0,2007,"North Umpqua",8389,534948,4808729,-0.034584177864494,-0.87620680705682,0.680953804250306,-0.726752467640273,-1.22430846782569,0.0856664097704881,0.549970007492771,-0.0954831557975414,2.20019801197208,"nine",534.948,4808.729,"2007","5"
"3248",6,"rear",0,2003,"North Umpqua",8392,533177,4809002,0.379754961951028,-1.02673166056721,2.9580810810417,-0.657453798280997,-0.416845983640765,0.0856664097704881,0.191541140066065,-0.775800640855023,2.18240047877041,"once",533.177,4809.002,"2003","6"
"3249",4,"rear",0,2003,"North Umpqua",8394,527416,4812536,-0.640156766825642,-1.06973876157018,0.641004202903087,-0.391986587966234,-0.0598625695800623,0.48658051844247,-0.0944393392637542,0.244675586731199,2.28799917576701,"once",527.416,4812.536,"2003","4"
"2153",4,"rear",0,2003,"North Umpqua",8401,532728,4819198,-0.321434351582932,-1.06973876157018,1.47994583119466,-0.658519931655755,-0.255353486803781,1.46659278408509,-0.0677478278596378,-0.435641898326282,2.33545926430481,"nine",532.728,4819.198,"2003","4"
"2154",4,"rear",0,2012,"North Umpqua",8401,532728,4819198,-0.321434351582932,0.414006223032229,-0.197937425388479,-0.658519931655755,-0.331849932673931,1.46659278408509,-0.0677478278596378,-0.435641898326282,2.33545926430481,"nine",532.728,4819.198,"2012","4"
"1506",4,"rear",0,1999,"North Umpqua",8402,533161,4818278,-0.305498230820797,-0.790192605050883,0.0817097840420431,-0.658519931655755,-0.688833346734634,1.77841486860775,-0.0677478278596378,-0.435641898326282,2.32359424217036,"nine",533.161,4818.278,"1999","4"
"1507",4,"rear",0,2008,"North Umpqua",8402,533161,4818278,-0.305498230820797,-1.3062778170865,0.601054601555871,-0.658519931655755,-0.875824658861669,1.77841486860775,-0.0677478278596378,-0.435641898326282,2.32359424217036,"nine",533.161,4818.278,"2008","4"
"1505",4,"rear",0,2017,"North Umpqua",8402,533161,4818278,-0.305498230820797,-0.833199706053851,0.960601013680828,-0.658519931655755,-1.67478753794991,1.77841486860775,-0.0677478278596378,-0.435641898326282,2.32359424217036,"nine",533.161,4818.278,"2017","4"
"2596",5,"rear",0,2001,"North Umpqua",8407,525995,4792951,-0.385178834631474,-1.47830622109838,1.04050021637526,0.230990680684076,-1.18181044234227,-2.05254216981342,1.07236101640191,0.58483432925994,2.06256375521247,"nine",525.995,4792.951,"2001","5"
"3",5,"rear",425,2001,"Nestucca",11325,429222,4998981,0.347882720426757,-0.919213908059788,-1.43637506715222,-0.745587490594333,0.322619659770691,0.0856664097704881,-0.502438156440963,-0.0954831557975414,-1.02352850195794,"once",429.222,4998.981,"2001","5"
"4",4,"rear",219,2001,"Nestucca",11326,429763,4998083,-0.385178834631474,-0.919213908059788,-0.477584634819001,3.12483203756911,0.322619659770691,-0.448885735125488,-1.23073511046757,-1.11595938338376,-1.00810397318315,"once",429.763,4998.083,"2001","4"
"5",6,"rear",814,2001,"Nestucca",11327,430227,4997347,2.37177005721796,-0.919213908059788,-1.03687905368005,-0.440317967621934,0.322619659770691,-0.1816096626775,-0.628269567346083,-0.0954831557975414,-0.997425453262146,"once",430.227,4997.347,"2001","6"
"6",6,"rear",713,2001,"Nestucca",11328,431317,4996373,2.22834497035874,-0.919213908059788,-1.75597187792996,2.48053210142364,0.322619659770691,-0.315247698901494,0.275428747336145,0.924993071788681,-0.978441417847027,"once",431.317,4996.373,"2001","6"
"7",2,"rear",215,2001,"Nestucca",11329,432964,4995886,-0.879198578257674,-0.510646448531589,-0.597433438860654,-0.125453244276712,0.475612551510992,-0.226155674752164,0.496586984684538,-0.435641898326282,-0.953524871364682,"once",432.964,4995.886,"2001","2"
"8",4,"rear",0,2001,"Nestucca",11330,439087,4994496,-0.241753747772255,-0.682674852543462,-1.55622387119387,-0.367110142555212,0.407615710737525,0.130212421845153,2.15527376479749,-0.775800640855023,-0.858604694289083,"once",439.087,4994.496,"2001","4"
"9",4,"rear",552,2001,"Nestucca",11331,429515,5004152,0.204457633567538,-1.1772565140776,-1.396425465805,-0.443871745537794,0.0591319017735053,-0.0925176385281708,0.511839276915462,0.924993071788681,-0.984373928914251,"once",429.515,5004.152,"2001","4"
"10",6,"rear",0,2001,"Nestucca",11332,431457,5009335,2.56300350636359,-1.04823521106869,-0.397685432124567,0.25480099272034,0.19512558332044,1.64477683238375,0.530904642204117,-0.775800640855023,-0.925048818242002,"once",431.457,5009.335,"2001","6"
"11",6,"rear",0,2001,"Nestucca",11333,433394,5006915,2.27615333264515,-1.04823521106869,-0.35773583077735,0.809545725386131,0.19512558332044,-0.0479716264535061,0.508026203857731,-0.775800640855023,-0.883521240771428,"once",433.394,5006.915,"2001","6"
"12",6,"rear",0,2001,"Nestucca",11334,434787,5004841,2.10085600426166,-0.768689054549399,-0.717282242902307,-0.393408099132578,0.756099519701544,1.02113266333845,0.641483760878313,-0.775800640855023,-0.850299178794968,"once",434.787,5004.841,"2001","6"
"13",5,"rear",49,2001,"Nestucca",11335,436803,5002263,0.61879677338306,-0.768689054549399,-1.43637506715222,0.826959237173847,0.756099519701544,-0.270701686826829,0.671988345340161,-0.0954831557975414,-0.795720076976499,"once",436.803,5002.263,"2001","5"
"14",4,"rear",923,2001,"Nestucca",11337,439793,5019124,0.905646947101499,-1.13424941307463,-1.23662706041613,-0.172718490557654,0.305620449577324,-0.270701686826829,-0.475746645036846,-0.435641898326282,-0.675883353418556,"once",439.793,5019.124,"2001","4"
"15",3,"rear",0,2001,"Nestucca",11338,437226,5013191,-0.448923317680016,-1.13424941307463,-1.43637506715222,-0.133271555691604,0.305620449577324,-0.760707819648141,-0.712157174616163,0.244675586731199,-0.793347072549609,"once",437.226,5013.191,"2001","3"
"16",4,"rear",108,2001,"Nestucca",11340,440993,5013263,0.220393754329674,-1.13424941307463,-1.19667745906892,0.910828395988149,0.305620449577324,-0.315247698901494,0.0580835830454825,0.244675586731199,-0.700799899900901,"once",440.993,5013.263,"2001","4"
"17",7,"rear",3,2001,"Nestucca",11341,440534,5014576,4.47533799781984,-1.13424941307463,0.401306594819783,-0.52383174864465,0.305620449577324,0.0856664097704881,0.218232651470181,-1.11595938338376,-0.72690294859669,"once",440.534,5014.576,"2001","7"
"18",5,"rear",644,2001,"Nestucca",11342,447855,5017800,0.475371686523841,-0.61816420103901,-1.99566948601327,-0.413664633252981,1.0365864878921,1.28840873578643,-0.0791870470328306,-0.435641898326282,-0.575030665275732,"once",447.855,5017.8,"2001","5"
"19",7,"rear",58,2001,"Nestucca",11343,444530,5014120,4.12474334105286,-0.682674852543462,-0.956979850985612,2.14185706604215,1.0365864878921,-0.0479716264535061,0.195354213123796,-0.775800640855023,-0.652153309149656,"once",444.53,5014.12,"2001","7"
"20",7,"rear",53,2001,"Nestucca",11344,447731,5012245,3.6466597181888,-0.854703256555335,-0.397685432124567,0.194386768150715,0.815596755378328,-0.00342561437884133,0.17247577477741,-1.11595938338376,-0.583336180769847,"once",447.731,5012.245,"2001","7"
"21",2,"rear",414,2001,"Nestucca",11345,448193,5011196,-0.879198578257674,-0.854703256555335,-0.0780886213468263,-0.549774327430431,0.815596755378328,-0.716161807573476,2.26203981041395,-1.11595938338376,-0.565538647568172,"once",448.193,5011.196,"2001","2"
"22",4,"rear",391,2001,"Nestucca",11346,446850,5010180,-0.0186480571023586,-0.682674852543462,-1.11677825637448,0.816653281217852,1.0365864878921,-0.84979984379747,1.39647222630904,0.58483432925994,-0.540622101085828,"once",446.85,5010.18,"2001","4"
"23",7,"rear",73,2001,"Nestucca",11347,448350,5011167,3.48729851056745,-0.854703256555335,-0.277836628082914,-0.411887744295051,0.815596755378328,0.0856664097704881,0.0695228022186753,-1.11595938338376,-0.564352145354727,"once",448.35,5011.167,"2001","7"
"24",1,"rear",0,2001,"Nestucca",11348,449272,5008658,-1.02262366511689,-0.98372455956424,-0.597433438860654,0.160270500158456,0.0421326915801385,-1.60708204906677,0.248737235932029,-0.775800640855023,-0.516892056816928,"once",449.272,5008.658,"2001","1"
"25",5,"rear",0,2001,"Nestucca",11349,448009,5007956,-0.130200902437307,-0.98372455956424,-1.63612307388831,0.573930249564594,0.0421326915801385,-1.07252990417079,1.31639769209669,0.58483432925994,-0.497908021401808,"once",448.009,5007.956,"2001","5"
"26",6,"rear",1030,2001,"Nestucca",11350,454088,5012485,2.57893962712572,-0.704178403044946,-0.637383040207872,0.23596596976628,0.603106627961243,0.0411203976958234,-0.166887727360642,-0.775800640855023,-0.436209906302669,"once",454.088,5012.485,"2001","6"
"27",1,"rear",2430,2001,"Nestucca",11351,455191,5013129,-1.08636814816544,-0.704178403044946,-0.797181445596741,0.294247927586389,0.603106627961243,-0.582523771349482,-1.28793120633353,-0.0954831557975414,-0.413666364247215,"once",455.191,5013.129,"2001","1"
"28",2,"rear",1421,2001,"Nestucca",11352,457317,5014297,-1.11824038968971,-0.553653549534557,-0.83713104694396,1.50573081910316,0.637105048347977,-0.582523771349482,-0.185953092649296,-0.775800640855023,-0.375698293416975,"once",457.317,5014.297,"2001","2"
"29",5,"rear",2195,2001,"Nestucca",11353,460381,5015089,1.49528341530051,-0.553653549534557,-1.11677825637448,0.158848988992112,0.637105048347977,-0.0925176385281708,-0.319410649669878,-0.435641898326282,-0.309254169464056,"once",460.381,5015.089,"2001","5"
"30",6,"rear",549,2001,"Nestucca",11354,436810,4995034,1.49528341530051,-0.510646448531589,-0.877080648291176,-0.473368102239434,0.475612551510992,0.0856664097704881,0.595726884185542,-0.775800640855023,-0.891826756265543,"once",436.81,4995.034,"2001","6"
"31",7,"rear",0,2001,"Nestucca",11355,437077,5014014,4.6346992054412,-1.13424941307463,0.361356993472565,-0.311315829276205,0.305620449577324,0.0411203976958234,0.244924162874298,-1.11595938338376,-0.780295548201715,"once",437.077,5014.014,"2001","7"
"32",5,"rear",3829,2002,"Nestucca",11356,458894,5014151,1.670580743684,1.20963759158714,0.00181058134760843,-0.222116003588112,0.348118475060741,-0.00342561437884133,-0.300345284381224,-0.775800640855023,-0.351968249148075,"once",458.894,5014.151,"2002","5"
"33",6,"rear",3512,2002,"Nestucca",11358,456625,5013927,2.24428109112088,1.20963759158714,0.121659385389261,1.50573081910316,0.348118475060741,-0.0479716264535061,-0.185953092649296,-0.775800640855023,-0.38874981776487,"once",456.625,5013.927,"2002","6"
"34",6,"rear",3048,2002,"Nestucca",11362,454565,5012643,2.56300350636359,0.951594985569333,0.361356993472565,0.23596596976628,0.280121634287274,-0.0479716264535061,-0.166887727360642,-0.775800640855023,-0.426717888595109,"once",454.565,5012.643,"2002","6"
"280",5,"rear",0,2018,"Nestucca",16009,434460,4995689,1.63870850215973,1.25264469259011,-0.0381390199996096,-0.313803473817307,0.688102678928077,0.5756725425918,0.580474591954618,-1.11595938338376,-0.936913840376452,"annual",434.46,4995.689,"2018","5"
"279",5,"rear",0,2019,"Nestucca",16009,434460,4995689,1.63870850215973,1.03760918757527,-1.19667745906892,-0.313803473817307,2.06503870459079,0.5756725425918,0.580474591954618,-1.11595938338376,-0.936913840376452,"annual",434.46,4995.689,"2019","5"
"281",5,"rear",0,2020,"Nestucca",16009,434460,4995689,1.63870850215973,1.25264469259011,-0.677332641555089,-0.313803473817307,1.52956358349973,0.5756725425918,0.580474591954618,-1.11595938338376,-0.936913840376452,"annual",434.46,4995.689,"2020","5"
"282",5,"rear",0,2021,"Nestucca",16009,434460,4995689,1.63870850215973,0.112956516011451,-0.757231844249525,-0.313803473817307,1.73355410582014,0.5756725425918,0.580474591954618,-1.11595938338376,-0.936913840376452,"annual",434.46,4995.689,"2021","5"
"290",5,"rear",1219,2007,"Nestucca",16010,457210,5014457,0.953455309387905,0.177467167515903,-0.397685432124567,2.34833156295364,-0.884324263958353,-0.404339723050823,-0.105878558436947,-0.0954831557975414,-0.37451179120353,"annual",457.21,5014.457,"2007","5"
"291",5,"rear",431,2008,"Nestucca",16010,457210,5014457,0.953455309387905,2.3493257681658,-0.717282242902307,2.34833156295364,0.0421326915801385,-0.404339723050823,-0.105878558436947,-0.0954831557975414,-0.37451179120353,"annual",457.21,5014.457,"2008","5"
"292",5,"rear",935,2009,"Nestucca",16010,457210,5014457,0.953455309387905,0.586034627044102,-0.0780886213468263,2.34833156295364,0.424614920930892,-0.404339723050823,-0.105878558436947,-0.0954831557975414,-0.37451179120353,"annual",457.21,5014.457,"2009","5"
"293",5,"rear",464,2010,"Nestucca",16010,457210,5014457,0.953455309387905,-0.252603842513779,-0.83713104694396,2.34833156295364,1.58906081917652,-0.404339723050823,-0.105878558436947,-0.0954831557975414,-0.37451179120353,"annual",457.21,5014.457,"2010","5"
"294",5,"rear",748,2011,"Nestucca",16010,457210,5014457,0.953455309387905,0.112956516011451,-1.396425465805,2.34833156295364,1.73355410582014,-0.404339723050823,-0.105878558436947,-0.0954831557975414,-0.37451179120353,"annual",457.21,5014.457,"2011","5"
"295",5,"rear",338,2012,"Nestucca",16010,457210,5014457,0.953455309387905,1.23114114208863,-1.11677825637448,2.34833156295364,0.756099519701544,-0.404339723050823,-0.105878558436947,-0.0954831557975414,-0.37451179120353,"annual",457.21,5014.457,"2012","5"
"296",5,"rear",566,2013,"Nestucca",16010,457210,5014457,0.953455309387905,0.134460066512935,-0.35773583077735,2.34833156295364,1.06208530318215,-0.404339723050823,-0.105878558436947,-0.0954831557975414,-0.37451179120353,"annual",457.21,5014.457,"2013","5"
"297",5,"rear",340,2014,"Nestucca",16010,457210,5014457,0.953455309387905,0.327992021026292,0.0417601826948251,2.34833156295364,0.960090042021946,-0.404339723050823,-0.105878558436947,-0.0954831557975414,-0.37451179120353,"annual",457.21,5014.457,"2014","5"
"286",5,"rear",215,2015,"Nestucca",16010,457202,5014457,0.953455309387905,1.25264469259011,0.0417601826948251,2.34833156295364,-0.986319525118553,-0.404339723050823,-0.105878558436947,-0.0954831557975414,-0.37451179120353,"annual",457.202,5014.457,"2015","5"
"287",5,"rear",439,2016,"Nestucca",16010,457202,5014457,0.953455309387905,2.45684352067322,-1.1567278577217,2.34833156295364,-0.841826238474935,-0.404339723050823,-0.105878558436947,-0.0954831557975414,-0.37451179120353,"annual",457.202,5014.457,"2016","5"
"288",5,"rear",661,2017,"Nestucca",16010,457202,5014457,0.953455309387905,1.25264469259011,-0.83713104694396,2.34833156295364,1.52956358349973,-0.404339723050823,-0.105878558436947,-0.0954831557975414,-0.37451179120353,"annual",457.202,5014.457,"2017","5"
"289",5,"rear",410,2018,"Nestucca",16010,457202,5014457,0.953455309387905,1.25264469259011,-0.0381390199996096,2.34833156295364,0.688102678928077,-0.404339723050823,-0.105878558436947,-0.0954831557975414,-0.37451179120353,"annual",457.202,5014.457,"2018","5"
"283",5,"rear",443,2019,"Nestucca",16010,457210,5014457,0.953455309387905,1.25264469259011,-0.917030249638394,2.34833156295364,1.52956358349973,-0.404339723050823,-0.105878558436947,-0.0954831557975414,-0.37451179120353,"annual",457.21,5014.457,"2019","5"
"284",5,"rear",336,2020,"Nestucca",16010,457210,5014457,0.953455309387905,1.25264469259011,-0.757231844249525,2.34833156295364,1.52956358349973,-0.404339723050823,-0.105878558436947,-0.0954831557975414,-0.37451179120353,"annual",457.21,5014.457,"2020","5"
"285",5,"rear",445,2021,"Nestucca",16010,457210,5014457,0.953455309387905,0.112956516011451,-0.757231844249525,2.34833156295364,1.73355410582014,-0.404339723050823,-0.105878558436947,-0.0954831557975414,-0.37451179120353,"annual",457.21,5014.457,"2021","5"
"227",3,"rear",850,2007,"Tillamook Bay",16017,450448,5024509,-0.353306593107203,0.370999122029261,-1.27657666176335,-0.0547330637510919,-0.374347958157348,-1.02798389209613,-0.666400297923392,1.60531055684616,-0.446888426223674,"annual",450.448,5024.509,"2007","3"
"228",3,"rear",46,2008,"Tillamook Bay",16017,450448,5024509,-0.353306593107203,2.65037547518658,-1.59617347254109,-0.0547330637510919,0.747599914604861,-1.02798389209613,-0.666400297923392,1.60531055684616,-0.446888426223674,"annual",450.448,5024.509,"2008","3"
"229",3,"rear",84,2009,"Tillamook Bay",16017,450448,5024509,-0.353306593107203,1.31715534409456,-0.996929452332829,-0.0547330637510919,0.577607812671193,-1.02798389209613,-0.666400297923392,1.60531055684616,-0.446888426223674,"annual",450.448,5024.509,"2009","3"
"230",3,"rear",347,2010,"Tillamook Bay",16017,450448,5024509,-0.353306593107203,0.0269423140055145,-1.67607267523553,-0.0547330637510919,2.30302764729792,-1.02798389209613,-0.666400297923392,1.60531055684616,-0.446888426223674,"annual",450.448,5024.509,"2010","3"
"231",3,"rear",286,2011,"Tillamook Bay",16017,450448,5024509,-0.353306593107203,0.865580783563396,-2.15546789140214,-0.0547330637510919,2.83000316329229,-1.02798389209613,-0.666400297923392,1.60531055684616,-0.446888426223674,"annual",450.448,5024.509,"2011","3"
"232",3,"rear",833,2012,"Tillamook Bay",16017,450448,5024509,-0.353306593107203,1.89775120763464,-1.87582068197161,-0.0547330637510919,1.2405770102125,-1.02798389209613,-0.666400297923392,1.60531055684616,-0.446888426223674,"annual",450.448,5024.509,"2012","3"
"233",3,"rear",670,2013,"Tillamook Bay",16017,450448,5024509,-0.353306593107203,0.349495571527777,-1.27657666176335,-0.0547330637510919,2.05653909949411,-1.02798389209613,-0.666400297923392,1.60531055684616,-0.446888426223674,"annual",450.448,5024.509,"2013","3"
"234",3,"rear",158,2014,"Tillamook Bay",16017,450448,5024509,-0.353306593107203,0.586034627044102,-0.917030249638394,-0.0547330637510919,1.68255647524004,-1.02798389209613,-0.666400297923392,1.60531055684616,-0.446888426223674,"annual",450.448,5024.509,"2014","3"
"224",3,"rear",0,2015,"Tillamook Bay",16017,450448,5024509,-0.353306593107203,1.4031695461005,-0.917030249638394,-0.0547330637510919,-0.408346378544082,-1.02798389209613,-0.666400297923392,1.60531055684616,-0.446888426223674,"annual",450.448,5024.509,"2015","3"
"225",3,"rear",243,2017,"Tillamook Bay",16017,450448,5024509,-0.353306593107203,1.85474410663167,-1.51627426984666,-0.0547330637510919,2.26902922691119,-1.02798389209613,-0.666400297923392,1.60531055684616,-0.446888426223674,"annual",450.448,5024.509,"2017","3"
"226",3,"rear",203,2018,"Tillamook Bay",16017,450448,5024509,-0.353306593107203,1.85474410663167,-0.956979850985612,-0.0547330637510919,1.1895793796324,-1.02798389209613,-0.666400297923392,1.60531055684616,-0.446888426223674,"annual",450.448,5024.509,"2018","3"
"221",3,"rear",449,2019,"Tillamook Bay",16017,450448,5024509,-0.353306593107203,1.85474410663167,-1.75597187792996,-0.0547330637510919,2.26902922691119,-1.02798389209613,-0.666400297923392,1.60531055684616,-0.446888426223674,"annual",450.448,5024.509,"2019","3"
"222",3,"rear",31,2020,"Tillamook Bay",16017,450448,5024509,-0.353306593107203,1.85474410663167,-1.59617347254109,-0.0547330637510919,2.26902922691119,-1.02798389209613,-0.666400297923392,1.60531055684616,-0.446888426223674,"annual",450.448,5024.509,"2020","3"
"223",3,"rear",715,2021,"Tillamook Bay",16017,450448,5024509,-0.353306593107203,0.865580783563396,-1.59617347254109,-0.0547330637510919,2.83000316329229,-1.02798389209613,-0.666400297923392,1.60531055684616,-0.446888426223674,"annual",450.448,5024.509,"2021","3"
"236",3,"rear",153,2007,"Tillamook Bay",16021,451742,5051094,-0.480795559204287,1.33865889459605,-1.19667745906892,1.01957400021347,-0.399846773447398,-0.983437880021464,-0.807484001059436,0.924993071788681,-0.387563315551425,"annual",451.742,5051.094,"2007","3"
"237",3,"rear",0,2008,"Tillamook Bay",16021,451742,5051094,-0.480795559204287,1.5321908491094,-1.47632466849944,1.01957400021347,0.67110346873471,-0.983437880021464,-0.807484001059436,0.924993071788681,-0.387563315551425,"annual",451.742,5051.094,"2008","3"
"238",3,"rear",0,2009,"Tillamook Bay",16021,451742,5051094,-0.480795559204287,1.72572280362276,-0.717282242902307,1.01957400021347,1.30857385098597,-0.983437880021464,-0.807484001059436,0.924993071788681,-0.387563315551425,"annual",451.742,5051.094,"2009","3"
"239",3,"rear",54,2010,"Tillamook Bay",16021,451742,5051094,-0.480795559204287,0.177467167515903,-1.47632466849944,1.01957400021347,2.49851856452164,-0.983437880021464,-0.807484001059436,0.924993071788681,-0.387563315551425,"annual",451.742,5051.094,"2010","3"
"240",3,"rear",95,2011,"Tillamook Bay",16021,451742,5051094,-0.480795559204287,1.89775120763464,-2.11551829005492,1.01957400021347,3.06799210599943,-0.983437880021464,-0.807484001059436,0.924993071788681,-0.387563315551425,"annual",451.742,5051.094,"2011","3"
"241",3,"rear",178,2012,"Tillamook Bay",16021,451742,5051094,-0.480795559204287,1.9407583086376,-1.79592147927718,1.01957400021347,1.48706555801632,-0.983437880021464,-0.807484001059436,0.924993071788681,-0.387563315551425,"annual",451.742,5051.094,"2012","3"
"242",3,"rear",79,2013,"Tillamook Bay",16021,451742,5051094,-0.480795559204287,0.908587884566364,-1.07682865502726,1.01957400021347,2.11603633517089,-0.983437880021464,-0.807484001059436,0.924993071788681,-0.387563315551425,"annual",451.742,5051.094,"2013","3"
"243",3,"rear",349,2014,"Tillamook Bay",16021,451742,5051094,-0.480795559204287,1.57519795011237,-0.757231844249525,1.01957400021347,1.98004265362395,-0.983437880021464,-0.807484001059436,0.924993071788681,-0.387563315551425,"annual",451.742,5051.094,"2014","3"
"235",3,"rear",0,2015,"Tillamook Bay",16021,451742,5051094,-0.480795559204287,2.60736837418361,-0.677332641555089,1.01957400021347,-0.501842034607599,-0.983437880021464,-0.807484001059436,0.924993071788681,-0.387563315551425,"annual",451.742,5051.094,"2015","3"
"147",5,"rear",57,2016,"Nehalem",16027,473579,5083255,0.300074358140351,1.20963759158714,-0.317786229430132,-0.764422513548392,-1.47929662072619,1.64477683238375,0.0428312908145589,-1.11595938338376,0.338576039076905,"annual",473.579,5083.255,"2016","5"
"148",5,"rear",501,2017,"Nehalem",16027,473579,5083255,0.300074358140351,-0.274107393015263,-0.317786229430132,-0.764422513548392,-0.0173645440966453,1.64477683238375,0.0428312908145589,-1.11595938338376,0.338576039076905,"annual",473.579,5083.255,"2017","5"
"149",5,"rear",365,2018,"Nehalem",16027,473579,5083255,0.300074358140351,-0.274107393015263,0.361356993472565,-0.764422513548392,-0.569838875381067,1.64477683238375,0.0428312908145589,-1.11595938338376,0.338576039076905,"annual",473.579,5083.255,"2018","5"
"144",5,"rear",179,2019,"Nehalem",16027,473579,5083255,0.300074358140351,-0.768689054549399,-0.317786229430132,-0.764422513548392,0.0846307170635555,1.64477683238375,0.0428312908145589,-1.11595938338376,0.338576039076905,"annual",473.579,5083.255,"2019","5"
"145",5,"rear",493,2020,"Nehalem",16027,473579,5083255,0.300074358140351,-0.274107393015263,-0.437635033471785,-0.764422513548392,-0.0173645440966453,1.64477683238375,0.0428312908145589,-1.11595938338376,0.338576039076905,"annual",473.579,5083.255,"2020","5"
"146",5,"rear",322,2021,"Nehalem",16027,473579,5083255,0.300074358140351,-0.166589640507843,-0.437635033471785,-0.764422513548392,-0.365848353060665,1.64477683238375,0.0428312908145589,-1.11595938338376,0.338576039076905,"annual",473.579,5083.255,"2021","5"
"298",7,"rear",158,2007,"Nestucca",16029,437226,5014374,4.6346992054412,-0.446135797027137,1.67969383793074,-0.311315829276205,-0.6038372957678,0.0856664097704881,0.244924162874298,-1.11595938338376,-0.775549539347934,"annual",437.226,5014.374,"2007","7"
"299",7,"rear",0,2008,"Nestucca",16029,437226,5014374,4.6346992054412,0.908587884566364,0.76085300694474,-0.311315829276205,0.16962676803039,0.0856664097704881,0.244924162874298,-1.11595938338376,-0.775549539347934,"annual",437.226,5014.374,"2008","7"
"244",7,"rear",302,2007,"Tillamook Bay",16101,450895,5033070,5.25620791516448,0.0269423140055145,1.04050021637526,-0.662429087363202,-0.569838875381067,0.0856664097704881,0.0123267063527115,-1.11595938338376,-0.599947211758077,"annual",450.895,5033.07,"2007","7"
"245",7,"rear",0,2008,"Tillamook Bay",16101,450895,5033070,5.25620791516448,1.9407583086376,0.441256196167,-0.662429087363202,0.305620449577324,0.0856664097704881,0.0123267063527115,-1.11595938338376,-0.599947211758077,"annual",450.895,5033.07,"2008","7"
"246",7,"rear",112,2007,"Tillamook Bay",16130,443331,5031455,5.52712196812079,0.435509773533713,1.1203994190697,-0.345076719476878,-0.382847563254032,0.0411203976958234,0.0504574369300207,-0.775800640855023,-0.73402196187736,"annual",443.331,5031.455,"2007","7"
"247",7,"rear",1,2008,"Tillamook Bay",16130,443331,5031455,5.52712196812079,2.06977961164651,0.361356993472565,-0.345076719476878,0.586107417767876,0.0411203976958234,0.0504574369300207,-0.775800640855023,-0.73402196187736,"annual",443.331,5031.455,"2008","7"
"248",7,"rear",437,2007,"Tillamook Bay",16149,452910,5045208,4.65063532620333,0.134460066512935,1.32014742580579,0.512805269411797,-0.637835716154534,0.0411203976958234,-0.235523042399798,-1.11595938338376,-0.527570576737933,"annual",452.91,5045.208,"2007","7"
"249",7,"rear",1305,2007,"Tillamook Bay",16150,441979,5035338,6.26018352317902,0.00543876350403035,2.27893785813901,-0.742744468261644,-0.586838085574433,-0.0479716264535061,-0.254588407688453,-1.11595938338376,-0.807585099110949,"annual",441.979,5035.338,"2007","7"
"250",7,"rear",3,2008,"Tillamook Bay",16150,441979,5035338,6.26018352317902,1.4031695461005,1.20029862176413,-0.742744468261644,0.212124793513807,-0.0479716264535061,-0.254588407688453,-1.11595938338376,-0.807585099110949,"annual",441.979,5035.338,"2008","7"
"150",6,"rear",120,2007,"Nehalem",16154,483298,5076699,2.40364229874223,-1.09124231207166,2.15908905409735,-0.0675266642481889,-1.37730135956599,1.73386885653308,0.900772728804016,-1.11595938338376,0.728935267300304,"annual",483.298,5076.699,"2007","6"
"1150",4,"rear",376,2017,"Nehalem",16220,488281,5076546,-0.560476163014965,-1.09124231207166,0.00181058134760843,-0.655321531531481,-0.612336900864484,1.37750075993576,-2.09248962151476,-0.775800640855023,0.686221187616285,"three",488.281,5076.546,"2017","4"
"1149",4,"rear",108,2020,"Nehalem",16220,488281,5076546,-0.560476163014965,-1.09124231207166,-0.0780886213468263,-0.655321531531481,-0.612336900864484,1.37750075993576,-2.09248962151476,-0.775800640855023,0.686221187616285,"three",488.281,5076.546,"2020","4"
"1188",3,"rear",115,2017,"Nestucca",16221,427623,4998791,-0.592348404539236,0.220474268518872,-0.557483837513437,-0.648924731282933,1.79305134149692,1.15477069956244,1.56043436779146,0.58483432925994,-1.03420702187894,"three",427.623,4998.791,"2017","3"
"1187",3,"rear",83,2020,"Nestucca",16221,427623,4998791,-0.592348404539236,-0.166589640507843,-0.477584634819001,-0.648924731282933,-0.119359805256846,1.15477069956244,1.56043436779146,0.58483432925994,-1.03420702187894,"three",427.623,4998.791,"2020","3"
"1189",4,"rear",0,2017,"NCDependent",16222,424205,5086775,-0.209881506247984,0.500020425038166,-1.79592147927718,0.26013165959413,-0.544340060091016,-0.582523771349482,-1.60060319706747,0.244675586731199,-1.15760325207722,"three",424.205,5086.775,"2017","4"
"1164",6,"rear",0,2008,"Tillamook Bay",16241,453405,5033813,3.93350989190724,1.9407583086376,0.561105000208653,4.60746818406603,0.305620449577324,-0.270701686826829,0.0504574369300207,-0.775800640855023,-0.537062594445493,"three",453.405,5033.813,"2008","6"
"1165",7,"rear",76,2008,"Tillamook Bay",16246,448224,5033231,5.3518246397373,2.43533997017174,0.361356993472565,-0.358936453348733,0.832595965571695,-0.00342561437884133,0.0237659255259043,-0.775800640855023,-0.641474789228651,"three",448.224,5033.231,"2008","7"
"1151",6,"rear",25,2008,"Nehalem",16300,478368,5071875,1.98930315892671,2.09128316214799,1.24024822311135,-0.645015575575486,-1.37730135956599,1.68932284445842,1.03041721276687,-1.11595938338376,0.884367057261597,"three",478.368,5071.875,"2008","6"
"1414",5,"rear",17,2008,"Nehalem",16403,452712,5079897,2.56300350636359,0.736559480554491,0.281457790778131,-0.745587490594333,0.747599914604861,1.64477683238375,-0.651148005692468,-1.11595938338376,-0.340103227013626,"nine",452.712,5079.897,"2008","5"
"1424",7,"rear",5,2008,"Tillamook Bay",16427,449656,5033871,5.30401627745089,2.43533997017174,0.321407392125349,0.151386055368805,0.832595965571695,0.0411203976958234,0.0123267063527115,-1.11595938338376,-0.621304251600087,"nine",449.656,5033.871,"2008","7"
"1425",7,"rear",4,2008,"Tillamook Bay",16447,452373,5041903,5.36776076049943,1.61820505111534,0.800802608291958,-0.262273694037333,0.288621239383957,-0.00342561437884133,-0.300345284381224,-1.11595938338376,-0.575030665275732,"nine",452.373,5041.903,"2008","7"
"1426",7,"rear",58,2008,"Tillamook Bay",16475,446946,5033955,5.3996330020237,2.43533997017174,0.361356993472565,-0.345076719476878,0.832595965571695,0.0411203976958234,0.0504574369300207,-0.775800640855023,-0.675883353418556,"nine",446.946,5033.955,"2008","7"
"1529",4,"rear",275,2020,"Tillamook Bay",16578,463163,5029673,-0.209881506247984,0.951594985569333,-0.437635033471785,-0.723554067515999,0.305620449577324,-0.00342561437884133,-0.437615914459537,0.924993071788681,-0.220266503455682,"nine",463.163,5029.673,"2020","4"
"1531",4,"rear",181,2011,"Tillamook Bay",16585,429298,5023263,-0.432987196917881,0.414006223032229,-0.677332641555089,-0.490070858443978,1.64005844975662,0.709310578815794,-1.05914682286968,-0.435641898326282,-0.612998736105972,"nine",429.298,5023.263,"2011","4"
"1530",4,"rear",130,2020,"Tillamook Bay",16585,429298,5023263,-0.432987196917881,0.414006223032229,-0.637383040207872,-0.490070858443978,1.64005844975662,0.709310578815794,-1.05914682286968,-0.435641898326282,-0.612998736105972,"nine",429.298,5023.263,"2020","4"
"1533",5,"rear",933,2011,"Tillamook Bay",16587,463550,5051105,0.810030222528686,0.693552379551523,-1.35647586445779,0.563979671400185,2.54101659000506,-0.1816096626775,-0.826549366348091,-0.0954831557975414,-0.323492196025396,"nine",463.55,5051.105,"2011","5"
"1532",5,"rear",625,2020,"Tillamook Bay",16587,463550,5051105,0.810030222528686,2.84390742969994,-0.317786229430132,0.563979671400185,0.535109787187776,-0.1816096626775,-0.826549366348091,-0.0954831557975414,-0.323492196025396,"nine",463.55,5051.105,"2020","5"
"1699",3,"rear",533,2009,"Nehalem",16978,468970,5061850,-0.528603921490694,-0.0160647869974538,-1.31652626311057,0.633633718551047,0.0506322966768219,-1.47344401284278,0.660549126166968,1.26515181431742,1.16912758848839,"three",468.97,5061.85,"2009","3"
"1700",3,"rear",229,2012,"Nehalem",16978,468970,5061850,-0.528603921490694,0.715055930053007,-2.31526629679101,0.633633718551047,-0.0853613848701125,-1.47344401284278,0.660549126166968,1.26515181431742,1.16912758848839,"three",468.97,5061.85,"2012","3"
"1697",3,"rear",278,2015,"Nehalem",16978,468970,5061850,-0.528603921490694,-0.381625145522684,-1.27657666176335,0.633633718551047,-0.136359015450213,-1.47344401284278,0.660549126166968,1.26515181431742,1.16912758848839,"three",468.97,5061.85,"2015","3"
"1698",3,"rear",298,2018,"Nehalem",16978,468970,5061850,-0.528603921490694,1.83324055613018,-1.31652626311057,0.633633718551047,-1.47929662072619,-1.47344401284278,0.660549126166968,1.26515181431742,1.16912758848839,"three",468.97,5061.85,"2018","3"
"1701",3,"rear",61,2021,"Nehalem",16978,468970,5061850,-0.528603921490694,-0.0160647869974538,-2.03561908736048,0.633633718551047,0.0506322966768219,-1.47344401284278,0.660549126166968,1.26515181431742,1.16912758848839,"three",468.97,5061.85,"2021","3"
"1738",3,"rear",0,2018,"NCDependent",16984,430945,4989640,-0.512667800728558,0.973098536070817,-1.396425465805,0.492904113082979,0.892093201248479,0.130212421845153,-0.00673865893594309,1.26515181431742,-1.02115549753105,"three",430.945,4989.64,"2018","3"
"1986",5,"rear",770,2018,"Tillamook Bay",17158,456664,5030061,0.857838584815092,1.72572280362276,-0.477584634819001,-0.116568799487061,1.07908451337551,-0.1816096626775,-0.300345284381224,-0.0954831557975414,-0.432650399662334,"nine",456.664,5030.061,"2018","5"
"2080",3,"rear",106,2012,"Nehalem",17361,430134,5065308,-0.417051076155745,0.155963617014419,-0.557483837513437,-0.0906262207012808,0.433114526027575,-0.404339723050823,-1.06677296898514,0.244675586731199,-0.991492942194922,"nine",430.134,5065.308,"2012","3"
"2079",3,"rear",0,2021,"Nehalem",17361,430134,5065308,-0.417051076155745,0.155963617014419,-0.557483837513437,-0.0906262207012808,0.433114526027575,-0.404339723050823,-1.06677296898514,0.244675586731199,-0.991492942194922,"nine",430.134,5065.308,"2021","3"
"2176",3,"rear",592,2015,"Tillamook Bay",17557,451707,5023039,-0.480795559204287,1.4031695461005,-0.917030249638394,0.466250778714027,-0.408346378544082,-1.02798389209613,-0.57488654453785,2.28562804190364,-0.423158381954774,"nine",451.707,5023.039,"2015","3"
"2253",4,"rear",0,2016,"Nehalem",17729,453116,5081872,-0.114264781675171,3.33848909123407,-0.717282242902307,-0.262273694037333,-0.850325843571619,1.11022468748778,-0.925689265849095,0.58483432925994,-0.299762151756496,"three",453.116,5081.872,"2016","4"
"2256",3,"rear",402,2013,"Nehalem",17731,479134,5066757,-0.528603921490694,-0.768689054549399,-0.0381390199996096,-0.507484370231693,-0.544340060091016,-0.0925176385281708,0.355503281548494,-0.435641898326282,0.970981718843081,"three",479.134,5066.757,"2013","3"
"2255",3,"rear",53,2016,"Nehalem",17731,479134,5066757,-0.528603921490694,-0.0375683374989379,-0.437635033471785,-0.507484370231693,0.203625188417123,-0.0925176385281708,0.355503281548494,-0.435641898326282,0.970981718843081,"three",479.134,5066.757,"2016","3"
"2254",3,"rear",51,2019,"Nehalem",17731,479134,5066757,-0.528603921490694,-0.3601215950212,-0.317786229430132,-0.507484370231693,-0.399846773447398,-0.0925176385281708,0.355503281548494,-0.435641898326282,0.970981718843081,"three",479.134,5066.757,"2019","3"
"2257",4,"rear",25,2019,"Nehalem",17733,470488,5082387,-0.783581853684861,0.650545278548555,0.0417601826948251,-0.740967579303714,1.07908451337551,-0.226155674752164,-0.773166343539858,-0.435641898326282,0.960303198922076,"three",470.488,5082.387,"2019","4"
"2290",3,"rear",2,2007,"Nestucca",17740,443093,5016837,-0.783581853684861,-0.3601215950212,-1.03687905368005,-0.459152990575993,-0.569838875381067,-0.84979984379747,0.263989528162952,2.28562804190364,-0.673510348991666,"three",443.093,5016.837,"2007","3"
"2291",3,"rear",11,2010,"Nestucca",17740,443093,5016837,-0.783581853684861,-0.854703256555335,-1.71602227658274,-0.459152990575993,1.46156674272627,-0.84979984379747,0.263989528162952,2.28562804190364,-0.673510348991666,"three",443.093,5016.837,"2010","3"
"2288",3,"rear",3,2016,"Nestucca",17740,443093,5016837,-0.783581853684861,-0.209596741510811,-1.47632466849944,-0.459152990575993,0.773098729894911,-0.84979984379747,0.263989528162952,2.28562804190364,-0.673510348991666,"three",443.093,5016.837,"2016","3"
"2289",3,"rear",0,2019,"Nestucca",17740,443093,5016837,-0.783581853684861,0.736559480554491,-1.19667745906892,-0.459152990575993,1.72505450072345,-0.84979984379747,0.263989528162952,2.28562804190364,-0.673510348991666,"three",443.093,5016.837,"2019","3"
"2234",3,"rear",0,2007,"Necanicum",17746,428946,5089860,-0.624220646063506,-0.661171302041978,0.00181058134760843,-0.568964728176076,-0.62933611105785,1.02113266333845,-1.02864223840783,-0.0954831557975414,-1.05793706614784,"three",428.946,5089.86,"2007","3"
"2269",7,"rear",472,2007,"Tillamook Bay",17772,452101,5032011,5.22433567364021,0.0269423140055145,1.04050021637526,-0.662429087363202,-0.569838875381067,-0.00342561437884133,0.0123267063527115,-1.11595938338376,-0.569098154208507,"three",452.101,5032.011,"2007","7"
"2292",7,"rear",368,2007,"Nestucca",17832,439757,5014000,4.50721023934412,-0.446135797027137,1.75959304062518,-0.52383174864465,-0.6038372957678,0.130212421845153,0.218232651470181,-1.11595938338376,-0.739954472944585,"three",439.757,5014,"2007","7"
"2270",7,"rear",1481,2007,"Tillamook Bay",17884,451954,5041269,5.38369688126157,-0.0375683374989379,1.24024822311135,-0.262273694037333,-0.52734084989765,0.0411203976958234,-0.300345284381224,-1.11595938338376,-0.585709185196737,"three",451.954,5041.269,"2007","7"
"2533",5,"rear",730,2010,"Tillamook Bay",17930,463190,5027832,0.379754961951028,-0.166589640507843,-0.996929452332829,-0.775083847295973,1.38507029685612,0.0856664097704881,-0.0906262662060233,-0.435641898326282,-0.206028476894342,"nine",463.19,5027.832,"2010","5"
"2532",5,"rear",693,2019,"Tillamook Bay",17930,463190,5027832,0.379754961951028,1.05911273807675,-1.11677825637448,-0.775083847295973,1.7505533160135,0.0856664097704881,-0.0906262662060233,-0.435641898326282,-0.206028476894342,"nine",463.19,5027.832,"2019","5"
"2614",3,"rear",165,2013,"Nehalem",18113,488227,5068475,-0.592348404539236,-0.61816420103901,-0.277836628082914,0.303487750167626,-0.52734084989765,0.0856664097704881,-0.811297074117167,0.924993071788681,0.826228448802793,"nine",488.227,5068.475,"2013","3"
"2623",4,"rear",398,2013,"NCDependent",18146,427964,5081495,1.27217772463061,0.284984920023324,-0.317786229430132,-0.293902317488489,1.96304344343059,0.442034506367805,0.290681039567069,-0.775800640855023,-1.10302415025875,"nine",427.964,5081.495,"2013","4"
"2695",7,"rear",32,2007,"Nestucca",18332,430782,5008088,6.05301395327126,-0.424632246525653,1.360097027153,-0.548708194055672,-0.561339270284383,1.51113879615976,0.25636338204749,-1.11595938338376,-0.955897875791572,"nine",430.782,5008.088,"2007","7"
"2696",7,"rear",278,2007,"Nestucca",18348,433504,5010585,5.3518246397373,-0.381625145522684,1.40004662850022,0.801016658388066,-0.467843614220866,0.976586651263782,0.161036555604217,-1.11595938338376,-0.893013258478988,"nine",433.504,5010.585,"2007","7"
"2697",6,"rear",530,2007,"Nestucca",18352,431699,4996205,2.06898376273739,-0.424632246525653,0.521155398861436,-0.125453244276712,-0.416845983640765,-0.270701686826829,0.496586984684538,-0.435641898326282,-0.971322404566357,"nine",431.699,4996.205,"2007","6"
"2691",7,"rear",1090,2007,"Tillamook Bay",18376,439664,5035468,6.30799188546542,-0.295610943516748,0.481205797514218,0.140724721621224,-0.714332162024684,-0.0925176385281708,-0.220270750168875,1.26515181431742,-0.838434156660519,"nine",439.664,5035.468,"2007","7"
"2692",7,"rear",112,2007,"Tillamook Bay",18388,443761,5032005,5.47931360583438,0.435509773533713,1.1203994190697,-0.345076719476878,-0.382847563254032,0.0411203976958234,0.0504574369300207,-0.775800640855023,-0.725716446383245,"nine",443.761,5032.005,"2007","7"
"3368",5,"rear",592,2007,"Tillamook Bay",20040,431812,5050741,1.95743091740244,0.0699494150084828,0.00181058134760843,-0.642172553242798,-0.493342429510916,0.397488494293141,-0.0906262662060233,-1.11595938338376,-0.984373928914251,"once",431.812,5050.741,"2007","5"
"3369",5,"rear",402,2007,"Tillamook Bay",20047,463985,5050394,1.52715565682478,0.306488470524808,0.401306594819783,2.34584391841254,-0.748330582411418,-0.226155674752164,0.0924012405650608,-0.435641898326282,-0.323492196025396,"once",463.985,5050.394,"2007","5"
"3367",3,"rear",524,2007,"Necanicum",20055,432599,5082840,-0.114264781675171,1.05911273807675,-0.917030249638394,1.44460583895037,0.00813427119340491,-1.91890413358942,1.86548021240994,2.62578678443239,-0.930981329309227,"once",432.599,5082.84,"2007","3"
"3370",5,"rear",786,2007,"Tillamook Bay",20056,443274,5050193,1.03313591319858,0.62904172804707,-0.757231844249525,-0.640395664284868,-0.331849932673931,-0.00342561437884133,-0.609204202057428,-0.435641898326282,-0.666391335710996,"once",443.274,5050.193,"2007","5"
"3371",5,"rear",1506,2007,"Tillamook Bay",20057,458096,5042713,1.62277238139759,0.327992021026292,-0.557483837513437,0.616575584554917,-0.731331372218051,-0.137063650602836,-0.654961078750199,-0.435641898326282,-0.468245466065684,"once",458.096,5042.713,"2007","5"
"3372",7,"rear",655,2007,"Tillamook Bay",20071,455999,5046820,4.52314636010625,0.220474268518872,1.360097027153,0.676989809124542,-0.637835716154534,-0.00342561437884133,-0.254588407688453,-0.775800640855023,-0.472991474919464,"once",455.999,5046.82,"2007","7"
"3373",6,"rear",3607,2007,"Nestucca",20158,452616,5009676,2.97734264617911,-0.252603842513779,0.76085300694474,0.323388906496443,-0.969320314925187,0.0411203976958234,-0.185953092649296,-0.775800640855023,-0.491975510334583,"once",452.616,5009.676,"2007","6"
"2797",6,"rear",68,2008,"Tillamook Bay",20228,442923,5038135,1.78213358901895,1.51068729860792,-0.0780886213468263,0.196519034900231,0.475612551510992,-0.0925176385281708,-0.384232891651304,-0.775800640855023,-0.75300599729248,"once",442.923,5038.135,"2008","6"
"2793",3,"rear",12,2008,"Nehalem",20229,480624,5087575,-0.5764122837771,0.865580783563396,-0.237887026735697,-0.777571491837075,-1.36880175446931,1.77841486860775,-1.21548281823664,-0.435641898326282,0.452480251567624,"once",480.624,5087.575,"2008","3"
"2794",5,"rear",182,2008,"Nehalem",20230,471981,5084801,-0.0983286609130359,2.11278671264948,-0.437635033471785,1.92543199096626,-1.20730925763232,1.64477683238375,0.0428312908145589,-0.775800640855023,0.371798101053365,"once",471.981,5084.801,"2008","5"
"2800",3,"rear",0,2008,"NCDependent",20232,425067,5022862,-0.592348404539236,0.586034627044102,-1.396425465805,0.801016658388066,0.127128742546973,-0.404339723050823,-1.34894037525723,2.28562804190364,-1.13031370116798,"once",425.067,5022.862,"2008","3"
"2795",4,"rear",40,2008,"Nehalem",20238,462746,5092385,0.570988411096654,1.55369439961089,-0.797181445596741,-0.197594935968676,-0.748330582411418,1.64477683238375,-1.20785667212118,-0.775800640855023,-0.0422911714389348,"once",462.746,5092.385,"2008","4"
"2799",4,"rear",851,2008,"Nestucca",20240,444916,5014888,0.682541256431602,1.31715534409456,-0.477584634819001,-0.479409524696397,0.229124003707173,-0.0479716264535061,-0.220270750168875,-0.435641898326282,-0.637915282588316,"once",444.916,5014.888,"2008","4"
"2796",6,"rear",88,2008,"Nehalem",20241,478097,5072756,2.26021721188301,1.63970860161683,1.360097027153,-0.35289503089177,-1.45379780543614,1.42204677201043,0.893146582688554,-1.11595938338376,0.867756026273368,"once",478.097,5072.756,"2008","6"
"2798",6,"rear",7,2008,"Tillamook Bay",20379,460695,5034309,3.12076773303833,2.49985062167619,0.481205797514218,20.0738650516816,0.0251334813867717,-0.983437880021464,0.0466443638722898,-0.775800640855023,-0.399428337685875,"once",460.695,5034.309,"2008","6"
"2829",3,"rear",46,2009,"NCDependent",20421,427973,5020575,-0.385178834631474,-0.10207898900339,-0.237887026735697,0.210734146563672,0.24612321390054,-0.404339723050823,-1.34131422914177,-0.0954831557975414,-1.03539352409239,"once",427.973,5020.575,"2009","3"
"2828",4,"rear",0,2009,"Nestucca",20422,447634,5007224,-0.353306593107203,1.42467309660198,-0.237887026735697,0.573930249564594,0.62010583815461,-2.05254216981342,1.31639769209669,0.58483432925994,-0.486042999267358,"once",447.634,5007.224,"2009","4"
"2830",4,"rear",192,2009,"NCDependent",20426,424712,4994962,-0.178009264723713,0.994602086572301,-0.877080648291176,-0.462706768491853,0.237623608803857,-0.270701686826829,-1.09346448038926,0.58483432925994,-1.12200818567387,"once",424.712,4994.962,"2009","4"
"2851",4,"rear",184,2010,"Nehalem",20613,479490,5095887,-0.034584177864494,-1.24176716558205,-0.197937425388479,-0.695834599772288,0.637105048347977,1.06567867541311,-1.20404359906345,-0.775800640855023,0.331457025796235,"once",479.49,5095.887,"2010","4"
"2850",6,"rear",256,2010,"Necanicum",20616,437690,5083753,2.00523927968885,0.865580783563396,-0.277836628082914,0.307041528083486,4.19843958385832,1.51113879615976,-0.464307425863653,-0.775800640855023,-0.863350703142863,"once",437.69,5083.753,"2010","6"
"2854",4,"rear",139,2010,"Tillamook Bay",20618,456068,5024672,0.0610325467083188,-0.10207898900339,-1.31652626311057,-0.114436532737545,2.08203791478416,-0.537977759274818,-0.471933571979115,0.58483432925994,-0.429090893021999,"once",456.068,5024.672,"2010","4"
"2852",2,"rear",39,2010,"Nehalem",20620,465168,5092166,-0.799517974446997,-1.11274586257315,-0.83713104694396,-0.690859310690084,0.67110346873471,-0.760707819648141,-1.80650914218494,-0.435641898326282,-0.0161881227431451,"once",465.168,5092.166,"2010","2"
"2856",5,"rear",0,2010,"NCDependent",20622,430006,4989639,-0.066456419388765,-0.317114494018232,-1.67607267523553,-0.29923298436228,1.53806318859642,-0.760707819648141,0.149597336431025,0.244675586731199,-1.0330205196655,"once",430.006,4989.639,"2010","5"
"2853",5,"rear",301,2010,"Nehalem",20632,440152,5076093,0.507243928048112,0.650545278548555,-0.277836628082914,-0.443516367746208,2.82150355819561,1.51113879615976,-0.639708786519276,-0.435641898326282,-0.76724402385382,"once",440.152,5076.093,"2010","5"
"2855",3,"rear",73,2010,"Tillamook Bay",20633,430260,5027072,-0.815454095209132,-0.790192605050883,0.401306594819783,-0.689793177315326,1.57206160898315,-0.582523771349482,-2.19162952101576,-0.435641898326282,-0.792160570336164,"once",430.26,5027.072,"2010","3"
"2880",3,"rear",53,2011,"Nehalem",20801,436985,5056878,-0.066456419388765,1.96226185913909,-1.47632466849944,-0.52560863760258,3.05099289580606,0.0856664097704881,-1.26886584104488,-0.0954831557975414,-0.866910209783198,"once",436.985,5056.878,"2011","3"
"2885",4,"rear",1044,2011,"Nestucca",20804,454238,5014089,0.459435565761706,-0.0160647869974538,-1.31652626311057,0.0692937855124323,1.67405687014335,-0.00342561437884133,-0.24314918851526,0.58483432925994,-0.39586883104554,"once",454.238,5014.089,"2011","4"
"2879",4,"rear",489,2011,"Necanicum",20806,439224,5083949,0.331946599664622,2.88691453070291,-1.23662706041613,-0.0255920848410375,4.9804032527532,1.37750075993576,-0.979072288657328,0.924993071788681,-0.839620658873964,"once",439.224,5083.949,"2011","4"
"2883",4,"rear",7,2011,"Tillamook Bay",20808,459367,5043039,0.204457633567538,0.865580783563396,-2.03561908736048,1.19477525146539,2.42202211865149,-0.9388918679468,-1.20785667212118,1.9454692993749,-0.443328919583339,"once",459.367,5043.039,"2011","4"
"2884",3,"rear",0,2011,"Tillamook Bay",20811,442343,5023102,-0.22581762701012,0.973098536070817,-1.35647586445779,0.303487750167626,2.43052172374817,-0.627069783424147,0.187728067008334,0.924993071788681,-0.674696851205111,"once",442.343,5023.102,"2011","3"
"2881",4,"rear",952,2011,"Nehalem",20814,456407,5090574,0.810030222528686,2.02677251064354,-1.43637506715222,0.836554437546669,2.66851066645531,1.24386272371177,-0.197392311822489,0.244675586731199,-0.0363586603717098,"once",456.407,5090.574,"2011","4"
"2882",5,"rear",804,2011,"Nehalem",20818,464700,5075284,0.523180048810247,0.62904172804707,-1.43637506715222,1.47232530669408,1.17258016943903,-0.226155674752164,-0.2850929921503,-0.435641898326282,1.12760001101782,"once",464.7,5075.284,"2011","5"
"2886",4,"rear",165,2011,"Nestucca",20819,434563,5014844,-0.146137023199442,0.414006223032229,-1.23662706041613,-0.481541791445913,1.67405687014335,1.19931671163711,-0.754100978251203,0.244675586731199,-0.814704112391619,"once",434.563,5014.844,"2011","4"
"2913",4,"rear",235,2012,"Tillamook Bay",20994,429830,5022901,-0.40111495539361,0.0484458645069986,-0.477584634819001,-0.490070858443978,0.467112946414309,0.442034506367805,-1.05914682286968,-0.435641898326282,-0.620117749386642,"once",429.83,5022.901,"2012","4"
"2909",6,"rear",265,2012,"Nehalem",20995,459502,5062600,1.75026134749468,1.46768019760495,-0.917030249638394,0.668460742126478,1.33407266627602,-0.1816096626775,0.138158117257832,-0.435641898326282,-0.486042999267358,"once",459.502,5062.6,"2012","6"
"2910",4,"rear",50,2012,"Nehalem",21003,443931,5063276,0.969391430150041,1.66121215211831,-0.717282242902307,-0.491492369610322,1.92054541794717,-2.18618020603741,-0.342289088016264,-0.0954831557975414,-0.75063299286559,"once",443.931,5063.276,"2012","4"
"2914",3,"rear",0,2012,"Tillamook Bay",21011,460283,5049157,-0.640156766825642,1.33865889459605,-1.59617347254109,0.292826416420045,0.960090042021946,-0.983437880021464,-1.18116516071707,3.64626301201861,-0.389936319978315,"once",460.283,5049.157,"2012","3"
"2911",5,"rear",116,2012,"Nehalem",21012,459074,5086453,1.9414947966403,0.672048829050039,-0.118038222694044,-0.755538068758741,1.40206950704948,1.60023082030909,0.393634012125803,-0.775800640855023,-0.122973321953194,"once",459.074,5086.453,"2012","5"
"2915",5,"rear",401,2012,"Tillamook Bay",21013,457191,5042401,1.76619746825681,1.20963759158714,-1.07682865502726,0.616575584554917,1.05358569808546,-0.270701686826829,-0.654961078750199,-0.435641898326282,-0.480110488200134,"once",457.191,5042.401,"2012","5"
"2916",4,"rear",249,2012,"Tillamook Bay",21014,439894,5027229,0.507243928048112,0.457013324035197,-0.0381390199996096,-0.12474248869354,0.858094780861745,-0.270701686826829,0.351690208490763,-0.435641898326282,-0.754192499505925,"once",439.894,5027.229,"2012","4"
"2912",4,"rear",57,2012,"Nehalem",21015,430803,5066511,-0.0983286609130359,0.155963617014419,-0.797181445596741,-0.056865330500608,0.433114526027575,-1.47344401284278,-0.235523042399798,1.26515181431742,-0.972508906779802,"once",430.803,5066.511,"2012","4"
"2917",4,"rear",568,2012,"Nestucca",21021,446450,5010201,-0.0823925401509004,1.27414824309159,-0.677332641555089,0.816653281217852,0.730600704411494,-1.20616794039479,1.39647222630904,0.58483432925994,-0.534689590018603,"once",446.45,5010.201,"2012","4"
"2933",2,"rear",0,2013,"Nehalem",21186,459394,5080953,-0.592348404539236,0.693552379551523,-0.477584634819001,0.0966578754645566,2.23503080652446,-1.87435812151476,-0.189766165707027,0.924993071788681,-0.229758521163242,"once",459.394,5080.953,"2013","2"
"2935",3,"rear",0,2013,"Nestucca",21192,444928,5009206,-0.528603921490694,0.564531076542618,-1.71602227658274,0.404059665186472,2.15853436065431,-0.84979984379747,1.45748139523273,3.64626301201861,-0.506213536895923,"once",444.928,5009.206,"2013","3"
"2938",5,"rear",314,2013,"NCDependent",21193,427518,5080408,1.08094427548499,0.284984920023324,-0.197937425388479,-0.777571491837075,1.96304344343059,-0.9388918679468,-1.77981763078082,-0.775800640855023,-1.09709163919152,"once",427.518,5080.408,"2013","5"
"2934",3,"rear",0,2013,"Nehalem",21194,433266,5059075,-0.40111495539361,0.930091435067849,-0.917030249638394,0.518846691868759,2.09053751988084,0.0856664097704881,-2.11536805986114,0.58483432925994,-0.909624289467218,"once",433.266,5059.075,"2013","3"
"2936",4,"rear",107,2013,"Nestucca",21196,463554,5016576,-0.289562110058662,-0.0590718880004221,-1.35647586445779,1.05049186808146,0.475612551510992,-0.404339723050823,-0.982885361715058,1.9454692993749,-0.243996547724582,"once",463.554,5016.576,"2013","4"
"2937",4,"rear",5,2013,"Nestucca",21199,437445,5019751,-0.337370472345068,-0.145086090006359,-0.956979850985612,0.225660013810285,1.10458332866556,-2.05254216981342,-0.422363622228613,0.58483432925994,-0.71741093088913,"once",437.445,5019.751,"2013","4"
"2956",3,"rear",0,2015,"Nehalem",21570,461934,5064608,0.188521512805403,1.4031695461005,-0.917030249638394,-0.092758487450797,-0.408346378544082,0.442034506367805,-0.273653772977107,-0.0954831557975414,0.196195773463507,"once",461.934,5064.608,"2015","3"
"2957",4,"rear",35,2015,"Tillamook Bay",21575,440840,5055956,0.156649271281132,0.220474268518872,-0.118038222694044,1.4691269065698,-0.544340060091016,-2.05254216981342,-0.536755813960541,1.26515181431742,-0.839620658873964,"once",440.84,5055.956,"2015","4"
"2959",5,"rear",496,2015,"Nestucca",21576,463374,5018141,0.985327550912176,-0.0590718880004221,0.361356993472565,0.488284201792361,1.52106397840305,-0.270701686826829,-0.601578055941967,-0.435641898326282,-0.220266503455682,"once",463.374,5018.141,"2015","5"
"2958",4,"rear",0,2015,"Tillamook Bay",21588,460795,5042173,0.0450964259461834,1.23114114208863,-0.597433438860654,1.19477525146539,-0.680333741637951,-2.05254216981342,-1.20785667212118,1.9454692993749,-0.420785377527884,"once",460.795,5042.173,"2015","4"
"2984",5,"rear",325,2016,"Tillamook Bay",21762,442737,5043711,0.172585392043267,3.35999264173556,-1.79592147927718,0.0486818736004426,-0.858825448668302,-0.627069783424147,-0.53294274090281,0.58483432925994,-0.77436303713449,"once",442.737,5043.711,"2016","5"
"2982",3,"rear",0,2016,"Nehalem",21768,466516,5080922,0.188521512805403,1.55369439961089,-0.717282242902307,-0.092758487450797,-0.756830187508101,0.442034506367805,-0.273653772977107,-0.0954831557975414,0.196195773463507,"once",466.516,5080.922,"2016","3"
"2985",6,"rear",1053,2016,"Nestucca",21778,454697,5012754,2.56300350636359,2.13429026315096,-1.1567278577217,0.530574158991098,-0.858825448668302,-0.0479716264535061,-0.166887727360642,-0.775800640855023,-0.424344884168219,"once",454.697,5012.754,"2016","6"
"2983",5,"rear",0,2016,"Nehalem",21780,459337,5086261,1.9414947966403,1.74722635412425,0.0817097840420431,-0.755538068758741,-1.21580886272901,1.60023082030909,0.416512450472189,-0.775800640855023,-0.128905833020419,"once",459.337,5086.261,"2016","5"
"3002",5,"rear",765,2017,"Nehalem",21953,492769,5076698,0.236329875091809,-0.897710357558304,-0.0381390199996096,-0.745587490594333,-0.399846773447398,1.24386272371177,-1.52815480897058,-0.775800640855023,0.68740768982973,"once",492.769,5076.698,"2017","5"
"3008",4,"rear",234,2017,"Nestucca",21956,432033,4993194,0.395691082713164,0.457013324035197,-0.557483837513437,0.260842415177302,1.71655489562677,-0.359793710976159,0.263989528162952,0.244675586731199,-0.674696851205111,"once",432.033,4993.194,"2017","4"
"3005",6,"rear",489,2017,"Tillamook Bay",21967,455937,5042788,2.08491988349952,1.36016244509753,-0.637383040207872,0.514937536161313,2.04803949439742,-0.0925176385281708,-0.677839517096585,-0.775800640855023,-0.497908021401808,"once",455.937,5042.788,"2017","6"
"3006",4,"rear",41,2017,"Tillamook Bay",21970,465481,5048420,0.602860652620925,1.4031695461005,-0.877080648291176,0.322322773121685,1.11308293376225,-0.493431747200153,-0.44905513363273,0.244675586731199,-0.537062594445493,"once",465.481,5048.42,"2017","4"
"3003",3,"rear",54,2017,"Nehalem",21978,441720,5074656,-0.464859438442152,2.02677251064354,-0.677332641555089,-0.243438671083273,3.56946880670375,-0.671615795498811,-5.92844111759206,-0.0954831557975414,-0.76249801500004,"once",441.72,5074.656,"2017","3"
"3004",5,"rear",71,2017,"Nehalem",21981,448438,5058919,1.33592220767916,3.12345358621923,-1.07682865502726,0.76761114597898,2.9829960550326,-0.359793710976159,-0.147822362071987,-0.0954831557975414,-0.716224428675685,"once",448.438,5058.919,"2017","5"
"3059",6,"rear",607,2018,"Nehalem",22150,470202,5076818,1.87775031359176,0.198970718017388,0.680953804250306,-0.561501794552769,-0.144858620546896,-0.0479716264535061,0.359316354606225,-0.775800640855023,1.01844180738088,"once",470.202,5076.818,"2018","6"
"3060",3,"rear",19,2018,"Nehalem",22154,466532,5094770,-0.178009264723713,-0.274107393015263,0.401306594819783,-0.521344104103548,-0.569838875381067,0.887494627114453,0.0771489483341371,-0.435641898326282,0.0407639835022141,"once",466.532,5094.77,"2018","3"
"3066",5,"rear",153,2018,"NCDependent",22156,425541,4992503,0.953455309387905,0.26348136952184,-0.717282242902307,-0.606279396292609,0.586107417767876,-0.0925176385281708,0.469895473280422,-0.775800640855023,-1.10421065247219,"once",425.541,4992.503,"2018","5"
"3058",3,"rear",0,2018,"Necanicum",22158,440724,5084452,-0.608284525301371,1.05911273807675,-0.118038222694044,-0.622982152497152,2.66851066645531,0.174758433919818,-1.32224886385311,0.58483432925994,-0.817077116818509,"once",440.724,5084.452,"2018","3"
"3064",4,"rear",0,2018,"Nestucca",22168,446034,5007892,0.395691082713164,1.25264469259011,-0.0780886213468263,0.260842415177302,0.815596755378328,-0.359793710976159,0.263989528162952,0.244675586731199,-0.674696851205111,"once",446.034,5007.892,"2018","4"
"3065",5,"rear",1343,2018,"Nestucca",22172,446765,5019296,0.857838584815092,1.25264469259011,-0.0381390199996096,1.28219818819555,0.688102678928077,-0.627069783424147,0.485147765511346,0.244675586731199,-0.756565503932815,"once",446.765,5019.296,"2018","5"
"3063",3,"rear",0,2018,"Tillamook Bay",22175,452418,5022026,-0.448923317680016,1.85474410663167,-0.956979850985612,1.36891036934254,1.12158253885893,-2.05254216981342,-0.799857854943974,3.30610426948987,-0.421971879741329,"once",452.418,5022.026,"2018","3"
"3061",4,"rear",124,2018,"Nehalem",22177,492988,5074892,-0.0186480571023586,0.0484458645069986,0.241508189430913,-0.218917603463837,-1.58979148698307,1.24386272371177,-0.715970247673894,-0.435641898326282,0.698086209750735,"once",492.988,5074.892,"2018","4"
"3062",3,"rear",282,2018,"Nehalem",22178,447998,5082841,-0.209881506247984,0.306488470524808,-0.237887026735697,-0.399094143797954,0.59460702286456,1.02113266333845,-5.9208149714766,0.244675586731199,-0.242810045511137,"once",447.998,5082.841,"2018","3"
"3085",4,"rear",185,2019,"Necanicum",22342,437504,5085899,0.172585392043267,0.478516874536682,-0.917030249638394,0.0572109405985073,2.43902132884486,0.48658051844247,-0.464307425863653,0.58483432925994,-0.839620658873964,"once",437.504,5085.899,"2019","4"
"3086",3,"rear",0,2019,"Nehalem",22345,469309,5090250,-0.40111495539361,-0.768689054549399,-0.677332641555089,-0.529162415518441,0.0846307170635555,1.19931671163711,0.126718898084639,-0.0954831557975414,0.100089094174463,"once",469.309,5090.25,"2019","3"
"3087",3,"rear",0,2019,"Nehalem",22346,430144,5067262,-0.0983286609130359,2.02677251064354,0.0817097840420431,-0.261207560662575,3.56946880670375,-1.47344401284278,-5.91700189841887,1.26515181431742,-0.972508906779802,"once",430.144,5067.262,"2019","3"
"3088",4,"rear",30,2019,"Tillamook Bay",22356,439304,5023838,0.0929047882325899,-0.0590718880004221,-0.877080648291176,-0.466260546407714,1.40206950704948,1.3329547478611,-0.0715609009173687,-0.435641898326282,-0.730462455237025,"once",439.304,5023.838,"2019","4"
"3089",4,"rear",950,2019,"Tillamook Bay",22361,453123,5049179,-0.241753747772255,1.36016244509753,-1.23662706041613,0.304198505750798,2.04803949439742,-2.05254216981342,-0.773166343539858,2.96594552696113,-0.411293359820325,"once",453.123,5049.179,"2019","4"
"3090",4,"rear",0,2019,"Nestucca",22368,430787,4999317,-0.369242713869339,1.03760918757527,-1.19667745906892,0.00212738290267281,2.06503870459079,-1.20616794039479,-0.338476014958533,2.96594552696113,-0.997425453262146,"once",430.787,4999.317,"2019","4"
"3114",2,"rear",7,2021,"Necanicum",22734,439665,5081442,-0.672029008349913,-0.145086090006359,-1.396425465805,-0.350762764142254,2.75350671742214,-2.05254216981342,-1.2345481835253,0.924993071788681,-0.770803530494155,"once",439.665,5081.442,"2021","2"
"539",3,"rear",0,2008,"Siuslaw",35002,446879,4874848,-0.544540042252829,-0.252603842513779,0.0817097840420431,-0.346498230643222,-0.348849142867298,-0.315247698901494,-0.239336115457529,0.244675586731199,-0.41010685760688,"annual",446.879,4874.848,"2008","3"
"540",3,"rear",0,2009,"Siuslaw",35002,446879,4874848,-0.544540042252829,-0.553653549534557,0.481205797514218,-0.346498230643222,-0.0853613848701125,-0.315247698901494,-0.239336115457529,0.244675586731199,-0.41010685760688,"annual",446.879,4874.848,"2009","3"
"541",3,"rear",0,2010,"Siuslaw",35002,446879,4874848,-0.544540042252829,-0.553653549534557,-0.197937425388479,-0.346498230643222,1.25757622040587,-0.315247698901494,-0.239336115457529,0.244675586731199,-0.41010685760688,"annual",446.879,4874.848,"2010","3"
"542",3,"rear",0,2011,"Siuslaw",35002,446879,4874848,-0.544540042252829,0.0484458645069986,-0.597433438860654,-0.346498230643222,0.773098729894911,-0.315247698901494,-0.239336115457529,0.244675586731199,-0.41010685760688,"annual",446.879,4874.848,"2011","3"
"543",3,"rear",0,2012,"Siuslaw",35002,446879,4874848,-0.544540042252829,1.18813404108566,-0.317786229430132,-0.346498230643222,0.705101889121444,-0.315247698901494,-0.239336115457529,0.244675586731199,-0.41010685760688,"annual",446.879,4874.848,"2012","3"
"544",3,"rear",0,2013,"Siuslaw",35002,446879,4874848,-0.544540042252829,-0.532149999033073,0.561105000208653,-0.346498230643222,0.16962676803039,-0.315247698901494,-0.239336115457529,0.244675586731199,-0.41010685760688,"annual",446.879,4874.848,"2013","3"
"545",3,"rear",0,2014,"Siuslaw",35002,446879,4874848,-0.544540042252829,-0.854703256555335,0.601054601555871,-0.346498230643222,0.101629927256922,-0.315247698901494,-0.239336115457529,0.244675586731199,-0.41010685760688,"annual",446.879,4874.848,"2014","3"
"536",3,"rear",0,2015,"Siuslaw",35002,446879,4874848,-0.544540042252829,0.414006223032229,0.680953804250306,-0.346498230643222,-1.05431636589202,-0.315247698901494,-0.239336115457529,0.244675586731199,-0.41010685760688,"annual",446.879,4874.848,"2015","3"
"537",3,"rear",0,2016,"Siuslaw",35002,446879,4874848,-0.544540042252829,0.865580783563396,-0.197937425388479,-0.346498230643222,-1.1138136015688,-0.315247698901494,-0.239336115457529,0.244675586731199,-0.41010685760688,"annual",446.879,4874.848,"2016","3"
"538",3,"rear",0,2017,"Siuslaw",35002,446879,4874848,-0.544540042252829,-0.446135797027137,0.0817097840420431,-0.346498230643222,0.943090831828579,-0.315247698901494,-0.239336115457529,0.244675586731199,-0.41010685760688,"annual",446.879,4874.848,"2017","3"
"550",3,"rear",335,2008,"Siuslaw",35003,440537,4869428,-0.257689868534391,0.112956516011451,-0.83713104694396,-0.783968292085624,-0.12785941035353,0.887494627114453,1.73202265538936,0.58483432925994,-0.560792638714392,"annual",440.537,4869.428,"2008","3"
"551",3,"rear",655,2010,"Siuslaw",35003,440537,4869428,-0.257689868534391,-0.231100292012295,-1.07682865502726,-0.783968292085624,2.09053751988084,0.887494627114453,1.73202265538936,0.58483432925994,-0.560792638714392,"annual",440.537,4869.428,"2010","3"
"552",3,"rear",315,2011,"Siuslaw",35003,440537,4869428,-0.257689868534391,0.500020425038166,-1.31652626311057,-0.783968292085624,1.69105608033672,0.887494627114453,1.73202265538936,0.58483432925994,-0.560792638714392,"annual",440.537,4869.428,"2011","3"
"553",3,"rear",138,2012,"Siuslaw",35003,440537,4869428,-0.257689868534391,1.66121215211831,-1.19667745906892,-0.783968292085624,1.58906081917652,0.887494627114453,1.73202265538936,0.58483432925994,-0.560792638714392,"annual",440.537,4869.428,"2012","3"
"554",3,"rear",626,2013,"Siuslaw",35003,440537,4869428,-0.257689868534391,-0.209596741510811,-0.397685432124567,-0.783968292085624,0.798597545184962,0.887494627114453,1.73202265538936,0.58483432925994,-0.560792638714392,"annual",440.537,4869.428,"2013","3"
"555",3,"rear",97,2014,"Siuslaw",35003,440537,4869428,-0.257689868534391,-0.661171302041978,-0.317786229430132,-0.783968292085624,0.722101099314811,0.887494627114453,1.73202265538936,0.58483432925994,-0.560792638714392,"annual",440.537,4869.428,"2014","3"
"547",3,"rear",646,2015,"Siuslaw",35003,440537,4869428,-0.257689868534391,-0.338618044519716,-0.157987824041262,-0.783968292085624,0.637105048347977,0.887494627114453,1.73202265538936,0.58483432925994,-0.560792638714392,"annual",440.537,4869.428,"2015","3"
"548",3,"rear",9,2016,"Siuslaw",35003,440537,4869428,-0.257689868534391,1.10211983907972,-0.956979850985612,-0.783968292085624,-1.02031794550529,0.887494627114453,1.73202265538936,0.58483432925994,-0.560792638714392,"annual",440.537,4869.428,"2016","3"
"549",3,"rear",2578,2017,"Siuslaw",35003,440537,4869428,-0.257689868534391,0.112956516011451,-0.717282242902307,-0.783968292085624,1.06208530318215,0.887494627114453,1.73202265538936,0.58483432925994,-0.560792638714392,"annual",440.537,4869.428,"2017","3"
"546",3,"rear",216,2019,"Siuslaw",35003,440537,4869428,-0.257689868534391,0.112956516011451,-1.03687905368005,-0.783968292085624,1.06208530318215,0.887494627114453,1.73202265538936,0.58483432925994,-0.560792638714392,"annual",440.537,4869.428,"2019","3"
"328",3,"rear",67,2020,"Siuslaw",35003,440537,4869428,-0.257689868534391,0.112956516011451,-0.83713104694396,-0.783968292085624,1.06208530318215,0.887494627114453,1.73202265538936,0.58483432925994,-0.560792638714392,"annual",440.537,4869.428,"2020","3"
"329",3,"rear",330,2021,"Siuslaw",35003,440537,4869428,-0.257689868534391,0.349495571527777,-0.83713104694396,-0.783968292085624,1.6995556854334,0.887494627114453,1.73202265538936,0.58483432925994,-0.560792638714392,"annual",440.537,4869.428,"2021","3"
"471",6,"rear",54,2007,"Alsea",35004,445460,4911338,3.93350989190724,-0.575157100036041,2.55858506756953,-0.684462510441536,-1.07131557608539,0.130212421845153,0.83595048682259,-1.11595938338376,-0.368579280136305,"annual",445.46,4911.338,"2007","6"
"472",6,"rear",0,2008,"Alsea",35004,445460,4911338,3.93350989190724,-0.3601215950212,1.71964343927796,-0.684462510441536,-0.765329792604785,0.130212421845153,0.83595048682259,-1.11595938338376,-0.368579280136305,"annual",445.46,4911.338,"2008","6"
"473",6,"rear",87,2009,"Alsea",35004,445460,4911338,3.93350989190724,-0.661171302041978,2.11913945275014,-0.684462510441536,-0.136359015450213,0.130212421845153,0.83595048682259,-1.11595938338376,-0.368579280136305,"annual",445.46,4911.338,"2009","6"
"397",3,"rear",1032,2016,"Yaquina",35006,439938,4928614,-0.178009264723713,0.951594985569333,-0.717282242902307,0.921845107527316,-1.0628159709887,-1.65162806114143,0.100027386680523,1.26515181431742,-0.258234574285922,"annual",439.938,4928.614,"2016","3"
"398",3,"rear",326,2017,"Yaquina",35006,439938,4928614,-0.178009264723713,0.758063031055975,-0.677332641555089,0.921845107527316,1.40206950704948,-1.65162806114143,0.100027386680523,1.26515181431742,-0.258234574285922,"annual",439.938,4928.614,"2017","3"
"399",3,"rear",545,2018,"Yaquina",35006,439938,4928614,-0.178009264723713,0.758063031055975,-0.197937425388479,0.921845107527316,0.356618080157424,-1.65162806114143,0.100027386680523,1.26515181431742,-0.258234574285922,"annual",439.938,4928.614,"2018","3"
"396",3,"rear",723,2019,"Yaquina",35006,439938,4928614,-0.178009264723713,0.758063031055975,-0.877080648291176,0.921845107527316,1.40206950704948,-1.65162806114143,0.100027386680523,1.26515181431742,-0.258234574285922,"annual",439.938,4928.614,"2019","3"
"311",3,"rear",515,2020,"Yaquina",35006,439938,4928614,-0.178009264723713,0.758063031055975,-0.797181445596741,0.921845107527316,1.40206950704948,-1.65162806114143,0.100027386680523,1.26515181431742,-0.258234574285922,"annual",439.938,4928.614,"2020","3"
"312",3,"rear",649,2021,"Yaquina",35006,439938,4928614,-0.178009264723713,0.758063031055975,-0.797181445596741,0.921845107527316,1.2405770102125,-1.65162806114143,0.100027386680523,1.26515181431742,-0.258234574285922,"annual",439.938,4928.614,"2021","3"
"556",7,"rear",0,2007,"Siuslaw",35035,444309,4872006,4.42752963553344,-0.489142898030105,2.75833307430561,1.352207613138,-1.00331873531192,0.0411203976958234,0.340250989317571,-1.11595938338376,-0.36264676906908,"annual",444.309,4872.006,"2007","7"
"400",6,"rear",23,2007,"Yaquina",35049,434878,4946226,2.18053660807234,-0.704178403044946,1.55984503388909,-0.660652198405272,-0.892823869055036,0.397488494293141,0.386007866010342,-1.11595938338376,-0.552487123220278,"annual",434.878,4946.226,"2007","6"
"557",8,"rear",0,2007,"Siuslaw",35051,429013,4878826,6.69045878375668,0.478516874536682,3.79702270933327,-0.586378239963792,-0.714332162024684,-0.137063650602836,0.683427564513353,-1.11595938338376,-0.713851424248795,"annual",429.013,4878.826,"2007","8"
"558",8,"rear",0,2008,"Siuslaw",35051,429013,4878826,6.69045878375668,-0.166589640507843,2.59853466891675,-0.586378239963792,-0.459344009124182,-0.137063650602836,0.683427564513353,-1.11595938338376,-0.713851424248795,"annual",429.013,4878.826,"2008","8"
"559",7,"rear",0,2007,"Siuslaw",35064,442287,4878113,4.69844368848974,0.327992021026292,2.59853466891675,0.154584455493079,-0.714332162024684,0.0411203976958234,0.355503281548494,-1.11595938338376,-0.508586541322813,"annual",442.287,4878.113,"2007","7"
"560",7,"rear",0,2008,"Siuslaw",35064,442287,4878113,4.69844368848974,-0.188093191009327,2.0392402500557,0.154584455493079,-0.297851512287198,0.0411203976958234,0.355503281548494,-1.11595938338376,-0.508586541322813,"annual",442.287,4878.113,"2008","7"
"1271",4,"rear",44,2008,"Siuslaw",35211,462554,4898851,-0.703901249874184,-0.252603842513779,-0.118038222694044,-0.297100717612764,-1.38580096466267,0.5756725425918,-0.967633069484135,-0.0954831557975414,-0.00550960282214017,"three",462.554,4898.851,"2008","4"
"1272",4,"rear",306,2011,"Siuslaw",35211,462554,4898851,-0.703901249874184,-0.747185504047915,-0.877080648291176,-0.297100717612764,-0.340349537770615,0.5756725425918,-0.967633069484135,-0.0954831557975414,-0.00550960282214017,"three",462.554,4898.851,"2011","4"
"1273",4,"rear",84,2014,"Siuslaw",35211,462554,4898851,-0.703901249874184,-1.04823521106869,0.361356993472565,-0.297100717612764,-0.807827818088202,0.5756725425918,-0.967633069484135,-0.0954831557975414,-0.00550960282214017,"three",462.554,4898.851,"2014","4"
"1270",4,"rear",132,2017,"Siuslaw",35211,462554,4898851,-0.703901249874184,0.543027526041134,-0.118038222694044,-0.297100717612764,-0.994819130215237,0.5756725425918,-0.967633069484135,-0.0954831557975414,-0.00550960282214017,"three",462.554,4898.851,"2017","4"
"1199",4,"rear",418,2020,"Siuslaw",35211,462554,4898851,-0.703901249874184,-1.04823521106869,-0.277836628082914,-0.297100717612764,-0.807827818088202,0.5756725425918,-0.967633069484135,-0.0954831557975414,-0.00550960282214017,"three",462.554,4898.851,"2020","4"
"1233",6,"rear",0,2008,"Alsea",35272,448325,4912748,3.8697654088587,-0.381625145522684,1.91939144601405,-0.774017713921215,-0.994819130215237,1.77841486860775,0.771128244841164,-1.11595938338376,-0.293829640689271,"three",448.325,4912.748,"2008","6"
"1205",7,"rear",7,2008,"Siletz",35275,440512,4966731,4.52314636010625,1.44617664710347,-0.557483837513437,4.11100540922034,0.16962676803039,-0.226155674752164,0.0199528524681733,-1.11595938338376,0.0550020100635539,"three",440.512,4966.731,"2008","7"
"1234",6,"rear",0,2008,"Alsea",35281,434091,4912663,4.82593265458683,-0.10207898900339,1.00055061502805,0.278611304756604,-0.544340060091016,0.0856664097704881,1.0342302858246,-1.11595938338376,-0.664018331284106,"three",434.091,4912.663,"2008","6"
"1434",5,"rear",96,2008,"Salmon",35429,431269,4985408,2.19647272883447,1.10211983907972,0.521155398861436,-0.40122641054747,0.365117685254108,0.0856664097704881,-0.121130850667871,-0.775800640855023,-0.979627920060472,"nine",431.269,4985.408,"2008","5"
"1444",5,"rear",3,2008,"Yaquina",35439,443298,4932523,2.03711152121312,0.112956516011451,1.16034902041692,-0.00675706188697792,-0.323350327577248,0.0411203976958234,0.946529605496787,-1.11595938338376,-0.334170715946401,"nine",443.298,4932.523,"2008","5"
"1447",6,"rear",0,2008,"Alsea",35472,445247,4911704,3.93350989190724,-0.3601215950212,1.71964343927796,-0.684462510441536,-0.765329792604785,0.130212421845153,0.83595048682259,-1.11595938338376,-0.36264676906908,"nine",445.247,4911.704,"2008","6"
"1459",7,"rear",0,2008,"Siuslaw",35525,440577,4877659,4.77812429230042,-0.145086090006359,2.11913945275014,0.807058080845029,-0.374347958157348,0.0411203976958234,0.366942500721687,-1.11595938338376,-0.529943581164823,"nine",440.577,4877.659,"2008","7"
"1780",5,"rear",904,2009,"Alsea",36061,454483,4915728,2.70642859322281,-0.661171302041978,1.91939144601405,-0.228157426045074,-0.467843614220866,0.0856664097704881,0.900772728804016,-1.11595938338376,-0.183484934838888,"three",454.483,4915.728,"2009","5"
"1783",5,"rear",1028,2009,"Alsea",36062,440798,4915825,1.87775031359176,-0.446135797027137,0.161608986736478,-0.208611647507843,-0.119359805256846,-0.00342561437884133,1.00753877442048,-0.775800640855023,-0.507400039109368,"three",440.798,4915.825,"2009","5"
"1784",5,"rear",456,2012,"Alsea",36062,440798,4915825,1.87775031359176,1.5321908491094,-0.237887026735697,-0.208611647507843,0.118629137450289,-0.00342561437884133,1.00753877442048,-0.775800640855023,-0.507400039109368,"three",440.798,4915.825,"2012","5"
"1781",5,"rear",904,2015,"Alsea",36062,440798,4915825,1.87775031359176,0.112956516011451,0.121659385389261,-0.208611647507843,-1.27530609840579,-0.00342561437884133,1.00753877442048,-0.775800640855023,-0.507400039109368,"three",440.798,4915.825,"2015","5"
"1782",5,"rear",151,2018,"Alsea",36062,440798,4915825,1.87775031359176,0.0699494150084828,0.00181058134760843,-0.208611647507843,0.254622818997224,-0.00342561437884133,1.00753877442048,-0.775800640855023,-0.507400039109368,"three",440.798,4915.825,"2018","5"
"1740",5,"rear",851,2021,"Alsea",36062,440798,4915825,1.87775031359176,-0.446135797027137,-0.437635033471785,-0.208611647507843,-0.119359805256846,-0.00342561437884133,1.00753877442048,-0.775800640855023,-0.507400039109368,"three",440.798,4915.825,"2021","5"
"1760",4,"rear",0,2015,"Siletz",36063,451958,4963293,0.188521512805403,2.06977961164651,-0.437635033471785,-0.699743755479735,-0.960820709828503,1.55568480823442,-0.388045964709035,-0.775800640855023,0.336203034650015,"three",451.958,4963.293,"2015","4"
"1761",4,"rear",0,2018,"Siletz",36063,451958,4963293,0.188521512805403,2.04827606114502,-0.597433438860654,-0.699743755479735,0.917592016538529,1.55568480823442,-0.388045964709035,-0.775800640855023,0.336203034650015,"three",451.958,4963.293,"2018","4"
"2017",5,"rear",9,2009,"Siuslaw",36277,428285,4871390,1.30404996615489,-0.424632246525653,1.51989543254187,-0.292125428530559,0.0251334813867717,0.664764566741129,0.660549126166968,-1.11595938338376,-0.798093081403389,"nine",428.285,4871.39,"2009","5"
"2016",5,"rear",7,2018,"Siuslaw",36277,428285,4871390,1.30404996615489,-0.188093191009327,1.43999622984744,-0.292125428530559,-0.272352696997147,0.664764566741129,0.660549126166968,-1.11595938338376,-0.798093081403389,"nine",428.285,4871.39,"2018","5"
"2099",5,"rear",388,2012,"Salmon",36490,436766,4987630,1.31998608691702,2.04827606114502,-0.35773583077735,-0.328373963272334,0.450113736220942,-0.00342561437884133,-0.0219909511668668,-0.775800640855023,-0.893013258478988,"nine",436.766,4987.63,"2012","5"
"2102",4,"rear",607,2012,"Alsea",36491,437076,4924645,-0.034584177864494,2.04827606114502,-1.07682865502726,-0.726397089848687,0.790097940088278,0.0856664097704881,-0.563447325364657,0.58483432925994,-0.527570576737933,"nine",437.076,4924.645,"2012","4"
"2093",4,"rear",342,2021,"Alsea",36491,437076,4924645,-0.034584177864494,0.198970718017388,-0.517534236166219,-0.726397089848687,0.824096360475012,0.0856664097704881,-0.563447325364657,0.58483432925994,-0.527570576737933,"nine",437.076,4924.645,"2021","4"
"2301",4,"rear",672,2010,"Siletz",36915,441131,4962307,0.347882720426757,0.414006223032229,-1.79592147927718,-0.779703758586591,1.91204581285049,0.5756725425918,0.435577815760844,0.244675586731199,0.0158474370198695,"three",441.131,4962.307,"2010","4"
"2302",4,"rear",669,2013,"Siletz",36915,441131,4962307,0.347882720426757,0.155963617014419,-1.43637506715222,-0.779703758586591,0.56910820757451,0.5756725425918,0.435577815760844,0.244675586731199,0.0158474370198695,"three",441.131,4962.307,"2013","4"
"2300",4,"rear",424,2016,"Siletz",36915,441131,4962307,0.347882720426757,1.70421925312128,-1.79592147927718,-0.779703758586591,-0.637835716154534,0.5756725425918,0.435577815760844,0.244675586731199,0.0158474370198695,"three",441.131,4962.307,"2016","4"
"2299",4,"rear",1187,2019,"Siletz",36915,441131,4962307,0.347882720426757,2.13429026315096,-1.71602227658274,-0.779703758586591,1.495565163113,0.5756725425918,0.435577815760844,0.244675586731199,0.0158474370198695,"three",441.131,4962.307,"2019","4"
"2304",5,"rear",125,2016,"Siletz",36916,424894,4959873,0.0291603051840479,0.414006223032229,0.121659385389261,-0.745587490594333,-1.0628159709887,-0.00342561437884133,-2.19544259407349,-0.775800640855023,-0.70317290432779,"three",424.894,4959.873,"2016","5"
"2303",5,"rear",33,2019,"Siletz",36916,424894,4959873,0.0291603051840479,0.457013324035197,0.361356993472565,-0.745587490594333,1.07908451337551,-0.00342561437884133,-2.19544259407349,-0.775800640855023,-0.70317290432779,"three",424.894,4959.873,"2019","5"
"2389",4,"rear",692,2016,"MCDependent",36917,425110,4902663,-0.114264781675171,0.564531076542618,-0.83713104694396,0.374563308484831,-1.10531399647212,-0.137063650602836,1.92648938133363,0.924993071788681,-0.898945769546213,"three",425.11,4902.663,"2016","4"
"2388",4,"rear",823,2019,"MCDependent",36917,425110,4902662,-0.114264781675171,0.177467167515903,-0.637383040207872,0.374563308484831,0.985588857311996,-0.137063650602836,1.92648938133363,0.924993071788681,-0.898945769546213,"three",425.11,4902.662,"2019","4"
"2384",3,"rear",53,2019,"Siuslaw",36920,460271,4867717,-0.879198578257674,-0.962221009062756,-0.637383040207872,-0.23206658175252,-0.467843614220866,-1.20616794039479,0.157223482546486,0.244675586731199,0.101275596387908,"three",460.271,4867.717,"2019","3"
"2305",7,"rear",79,2007,"Siletz",36937,427590,4958160,6.32392800622756,-0.61816420103901,1.08044981772248,-0.725686334265515,-0.799328212991518,-0.0925176385281708,0.263989528162952,-1.11595938338376,-0.622490753813532,"three",427.59,4958.16,"2007","7"
"2314",5,"rear",20,2007,"Yaquina",36956,441039,4933642,2.21240884959661,-0.575157100036041,1.47994583119466,1.6880396261868,-0.909823079248403,-0.1816096626775,1.07998716251737,-1.11595938338376,-0.39586883104554,"three",441.039,4933.642,"2007","5"
"2385",7,"rear",0,2007,"Siuslaw",36958,448043,4869782,3.72634032199948,-0.489142898030105,2.51863546622231,-0.576072284007797,-1.00331873531192,0.0856664097704881,0.313559477913454,-1.11595938338376,-0.228572018949797,"three",448.043,4869.782,"2007","7"
"2306",7,"rear",337,2007,"Siletz",36988,430724,4952790,6.10082231555766,-0.639667751540494,1.32014742580579,1.12156742639866,-0.799328212991518,-0.0479716264535061,0.286867966509338,-1.11595938338376,-0.314000178317836,"three",430.724,4952.79,"2007","7"
"2337",6,"rear",324,2007,"Alsea",36995,445866,4910713,3.93350989190724,-0.575157100036041,2.55858506756953,-0.684462510441536,-1.07131557608539,0.0856664097704881,0.83595048682259,-1.11595938338376,-0.37688479563042,"three",445.866,4910.713,"2007","6"
"2544",5,"rear",268,2010,"Yaquina",37128,433596,4945385,-0.114264781675171,-0.811696155552367,0.0417601826948251,-0.722487934141241,0.679603073831394,0.263850458069147,-2.26789098217038,-0.775800640855023,-0.612998736105972,"nine",433.596,4945.385,"2010","5"
"2543",5,"rear",624,2019,"Yaquina",37128,433596,4945385,-0.114264781675171,0.758063031055975,0.840752209639175,-0.722487934141241,1.40206950704948,0.263850458069147,-2.26789098217038,-0.775800640855023,-0.612998736105972,"nine",433.596,4945.385,"2019","5"
"2700",7,"rear",95,2007,"Siletz",37564,427511,4958786,6.32392800622756,-0.61816420103901,1.08044981772248,-0.725686334265515,-0.799328212991518,-0.0479716264535061,0.263989528162952,-1.11595938338376,-0.630796269307646,"nine",427.511,4958.786,"2007","7"
"2721",7,"rear",0,2007,"Siuslaw",37567,444891,4874819,4.55501860163052,0.0699494150084828,2.63848427026396,-0.142511378272841,-0.782329002798152,0.0856664097704881,0.351690208490763,-0.775800640855023,-0.418412373100994,"nine",444.891,4874.819,"2007","7"
"2701",7,"rear",113,2007,"Siletz",37621,437827,4960121,5.04903834525672,0.177467167515903,0.161608986736478,1.07678982465883,-0.22985467151373,-0.0479716264535061,0.138158117257832,-0.775800640855023,-0.0790727400557292,"nine",437.827,4960.121,"2007","7"
"3384",3,"rear",0,2007,"Siuslaw",39473,479009,4856665,-0.608284525301371,-0.661171302041978,0.361356993472565,-0.490070858443978,-0.901323474151719,1.28840873578643,0.725371368148393,-0.435641898326282,0.974541225483416,"once",479.009,4856.665,"2007","3"
"3385",3,"rear",0,2007,"Siuslaw",39474,453290,4871305,-0.974815302830487,-0.61816420103901,0.441256196167,-0.668115132028578,-1.10531399647212,-0.983437880021464,-0.651148005692468,0.58483432925994,-0.181111930411998,"once",453.29,4871.305,"2007","3"
"3386",5,"rear",64,2007,"Siuslaw",39475,449038,4882399,0.188521512805403,0.0914529655099669,0.401306594819783,-0.638974153118524,-0.646335321251217,1.73386885653308,0.363129427663956,-0.775800640855023,-0.361460266855635,"once",449.038,4882.399,"2007","5"
"3376",7,"rear",148,2007,"Siletz",39538,427512,4957186,6.29205576470329,-0.61816420103901,1.08044981772248,2.20831271306874,-0.799328212991518,-0.0479716264535061,0.260176455105221,-1.11595938338376,-0.559606136500947,"once",427.512,4957.186,"2007","7"
"3379",6,"rear",62,2007,"Yaquina",39557,438181,4933857,2.45145066102864,-0.317114494018232,1.63974423658352,-0.7082728224778,-0.714332162024684,0.130212421845153,0.973221116900903,-1.11595938338376,-0.478923985986689,"once",438.181,4933.857,"2007","6"
"3383",3,"rear",23,2007,"Alsea",39580,438781,4914121,-0.560476163014965,-0.403128696024168,-0.317786229430132,0.174130234030311,-0.935321894538453,0.174758433919818,2.78824389238082,4.66673923960483,-0.579776674129512,"once",438.781,4914.121,"2007","3"
"3377",7,"rear",155,2007,"Siletz",39602,426244,4961068,6.54703369689746,-0.61816420103901,1.16034902041692,1.9065969680122,-0.841826238474935,-0.0925176385281708,0.286867966509338,-1.11595938338376,-0.70317290432779,"once",426.244,4961.068,"2007","7"
"2801",6,"rear",845,2008,"Siletz",39708,428007,4972392,2.33989781569369,0.672048829050039,0.201558588083696,-0.198661069343434,0.0761311119668721,0.0411203976958234,0.355503281548494,-1.11595938338376,-0.926235320455447,"once",428.007,4972.392,"2008","6"
"2806",4,"rear",9,2008,"Alsea",39710,424226,4916062,-0.528603921490694,0.370999122029261,-1.07682865502726,-0.0589975972501242,-0.646335321251217,-0.805253831722806,3.3411394857518,0.58483432925994,-0.972508906779802,"once",424.226,4916.062,"2008","4"
"2814",4,"rear",537,2008,"MCDependent",39712,423426,4981685,-0.034584177864494,0.930091435067849,-1.19667745906892,-0.790720470125758,0.305620449577324,0.263850458069147,-0.323223722727609,-0.775800640855023,-1.07692110156296,"once",423.426,4981.685,"2008","4"
"2809",7,"rear",0,2008,"Siuslaw",39714,440106,4877410,4.77812429230042,-0.145086090006359,2.11913945275014,0.807058080845029,-0.374347958157348,0.0856664097704881,0.366942500721687,-1.11595938338376,-0.534689590018603,"once",440.106,4877.41,"2008","7"
"2802",4,"rear",847,2008,"Siletz",39715,435386,4951074,0.140713150518996,0.52152397553965,-0.477584634819001,1.67417989231494,-0.450844404027499,-0.84979984379747,-0.506251229498694,-0.775800640855023,-0.233318027803577,"once",435.386,4951.074,"2008","4"
"2804",2,"rear",0,2008,"Yaquina",39716,451803,4929603,-0.703901249874184,1.10211983907972,-0.397685432124567,-0.398028010423196,0.22062439861049,0.442034506367805,-0.90662390056044,1.9454692993749,-0.189417445906113,"once",451.803,4929.603,"2008","2"
"2803",4,"rear",14,2008,"Siletz",39719,421999,4960388,-0.592348404539236,0.112956516011451,-0.277836628082914,-0.758736468883016,-0.357348747963981,0.48658051844247,-2.61869370348162,-0.0954831557975414,-0.716224428675685,"once",421.999,4960.388,"2008","4"
"2807",3,"rear",0,2008,"Alsea",39720,451737,4897853,-0.687965129112048,-0.446135797027137,-0.797181445596741,0.451324911467414,-1.21580886272901,-2.05254216981342,-0.872306243040862,0.244675586731199,-0.197722961400228,"once",451.737,4897.853,"2008","3"
"2815",4,"rear",76,2008,"MCDependent",39721,413447,4891182,0.905646947101499,-0.0590718880004221,-0.917030249638394,0.277189793590259,-0.6038372957678,-0.226155674752164,1.79684489737078,-0.775800640855023,-1.11370267017975,"once",413.447,4891.182,"2008","4"
"2810",6,"rear",0,2008,"Siuslaw",39722,464885,4856060,2.08491988349952,-0.725681953546431,1.08044981772248,-0.269736627660639,-1.24130767801906,0.0411203976958234,0.473708546338153,-1.11595938338376,0.577062983979347,"once",464.885,4856.06,"2008","6"
"2811",7,"rear",0,2008,"Siuslaw",39726,446548,4871413,3.9175737711451,-0.381625145522684,2.19903865544457,-0.420772189084702,-0.518841244800966,0.0856664097704881,0.351690208490763,-1.11595938338376,-0.290270134048936,"once",446.548,4871.413,"2008","7"
"2808",4,"rear",434,2008,"Alsea",39729,441024,4901066,-0.432987196917881,-0.252603842513779,-0.437635033471785,-0.496823036484112,-0.569838875381067,1.24386272371177,0.412699377414458,0.244675586731199,-0.370952284563195,"once",441.024,4901.066,"2008","4"
"2812",5,"rear",3,2008,"Siuslaw",39730,427496,4868233,1.01719979243645,-0.0375683374989379,0.121659385389261,-0.238818759792655,-0.144858620546896,-0.0479716264535061,0.603353030301004,0.244675586731199,-0.728089450810135,"once",427.496,4868.233,"2008","5"
"2805",4,"rear",466,2008,"Yaquina",39731,439911,4937124,-0.512667800728558,0.435509773533713,0.441256196167,-0.614453085499088,-0.391347168350715,-0.00342561437884133,-0.384232891651304,-0.0954831557975414,-0.433836901875779,"once",439.911,4937.124,"2008","4"
"2813",6,"rear",0,2008,"Siuslaw",39762,448553,4865063,3.10483161227619,-0.489142898030105,2.15908905409735,6.45258967798069,-0.382847563254032,-0.0925176385281708,0.344064062375302,-1.11595938338376,-0.0968702732574039,"once",448.553,4865.063,"2008","6"
"2834",5,"rear",528,2009,"Siuslaw",39964,454211,4888477,0.108840908994725,-0.811696155552367,0.201558588083696,-0.620139130164464,-0.52734084989765,-0.00342561437884133,-0.422363622228613,-0.775800640855023,-0.260607578712812,"once",454.211,4888.477,"2009","5"
"2836",5,"rear",0,2009,"MCDependent",39965,410500,4879967,0.810030222528686,-0.897710357558304,0.441256196167,-0.282530228157737,-0.561339270284383,0.0856664097704881,-0.654961078750199,-1.11595938338376,-1.12912719895454,"once",410.5,4879.967,"2009","5"
"2833",3,"rear",329,2009,"Alsea",39969,443234,4915844,0.300074358140351,-0.446135797027137,-0.757231844249525,4.86120792725845,-0.119359805256846,-0.716161807573476,1.38503300713584,2.28562804190364,-0.497908021401808,"once",443.234,4915.844,"2009","3"
"2831",5,"rear",1156,2009,"Siletz",39974,443223,4953670,1.57496401911119,-0.0805754385019062,0.281457790778131,-0.583535217631103,0.0166338762900883,0.130212421845153,0.511839276915462,-0.775800640855023,-0.117040810885969,"once",443.223,4953.67,"2009","5"
"2835",6,"rear",10,2009,"Siuslaw",39980,458395,4893411,1.22436936234421,-0.897710357558304,0.920651412333611,-0.730306245556133,-0.756830187508101,1.73386885653308,0.0580835830454825,-0.775800640855023,-0.108735295391854,"once",458.395,4893.411,"2009","6"
"2832",6,"rear",451,2009,"Siletz",39983,423809,4972950,2.51519514407718,0.177467167515903,1.04050021637526,-0.715735756101106,0.127128742546973,0.130212421845153,0.511839276915462,-1.11595938338376,-1.04488554179995,"once",423.809,4972.95,"2009","6"
"2862",3,"rear",79,2010,"MCDependent",40219,415396,4899122,-0.00271193634022317,-0.3601215950212,-1.43637506715222,1.32697578993539,1.35107187646938,-1.78526609736543,2.19721756843253,0.58483432925994,-1.10302415025875,"once",415.396,4899.122,"2010","3"
"2860",4,"rear",852,2010,"Siuslaw",40223,445813,4897209,0.108840908994725,-0.854703256555335,-0.757231844249525,-0.406557077421261,1.07058490827883,-0.0925176385281708,1.00753877442048,-0.435641898326282,-0.155008881716208,"once",445.813,4897.209,"2010","4"
"2857",4,"rear",414,2010,"Siletz",40228,428798,4978877,0.0610325467083188,0.155963617014419,-1.8358710806244,-0.356804186599217,1.73355410582014,-0.270701686826829,0.0428312908145589,0.244675586731199,-0.996238951048701,"once",428.798,4978.877,"2010","4"
"2858",3,"rear",39,2010,"Siletz",40233,440247,4967500,-0.640156766825642,0.478516874536682,-1.71602227658274,0.342579307242089,2.005541468914,-0.00342561437884133,-1.50146329756646,0.58483432925994,0.0668670321980038,"once",440.247,4967.5,"2010","3"
"2859",3,"rear",59,2010,"Alsea",40234,424409,4913835,-0.5764122837771,-0.704178403044946,-1.43637506715222,0.690849542996397,1.06208530318215,-2.05254216981342,1.7625272398512,0.924993071788681,-0.893013258478988,"once",424.409,4913.835,"2010","3"
"2861",6,"rear",1,2010,"Siuslaw",40235,458975,4860392,2.53113126483932,-1.02673166056721,1.40004662850022,0.829091503923363,-0.161857830740263,1.11022468748778,0.386007866010342,-1.11595938338376,0.262639897416426,"once",458.975,4860.392,"2010","6"
"2887",3,"rear",593,2011,"Siletz",40475,439509,4955750,-0.337370472345068,-0.123582539504875,-1.11677825637448,-0.54444366055664,0.59460702286456,-0.137063650602836,-0.380419818593573,-0.775800640855023,-0.170433410490993,"once",439.509,4955.75,"2011","3"
"2892",3,"rear",12,2011,"Siuslaw",40476,450818,4861683,-0.608284525301371,-0.467639347528621,-0.677332641555089,-0.429656633874353,-0.000365333903278495,0.753856590890459,-0.799857854943974,-0.435641898326282,0.0680535344114488,"once",450.818,4861.683,"2011","3"
"2891",5,"rear",587,2011,"Alsea",40477,454055,4914937,2.70642859322281,-0.682674852543462,0.601054601555871,-0.228157426045074,0.0251334813867717,1.64477683238375,0.900772728804016,-1.11595938338376,-0.194163454759893,"once",454.055,4914.937,"2011","5"
"2889",3,"rear",125,2011,"Yaquina",40478,435940,4938850,-0.687965129112048,-0.0375683374989379,0.0817097840420431,-0.551551216388361,0.543609392284459,0.352942482218476,-0.426176695286344,-0.775800640855023,-0.573844163062287,"once",435.94,4938.85,"2011","3"
"2893",3,"rear",110,2011,"Siuslaw",40483,471610,4856939,-0.672029008349913,-0.897710357558304,-1.35647586445779,-0.530228548893199,-0.297851512287198,1.28840873578643,0.153410409488756,0.244675586731199,0.738427285007864,"once",471.61,4856.939,"2011","3"
"2894",3,"rear",447,2011,"Siuslaw",40484,428245,4894168,-0.672029008349913,0.306488470524808,-1.31652626311057,-0.690859310690084,0.943090831828579,-0.537977759274818,0.54615693443504,0.244675586731199,-0.178738925985108,"once",428.245,4894.168,"2011","3"
"2890",2,"rear",38,2011,"Beaver",40486,422259,4932753,-0.815454095209132,0.177467167515903,-1.23662706041613,-0.783968292085624,0.628605443251293,-0.315247698901494,0.431764742703113,-0.0954831557975414,-0.973695408993247,"once",422.259,4932.753,"2011","2"
"2888",4,"rear",0,2011,"Siletz",40487,448547,4965926,-0.209881506247984,1.10211983907972,-2.71476231026318,-0.522765615269892,1.66555726504667,1.06567867541311,-0.460494352805922,2.62578678443239,0.263826399629871,"once",448.547,4965.926,"2011","4"
"2895",3,"rear",7,2011,"Siuslaw",40489,420063,4884811,-0.703901249874184,0.650545278548555,0.121659385389261,-0.0980891543245874,1.0365864878921,-1.6961740732161,1.86548021240994,0.58483432925994,-0.683002366699226,"once",420.063,4884.811,"2011","3"
"2921",3,"rear",153,2012,"Siuslaw",40729,422801,4886929,-0.496731679966423,0.908587884566364,-0.517534236166219,-0.728173978806617,0.960090042021946,0.664764566741129,1.552808221676,0.244675586731199,-0.601133713971522,"once",422.801,4886.929,"2012","3"
"2920",3,"rear",298,2012,"Alsea",40730,457948,4917331,-0.448923317680016,1.38166599559902,-0.597433438860654,0.0245161837725926,-0.544340060091016,-1.6961740732161,-0.269840699919377,1.9454692993749,-0.126532828593529,"once",457.948,4917.331,"2012","3"
"2919",3,"rear",15,2012,"Yaquina",40734,443924,4936843,-0.75170961216059,1.8117370056287,-0.397685432124567,-0.609477796416883,0.127128742546973,0.219304445994482,1.80065797042851,1.26515181431742,-0.323492196025396,"once",443.924,4936.843,"2012","3"
"2922",3,"rear",13,2012,"Siuslaw",40736,443142,4878463,-0.417051076155745,1.4031695461005,-0.35773583077735,1.87674523351898,0.926091621635213,-2.00799615773875,0.000887487179518749,1.9454692993749,-0.491975510334583,"once",443.142,4878.463,"2012","3"
"2923",3,"rear",103,2012,"Siuslaw",40737,442426,4890108,-0.75170961216059,0.822573682560428,-0.237887026735697,0.187989967902166,0.696602284024761,0.531126530517135,1.51467749109869,1.60531055684616,-0.287897129622046,"once",442.426,4890.108,"2012","3"
"2942",3,"rear",115,2013,"Siuslaw",40979,432331,4889409,-0.783581853684861,-0.532149999033073,0.00181058134760843,-0.407267833004433,0.399116105640841,0.308396470143812,1.20963164648022,1.26515181431742,-0.289083631835491,"once",432.331,4889.409,"2013","3"
"2939",3,"rear",277,2013,"Siletz",40981,433160,4951043,-0.512667800728558,-0.87620680705682,0.161608986736478,-0.636131130785836,-0.221355066417047,-0.0479716264535061,-0.628269567346083,-0.435641898326282,-0.234504530017022,"once",433.16,4951.043,"2013","3"
"2941",5,"rear",304,2013,"Alsea",40983,440678,4907416,1.76619746825681,-0.897710357558304,0.840752209639175,0.443506600052521,-0.136359015450213,-0.0925176385281708,1.05329565111325,-1.11595938338376,-0.480110488200134,"once",440.678,4907.416,"2013","5"
"2940",3,"rear",750,2013,"Yaquina",40988,446100,4941096,-0.5764122837771,-0.682674852543462,0.481205797514218,-0.597394951502958,-0.102360595063479,1.3329547478611,1.11049174697922,0.244675586731199,-0.35315475136152,"once",446.1,4941.096,"2013","3"
"2943",3,"rear",166,2013,"Siuslaw",40991,476890,4849129,-0.672029008349913,-0.897710357558304,0.521155398861436,-0.637197264160594,-0.816327423184885,1.02113266333845,-1.17735208765934,-0.775800640855023,0.893859074969157,"once",476.89,4849.129,"2013","3"
"2944",3,"rear",86,2013,"Siuslaw",40999,462866,4870469,-0.528603921490694,-0.87620680705682,0.00181058134760843,-0.375994587344862,-0.926822289441769,1.06567867541311,-0.933315411964557,-0.435641898326282,0.0265259569408744,"once",462.866,4870.469,"2013","3"
"2963",4,"rear",451,2015,"Siuslaw",41493,452659,4884864,-0.369242713869339,-0.252603842513779,0.0417601826948251,-0.536269971350161,-1.44529820033946,-0.0925176385281708,0.0428312908145589,-0.775800640855023,-0.297389147329606,"once",452.659,4884.864,"2015","4"
"2965",3,"rear",0,2015,"MCDependent",41494,415988,4950441,0.140713150518996,0.155963617014419,0.561105000208653,-0.0778326202041838,-0.909823079248403,-0.226155674752164,1.36596764184719,-0.0954831557975414,-1.06861558606885,"once",415.988,4950.441,"2015","3"
"2966",4,"rear",229,2015,"MCDependent",41500,411827,4902100,0.555052290334518,0.26348136952184,0.201558588083696,-0.569320105967662,-0.867325053764986,-0.315247698901494,2.79587003849628,-0.435641898326282,-1.15404374543688,"once",411.827,4902.1,"2015","4"
"2960",7,"rear",0,2015,"Siletz",41501,442783,4969213,4.52314636010625,2.67187902568806,-0.437635033471785,4.11100540922034,-0.5528396651877,-0.226155674752164,0.0199528524681733,-1.11595938338376,0.0550020100635539,"once",442.783,4969.213,"2015","7"
"2967",4,"rear",376,2015,"MCDependent",41508,411883,4891463,1.00126367167431,0.0269423140055145,0.800802608291958,-0.56860935038449,-0.97781992002187,1.55568480823442,1.85404099323675,-0.775800640855023,-1.13980571887554,"once",411.883,4891.463,"2015","4"
"2964",3,"rear",521,2015,"Siuslaw",41512,441752,4894714,-0.146137023199442,-0.0375683374989379,0.601054601555871,-0.413664633252981,-0.918322684345086,0.397488494293141,0.416512450472189,-0.0954831557975414,-0.101616282111184,"once",441.752,4894.714,"2015","3"
"2961",3,"rear",160,2015,"Siletz",41513,425121,4966816,-0.608284525301371,0.241977819020356,0.201558588083696,-0.376705342928034,-0.901323474151719,1.15477069956244,0.119092751969177,-0.0954831557975414,-0.902505276186548,"once",425.121,4966.816,"2015","3"
"2962",3,"rear",159,2015,"Siletz",41517,432495,4960618,-0.687965129112048,0.414006223032229,-0.437635033471785,-0.462351390700267,-0.97781992002187,-0.359793710976159,-1.7531261193767,-0.0954831557975414,-0.569098154208507,"once",432.495,4960.618,"2015","3"
"2986",4,"rear",397,2016,"Siletz",41747,436919,4950325,-0.0983286609130359,0.414006223032229,-1.19667745906892,-0.686594777191052,-1.00331873531192,0.0411203976958234,-0.567260398422388,-1.11595938338376,-0.204841974680897,"once",436.919,4950.325,"2016","4"
"2988",4,"rear",311,2016,"Siuslaw",41757,447080,4860237,0.220393754329674,0.607538177545586,-0.397685432124567,-0.695123844189116,-1.12231320666549,1.24386272371177,-0.323223722727609,-1.11595938338376,-0.01737462495659,"once",447.08,4860.237,"2016","4"
"2987",4,"rear",22,2016,"Yaquina",41759,420675,4943958,-0.656092887587778,-0.596660650537526,-0.956979850985612,-0.740612201512128,0.178126373127073,1.55568480823442,-1.65017314681797,-0.435641898326282,-0.785041557055494,"once",420.675,4943.958,"2016","4"
"2989",1,"rear",194,2016,"Siuslaw",41760,451690,4879694,-0.942943061306216,0.865580783563396,-0.397685432124567,-0.697256110938633,-1.1138136015688,-0.270701686826829,-0.78079248965532,0.244675586731199,-0.0517831891464946,"once",451.69,4879.694,"2016","1"
"2990",3,"rear",232,2016,"MCDependent",41761,421452,4890756,0.140713150518996,0.607538177545586,-0.237887026735697,-0.0778326202041838,-1.07131557608539,-0.226155674752164,1.36596764184719,-0.0954831557975414,-1.06861558606885,"once",421.452,4890.756,"2016","3"
"3011",4,"rear",517,2017,"Alsea",41998,428298,4904090,-0.480795559204287,0.177467167515903,-0.477584634819001,-0.697966866521805,0.985588857311996,-0.0925176385281708,0.599539957243273,-0.775800640855023,-0.40061483989932,"once",428.298,4904.09,"2017","4"
"3009",3,"rear",66,2017,"Siletz",42007,425177,4978888,-0.00271193634022317,0.951594985569333,-1.07682865502726,2.06829386318385,1.6485580548533,-0.137063650602836,-0.197392311822489,0.924993071788681,-1.05081805286717,"once",425.177,4978.888,"2017","3"
"3014",4,"rear",1141,2017,"Siuslaw",42009,443916,4887226,-0.528603921490694,0.26348136952184,0.00181058134760843,0.896968662116294,1.37657069175943,-0.226155674752164,1.20581857342249,0.924993071788681,-0.319932689385061,"once",443.916,4887.226,"2017","4"
"3010",4,"rear",203,2017,"Yaquina",42011,446967,4930985,0.76222186024228,0.758063031055975,0.601054601555871,-0.654255398156723,1.40206950704948,0.130212421845153,0.713932148975201,-1.11595938338376,-0.279591614127931,"once",446.967,4930.985,"2017","4"
"3012",4,"rear",0,2017,"Alsea",42017,452816,4900293,-0.385178834631474,0.284984920023324,-1.11677825637448,0.67450216458344,0.739100309508178,-1.11707591624546,-0.258401480746184,0.58483432925994,-0.213147490175012,"once",452.816,4900.293,"2017","4"
"3013",5,"rear",470,2017,"Alsea",42018,424272,4916612,0.0291603051840479,0.52152397553965,0.0417601826948251,-0.628668197162529,0.815596755378328,-0.0479716264535061,2.14002147256656,-1.11595938338376,-0.979627920060472,"once",424.272,4916.612,"2017","5"
"3015",5,"rear",250,2017,"Siuslaw",42024,466090,4863745,0.650669014907331,-0.704178403044946,-0.35773583077735,-0.649635486866105,-0.382847563254032,0.0411203976958234,-0.212644604053413,-0.775800640855023,0.241282857574416,"once",466.09,4863.745,"2017","5"
"3067",3,"rear",139,2018,"Siletz",42250,430015,4961004,-0.75170961216059,0.414006223032229,-0.118038222694044,-0.0223936847167632,-0.0938609899667959,-0.0479716264535061,-0.979072288657328,1.60531055684616,-0.646220798082431,"once",430.015,4961.004,"2018","3"
"3070",3,"rear",80,2018,"Alsea",42253,420925,4916144,-0.385178834631474,0.155963617014419,-0.996929452332829,0.495036379832495,-0.0938609899667959,-0.270701686826829,-0.266027626861646,0.58483432925994,-1.00217146211593,"once",420.925,4916.144,"2018","3"
"3068",4,"rear",496,2018,"Yaquina",42255,443269,4931958,0.570988411096654,0.112956516011451,0.441256196167,-0.771885447171699,-0.195856251126997,0.352942482218476,0.912211947977209,-1.11595938338376,-0.327051702665731,"once",443.269,4931.958,"2018","4"
"3069",4,"rear",214,2018,"Yaquina",42259,438092,4937687,-0.257689868534391,0.112956516011451,0.441256196167,-0.330150852230264,-0.195856251126997,-0.270701686826829,-0.796044781886243,-0.435641898326282,-0.446888426223674,"once",438.092,4937.687,"2018","4"
"3071",1,"rear",615,2018,"Siuslaw",42265,447542,4858094,0.0291603051840479,0.0484458645069986,0.401306594819783,-0.676999576818229,-1.19880965253564,1.15477069956244,-0.307971430496686,-0.775800640855023,-0.00195009618180525,"once",447.542,4858.094,"2018","1"
"3092",3,"rear",147,2019,"Siletz",42503,432019,4960534,-0.5764122837771,0.414006223032229,-1.11677825637448,-0.486872458319703,0.849595175765062,-0.359793710976159,-1.67305158516436,-0.0954831557975414,-0.575030665275732,"once",432.019,4960.534,"2019","3"
"3095",1,"rear",0,2019,"Siuslaw",42513,458133,4854675,-0.703901249874184,-0.87620680705682,-0.757231844249525,-0.684107132649949,0.19512558332044,0.5756725425918,-1.44045412864277,0.58483432925994,0.35400056785169,"once",458.133,4854.675,"2019","1"
"3096",5,"rear",1017,2019,"Siuslaw",42517,458994,4896679,0.156649271281132,0.0914529655099669,-0.317786229430132,-0.155304978769938,0.637105048347977,0.531126530517135,-0.590138836768774,-0.435641898326282,-0.02212063381037,"once",458.994,4896.679,"2019","5"
"3097",5,"rear",288,2019,"Siuslaw",42521,432893,4873020,0.156649271281132,0.112956516011451,1.04050021637526,-0.336903030270399,1.06208530318215,0.308396470143812,-0.36898059942038,-0.775800640855023,-0.739954472944585,"once",432.893,4873.02,"2019","5"
"3098",4,"rear",34,2019,"Siuslaw",42522,426467,4895314,-0.241753747772255,0.0914529655099669,-0.517534236166219,-0.471591213281504,1.21507819492245,0.798402602965123,0.664362199224699,-0.435641898326282,-0.184671437052333,"once",426.467,4895.314,"2019","4"
"3099",3,"rear",0,2019,"MCDependent",42523,418282,4964879,0.140713150518996,-0.145086090006359,-0.557483837513437,-0.0778326202041838,0.917592016538529,-0.226155674752164,1.36596764184719,-0.0954831557975414,-1.06861558606885,"once",418.282,4964.879,"2019","3"
"3093",3,"rear",128,2019,"Yaquina",42524,449752,4945863,-0.767645732922726,0.414006223032229,-0.157987824041262,-0.472301968864676,0.467112946414309,-0.582523771349482,-0.845614731636745,0.58483432925994,-0.228572018949797,"once",449.752,4945.863,"2019","3"
"3094",3,"rear",686,2019,"Alsea",42526,426263,4914603,-0.687965129112048,0.284984920023324,-1.8358710806244,-0.771885447171699,0.739100309508178,1.55568480823442,1.44985524911727,-1.11595938338376,-0.926235320455447,"once",426.263,4914.603,"2019","3"
"3091",4,"rear",432,2019,"Salmon",42527,425630,4986405,0.0291603051840479,0.543027526041134,0.201558588083696,-0.431433522832283,1.92054541794717,0.130212421845153,1.56043436779146,-0.435641898326282,-1.07929410598985,"once",425.63,4986.405,"2019","4"
"716",4,"rear",3203,2007,"Coos",45001,422615,4827813,-0.608284525301371,0.693552379551523,0.840752209639175,-0.356448808807631,0.0931303221602389,1.28840873578643,-0.277466846034838,-0.775800640855023,-0.0719537267750593,"annual",422.615,4827.813,"2007","4"
"717",4,"rear",1671,2008,"Coos",45001,422615,4827813,-0.608284525301371,0.543027526041134,0.201558588083696,-0.356448808807631,1.07058490827883,1.28840873578643,-0.277466846034838,-0.775800640855023,-0.0719537267750593,"annual",422.615,4827.813,"2008","4"
"718",4,"rear",3063,2009,"Coos",45001,422615,4827813,-0.608284525301371,0.177467167515903,0.401306594819783,-0.356448808807631,1.3935699019528,1.28840873578643,-0.277466846034838,-0.775800640855023,-0.0719537267750593,"annual",422.615,4827.813,"2009","4"
"719",4,"rear",1564,2010,"Coos",45001,422615,4827813,-0.608284525301371,0.220474268518872,-0.0381390199996096,-0.356448808807631,2.65151145626194,1.28840873578643,-0.277466846034838,-0.775800640855023,-0.0719537267750593,"annual",422.615,4827.813,"2010","4"
"720",4,"rear",2241,2011,"Coos",45001,422615,4827813,-0.608284525301371,1.14512694008269,-0.0381390199996096,-0.356448808807631,2.54951619510174,1.28840873578643,-0.277466846034838,-0.775800640855023,-0.0719537267750593,"annual",422.615,4827.813,"2011","4"
"721",4,"rear",1383,2012,"Coos",45001,422615,4827813,-0.608284525301371,2.3493257681658,-0.0780886213468263,-0.356448808807631,2.76200632251883,1.28840873578643,-0.277466846034838,-0.775800640855023,-0.0719537267750593,"annual",422.615,4827.813,"2012","4"
"722",4,"rear",5253,2013,"Coos",45001,422615,4827813,-0.608284525301371,0.00543876350403035,0.521155398861436,-0.356448808807631,-0.314850722480564,1.28840873578643,-0.277466846034838,-0.775800640855023,-0.0719537267750593,"annual",422.615,4827.813,"2013","4"
"723",4,"rear",1225,2014,"Coos",45001,422615,4827813,-0.608284525301371,-0.252603842513779,0.880701810986393,-0.356448808807631,2.26902922691119,1.28840873578643,-0.277466846034838,-0.775800640855023,-0.0719537267750593,"annual",422.615,4827.813,"2014","4"
"712",4,"rear",2470,2015,"Coos",45001,422615,4827813,-0.608284525301371,0.500020425038166,1.16034902041692,-0.356448808807631,-0.399846773447398,1.28840873578643,-0.277466846034838,-0.775800640855023,-0.0719537267750593,"annual",422.615,4827.813,"2015","4"
"713",4,"rear",1941,2016,"Coos",45001,422615,4827813,-0.608284525301371,0.801070132058944,0.0417601826948251,-0.356448808807631,-1.18181044234227,1.28840873578643,-0.277466846034838,-0.775800640855023,-0.0719537267750593,"annual",422.615,4827.813,"2016","4"
"714",4,"rear",2293,2017,"Coos",45001,422615,4827813,-0.608284525301371,0.414006223032229,0.121659385389261,-0.356448808807631,1.88654699756044,1.28840873578643,-0.277466846034838,-0.775800640855023,-0.0719537267750593,"annual",422.615,4827.813,"2017","4"
"715",4,"rear",2005,2018,"Coos",45001,422615,4827813,-0.608284525301371,0.414006223032229,0.601054601555871,-0.356448808807631,-0.22985467151373,1.28840873578643,-0.277466846034838,-0.775800640855023,-0.0719537267750593,"annual",422.615,4827.813,"2018","4"
"709",4,"rear",2419,2019,"Coos",45001,422615,4827813,-0.608284525301371,0.414006223032229,0.241508189430913,-0.356448808807631,1.88654699756044,1.28840873578643,-0.277466846034838,-0.775800640855023,-0.0719537267750593,"annual",422.615,4827.813,"2019","4"
"710",4,"rear",1888,2020,"Coos",45001,422615,4827813,-0.608284525301371,0.414006223032229,0.281457790778131,-0.356448808807631,1.88654699756044,1.28840873578643,-0.277466846034838,-0.775800640855023,-0.0719537267750593,"annual",422.615,4827.813,"2020","4"
"711",4,"rear",1321,2021,"Coos",45001,422615,4827813,-0.608284525301371,1.14512694008269,0.281457790778131,-0.356448808807631,2.54951619510174,1.28840873578643,-0.277466846034838,-0.775800640855023,-0.0719537267750593,"annual",422.615,4827.813,"2021","4"
"824",7,"rear",205,2007,"Coquille",45002,428454,4760251,0.730349618718009,-0.317114494018232,2.31888745948622,-0.575006150633039,-1.08831478627875,0.130212421845153,-0.0677478278596378,-1.11595938338376,-0.0422911714389348,"annual",428.454,4760.251,"2007","7"
"825",7,"rear",47,2008,"Coquille",45002,428454,4760251,0.730349618718009,-1.02673166056721,1.59979463523631,-0.575006150633039,-0.935321894538453,0.130212421845153,-0.0677478278596378,-1.11595938338376,-0.0422911714389348,"annual",428.454,4760.251,"2008","7"
"821",7,"rear",0,2015,"Coquille",45002,428456,4760252,0.730349618718009,-0.768689054549399,2.39878666218066,-0.575006150633039,-1.30930451879252,0.130212421845153,-0.0677478278596378,-1.11595938338376,-0.0422911714389348,"annual",428.456,4760.252,"2015","7"
"822",7,"rear",145,2016,"Coquille",45002,428456,4760252,0.730349618718009,-0.295610943516748,1.28019782445857,-0.575006150633039,-1.28380570350247,0.130212421845153,-0.0677478278596378,-1.11595938338376,-0.0422911714389348,"annual",428.456,4760.252,"2016","7"
"823",7,"rear",92,2017,"Coquille",45002,428456,4760252,0.730349618718009,-0.811696155552367,1.95934104736127,-0.575006150633039,0.212124793513807,0.130212421845153,-0.0677478278596378,-1.11595938338376,-0.0422911714389348,"annual",428.456,4760.252,"2017","7"
"818",7,"rear",68,2019,"Coquille",45002,428454,4760251,0.730349618718009,-0.725681953546431,1.91939144601405,-0.575006150633039,0.518110576994409,0.130212421845153,-0.0677478278596378,-1.11595938338376,-0.0422911714389348,"annual",428.454,4760.251,"2019","7"
"819",7,"rear",6,2020,"Coquille",45002,428454,4760251,0.730349618718009,-0.725681953546431,1.7995426419724,-0.575006150633039,0.518110576994409,0.130212421845153,-0.0677478278596378,-1.11595938338376,-0.0422911714389348,"annual",428.454,4760.251,"2020","7"
"820",7,"rear",3,2021,"Coquille",45002,428454,4760251,0.730349618718009,-0.317114494018232,0.481205797514218,-0.575006150633039,0.212124793513807,0.130212421845153,-0.0677478278596378,-1.11595938338376,-0.0422911714389348,"annual",428.454,4760.251,"2021","7"
"878",6,"rear",44,2007,"Sixes",45018,378189,4742201,0.650669014907331,0.564531076542618,2.35883706083344,-0.129007022192572,-0.969320314925187,1.77841486860775,-0.0906262662060233,-1.11595938338376,-1.07098859049574,"annual",378.189,4742.201,"2007","6"
"879",6,"rear",6,2008,"Sixes",45018,378189,4742201,0.650669014907331,-0.338618044519716,1.360097027153,-0.129007022192572,-1.19880965253564,1.77841486860775,-0.0906262662060233,-1.11595938338376,-1.07098859049574,"annual",378.189,4742.201,"2008","6"
"826",7,"rear",336,2007,"Coquille",45032,423474,4762988,0.841902464052957,-0.10207898900339,2.43873626352787,0.169154944948107,-1.04581676079534,0.130212421845153,0.0885881675073299,-0.775800640855023,-0.134838344087643,"annual",423.474,4762.988,"2007","7"
"827",6,"rear",369,2007,"Coquille",45044,412937,4773419,0.666605135669467,-0.0590718880004221,2.11913945275014,-0.132205422316846,-1.12231320666549,1.77841486860775,0.584287665012349,-1.11595938338376,-0.284337622981711,"annual",412.937,4773.419,"2007","6"
"828",6,"rear",283,2008,"Coquille",45044,412937,4773419,0.666605135669467,-0.98372455956424,1.1203994190697,-0.132205422316846,-0.994819130215237,1.77841486860775,0.584287665012349,-1.11595938338376,-0.284337622981711,"annual",412.937,4773.419,"2008","6"
"724",6,"rear",466,2009,"Coos",45049,438753,4797813,0.523180048810247,-0.510646448531589,0.680953804250306,-0.0725019533303933,0.297120844480641,0.130212421845153,-0.746474832135742,-1.11595938338376,-0.111108299818744,"annual",438.753,4797.813,"2009","6"
"1303",5,"rear",1375,2008,"Coos",45199,445835,4786257,-0.066456419388765,-0.768689054549399,0.201558588083696,1.95954825895852,-0.459344009124182,-0.448885735125488,-1.00957687311917,-0.435641898326282,0.127378645083698,"three",445.835,4786.257,"2008","5"
"1304",5,"rear",2165,2011,"Coos",45199,445835,4786257,-0.066456419388765,-0.596660650537526,-0.517534236166219,1.95954825895852,0.144127952740339,-0.448885735125488,-1.00957687311917,-0.435641898326282,0.127378645083698,"three",445.835,4786.257,"2011","5"
"1305",5,"rear",101,2014,"Coos",45199,445835,4786257,-0.066456419388765,-0.962221009062756,0.800802608291958,1.95954825895852,-0.5528396651877,-0.448885735125488,-1.00957687311917,-0.435641898326282,0.127378645083698,"three",445.835,4786.257,"2014","5"
"1302",5,"rear",4,2017,"Coos",45199,445836,4786257,-0.066456419388765,-0.661171302041978,0.121659385389261,1.95954825895852,0.178126373127073,-0.448885735125488,-1.00957687311917,-0.435641898326282,0.127378645083698,"three",445.836,4786.257,"2017","5"
"1301",5,"rear",639,2020,"Coos",45199,445835,4786257,-0.066456419388765,-0.661171302041978,0.121659385389261,1.95954825895852,0.178126373127073,-0.448885735125488,-1.00957687311917,-0.435641898326282,0.127378645083698,"three",445.835,4786.257,"2020","5"
"1326",3,"rear",67,2008,"Floras",45200,378523,4747032,-0.672029008349913,-0.338618044519716,0.680953804250306,-0.645726331158658,-0.986319525118553,-0.537977759274818,-0.567260398422388,-1.11595938338376,-1.10065114583186,"three",378.523,4747.032,"2008","3"
"1327",3,"rear",1245,2011,"Floras",45200,378523,4747032,-0.672029008349913,-0.10207898900339,1.24024822311135,-0.645726331158658,0.985588857311996,-0.537977759274818,-0.567260398422388,-1.11595938338376,-1.10065114583186,"three",378.523,4747.032,"2011","3"
"1328",3,"rear",211,2014,"Floras",45200,378523,4747032,-0.672029008349913,0.112956516011451,1.63974423658352,-0.645726331158658,-0.238354276610414,-0.537977759274818,-0.567260398422388,-1.11595938338376,-1.10065114583186,"three",378.523,4747.032,"2014","3"
"1325",3,"rear",53,2017,"Floras",45200,378523,4747032,-0.672029008349913,0.564531076542618,1.20029862176413,-0.645726331158658,2.09053751988084,-0.537977759274818,-0.567260398422388,-1.11595938338376,-1.10065114583186,"three",378.523,4747.032,"2017","3"
"1324",3,"rear",317,2020,"Floras",45200,378523,4747032,-0.672029008349913,0.564531076542618,0.641004202903087,-0.645726331158658,2.09053751988084,-0.537977759274818,-0.567260398422388,-1.11595938338376,-1.10065114583186,"three",378.523,4747.032,"2020","3"
"1306",6,"rear",15,2008,"Coos",45279,433078,4799625,0.810030222528686,-0.747185504047915,0.481205797514218,-0.0725019533303933,-0.212855461320364,-0.00342561437884133,-0.391859037766766,-1.11595938338376,-0.277218609701041,"three",433.078,4799.625,"2008","6"
"1307",6,"rear",4,2008,"Coos",45283,420224,4803344,0.953455309387905,-0.532149999033073,0.161608986736478,0.0166978723577,-0.187356646030313,0.5756725425918,-0.32703679578534,-1.11595938338376,-0.594014700690852,"three",420.224,4803.344,"2008","6"
"1323",7,"rear",52,2008,"Coquille",45312,412466,4778047,0.650669014907331,-1.06973876157018,0.960601013680828,-0.723554067515999,-0.986319525118553,1.37750075993576,0.58810073807008,-1.11595938338376,-0.132465339660753,"three",412.466,4778.047,"2008","7"
"1476",6,"rear",6,2008,"Coos",45415,435324,4797311,0.634732894145196,-0.682674852543462,0.201558588083696,-0.0725019533303933,-0.000365333903278495,0.130212421845153,-0.685465663212047,-1.11595938338376,-0.173992917131328,"nine",435.324,4797.311,"2008","6"
"1491",7,"rear",0,2008,"Coquille",45430,425034,4763306,0.825966343290822,-0.98372455956424,1.63974423658352,3.3007440444042,-0.892823869055036,-0.137063650602836,0.0771489483341371,-1.11595938338376,-0.109921797605299,"nine",425.034,4763.306,"2008","7"
"1477",6,"rear",15,2008,"Coos",45444,432869,4799766,0.810030222528686,-0.747185504047915,0.481205797514218,-0.0725019533303933,-0.212855461320364,0.130212421845153,-0.391859037766766,-1.11595938338376,-0.280778116341376,"nine",432.869,4799.766,"2008","6"
"1478",6,"rear",22,2008,"Coos",45448,421334,4803510,0.953455309387905,-0.166589640507843,0.161608986736478,0.0166978723577,0.229124003707173,0.842948615039788,-0.32703679578534,-1.11595938338376,-0.566725149781617,"nine",421.334,4803.51,"2008","6"
"1588",4,"rear",231,2020,"Sixes",45606,403390,4743521,-0.385178834631474,1.05911273807675,0.800802608291958,-0.37883760967755,2.46452014413491,0.620218554666464,-0.163074654302911,-0.775800640855023,-0.617744744959752,"nine",403.39,4743.521,"2020","4"
"1853",3,"rear",0,2009,"Coos",46002,391724,4792097,-0.831390215971268,-0.3601215950212,-0.677332641555089,-0.325530940939646,-0.807827818088202,-1.78526609736543,-1.42901490946958,-0.0954831557975414,-0.993865946621811,"three",391.724,4792.097,"2009","3"
"1854",3,"rear",0,2012,"Coos",46002,391724,4792097,-0.831390215971268,0.327992021026292,-0.437635033471785,-0.325530940939646,-0.0088649389999619,-1.78526609736543,-1.42901490946958,-0.0954831557975414,-0.993865946621811,"three",391.724,4792.097,"2012","3"
"1852",3,"rear",0,2018,"Coos",46002,391724,4792097,-0.831390215971268,0.478516874536682,-0.437635033471785,-0.325530940939646,-1.13931241685885,-1.78526609736543,-1.42901490946958,-0.0954831557975414,-0.993865946621811,"three",391.724,4792.097,"2018","3"
"1856",3,"rear",0,2018,"Coos",46004,420020,4808090,-0.815454095209132,-0.553653549534557,-0.237887026735697,0.132906410206332,-0.748330582411418,-1.38435198869345,-1.25742662187168,0.58483432925994,-0.589268691837072,"three",420.02,4808.09,"2018","3"
"1855",3,"rear",0,2021,"Coos",46004,420020,4808090,-0.815454095209132,-0.467639347528621,-0.557483837513437,0.132906410206332,-0.0343637542900121,-1.38435198869345,-1.25742662187168,0.58483432925994,-0.589268691837072,"three",420.02,4808.09,"2021","3"
"2028",3,"rear",0,2009,"Coos",46199,412257,4816107,-0.89513469901981,-0.424632246525653,-0.35773583077735,0.669882253292822,0.135628347643656,0.308396470143812,0.0466443638722898,-0.0954831557975414,-0.801652588043724,"nine",412.257,4816.107,"2009","3"
"2027",3,"rear",0,2018,"Coos",46199,412257,4816107,-0.89513469901981,0.801070132058944,-0.197937425388479,0.669882253292822,-1.18181044234227,0.308396470143812,0.0466443638722898,-0.0954831557975414,-0.801652588043724,"nine",412.257,4816.107,"2018","3"
"2140",5,"rear",321,2012,"Sixes",46400,385344,4736799,-0.257689868534391,3.46751039424298,-0.277836628082914,-0.667404376445406,1.62305923956325,0.709310578815794,-0.494812010325501,-0.775800640855023,-0.887080747411763,"nine",385.344,4736.799,"2012","5"
"2139",5,"rear",291,2021,"Sixes",46400,385344,4736799,-0.257689868534391,1.05911273807675,0.800802608291958,-0.667404376445406,2.46452014413491,0.709310578815794,-0.494812010325501,-0.775800640855023,-0.887080747411763,"nine",385.344,4736.799,"2021","5"
"2201",3,"rear",30,2015,"Coos",46607,421565,4827135,-1.00668754435476,0.198970718017388,0.281457790778131,-0.778993003003419,-0.765329792604785,-0.805253831722806,-0.246962261572991,0.58483432925994,-0.0838187489095092,"nine",421.565,4827.135,"2015","3"
"2442",3,"rear",0,2010,"Coquille",46814,412712,4727943,-0.815454095209132,0.0269423140055145,-0.118038222694044,4.64478285218256,1.40206950704948,-1.20616794039479,-1.02864223840783,-0.0954831557975414,0.473837291409633,"three",412.712,4727.943,"2010","3"
"2443",3,"rear",0,2013,"Coquille",46814,412712,4727943,-0.815454095209132,-0.489142898030105,0.321407392125349,4.64478285218256,-0.5528396651877,-1.20616794039479,-1.02864223840783,-0.0954831557975414,0.473837291409633,"three",412.712,4727.943,"2013","3"
"2441",3,"rear",0,2019,"Coquille",46814,412712,4727943,-0.815454095209132,-0.725681953546431,-1.19667745906892,4.64478285218256,0.518110576994409,-1.20616794039479,-1.02864223840783,-0.0954831557975414,0.473837291409633,"three",412.712,4727.943,"2019","3"
"2420",6,"rear",10,2007,"Coos",46868,420732,4804468,0.953455309387905,0.198970718017388,1.08044981772248,0.0166978723577,-1.03731715569865,0.0856664097704881,-0.32703679578534,-1.11595938338376,-0.548927616579943,"three",420.732,4804.468,"2007","6"
"2444",6,"rear",119,2007,"Coquille",46934,413611,4745897,0.682541256431602,0.306488470524808,2.55858506756953,-0.20257022505088,-1.0118183404086,0.0411203976958234,-0.105878558436947,-0.435641898326282,0.140430169431593,"three",413.611,4745.897,"2007","6"
"2421",6,"rear",9,2007,"Coos",46936,427492,4802324,0.905646947101499,0.220474268518872,1.00055061502805,-0.698322244313391,-0.918322684345086,0.130212421845153,-0.353728307189457,-1.11595938338376,-0.38400380891109,"three",427.492,4802.324,"2007","6"
"2571",6,"rear",878,2010,"Coos",47009,417261,4814765,0.140713150518996,-0.682674852543462,0.201558588083696,-0.0600637306248823,1.47006634782295,-0.0479716264535061,0.00851363329498059,-0.775800640855023,-0.425531386381664,"nine",417.261,4814.765,"2010","6"
"2581",5,"rear",330,2010,"Coquille",47011,413424,4729122,-0.305498230820797,-0.295610943516748,0.121659385389261,-0.255876893788784,1.42756832233953,-0.0479716264535061,-0.742661759078011,-0.0954831557975414,0.452480251567624,"nine",413.424,4729.122,"2010","5"
"2580",5,"rear",27,2019,"Coquille",47011,413424,4729122,-0.305498230820797,-0.725681953546431,-0.917030249638394,-0.255876893788784,0.518110576994409,-0.0479716264535061,-0.742661759078011,-0.0954831557975414,0.452480251567624,"nine",413.424,4729.122,"2019","5"
"2741",1,"rear",0,2007,"Coquille",47415,411891,4728754,-1.11824038968971,0.715055930053007,-0.996929452332829,0.103765431296277,-0.663334531444584,-1.20616794039479,-1.7035561696262,4.32658049707609,0.475023793623078,"nine",411.891,4728.754,"2007","1"
"2740",1,"rear",0,2016,"Coquille",47415,411891,4728754,-1.11824038968971,-0.854703256555335,-2.03561908736048,0.103765431296277,-0.425345588737449,-1.20616794039479,-1.7035561696262,4.32658049707609,0.475023793623078,"nine",411.891,4728.754,"2016","1"
"2742",6,"rear",969,2007,"Coquille",47418,416542,4738997,0.523180048810247,0.435509773533713,1.95934104736127,-0.73421540126358,-1.07131557608539,0.130212421845153,-0.147822362071987,-0.775800640855023,0.261453395202981,"nine",416.542,4738.997,"2007","6"
"2732",6,"rear",42,2007,"Coos",47424,425045,4801758,0.921583067863634,0.414006223032229,0.920651412333611,0.287495749546254,-0.986319525118553,0.0411203976958234,-0.342289088016264,-0.775800640855023,-0.450447932864009,"nine",425.045,4801.758,"2007","6"
"2733",6,"rear",49,2007,"Coos",47569,433273,4800443,0.810030222528686,0.134460066512935,1.1203994190697,-0.0725019533303933,-0.909823079248403,0.0856664097704881,-0.391859037766766,-1.11595938338376,-0.291456636262381,"nine",433.273,4800.443,"2007","6"
"3395",6,"rear",7,2007,"Sixes",49210,397304,4740043,0.140713150518996,0.414006223032229,1.43999622984744,-0.37883760967755,-0.399846773447398,0.48658051844247,-0.220270750168875,-1.11595938338376,-0.742327477371475,"once",397.304,4740.043,"2007","6"
"3391",7,"rear",949,2007,"Coquille",49237,426025,4762449,0.825966343290822,-0.10207898900339,2.39878666218066,3.3007440444042,-1.04581676079534,-0.0479716264535061,0.0771489483341371,-1.11595938338376,-0.093310766617069,"once",426.025,4762.449,"2007","7"
"2817",2,"rear",0,2008,"Coquille",49467,428064,4790158,-0.879198578257674,-0.596660650537526,-1.11677825637448,-0.00462479513746174,0.297120844480641,-0.1816096626775,0.252550308989759,3.64626301201861,0.317218999234895,"once",428.064,4790.158,"2008","2"
"2816",5,"rear",1168,2008,"Coos",49483,441198,4791915,0.252265995853945,-0.553653549534557,0.0417601826948251,0.26368543750999,0.399116105640841,-0.0479716264535061,-0.719783320731625,-0.775800640855023,0.00279591267197475,"once",441.198,4791.915,"2008","5"
"2837",4,"rear",2503,2009,"Coos",49705,447089,4784840,-0.22581762701012,-0.381625145522684,0.401306594819783,0.211089524355258,-0.399846773447398,-0.226155674752164,-1.07821218815833,-0.435641898326282,0.152295191566043,"once",447.089,4784.84,"2009","4"
"2842",3,"rear",38,2009,"Coquille",49706,414178,4771941,-0.911070819781945,-0.381625145522684,0.361356993472565,-0.616229974457018,-0.688833346734634,-0.404339723050823,-1.45570642087369,0.58483432925994,-0.235691032230467,"once",414.178,4771.941,"2009","3"
"2838",4,"rear",1267,2009,"Coos",49708,425650,4827066,-0.687965129112048,0.177467167515903,-0.437635033471785,-0.597750329294544,1.3935699019528,-0.760707819648141,-0.357541380247188,-0.0954831557975414,-0.0233071360238149,"once",425.65,4827.066,"2009","4"
"2839",4,"rear",126,2009,"Coos",49712,419121,4808522,-0.719837370636319,-0.467639347528621,-0.35773583077735,0.132906410206332,-0.0343637542900121,-1.16162192832012,-1.25742662187168,0.58483432925994,-0.602320216184967,"once",419.121,4808.522,"2009","4"
"2840",4,"rear",345,2009,"Coos",49725,433630,4795441,-0.719837370636319,-0.553653549534557,-0.118038222694044,0.869249194372584,0.0931303221602389,-0.226155674752164,-0.147822362071987,1.26515181431742,-0.187044441479223,"once",433.63,4795.441,"2009","4"
"2843",4,"rear",63,2009,"Coquille",49726,390384,4784322,-0.608284525301371,-0.403128696024168,-0.197937425388479,-0.735281534638338,-0.986319525118553,0.664764566741129,-0.933315411964557,-0.775800640855023,-0.970135902352912,"once",390.384,4784.322,"2009","4"
"2844",4,"rear",286,2009,"Coquille",49731,402758,4754511,-0.656092887587778,0.327992021026292,0.0417601826948251,-0.545865171722984,-0.875824658861669,0.531126530517135,-0.632082640403814,0.924993071788681,-0.108735295391854,"once",402.758,4754.511,"2009","4"
"2841",4,"rear",535,2009,"Coos",49732,410236,4816080,-0.672029008349913,-0.661171302041978,-0.35773583077735,0.669882253292822,-0.272352696997147,-0.404339723050823,0.0466443638722898,-0.0954831557975414,-0.828942138952959,"once",410.236,4816.08,"2009","4"
"2845",5,"rear",239,2009,"Sixes",49735,402235,4742640,-0.0505202986266294,3.25247488922814,1.32014742580579,-0.37883760967755,0.577607812671193,0.130212421845153,-0.208831530995682,-1.11595938338376,-0.637915282588316,"once",402.235,4742.64,"2009","5"
"2864",5,"rear",887,2010,"Coos",49961,427238,4806594,-0.130200902437307,-0.704178403044946,-0.517534236166219,0.851124927001697,1.40206950704948,-0.00342561437884133,-0.639708786519276,-0.775800640855023,-0.354341253574965,"once",427.238,4806.594,"2010","5"
"2867",6,"rear",219,2010,"Coquille",49967,417437,4780320,0.156649271281132,-1.13424941307463,0.441256196167,-0.0390964409213066,0.713601494218127,1.37750075993576,0.732997514263855,-1.11595938338376,0.0205934458736495,"once",417.437,4780.32,"2010","6"
"2863",5,"rear",1275,2010,"Tenmile",49972,415166,4828866,-0.464859438442152,-0.61816420103901,-0.0780886213468263,-0.750918157468123,1.58906081917652,1.68932284445842,0.389820939068073,-1.11595938338376,-0.904878280613438,"once",415.166,4828.866,"2010","5"
"2868",4,"rear",1592,2010,"Coquille",49973,390793,4769975,-0.512667800728558,-0.811696155552367,-0.237887026735697,-0.690148555106912,1.37657069175943,-0.0479716264535061,-0.979072288657328,-0.775800640855023,-0.888267249625208,"once",390.793,4769.975,"2010","4"
"2870",5,"rear",78,2010,"Sixes",49974,384591,4738268,-0.22581762701012,-0.0590718880004221,-0.237887026735697,-0.667404376445406,2.83850276838898,1.24386272371177,-0.494812010325501,-0.775800640855023,-0.909624289467218,"once",384.591,4738.268,"2010","5"
"2865",4,"rear",1586,2010,"Coos",49977,441635,4801378,-0.544540042252829,-0.919213908059788,0.121659385389261,-0.500021436608386,1.01108767260205,1.3329547478611,-0.960006923368673,-0.435641898326282,-0.0185611271700351,"once",441.635,4801.378,"2010","4"
"2869",5,"rear",395,2010,"Coquille",49979,415406,4788373,-0.480795559204287,-0.897710357558304,-0.557483837513437,-0.645015575575486,0.654104258541344,0.531126530517135,-0.178326946533834,-0.435641898326282,0.0977160897475734,"once",415.406,4788.373,"2010","5"
"2866",5,"rear",871,2010,"Coos",49988,422232,4822683,-0.0186480571023586,-0.0805754385019062,0.401306594819783,-0.535203837975403,2.39652330336144,0.0411203976958234,-0.00673865893594309,-1.11595938338376,-0.192976952546448,"once",422.232,4822.683,"2010","5"
"2899",5,"rear",1896,2011,"Coquille",50224,421148,4768306,-0.146137023199442,-0.682674852543462,0.281457790778131,-0.697611488730219,-0.0258641491933287,1.11022468748778,0.427951669645382,-1.11595938338376,-0.124159824166639,"once",421.148,4768.306,"2011","5"
"2896",4,"rear",60,2011,"Coos",50234,406506,4806440,-0.799517974446997,-0.596660650537526,0.680953804250306,-0.750207401884951,-0.0343637542900121,-0.671615795498811,-0.182140019591565,-0.435641898326282,-0.889453751838653,"once",406.506,4806.44,"2011","4"
"2900",5,"rear",359,2011,"Coquille",50236,425360,4771503,-0.385178834631474,-0.725681953546431,-0.477584634819001,1.50111090781254,-0.000365333903278495,-0.448885735125488,0.42032552352992,-0.0954831557975414,-0.0351721581582648,"once",425.36,4771.503,"2011","5"
"2897",5,"rear",1735,2011,"Coos",50243,434749,4793965,0.0291603051840479,-0.553653549534557,0.481205797514218,-0.718578778433794,0.390616500544158,0.0856664097704881,0.241111089816567,-0.775800640855023,-0.164500899423768,"once",434.749,4793.965,"2011","5"
"2898",3,"rear",82,2011,"Coos",50250,407037,4804061,-0.863262457495539,-0.61816420103901,0.321407392125349,-0.559369527803253,-0.0428633593866955,0.753856590890459,-1.45189334781596,-0.775800640855023,-0.853858685435303,"once",407.037,4804.061,"2011","3"
"2924",5,"rear",1255,2012,"Coos",50468,445078,4797688,-0.337370472345068,0.392502672530745,-0.237887026735697,-0.664916731904304,0.628605443251293,0.709310578815794,-0.910436973618171,-0.775800640855023,0.0395774812887692,"once",445.078,4797.688,"2012","5"
"2926",6,"rear",639,2012,"Coquille",50474,417674,4780473,0.156649271281132,0.370999122029261,0.880701810986393,-0.0390964409213066,-0.272352696997147,1.06567867541311,0.732997514263855,-1.11595938338376,0.0241529525139844,"once",417.674,4780.473,"2012","6"
"2925",5,"rear",1240,2012,"Coos",50494,442296,4788927,0.188521512805403,0.758063031055975,-0.477584634819001,-0.506062859065349,0.790097940088278,0.174758433919818,-0.731222539904818,-0.0954831557975414,0.0550020100635539,"once",442.296,4788.927,"2012","5"
"2927",6,"rear",3411,2012,"Coquille",50499,420354,4757599,0.0610325467083188,0.586034627044102,0.601054601555871,-0.478698769113225,-0.170357435836947,1.64477683238375,0.496586984684538,-0.775800640855023,-0.0411046692254897,"once",420.354,4757.599,"2012","6"
"2945",3,"rear",24,2013,"Coos",50728,411000,4795613,-0.783581853684861,-0.747185504047915,0.00181058134760843,-0.303142140069726,-0.450844404027499,-1.60708204906677,-0.239336115457529,-0.775800640855023,-0.647407300295876,"once",411,4795.613,"2013","3"
"2946",3,"rear",92,2013,"Coos",50731,415902,4799588,-0.879198578257674,-0.661171302041978,-1.19667745906892,-0.552261971971533,-0.416845983640765,-0.805253831722806,-0.552008106191465,3.30610426948987,-0.650966806936211,"once",415.902,4799.588,"2013","3"
"2947",4,"rear",1607,2013,"Coos",50735,424457,4824186,-0.496731679966423,0.00543876350403035,0.201558588083696,-0.518145703979274,-0.314850722480564,-0.0925176385281708,0.324998697086647,-0.435641898326282,-0.0138151183162551,"once",424.457,4824.186,"2013","4"
"2968",1,"rear",13,2015,"Tenmile",51236,417612,4821065,-0.624220646063506,-0.10207898900339,0.241508189430913,-0.348630497392738,-0.986319525118553,-0.493431747200153,0.912211947977209,0.244675586731199,-0.877588729704203,"once",417.612,4821.065,"2015","1"
"2970",3,"rear",0,2015,"Coquille",51238,395760,4766123,-0.815454095209132,-0.61816420103901,1.67969383793074,-0.148552800729804,-1.31780412388921,-1.74072008529076,-1.29555735244899,0.244675586731199,-0.798093081403389,"once",395.76,4766.123,"2015","3"
"2974",3,"rear",1276,2015,"Floras",51239,395025,4754355,-0.289562110058662,0.973098536070817,1.00055061502805,-0.715735756101106,-0.986319525118553,0.531126530517135,-0.20120538488022,-0.0954831557975414,-1.07217509270918,"once",395.025,4754.355,"2015","3"
"2971",4,"rear",0,2015,"Coquille",51241,429051,4766987,-0.687965129112048,-0.639667751540494,0.800802608291958,-0.228868181628246,-1.22430846782569,-1.25071395246945,1.01135184747821,2.28562804190364,0.0312719657946543,"once",429.051,4766.987,"2015","4"
"2972",4,"rear",89,2015,"Coquille",51250,416475,4775929,-0.560476163014965,-0.639667751540494,0.521155398861436,-0.657809176072583,-1.33480333408257,1.55568480823442,-0.471933571979115,-0.775800640855023,-0.189417445906113,"once",416.475,4775.929,"2015","4"
"2969",3,"rear",984,2015,"Coos",51252,425467,4820630,-0.799517974446997,0.500020425038166,1.16034902041692,-0.535203837975403,-0.399846773447398,-1.20616794039479,0.248737235932029,-0.0954831557975414,0.0834780631862336,"once",425.467,4820.63,"2015","3"
"2973",3,"rear",0,2015,"Coquille",51254,403444,4767358,-0.879198578257674,-0.61816420103901,1.67969383793074,-0.534493082392231,-1.31780412388921,-1.20616794039479,-0.837988585521284,-0.435641898326282,-0.394682328832095,"once",403.444,4767.358,"2015","3"
"2991",5,"rear",301,2016,"Coos",51495,436424,4798232,-0.178009264723713,-0.274107393015263,0.00181058134760843,-0.326597074314404,-1.24980728311574,-0.0479716264535061,-0.628269567346083,-0.775800640855023,-0.130092335233863,"once",436.424,4798.232,"2016","5"
"2992",3,"rear",24,2016,"Coos",51514,403865,4788704,-0.703901249874184,-0.467639347528621,-0.517534236166219,-0.6599414428221,-1.45379780543614,0.976586651263782,-0.963819996426404,-0.775800640855023,-0.648593802509321,"once",403.865,4788.704,"2016","3"
"2995",5,"rear",448,2016,"Coquille",51523,422987,4797524,-0.241753747772255,-0.0375683374989379,0.401306594819783,-0.622982152497152,-1.30080491369584,0.0411203976958234,0.374568646837149,-0.775800640855023,0.355187070065135,"once",422.987,4797.524,"2016","5"
"2993",5,"rear",1055,2016,"Coos",51531,425588,4825659,-0.40111495539361,0.801070132058944,-0.277836628082914,-0.645726331158658,-1.18181044234227,-0.00342561437884133,-0.0906262662060233,-0.435641898326282,-0.0351721581582648,"once",425.588,4825.659,"2016","5"
"2994",5,"rear",840,2016,"Coos",51538,433737,4786608,-0.337370472345068,-0.274107393015263,-0.35773583077735,-0.0241705736746933,-1.24980728311574,-0.270701686826829,-0.166887727360642,-0.775800640855023,0.000422908245084748,"once",433.737,4786.608,"2016","5"
"3019",5,"rear",1796,2017,"Coquille",51757,418203,4796375,-0.0983286609130359,-0.897710357558304,0.281457790778131,-0.152817334228836,0.0846307170635555,0.976586651263782,0.241111089816567,-0.775800640855023,0.291115950539106,"once",418.203,4796.375,"2017","5"
"3021",3,"rear",0,2017,"Floras",51767,397589,4754945,-0.544540042252829,0.564531076542618,0.800802608291958,-0.657809176072583,2.09053751988084,0.0856664097704881,0.271615674278414,-0.0954831557975414,-1.04013953294617,"once",397.589,4754.945,"2017","3"
"3020",4,"rear",35,2017,"Coquille",51771,396029,4772541,-0.528603921490694,-0.596660650537526,-0.996929452332829,-0.780769891961349,0.756099519701544,0.442034506367805,-1.79125684995401,-0.435641898326282,-0.897759267332768,"once",396.029,4772.541,"2017","4"
"3016",3,"rear",656,2017,"Tenmile",51774,417304,4823036,-0.640156766825642,-0.0375683374989379,-0.477584634819001,-0.544799038348226,1.1385817490523,0.308396470143812,0.25636338204749,-0.0954831557975414,-0.904878280613438,"once",417.304,4823.036,"2017","3"
"3017",1,"rear",706,2017,"Coos",51781,438559,4800605,-0.257689868534391,-0.661171302041978,0.401306594819783,-0.778637625211833,0.178126373127073,1.64477683238375,-0.8646800969254,-1.11595938338376,-0.0636482112809444,"once",438.559,4800.605,"2017","1"
"3018",4,"rear",0,2017,"Coos",51785,422028,4804649,-0.5764122837771,-0.596660650537526,0.201558588083696,1.92116745746723,0.662603863638027,-2.05254216981342,-0.811297074117167,0.924993071788681,-0.529943581164823,"once",422.028,4804.649,"2017","4"
"3075",6,"rear",0,2018,"Coquille",52008,416780,4737942,0.507243928048112,0.586034627044102,1.00055061502805,2.26979307101313,-0.671834136541267,-0.1816096626775,-0.15926158124518,-0.775800640855023,0.275691421764321,"once",416.78,4737.942,"2018","6"
"3072",3,"rear",326,2018,"Coos",52009,422167,4825776,-0.847326336733403,0.177467167515903,-0.237887026735697,-0.778993003003419,-0.314850722480564,-2.27527223018674,-0.246962261572991,0.58483432925994,-0.103989286538074,"once",422.167,4825.776,"2018","3"
"3073",4,"rear",352,2018,"Coos",52013,411324,4797417,-0.672029008349913,-0.575157100036041,-0.397685432124567,-0.789298958959414,-0.892823869055036,1.02113266333845,-0.525316594787348,1.60531055684616,-0.666391335710996,"once",411.324,4797.417,"2018","4"
"3074",4,"rear",0,2018,"Coos",52021,420628,4817551,-0.496731679966423,-0.0590718880004221,0.161608986736478,-0.155304978769938,-0.884324263958353,-0.270701686826829,-0.487185864210039,-0.0954831557975414,-0.287897129622046,"once",420.628,4817.551,"2018","4"
"3076",3,"rear",75,2018,"Coquille",52023,417303,4784438,-0.75170961216059,-0.919213908059788,0.481205797514218,-0.66704899865382,-1.09681439137544,-1.02798389209613,1.14099633144106,-0.0954831557975414,0.0905970764669034,"once",417.303,4784.438,"2018","3"
"3077",4,"rear",0,2018,"Coquille",52031,393119,4771831,-0.75170961216059,-0.61816420103901,-0.677332641555089,-0.590287395671238,-0.646335321251217,0.709310578815794,0.435577815760844,-0.435641898326282,-0.903691778399993,"once",393.119,4771.831,"2018","4"
"3102",5,"rear",484,2019,"Coquille",52262,419757,4787048,-0.0983286609130359,-0.87620680705682,0.960601013680828,-0.24557093783279,-0.0173645440966453,0.0411203976958234,0.508026203857731,-1.11595938338376,0.162973711487048,"once",419.757,4787.048,"2019","5"
"3100",5,"rear",1139,2019,"Coos",52267,424440,4826443,-0.178009264723713,0.414006223032229,-0.0381390199996096,-0.539468371474436,1.88654699756044,0.0411203976958234,0.103840459738254,-0.775800640855023,-0.0612752068540544,"once",424.44,4826.443,"2019","5"
"3103",4,"rear",128,2019,"Coquille",52274,419988,4770035,-0.783581853684861,-0.833199706053851,-0.477584634819001,-0.773306958338043,0.314120054674007,-0.404339723050823,0.824511267649397,1.9454692993749,-0.0968702732574039,"once",419.988,4770.035,"2019","4"
"3104",5,"rear",1104,2019,"Coquille",52278,417369,4788954,-0.512667800728558,-0.747185504047915,0.00181058134760843,-0.645015575575486,0.654104258541344,1.55568480823442,-0.178326946533834,-0.435641898326282,0.123819138443363,"once",417.369,4788.954,"2019","5"
"3101",4,"rear",0,2019,"Coos",52282,436688,4792367,-0.703901249874184,-0.704178403044946,0.00181058134760843,-0.00391403955428968,1.10458332866556,-1.33980597661878,-0.898997754444978,2.96594552696113,-0.114667806459079,"once",436.688,4792.367,"2019","4"
"981",7,"rear",43,2007,"North Umpqua",55005,499845,4797272,2.02117540045098,-0.747185504047915,1.04050021637526,1.31880210072891,-1.0628159709887,-0.00342561437884133,0.195354213123796,-1.11595938338376,1.62118493181093,"annual",499.845,4797.272,"2007","7"
"982",7,"rear",5,2008,"North Umpqua",55005,499845,4797272,2.02117540045098,-1.04823521106869,0.920651412333611,1.31880210072891,-1.03731715569865,-0.00342561437884133,0.195354213123796,-1.11595938338376,1.62118493181093,"annual",499.845,4797.272,"2008","7"
"983",6,"rear",57,2007,"North Umpqua",55039,530588,4793418,1.60683626063546,-0.811696155552367,-0.118038222694044,2.75808215665233,-1.20730925763232,-0.00342561437884133,0.0809620213918681,-0.775800640855023,2.11121034596371,"annual",530.588,4793.418,"2007","6"
"984",6,"rear",21,2008,"North Umpqua",55039,530588,4793418,1.60683626063546,-1.45680267059689,-0.237887026735697,2.75808215665233,-0.95232110473182,-0.00342561437884133,0.0809620213918681,-0.775800640855023,2.11121034596371,"annual",530.588,4793.418,"2008","6"
"985",8,"rear",2,2007,"North Umpqua",55100,478810,4794716,2.3877061779801,-0.962221009062756,2.31888745948622,-0.445648634495724,-1.44529820033946,0.798402602965123,0.161036555604217,-1.11595938338376,1.23913121908165,"annual",478.81,4794.716,"2007","8"
"986",8,"rear",0,2008,"North Umpqua",55100,478810,4794716,2.3877061779801,-1.22026361508057,2.15908905409735,-0.445648634495724,-1.49629583091956,0.798402602965123,0.161036555604217,-1.11595938338376,1.23913121908165,"annual",478.81,4794.716,"2008","8"
"1356",6,"rear",0,2008,"Lower Umpqua",55327,451898,4846290,0.395691082713164,-0.61816420103901,0.281457790778131,-0.654255398156723,-1.12231320666549,1.24386272371177,-0.0715609009173687,-1.11595938338376,0.179584742475277,"three",451.898,4846.29,"2008","6"
"1375",6,"rear",13,2008,"North Umpqua",55331,529859,4803051,0.61879677338306,-1.41379556959392,1.87944184466683,2.75275148977854,-0.95232110473182,-0.137063650602836,0.283054893451607,-0.775800640855023,2.08629379948137,"three",529.859,4803.051,"2008","6"
"1357",6,"rear",16,2008,"Lower Umpqua",55332,429786,4832825,0.666605135669467,-0.188093191009327,0.321407392125349,-0.112304265988029,0.0506322966768219,0.397488494293141,-0.224083823226605,-1.11595938338376,-0.70554590875468,"three",429.786,4832.825,"2008","6"
"1376",8,"rear",0,2008,"North Umpqua",55376,470139,4792493,2.40364229874223,-1.22026361508057,2.55858506756953,-0.441739478788278,-1.56429267169302,1.24386272371177,0.187728067008334,-1.11595938338376,1.04929086493045,"three",470.139,4792.493,"2008","8"
"1358",6,"rear",2,2008,"Lower Umpqua",55539,460143,4849447,0.0929047882325899,-0.661171302041978,0.241508189430913,-0.637197264160594,-1.00331873531192,0.0856664097704881,0.0771489483341371,-1.11595938338376,0.469091282555853,"three",460.143,4849.447,"2008","6"
"1504",6,"rear",530,2008,"Middle Umpqua",55649,496311,4813642,-0.034584177864494,-0.854703256555335,0.720903405597524,0.70399852128508,-0.739830977314735,1.24386272371177,-0.860867023867669,-0.435641898326282,1.44558260422107,"nine",496.311,4813.642,"2008","6"
"1503",6,"rear",733,2017,"Middle Umpqua",55649,496312,4813643,-0.034584177864494,-0.940717458561272,0.920651412333611,0.70399852128508,0.297120844480641,1.24386272371177,-0.860867023867669,-0.435641898326282,1.44558260422107,"nine",496.312,4813.643,"2017","6"
"1498",6,"rear",0,2008,"Lower Umpqua",55656,456163,4847493,0.252265995853945,-0.725681953546431,0.241508189430913,-0.30278676227814,-1.10531399647212,0.887494627114453,0.0466443638722898,-1.11595938338376,0.314845994808005,"nine",456.163,4847.493,"2008","6"
"1499",7,"rear",0,2008,"Lower Umpqua",55658,433011,4848268,0.921583067863634,-0.209596741510811,0.720903405597524,-0.0106662175944242,-0.212855461320364,0.976586651263782,-0.182140019591565,-1.11595938338376,-0.455193941717789,"nine",433.011,4848.268,"2008","7"
"1517",6,"rear",0,2008,"South Umpqua",55676,532883,4772560,0.379754961951028,-1.43529912009541,1.1203994190697,3.85726566602792,-0.994819130215237,-0.315247698901494,1.1943793542493,-0.775800640855023,2.89074230019706,"nine",532.883,4772.56,"2008","6"
"1500",6,"rear",11,2008,"Lower Umpqua",55965,455420,4845448,0.300074358140351,-0.61816420103901,0.281457790778131,-0.671668909944439,-1.12231320666549,0.0856664097704881,-0.0258040242245977,-1.11595938338376,0.267385906270206,"nine",455.42,4845.448,"2008","6"
"1663",6,"rear",0,2014,"South Umpqua",56314,528687,4760485,0.172585392043267,-0.962221009062756,2.27893785813901,1.00962342204907,-0.756830187508101,-0.137063650602836,0.71011907591747,-0.435641898326282,2.75785405229123,"nine",528.687,4760.485,"2014","6"
"2041",3,"rear",0,2009,"Lower Umpqua",56971,427820,4851162,-0.863262457495539,-0.747185504047915,0.0817097840420431,-0.705074422353525,-0.263853091900464,-0.404339723050823,-1.32224886385311,0.58483432925994,-0.611812233892527,"nine",427.82,4851.162,"2009","3"
"2146",3,"rear",164,2012,"Lower Umpqua",57295,464960,4849909,-0.831390215971268,0.500020425038166,-0.717282242902307,-0.714669622726348,-0.535840454994333,-2.36436425433607,-1.1239690648511,0.244675586731199,0.581808992833126,"nine",464.96,4849.909,"2012","3"
"2495",3,"rear",0,2010,"North Umpqua",57956,526898,4792033,-0.592348404539236,-1.28477426658502,-0.277836628082914,1.87781136689373,-0.331849932673931,-1.29525996454412,1.57949973308012,2.62578678443239,2.0791747862007,"three",526.898,4792.033,"2010","3"
"2496",3,"rear",0,2013,"North Umpqua",57956,526898,4792033,-0.592348404539236,-1.09124231207166,0.601054601555871,1.87781136689373,-0.858825448668302,-1.29525996454412,1.57949973308012,2.62578678443239,2.0791747862007,"three",526.898,4792.033,"2013","3"
"2494",3,"rear",0,2016,"North Umpqua",57956,526898,4792033,-0.592348404539236,-0.61816420103901,-0.557483837513437,1.87781136689373,-1.36880175446931,-1.29525996454412,1.57949973308012,2.62578678443239,2.0791747862007,"three",526.898,4792.033,"2016","3"
"2493",7,"rear",0,2007,"Middle Umpqua",57958,460792,4834682,0.985327550912176,-0.596660650537526,1.47994583119466,-0.502509081149489,-1.19031004743895,0.352942482218476,1.13718325838333,-1.11595938338376,-0.0292396470910398,"three",460.792,4834.682,"2007","7"
"2512",7,"rear",0,2007,"South Umpqua",57965,482308,4757637,1.79806970978109,-0.790192605050883,3.83697231068049,0.871026083330514,-1.53879385640297,0.531126530517135,0.706306002859739,-1.11595938338376,1.98781411576543,"three",482.308,4757.637,"2007","7"
"2608",5,"rear",30,2010,"South Umpqua",58287,432098,4742918,-0.321434351582932,-0.682674852543462,0.121659385389261,-0.409400099753949,0.713601494218127,1.11022468748778,-0.506251229498694,-0.775800640855023,2.68547741727108,"nine",432.098,4742.918,"2010","5"
"2607",5,"rear",0,2019,"South Umpqua",58287,432098,4742918,-0.321434351582932,-0.704178403044946,-0.597433438860654,-0.409400099753949,-0.97781992002187,1.11022468748778,-0.506251229498694,-0.775800640855023,2.68547741727108,"nine",432.098,4742.918,"2019","5"
"2753",6,"rear",0,2007,"Middle Umpqua",58942,475785,4836098,0.26820211661608,-0.596660650537526,1.24024822311135,-0.580336817506829,-1.15631162705222,1.68932284445842,0.42032552352992,-1.11595938338376,0.225858328799632,"nine",475.785,4836.098,"2007","6"
"2752",6,"rear",0,2016,"Middle Umpqua",58942,475785,4836098,0.26820211661608,-1.09124231207166,0.601054601555871,-0.580336817506829,-0.790828607894835,1.68932284445842,0.42032552352992,-1.11595938338376,0.225858328799632,"nine",475.785,4836.098,"2016","6"
"2756",6,"rear",795,2007,"North Umpqua",58951,525790,4795438,1.63870850215973,-0.962221009062756,0.0817097840420431,-0.594907306961856,-1.15631162705222,0.130212421845153,0.145784263373294,-0.775800640855023,2.02578218659567,"nine",525.79,4795.438,"2007","6"
"3404",5,"rear",0,2007,"South Umpqua",61898,537179,4760059,-0.273625989296526,-0.639667751540494,0.0817097840420431,1.15852671672361,-1.03731715569865,-0.493431747200153,0.572848445839157,0.58483432925994,2.87650427363572,"once",537.179,4760.059,"2007","5"
"3400",5,"rear",0,2007,"North Umpqua",61899,497971,4782344,0.188521512805403,-1.19876006457908,1.95934104736127,0.0110118276923235,-1.29230530859916,0.130212421845153,-0.208831530995682,-0.435641898326282,1.70424008675208,"once",497.971,4782.344,"2007","5"
"3399",5,"rear",552,2007,"Middle Umpqua",61901,452791,4824485,-0.385178834631474,-0.446135797027137,0.641004202903087,-0.372440809429002,-1.07981518118207,0.976586651263782,-0.879932389156324,0.244675586731199,-0.128905833020419,"once",452.791,4824.485,"2007","5"
"3405",4,"rear",283,2007,"South Umpqua",61904,490430,4774241,-0.656092887587778,-0.962221009062756,0.321407392125349,-0.151040445270906,-1.38580096466267,-0.226155674752164,-0.144009289014256,0.244675586731199,1.93916752501419,"once",490.43,4774.241,"2007","4"
"3401",5,"rear",0,2007,"North Umpqua",61907,532087,4806308,-0.321434351582932,-0.725681953546431,0.401306594819783,-0.61338695212433,-1.13931241685885,1.06567867541311,-0.105878558436947,0.58483432925994,2.14917841679395,"once",532.087,4806.308,"2007","5"
"3406",7,"rear",20,2007,"South Umpqua",61916,458258,4732029,0.93751918862577,-0.596660650537526,1.63974423658352,1.43678752753547,-1.51329504111292,-0.0479716264535061,-0.269840699919377,-1.11595938338376,2.50275607640055,"once",458.258,4732.029,"2007","7"
"3396",4,"rear",282,2007,"Lower Umpqua",61917,451374,4835426,-0.512667800728558,-0.553653549534557,0.720903405597524,0.420762421391015,-1.15631162705222,0.219304445994482,-0.11731777761014,-0.775800640855023,-0.37451179120353,"once",451.374,4835.426,"2007","4"
"3397",7,"rear",21,2007,"Lower Umpqua",61920,443052,4850850,0.682541256431602,-0.532149999033073,1.08044981772248,-0.587088995546964,-1.02031794550529,0.531126530517135,-0.262214553803915,-1.11595938338376,-0.176365921558218,"once",443.052,4850.85,"2007","7"
"3398",3,"rear",24,2007,"Lower Umpqua",61924,444173,4836987,-0.815454095209132,-0.467639347528621,0.800802608291958,0.501077802289458,-1.08831478627875,0.130212421845153,-0.220270750168875,0.924993071788681,-0.478923985986689,"once",444.173,4836.987,"2007","3"
"3407",4,"rear",612,2007,"South Umpqua",61926,494327,4749241,-0.528603921490694,-0.725681953546431,1.32014742580579,2.21115573540143,-1.49629583091956,-1.82981210944009,-0.719783320731625,0.58483432925994,2.29274518462079,"once",494.327,4749.241,"2007","4"
"3402",3,"rear",0,2007,"North Umpqua",61930,504841,4801976,-0.831390215971268,0.198970718017388,-0.477584634819001,1.04907035691511,-0.450844404027499,0.130212421845153,-0.849427804694476,3.64626301201861,1.72559712659409,"once",504.841,4801.976,"2007","3"
"3403",4,"rear",0,2007,"North Umpqua",61934,521720,4814953,-0.640156766825642,-0.940717458561272,-0.237887026735697,0.415431754517225,-0.986319525118553,-0.404339723050823,-0.0334301703400595,0.244675586731199,2.21206303410653,"once",521.72,4814.953,"2007","4"
"2818",5,"rear",284,2008,"Lower Umpqua",62293,445744,4852997,-0.289562110058662,-0.725681953546431,0.800802608291958,-0.551195838596775,-1.03731715569865,1.02113266333845,-0.90662390056044,-0.775800640855023,-0.125346326380084,"once",445.744,4852.997,"2008","5"
"2824",6,"rear",33,2008,"South Umpqua",62305,530845,4771029,0.411627203475299,-1.43529912009541,1.360097027153,0.138592454871708,-1.18181044234227,-0.00342561437884133,1.23251008482661,-0.775800640855023,2.85989324264749,"once",530.845,4771.029,"2008","6"
"2825",4,"rear",119,2008,"South Umpqua",62307,458254,4759141,-0.75170961216059,-0.61816420103901,0.481205797514218,0.35146375203174,-1.28380570350247,-2.18618020603741,-1.26886584104488,1.26515181431742,1.89882644975706,"once",458.254,4759.141,"2008","4"
"2822",4,"rear",134,2008,"Middle Umpqua",62316,477318,4842282,-0.624220646063506,-1.13424941307463,0.0417601826948251,-0.723198689724413,-1.38580096466267,0.174758433919818,-0.277466846034838,-0.775800640855023,0.32077850587523,"once",477.318,4842.282,"2008","4"
"2826",3,"rear",0,2008,"South Umpqua",62318,441764,4745992,-0.735773491398455,-0.768689054549399,0.201558588083696,-0.665627487487476,-1.46229741053282,-0.0479716264535061,0.488960838569076,-0.435641898326282,2.57750571584759,"once",441.764,4745.992,"2008","3"
"2823",4,"rear",0,2008,"North Umpqua",62330,537490,4817790,-0.560476163014965,-1.3062778170865,-0.157987824041262,-0.117634932861819,-0.875824658861669,-0.359793710976159,0.134345044200101,0.244675586731199,2.36037581078716,"once",537.49,4817.79,"2008","4"
"2827",4,"rear",0,2008,"South Umpqua",62334,429927,4739845,-0.719837370636319,-0.725681953546431,-1.23662706041613,-0.388077432258787,-1.18181044234227,-0.270701686826829,-0.73884868602028,0.58483432925994,2.74005651908955,"once",429.927,4739.845,"2008","4"
"2819",6,"rear",0,2008,"Lower Umpqua",62376,452565,4846642,0.347882720426757,-0.661171302041978,0.321407392125349,-0.747719757343849,-0.799328212991518,0.174758433919818,-0.0524955356287141,-0.775800640855023,0.190263262396282,"once",452.565,4846.642,"2008","6"
"2820",6,"rear",0,2008,"Lower Umpqua",62439,455973,4846653,0.26820211661608,-0.61816420103901,0.241508189430913,-0.30278676227814,-1.12231320666549,0.130212421845153,0.0466443638722898,-1.11595938338376,0.304167474887,"once",455.973,4846.653,"2008","6"
"2821",6,"rear",0,2008,"Lower Umpqua",62566,455742,4847350,0.252265995853945,-0.61816420103901,0.241508189430913,-0.30278676227814,-1.12231320666549,0.130212421845153,0.0466443638722898,-1.11595938338376,0.33027052358279,"once",455.742,4847.35,"2008","6"
"2846",3,"rear",53,2009,"Lower Umpqua",62680,433885,4850966,-0.911070819781945,-0.61816420103901,0.361356993472565,0.582814694354244,-0.110860200160163,-0.404339723050823,-0.380419818593573,0.924993071788681,-0.378071297843865,"once",433.885,4850.966,"2009","3"
"2849",4,"rear",75,2009,"Middle Umpqua",62688,470376,4830675,-0.496731679966423,-0.295610943516748,0.680953804250306,-0.0302119961316558,-0.97781992002187,1.02113266333845,-0.654961078750199,0.244675586731199,0.216366311092072,"once",470.376,4830.675,"2009","4"
"2847",4,"rear",305,2009,"Lower Umpqua",62700,452678,4852174,-0.687965129112048,-0.87620680705682,-0.317786229430132,-0.76371175796522,-0.263853091900464,0.308396470143812,-1.11252984567791,0.924993071788681,-0.00669610503558525,"once",452.678,4852.174,"2009","4"
"2875",5,"rear",0,2010,"South Umpqua",63042,528367,4770312,-0.162073143961578,-1.3062778170865,0.720903405597524,0.705064654659839,-0.340349537770615,-0.270701686826829,1.48417290663685,-0.435641898326282,2.83023068731137,"once",528.367,4770.312,"2010","5"
"2872",4,"rear",34,2010,"Middle Umpqua",63043,464883,4819740,-0.687965129112048,-1.11274586257315,-0.717282242902307,1.07394680232614,-0.161857830740263,-1.11707591624546,0.62623146864739,2.62578678443239,0.389595634255039,"once",464.883,4819.74,"2010","4"
"2873",4,"rear",55,2010,"Middle Umpqua",63047,471554,4826260,-0.719837370636319,-1.04823521106869,0.481205797514218,-0.445648634495724,-0.102360595063479,-0.493431747200153,-0.982885361715058,0.244675586731199,0.274504919550876,"once",471.554,4826.26,"2010","4"
"2876",5,"rear",976,2010,"South Umpqua",63048,452086,4769467,-0.353306593107203,-1.1772565140776,1.91939144601405,1.40942343758335,-0.17885704093363,1.06567867541311,0.0123267063527115,-0.775800640855023,1.75288667750333,"once",452.086,4769.467,"2010","5"
"2874",6,"rear",0,2010,"North Umpqua",63049,532796,4811134,0.284138237378215,-1.19876006457908,1.28019782445857,-0.0167076400513867,-0.263853091900464,1.55568480823442,0.138158117257832,-0.775800640855023,2.21443603853342,"once",532.796,4811.134,"2010","6"
"2877",6,"rear",1351,2010,"South Umpqua",63060,442567,4741506,0.300074358140351,-1.11274586257315,1.360097027153,-0.315224984983651,0.186625978223756,0.5756725425918,-0.36516752636265,-0.0954831557975414,2.47902603213166,"once",442.567,4741.506,"2010","6"
"2878",4,"rear",0,2010,"South Umpqua",63064,465252,4742947,-0.480795559204287,-1.22026361508057,0.76085300694474,0.657799408378897,0.0506322966768219,-0.627069783424147,-1.22692203740984,0.244675586731199,2.55970818264591,"once",465.252,4742.947,"2010","4"
"2871",3,"rear",182,2010,"Lower Umpqua",63070,457378,4851996,-0.815454095209132,-0.962221009062756,-0.757231844249525,-0.694413088605944,0.254622818997224,-1.6961740732161,-0.902810827502709,-0.435641898326282,0.479769802476858,"once",457.378,4851.996,"2010","3"
"2901",4,"rear",433,2011,"Lower Umpqua",63417,459029,4852043,-0.687965129112048,-0.87620680705682,-1.11677825637448,-0.550840460805189,-0.000365333903278495,-0.760707819648141,0.527091569146386,-0.435641898326282,0.467904780342408,"once",459.029,4852.043,"2011","4"
"2908",5,"rear",685,2011,"South Umpqua",63419,488975,4753633,-0.273625989296526,-0.747185504047915,-0.597433438860654,0.436399044220801,0.0676315068701887,0.709310578815794,-1.26886584104488,-0.435641898326282,2.14324590572672,"once",488.975,4753.633,"2011","5"
"2906",3,"rear",0,2011,"North Umpqua",63420,506385,4808418,-0.672029008349913,0.220474268518872,-1.91577028331883,1.32128974527001,0.526610182091093,-0.84979984379747,-1.40232339806546,3.30610426948987,1.8288228191638,"once",506.385,4808.418,"2011","3"
"2904",3,"rear",9,2011,"Middle Umpqua",63422,454915,4801532,-0.767645732922726,-0.790192605050883,-0.797181445596741,0.257999392844614,-0.391347168350715,-2.14163419396275,-0.40711132999769,2.96594552696113,0.73724078279442,"once",454.915,4801.532,"2011","3"
"2907",3,"rear",0,2011,"North Umpqua",63424,521448,4813825,-0.672029008349913,-0.575157100036041,-1.23662706041613,-0.170941601599723,0.348118475060741,-0.537977759274818,-0.0715609009173687,-0.435641898326282,2.19782500754519,"once",521.448,4813.825,"2011","3"
"2902",4,"rear",372,2011,"Lower Umpqua",63433,461795,4849564,-0.719837370636319,-0.854703256555335,-1.11677825637448,-0.384879032134513,-0.187356646030313,-0.0479716264535061,-0.746474832135742,-0.0954831557975414,0.498753837891978,"once",461.795,4849.564,"2011","4"
"2903",5,"rear",151,2011,"Lower Umpqua",63445,413554,4834425,-0.385178834631474,0.0699494150084828,1.04050021637526,-0.293546939696903,0.883593596151796,1.37750075993576,0.141971190315563,-1.11595938338376,-0.825382632312624,"once",413.554,4834.425,"2011","5"
"2905",4,"rear",0,2011,"Middle Umpqua",63449,485911,4835240,-0.735773491398455,-1.11274586257315,-0.197937425388479,-0.0725019533303933,-0.119359805256846,-0.760707819648141,-0.410924403055421,-0.0954831557975414,0.447734242713844,"once",485.911,4835.24,"2011","4"
"2928",4,"rear",1004,2012,"Lower Umpqua",63830,443306,4858392,-0.480795559204287,0.822573682560428,-0.118038222694044,-0.582824462047931,0.756099519701544,1.77841486860775,1.00372570136275,-1.11595938338376,-0.0766997356288392,"once",443.306,4858.392,"2012","4"
"2931",6,"rear",73,2012,"South Umpqua",63831,478141,4764932,0.252265995853945,-1.00522811006572,2.0392402500557,-0.0629067529575705,-1.1138136015688,1.55568480823442,-0.250775334630722,-1.11595938338376,1.71610510888653,"once",478.141,4764.932,"2012","6"
"2930",3,"rear",68,2012,"Middle Umpqua",63840,457288,4798027,-0.672029008349913,-0.489142898030105,0.0417601826948251,-0.297100717612764,-1.24130767801906,-0.0925176385281708,-1.04389453063875,1.60531055684616,0.811990422241453,"once",457.288,4798.027,"2012","3"
"2929",3,"rear",0,2012,"Lower Umpqua",63842,432861,4827975,-0.799517974446997,0.284984920023324,-0.757231844249525,0.472647578962575,1.15558095924566,-2.31981824226141,-0.735035612962549,1.26515181431742,-0.585709185196737,"once",432.861,4827.975,"2012","3"
"2932",4,"rear",0,2012,"South Umpqua",63845,539039,4758901,-0.480795559204287,0.198970718017388,-0.517534236166219,1.15852671672361,-0.0513629644833789,-2.05254216981342,0.572848445839157,0.58483432925994,2.90379382454496,"once",539.039,4758.901,"2012","4"
"2951",5,"rear",635,2013,"South Umpqua",64183,508206,4761407,-0.066456419388765,-1.09124231207166,1.75959304062518,1.46379623969601,-0.867325053764986,-0.359793710976159,0.237298016758836,-0.435641898326282,2.53360513395012,"once",508.206,4761.407,"2013","5"
"2948",4,"rear",237,2013,"Lower Umpqua",64185,471726,4846109,-0.528603921490694,-0.897710357558304,0.161608986736478,-0.718223400642208,-0.714332162024684,1.64477683238375,-0.163074654302911,-0.775800640855023,0.68978069425662,"once",471.726,4846.109,"2013","4"
"2952",5,"rear",0,2013,"South Umpqua",64187,538346,4762890,-0.496731679966423,-0.811696155552367,0.0417601826948251,1.22000707466799,-0.484842824414232,-1.11707591624546,0.195354213123796,2.62578678443239,2.90142082011807,"once",538.346,4762.89,"2013","5"
"2949",5,"rear",322,2013,"Lower Umpqua",64193,446054,4853108,-0.289562110058662,-0.897710357558304,1.24024822311135,-0.551195838596775,-0.714332162024684,1.51113879615976,-0.90662390056044,-0.775800640855023,-0.119413815312859,"once",446.054,4853.108,"2013","5"
"2953",5,"rear",0,2013,"South Umpqua",64198,477493,4746887,-0.22581762701012,-1.06973876157018,1.16034902041692,-0.619783752372878,-1.13931241685885,-0.0479716264535061,-0.979072288657328,-0.435641898326282,2.03290119987634,"once",477.493,4746.887,"2013","5"
"2950",5,"rear",474,2013,"Lower Umpqua",64201,448435,4844596,-0.496731679966423,-0.854703256555335,0.281457790778131,-0.466260546407714,-0.612336900864484,0.0411203976958234,-0.895184681387247,-0.775800640855023,0.113140618522358,"once",448.435,4844.596,"2013","5"
"2954",4,"rear",0,2013,"South Umpqua",64203,524270,4756597,-0.353306593107203,-1.09124231207166,1.28019782445857,1.32875267889332,-1.05431636589202,-0.627069783424147,0.755875952610241,0.244675586731199,2.68429091505764,"once",524.27,4756.597,"2013","4"
"2955",2,"rear",0,2013,"South Umpqua",64214,480811,4730298,-0.974815302830487,0.00543876350403035,-0.35773583077735,-0.0778326202041838,-0.697332951831318,-0.582523771349482,-0.399485183882228,2.28562804190364,2.91447234446596,"once",480.811,4730.298,"2013","2"
"2980",4,"rear",0,2015,"North Umpqua",64950,511127,4804633,-0.209881506247984,-0.639667751540494,1.40004662850022,0.589922250185965,-0.0768617797734291,0.0411203976958234,0.0199528524681733,-0.0954831557975414,1.70661309117897,"once",511.127,4804.633,"2015","4"
"2975",4,"rear",1075,2015,"Lower Umpqua",64960,430649,4856562,-0.656092887587778,0.306488470524808,0.680953804250306,-0.677710332401401,-0.875824658861669,-0.226155674752164,-0.0372432433977904,-0.775800640855023,-0.335357218159846,"once",430.649,4856.562,"2015","4"
"2978",4,"rear",220,2015,"Middle Umpqua",64968,464358,4841581,-0.608284525301371,-0.575157100036041,2.51863546622231,-0.625469797038255,-1.49629583091956,0.0856664097704881,-0.632082640403814,-0.435641898326282,0.00635541931230967,"once",464.358,4841.581,"2015","4"
"2976",3,"rear",23,2015,"Lower Umpqua",64976,444235,4846103,-0.92700694054408,-0.166589640507843,-0.437635033471785,-0.396251121465266,-1.14781202195554,-2.05254216981342,-0.818923220232629,0.58483432925994,0.0989025919610183,"once",444.235,4846.103,"2015","3"
"2979",4,"rear",644,2015,"Middle Umpqua",64980,463180,4827396,-0.417051076155745,-0.575157100036041,2.51863546622231,-0.536269971350161,-1.49629583091956,1.46659278408509,-0.44905513363273,-0.775800640855023,0.0917835786803485,"once",463.18,4827.396,"2015","4"
"2981",4,"rear",0,2015,"North Umpqua",64985,528073,4803285,-0.209881506247984,-0.639667751540494,1.40004662850022,0.589922250185965,-0.0768617797734291,0.0411203976958234,0.0199528524681733,-0.0954831557975414,1.70661309117897,"once",528.073,4803.285,"2015","4"
"2977",2,"rear",55,2015,"Lower Umpqua",64992,445165,4854457,-0.974815302830487,-0.424632246525653,0.641004202903087,-0.56683246142656,-1.41979938504941,0.5756725425918,-0.902810827502709,0.58483432925994,-0.093310766617069,"once",445.165,4854.457,"2015","2"
"2996",4,"rear",83,2016,"Middle Umpqua",65328,447430,4807451,-0.464859438442152,-0.768689054549399,1.1203994190697,-0.329440096647092,-1.14781202195554,0.263850458069147,-0.155448508187449,-0.435641898326282,0.485702313544083,"once",447.43,4807.451,"2016","4"
"2997",5,"rear",713,2016,"Middle Umpqua",65329,466965,4810134,-0.40111495539361,-0.61816420103901,2.11913945275014,-0.717868022850622,-1.36880175446931,1.64477683238375,-0.647334932634738,-0.775800640855023,0.959116696708631,"once",466.965,4810.134,"2016","5"
"2999",5,"rear",0,2016,"South Umpqua",65370,514448,4769284,-0.273625989296526,-0.489142898030105,-0.237887026735697,-0.0504685302520595,-0.994819130215237,-0.1816096626775,1.20581857342249,-0.775800640855023,2.6700528884963,"once",514.448,4769.284,"2016","5"
"3000",5,"rear",0,2016,"South Umpqua",65376,475941,4744969,-0.22581762701012,-0.317114494018232,-0.118038222694044,-0.619783752372878,-1.31780412388921,0.0411203976958234,-0.979072288657328,-0.435641898326282,2.02340918216878,"once",475.941,4744.969,"2016","5"
"3001",6,"rear",226,2016,"South Umpqua",65380,483182,4767077,0.124777029756861,-0.3601215950212,2.99803068238892,-0.704363666770353,-1.22430846782569,1.60023082030909,-0.40711132999769,-1.11595938338376,1.79797376161423,"once",483.182,4767.077,"2016","6"
"2998",4,"rear",0,2016,"North Umpqua",65381,532504,4820073,-0.209881506247984,-0.61816420103901,-0.557483837513437,0.589922250185965,-1.36880175446931,0.0411203976958234,0.0199528524681733,-0.0954831557975414,1.70661309117897,"once",532.504,4820.073,"2016","4"
"3022",5,"rear",135,2017,"Middle Umpqua",65716,464115,4816955,-0.193945385485849,-1.06973876157018,1.55984503388909,2.09352568638645,-0.901323474151719,-0.0925176385281708,-0.010551731993674,-0.0954831557975414,0.345695052357575,"once",464.115,4816.955,"2017","5"
"3023",3,"rear",71,2017,"Middle Umpqua",65734,495918,4812926,-0.656092887587778,-0.940717458561272,0.920651412333611,1.26265240965832,0.297120844480641,-1.87435812151476,-1.11634291873564,0.924993071788681,1.44676910643452,"once",495.918,4812.926,"2017","3"
"3025",5,"rear",102,2017,"South Umpqua",65740,452928,4746157,-0.273625989296526,-0.639667751540494,0.241508189430913,3.68668432606662,-0.875824658861669,0.0856664097704881,-0.689278736269778,0.58483432925994,2.22274155402754,"once",452.928,4746.157,"2017","5"
"3024",4,"rear",41,2017,"North Umpqua",65746,505154,4787268,-0.209881506247984,-0.833199706053851,0.960601013680828,0.589922250185965,-1.67478753794991,0.0411203976958234,0.0199528524681733,-0.0954831557975414,1.70661309117897,"once",505.154,4787.268,"2017","4"
"3026",4,"rear",0,2017,"South Umpqua",65751,443921,4746027,-0.528603921490694,-0.639667751540494,-1.07682865502726,1.94497776950349,-0.6038372957678,-2.05254216981342,-1.18116516071707,1.26515181431742,2.55852168043247,"once",443.921,4746.027,"2017","4"
"3083",6,"rear",1294,2018,"South Umpqua",66093,466305,4733037,-0.0823925401509004,-0.704178403044946,1.04050021637526,-0.621560641330808,-1.47079701562951,1.46659278408509,-0.750287905193472,-0.775800640855023,2.63801732873328,"once",466.305,4733.037,"2018","6"
"3079",4,"rear",159,2018,"Middle Umpqua",66098,451919,4819651,-0.767645732922726,-1.06973876157018,0.800802608291958,0.136104810330606,-1.05431636589202,-2.27527223018674,-1.50908944368193,0.244675586731199,0.218739315518962,"once",451.919,4819.651,"2018","4"
"3080",5,"rear",4,2018,"Middle Umpqua",66104,480887,4814846,-0.353306593107203,-1.26327071608353,1.16034902041692,-0.663850598529546,-1.19880965253564,1.60023082030909,0.782567464014357,-1.11595938338376,1.19760364161107,"once",480.887,4814.846,"2018","5"
"3084",4,"rear",168,2018,"South Umpqua",66108,449888,4734758,-0.480795559204287,-0.833199706053851,0.680953804250306,1.63828673536475,-1.40280017485604,-0.582523771349482,-1.11252984567791,0.244675586731199,2.44105796130142,"once",449.888,4734.758,"2018","4"
"3081",3,"rear",12,2018,"Middle Umpqua",66110,459100,4839278,-0.703901249874184,-1.1772565140776,0.401306594819783,0.219263213561737,-1.0118183404086,-1.11707591624546,-0.628269567346083,0.244675586731199,-0.0517831891464946,"once",459.1,4839.278,"2018","3"
"3082",5,"rear",0,2018,"North Umpqua",66112,469845,4795339,0.156649271281132,-0.682674852543462,3.67717390529162,-0.309538940318275,-1.20730925763232,1.02113266333845,1.99131162331506,-1.11595938338376,1.04098534943634,"once",469.845,4795.339,"2018","5"
"3078",4,"rear",507,2018,"Lower Umpqua",66121,429318,4832243,-0.719837370636319,-0.10207898900339,-0.317786229430132,0.276834415798673,-0.433845193834132,-1.29525996454412,-0.266027626861646,1.26515181431742,-0.690121379979896,"once",429.318,4832.243,"2018","4"
"3109",4,"rear",0,2019,"North Umpqua",66473,476036,4803058,-0.209881506247984,-0.962221009062756,0.720903405597524,0.589922250185965,-0.875824658861669,0.0411203976958234,0.0199528524681733,-0.0954831557975414,1.70661309117897,"once",476.036,4803.058,"2019","4"
"3106",5,"rear",135,2019,"Middle Umpqua",66477,451481,4805503,-0.353306593107203,-0.897710357558304,0.680953804250306,-0.538402238099678,-0.850325843571619,-0.0479716264535061,-0.887558535271786,-0.775800640855023,0.599606526034801,"once",451.481,4805.503,"2019","5"
"3110",4,"rear",0,2019,"South Umpqua",66482,529763,4765791,-0.417051076155745,-0.768689054549399,0.361356993472565,0.407613443102332,-0.748330582411418,0.0411203976958234,-0.277466846034838,-0.0954831557975414,2.25359061157711,"once",529.763,4765.791,"2019","4"
"3111",4,"rear",9,2019,"South Umpqua",66485,433244,4744526,-0.544540042252829,-0.811696155552367,-1.63612307388831,2.5985175282302,-0.960820709828503,-2.05254216981342,-0.239336115457529,0.244675586731199,2.56326768928625,"once",433.244,4744.526,"2019","4"
"3105",5,"rear",256,2019,"Lower Umpqua",66492,445581,4852954,-0.289562110058662,-0.854703256555335,0.641004202903087,-0.551195838596775,-0.144858620546896,1.28840873578643,-0.90662390056044,-0.775800640855023,-0.126532828593529,"once",445.581,4852.954,"2019","5"
"3112",6,"rear",18,2019,"South Umpqua",66509,474395,4784018,0.331946599664622,-0.811696155552367,1.91939144601405,-0.66704899865382,-0.960820709828503,1.73386885653308,0.862641998226707,-1.11595938338376,1.15014355307327,"once",474.395,4784.018,"2019","6"
"3107",4,"rear",47,2019,"Middle Umpqua",66516,467902,4834461,-0.464859438442152,-1.24176716558205,1.16034902041692,-0.494690769734596,-0.807827818088202,1.42204677201043,0.599539957243273,-0.775800640855023,0.0965295875341283,"once",467.902,4834.461,"2019","4"
"3113",4,"rear",0,2019,"South Umpqua",66518,519211,4746492,-0.496731679966423,-0.811696155552367,0.161608986736478,1.62371624590972,-0.17885704093363,-1.51799002491744,1.21725779259568,1.26515181431742,2.67123939070974,"once",519.211,4746.492,"2019","4"
"3108",3,"rear",0,2019,"Middle Umpqua",66524,485763,4829065,-0.640156766825642,-1.24176716558205,1.16034902041692,-0.630800463912045,-0.807827818088202,0.976586651263782,-0.388045964709035,-0.435641898326282,0.433496216152504,"once",485.763,4829.065,"2019","3"
"3115",5,"rear",0,2021,"North Umpqua",67243,475133,4804063,-0.193945385485849,-0.962221009062756,0.720903405597524,-0.647147842325003,-0.875824658861669,1.64477683238375,2.06376001141195,-1.11595938338376,1.18929812611696,"once",475.133,4804.063,"2021","5"
"3007",5,"rear",849,2017,"Tillamook Bay",105014,462779,5027936,0.347882720426757,1.10211983907972,-0.677332641555089,-0.775083847295973,-0.714332162024684,-0.1816096626775,-0.0906262662060233,-0.435641898326282,-0.200095965827118,"once",462.779,5027.936,"2017","5"
"2918",6,"rear",1180,2012,"Nestucca",105026,455757,5013753,2.26021721188301,0.88708433406488,-0.397685432124567,1.50573081910316,0.552108997381143,-0.1816096626775,-0.185953092649296,-0.775800640855023,-0.40061483989932,"once",455.757,5013.753,"2012","6"
"3374",5,"rear",709,2007,"Nestucca",105042,460166,5013908,1.59090013987332,0.177467167515903,0.241508189430913,-0.224248270337628,-0.884324263958353,-0.0925176385281708,-0.300345284381224,-0.775800640855023,-0.330611209306066,"once",460.166,5013.908,"2007","5"
"1445",3,"rear",0,2008,"Beaver",205161,425948,4930006,-0.687965129112048,0.241977819020356,-1.23662706041613,0.340447040492573,-0.450844404027499,-2.05254216981342,1.93030245439136,1.9454692993749,-0.911997293894108,"nine",425.948,4930.006,"2008","3"
"2293",4,"rear",234,2007,"Salmon",205178,435396,4985819,0.124777029756861,0.0269423140055145,-1.79592147927718,1.10450929240254,0.0591319017735053,-2.05254216981342,-0.792231708828513,3.98642175454735,-0.922675813815113,"three",435.396,4985.819,"2007","4"
"2294",3,"rear",631,2007,"Salmon",205242,439721,4988098,-0.528603921490694,0.241977819020356,-0.996929452332829,-0.32872934106392,0.118629137450289,-0.537977759274818,-0.647334932634738,0.924993071788681,-0.836061152233629,"three",439.721,4988.098,"2007","3"
"2445",6,"rear",1331,2007,"Coquille",305015,421206,4778436,0.507243928048112,-0.231100292012295,1.43999622984744,-0.629734330537287,-1.09681439137544,0.0856664097704881,0.397447085183534,-1.11595938338376,-0.0517831891464946,"three",421.206,4778.436,"2007","6"
"3392",4,"rear",0,2007,"Coquille",305018,408503,4735417,-0.592348404539236,0.478516874536682,-0.637383040207872,-0.130783911150502,-0.790828607894835,-0.404339723050823,-1.18879130683253,0.924993071788681,0.431123211725614,"once",408.503,4735.417,"2007","4"
"987",6,"rear",1068,2007,"North Umpqua",405191,503445,4786535,0.539116169572383,-0.704178403044946,2.0392402500557,0.833000659630809,-0.850325843571619,0.976586651263782,0.0275789985836352,-0.775800640855023,1.69712107347141,"annual",503.445,4786.535,"2007","6"
"2848",3,"rear",36,2009,"Lower Umpqua",405245,441187,4846254,-0.672029008349913,-0.682674852543462,0.880701810986393,-0.47194659107309,0.00813427119340491,0.531126530517135,-0.792231708828513,-0.435641898326282,-0.214333992388457,"once",441.187,4846.254,"2009","3"
